{"batchcomplete": "", "warnings": {"main": {"*": "Subscribe to the mediawiki-api-announce mailing list at <https://lists.wikimedia.org/mailman/listinfo/mediawiki-api-announce> for notice of API deprecations and breaking changes."}, "revisions": {"*": "The parameter \"rvparse\" has been deprecated.\nBecause \"rvslots\" was not specified, a legacy format has been used for the output. This format is deprecated, and in the future the new format will always be used."}}, "query": {"normalized": [{"from": "1996_Gryffindor_Quidditch_Keeper_trials_spectators", "to": "1996 Gryffindor Quidditch Keeper trials spectators"}], "pages": {"148884": {"pageid": 148884, "ns": 0, "title": "1996 Gryffindor Quidditch Keeper trials spectators", "revisions": [{"*": "<div class=\"mw-parser-output\"><div class=\"quote\">\n<dl><dd><span title=\"Source:&#160;Harry Potter and the Half-Blood Prince\">\"<i>Harry had deliberately left the trial of the Keepers until last, hoping for an emptier stadium and less pressure on all concerned. Unfortunately, however, all the rejected players and a number of people who had come down to watch after a lengthy breakfast had joined the crowd by now, so that it was larger than ever.</i>\"</span></dd>\n<dd>&#8212;Harry laments the large crowd that has gathered to watch the Gryffindor Keeper Trials<sup class=\"noprint\"><a href=\"/wiki/Harry_Potter_and_the_Half-Blood_Prince\" title=\"Harry Potter and the Half-Blood Prince\">[src]</a></sup></dd>\n<dd></dd></dl></div>\n<p>In <a href=\"/wiki/September\" title=\"September\">September</a> <a href=\"/wiki/1996\" title=\"1996\">1996</a>, a number of <b>unidentified spectators</b> attended the <a href=\"/wiki/Quidditch\" title=\"Quidditch\">Quidditch</a> trials for the position of <a href=\"/wiki/Keeper\" title=\"Keeper\">Keeper</a> for the <a href=\"/wiki/Gryffindor_Quidditch_team\" title=\"Gryffindor Quidditch team\">Gryffindor Quidditch team</a>, under the <a href=\"/wiki/Quidditch_Captain#Hogwarts_Quidditch_Captains\" title=\"Quidditch Captain\">captaincy</a> of <a href=\"/wiki/Harry_Potter\" title=\"Harry Potter\">Harry Potter</a>.\n</p><p>The various supporters each had a favourite as for whom they wished to see win the position, with most supporting either <a href=\"/wiki/Ronald_Weasley\" title=\"Ronald Weasley\">Ronald Weasley</a> or <a href=\"/wiki/Cormac_McLaggen\" title=\"Cormac McLaggen\">Cormac McLaggen</a>.\n</p>\n<h2><span class=\"mw-headline\" id=\"Details\">Details</span><span class=\"mw-editsection\"><span class=\"mw-editsection-bracket\">[</span><a href=\"/wiki/1996_Gryffindor_Quidditch_Keeper_trials_spectators?veaction=edit&amp;section=1\" class=\"mw-editsection-visualeditor\" title=\"Edit section: Details\">edit</a><span class=\"mw-editsection-divider\"> | </span><a href=\"/wiki/1996_Gryffindor_Quidditch_Keeper_trials_spectators?action=edit&amp;section=1\" title=\"Edit section: Details\"><svg class=\"wds-icon wds-icon-tiny section-edit-pencil-icon\"><use xlink:href=\"#wds-icons-pencil-tiny\"></use></svg>edit source</a><span class=\"mw-editsection-bracket\">]</span></span></h2>\n<div class=\"quote\">\n<dl><dd><span title=\"Source:&#160;Harry Potter and the Half-Blood Prince (film)\">\"<i>Come on, Weasley! ... Yeah, Ron! ... Go on, Cormac!</i>\"</span></dd>\n<dd>&#8212;The spectators<sup class=\"noprint\"><a href=\"/wiki/Harry_Potter_and_the_Half-Blood_Prince_(film)\" title=\"Harry Potter and the Half-Blood Prince (film)\">[src]</a></sup></dd>\n<dd></dd></dl></div>\n<p>Most of the vocal supporters seemed to favour Ronald Weasley, though there was at least one holdout for Cormac McLaggen.<sup id=\"cite_ref-hbpfilm_1-0\" class=\"reference\"><a href=\"#cite_note-hbpfilm-1\">&#91;1&#93;</a></sup> Ultimately, Ronald Weasley claimed the position, though not without a \"<a href=\"/wiki/Confundus_Charm\" title=\"Confundus Charm\">helping hand</a>\" from <a href=\"/wiki/Hermione_Granger\" title=\"Hermione Granger\">Hermione Granger</a>.<sup id=\"cite_ref-hbp_2-0\" class=\"reference\"><a href=\"#cite_note-hbp-2\">&#91;2&#93;</a></sup>\n</p>\n<h2><span class=\"mw-headline\" id=\"Appearances\">Appearances</span><span class=\"mw-editsection\"><span class=\"mw-editsection-bracket\">[</span><a href=\"/wiki/1996_Gryffindor_Quidditch_Keeper_trials_spectators?veaction=edit&amp;section=2\" class=\"mw-editsection-visualeditor\" title=\"Edit section: Appearances\">edit</a><span class=\"mw-editsection-divider\"> | </span><a href=\"/wiki/1996_Gryffindor_Quidditch_Keeper_trials_spectators?action=edit&amp;section=2\" title=\"Edit section: Appearances\"><svg class=\"wds-icon wds-icon-tiny section-edit-pencil-icon\"><use xlink:href=\"#wds-icons-pencil-tiny\"></use></svg>edit source</a><span class=\"mw-editsection-bracket\">]</span></span></h2>\n<ul><li><i><a href=\"/wiki/Harry_Potter_and_the_Half-Blood_Prince\" title=\"Harry Potter and the Half-Blood Prince\">Harry Potter and the Half-Blood Prince</a></i> <small>(First mentioned)</small></li>\n<li><i><a href=\"/wiki/Harry_Potter_and_the_Half-Blood_Prince_(film)\" title=\"Harry Potter and the Half-Blood Prince (film)\">Harry Potter and the Half-Blood Prince (film)</a></i> <small>(First appearance)</small></li></ul>\n<h2><span class=\"mw-headline\" id=\"Notes_and_references\">Notes and references</span><span class=\"mw-editsection\"><span class=\"mw-editsection-bracket\">[</span><a href=\"/wiki/1996_Gryffindor_Quidditch_Keeper_trials_spectators?veaction=edit&amp;section=3\" class=\"mw-editsection-visualeditor\" title=\"Edit section: Notes and references\">edit</a><span class=\"mw-editsection-divider\"> | </span><a href=\"/wiki/1996_Gryffindor_Quidditch_Keeper_trials_spectators?action=edit&amp;section=3\" title=\"Edit section: Notes and references\"><svg class=\"wds-icon wds-icon-tiny section-edit-pencil-icon\"><use xlink:href=\"#wds-icons-pencil-tiny\"></use></svg>edit source</a><span class=\"mw-editsection-bracket\">]</span></span></h2>\n<div class=\"references-small\">\n<div class=\"mw-references-wrap\"><ol class=\"references\">\n<li id=\"cite_note-hbpfilm-1\"><span class=\"mw-cite-backlink\"><a href=\"#cite_ref-hbpfilm_1-0\">\u2191</a></span> <span class=\"reference-text\"><i><a href=\"/wiki/Harry_Potter_and_the_Half-Blood_Prince_(film)\" title=\"Harry Potter and the Half-Blood Prince (film)\">Harry Potter and the Half-Blood Prince (film)</a></i></span>\n</li>\n<li id=\"cite_note-hbp-2\"><span class=\"mw-cite-backlink\"><a href=\"#cite_ref-hbp_2-0\">\u2191</a></span> <span class=\"reference-text\"><i><a href=\"/wiki/Harry_Potter_and_the_Half-Blood_Prince\" title=\"Harry Potter and the Half-Blood Prince\">Harry Potter and the Half-Blood Prince</a></i>, Chapter 11 (<i>Hermione's Helping Hand</i>)</span>\n</li>\n</ol></div></div></div>"}]}}}}