{"batchcomplete": "", "warnings": {"main": {"*": "Subscribe to the mediawiki-api-announce mailing list at <https://lists.wikimedia.org/mailman/listinfo/mediawiki-api-announce> for notice of API deprecations and breaking changes."}, "revisions": {"*": "The parameter \"rvparse\" has been deprecated.\nBecause \"rvslots\" was not specified, a legacy format has been used for the output. This format is deprecated, and in the future the new format will always be used."}}, "query": {"normalized": [{"from": "A._Fenetre", "to": "A. Fenetre"}], "pages": {"26460": {"pageid": 26460, "ns": 0, "title": "A. Fenetre", "revisions": [{"*": "<div class=\"mw-parser-output\"><table class=\"notice metadata\" cellpadding=\"3px\" style=\"text-align: center; background: snow; border: #a00 1px solid; margin: 1em 10% 1em 10%;\">\n\n<tbody><tr>\n<td><a href=\"https://static.wikia.nocookie.net/harrypotter/images/1/1b/Harry_Potter_Half-Blood_Prince_Profile.JPG/revision/latest?cb=20200420031830\" class=\"image\"><img alt=\"Harry Potter Half-Blood Prince Profile.JPG\" src=\"https://static.wikia.nocookie.net/harrypotter/images/1/1b/Harry_Potter_Half-Blood_Prince_Profile.JPG/revision/latest/scale-to-width-down/60?cb=20200420031830\" decoding=\"async\" width=\"60\" height=\"98\" data-image-name=\"Harry Potter Half-Blood Prince Profile.JPG\" data-image-key=\"Harry_Potter_Half-Blood_Prince_Profile.JPG\" /></a>\n</td>\n<td><i><b>\"Harry, your eyesight really is awful.\"</b></i>\n<p>The title of this article is transcribed from an image. Due to several factors, including poor image quality and difficult-to-read fonts/handwriting, it may have been transcribed incorrectly. If you have a higher quality version of the <a href=\"/wiki/File:SiriusSightedDailyProphet.jpg\" title=\"File:SiriusSightedDailyProphet.jpg\">source image</a>, or a more accurate reading of the text, please visit this article's <a href=\"https://harrypotter.fandom.com/wiki/Talk:A._Fenetre\" class=\"extiw\" title=\"en:Talk:A. Fenetre\">Talk Page</a>.\n</p>\n</td></tr></tbody></table>\n<p>\n<aside role=\"region\" class=\"portable-infobox pi-background pi-theme-daily-prophet pi-layout-default\"><section class=\"pi-item pi-group pi-border-color\">\n\t\n<h2 class=\"pi-item pi-item-spacing pi-title\" data-source=\"name\">A. Fenetre</h2>\n\n</section>\n<section class=\"pi-item pi-group pi-border-color\">\n\t<h2 class=\"pi-item pi-header pi-secondary-font pi-item-spacing pi-secondary-background\">Physical information</h2>\n\n<div class=\"pi-item pi-data pi-item-spacing pi-border-color\" data-source=\"species\">\n\t\n\t\t<h3 class=\"pi-data-label pi-secondary-font\">Species</h3>\n\t\n\t<div class=\"pi-data-value pi-font\"><a href=\"/wiki/Human\" title=\"Human\">Human</a><span style=\"font-size:7.5pt; font-style:none; font-weight:normal\"><sup id=\"cite_ref-POAF_1-0\" class=\"reference\"><a href=\"#cite_note-POAF-1\">&#91;1&#93;</a></sup></span></div>\n</div>\n\n</section>\n<section class=\"pi-item pi-group pi-border-color\">\n\t<h2 class=\"pi-item pi-header pi-secondary-font pi-item-spacing pi-secondary-background\">Affiliation</h2>\n\n<div class=\"pi-item pi-data pi-item-spacing pi-border-color\" data-source=\"job\">\n\t\n\t\t<h3 class=\"pi-data-label pi-secondary-font\">Occupation</h3>\n\t\n\t<div class=\"pi-data-value pi-font\">Reporter for the <i><a href=\"/wiki/Daily_Prophet\" title=\"Daily Prophet\">Daily Prophet</a></i><span style=\"font-size:7.5pt; font-style:none; font-weight:normal\"><sup id=\"cite_ref-POAF_1-1\" class=\"reference\"><a href=\"#cite_note-POAF-1\">&#91;1&#93;</a></sup></span></div>\n</div>\n\n<div class=\"pi-item pi-data pi-item-spacing pi-border-color\" data-source=\"loyalty\">\n\t\n\t\t<h3 class=\"pi-data-label pi-secondary-font\">Loyalty</h3>\n\t\n\t<div class=\"pi-data-value pi-font\"><a href=\"/wiki/Daily_Prophet\" title=\"Daily Prophet\">Daily Prophet</a></div>\n</div>\n\n</section>\n<nav class=\"pi-navigation pi-item-spacing pi-secondary-background pi-secondary-font\"><small><a href=\"/wiki/Template:Individual_infobox\" title=\"Template:Individual infobox\">[Source]</a><span class=\"hidable-button\"></span></small></nav>\n</aside>\n\n<b>A. Fenetre</b> was a reporter for the <i><a href=\"/wiki/Daily_Prophet\" title=\"Daily Prophet\">Daily Prophet</a></i> who wrote an article on how security officials at <a href=\"/wiki/Azkaban\" title=\"Azkaban\">Azkaban</a> were putting pressure on <a href=\"/wiki/Minister_for_Magic\" title=\"Minister for Magic\">Minister for Magic</a> <a href=\"/wiki/Cornelius_Fudge\" title=\"Cornelius Fudge\">Cornelius Fudge</a> to recapture escaped convict <a href=\"/wiki/Sirius_Black\" title=\"Sirius Black\">Sirius Black</a> in <a href=\"/wiki/1993\" title=\"1993\">1993</a>.<sup id=\"cite_ref-POAF_1-2\" class=\"reference\"><a href=\"#cite_note-POAF-1\">&#91;1&#93;</a></sup>\n</p>\n<h2><span class=\"mw-headline\" id=\"Etymology\">Etymology</span><span class=\"mw-editsection\"><span class=\"mw-editsection-bracket\">[</span><a href=\"/wiki/A._Fenetre?veaction=edit&amp;section=1\" class=\"mw-editsection-visualeditor\" title=\"Edit section: Etymology\">edit</a><span class=\"mw-editsection-divider\"> | </span><a href=\"/wiki/A._Fenetre?action=edit&amp;section=1\" title=\"Edit section: Etymology\"><svg class=\"wds-icon wds-icon-tiny section-edit-pencil-icon\"><use xlink:href=\"#wds-icons-pencil-tiny\"></use></svg>edit source</a><span class=\"mw-editsection-bracket\">]</span></span></h2>\n<p>The word <i>fen\u00eatre</i> is French for \"window\".\n</p>\n<h2><span class=\"mw-headline\" id=\"Appearances\">Appearances</span><span class=\"mw-editsection\"><span class=\"mw-editsection-bracket\">[</span><a href=\"/wiki/A._Fenetre?veaction=edit&amp;section=2\" class=\"mw-editsection-visualeditor\" title=\"Edit section: Appearances\">edit</a><span class=\"mw-editsection-divider\"> | </span><a href=\"/wiki/A._Fenetre?action=edit&amp;section=2\" title=\"Edit section: Appearances\"><svg class=\"wds-icon wds-icon-tiny section-edit-pencil-icon\"><use xlink:href=\"#wds-icons-pencil-tiny\"></use></svg>edit source</a><span class=\"mw-editsection-bracket\">]</span></span></h2>\n<ul><li><i><a href=\"/wiki/Harry_Potter_and_the_Prisoner_of_Azkaban_(film)\" title=\"Harry Potter and the Prisoner of Azkaban (film)\">Harry Potter and the Prisoner of Azkaban (film)</a></i> <span class=\"template-c\">(Name appears in newspaper)</span></li></ul>\n<h2><span class=\"mw-headline\" id=\"Notes_and_references\">Notes and references</span><span class=\"mw-editsection\"><span class=\"mw-editsection-bracket\">[</span><a href=\"/wiki/A._Fenetre?veaction=edit&amp;section=3\" class=\"mw-editsection-visualeditor\" title=\"Edit section: Notes and references\">edit</a><span class=\"mw-editsection-divider\"> | </span><a href=\"/wiki/A._Fenetre?action=edit&amp;section=3\" title=\"Edit section: Notes and references\"><svg class=\"wds-icon wds-icon-tiny section-edit-pencil-icon\"><use xlink:href=\"#wds-icons-pencil-tiny\"></use></svg>edit source</a><span class=\"mw-editsection-bracket\">]</span></span></h2>\n<div class=\"references-small\">\n<div class=\"mw-references-wrap\"><ol class=\"references\">\n<li id=\"cite_note-POAF-1\"><span class=\"mw-cite-backlink\">\u2191 <sup><a href=\"#cite_ref-POAF_1-0\">1.0</a></sup> <sup><a href=\"#cite_ref-POAF_1-1\">1.1</a></sup> <sup><a href=\"#cite_ref-POAF_1-2\">1.2</a></sup></span> <span class=\"reference-text\"><i><a href=\"/wiki/Harry_Potter_and_the_Prisoner_of_Azkaban_(film)\" title=\"Harry Potter and the Prisoner of Azkaban (film)\">Harry Potter and the Prisoner of Azkaban (film)</a></i></span>\n</li>\n</ol></div></div>\n<p><br clear=\"all\" />\n</p>\n<table style=\"margin:0 auto; width: 90%; text-align:center;\" class=\"toccolours\" align=\"center\">\n\n<tbody><tr bgcolor=\"#white\">\n<th style=\"background-color: #ccd;\"><i><a href=\"/wiki/Daily_Prophet\" title=\"Daily Prophet\">Daily Prophet</a></i>\n</th></tr>\n<tr>\n<td style=\"background-color: #dfdfdf; font-size: 9pt;\"><i><b><a href=\"/wiki/Evening_Prophet\" title=\"Evening Prophet\">Evening Prophet</a></b></i> \u00b7 <i><b><a href=\"/wiki/Sunday_Prophet\" title=\"Sunday Prophet\">Sunday Prophet</a></b></i>\n</td></tr>\n<tr>\n<td style=\"font-size: 8pt; text-align:left;\">\n<table width=\"100%\">\n\n<tbody><tr>\n<th colspan=\"3\" style=\"font-size: 9pt; text-align:center; border-bottom: 1pt solid #dfdfdf\">Regular features\n</th>\n<th style=\"font-size: 9pt; text-align:center; border-bottom: 1pt solid #dfdfdf\">Other features\n</th></tr>\n<tr>\n<td width=\"25%\" valign=\"top\">\n<ul><li><i><a href=\"/wiki/Index\" title=\"Index\">Index</a></i> <span class=\"template-c\">(page 01)</span></li>\n<li><i><a href=\"/wiki/Good_News\" title=\"Good News\">Good News</a></i> <span class=\"template-c\">(page 02)</span></li>\n<li><i><a href=\"/wiki/Bad_News\" title=\"Bad News\">Bad News</a></i> <span class=\"template-c\">(page 02)</span></li>\n<li><i><a href=\"/wiki/Forecast\" title=\"Forecast\">Forecast</a></i> <span class=\"template-c\">(page 02)</span></li>\n<li><i><a href=\"/wiki/Potions_(Daily_Prophet_segment)\" title=\"Potions (Daily Prophet segment)\">Potions</a></i> <span class=\"template-c\">(page 03)</span></li>\n<li><i><a href=\"/wiki/Magic_Lottery\" title=\"Magic Lottery\">Magic Lottery</a></i> <span class=\"template-c\">(page 04)</span></li>\n<li><i><a href=\"/wiki/E._Limus\" title=\"E. Limus\">E. Limus</a></i> <span class=\"template-c\">(page 05)</span></li>\n<li><i><a href=\"/wiki/Astro_News\" title=\"Astro News\">Astro News</a></i> <span class=\"template-c\">(page 06)</span></li>\n<li><i><a href=\"/wiki/Spells_(Daily_Prophet_segment)\" title=\"Spells (Daily Prophet segment)\">Spells</a></i> <span class=\"template-c\">(page 07)</span></li>\n<li><i><a href=\"/wiki/International\" title=\"International\">International</a></i> <span class=\"template-c\">(page 08)</span></li>\n<li><i><a href=\"/wiki/Abracadabra\" title=\"Abracadabra\">Abracadabra</a></i> <span class=\"template-c\">(page 08)</span></li>\n<li><i><a href=\"/wiki/Hocus-Pocus_(Daily_Prophet_segment)\" title=\"Hocus-Pocus (Daily Prophet segment)\">Hocus-Pocus</a></i> <span class=\"template-c\">(page 08)</span></li>\n<li><i><a href=\"/wiki/Politics\" title=\"Politics\">Politics</a></i> <span class=\"template-c\">(page 09)</span></li></ul>\n</td>\n<td width=\"25%\" valign=\"top\">\n<ul><li><i><a href=\"/wiki/Ministry_of_Magic_Affairs\" title=\"Ministry of Magic Affairs\">Ministry of Magic Affairs</a></i> <span class=\"template-c\">(page 09)</span></li>\n<li><i><a href=\"/wiki/Sports\" title=\"Sports\">Sports</a></i> <span class=\"template-c\">(page 09)</span></li>\n<li><i><a href=\"/wiki/Games\" title=\"Games\">Games</a></i> <span class=\"template-c\">(page 09)</span></li>\n<li><i><a href=\"/wiki/Magic_News\" title=\"Magic News\">Magic News</a></i> <span class=\"template-c\">(page 10)</span></li>\n<li><i><a href=\"/wiki/Comment\" title=\"Comment\">Comment</a></i> <span class=\"template-c\">(page 10)</span></li>\n<li><i><a href=\"/wiki/Arts_%26_Warts\" title=\"Arts &amp; Warts\">Arts &amp; Warts</a></i> <span class=\"template-c\">(page 11)</span></li>\n<li><i><a href=\"/wiki/Tricks_%26_Trucks\" title=\"Tricks &amp; Trucks\">Tricks &amp; Trucks</a></i> <span class=\"template-c\">(page 11)</span></li>\n<li><i><a href=\"/wiki/Opinion\" title=\"Opinion\">Opinion</a></i> <span class=\"template-c\">(page 12)</span></li>\n<li><i><a href=\"/wiki/Puzzles\" title=\"Puzzles\">Puzzles</a></i> <span class=\"template-c\">(page 12)</span></li>\n<li><i><a href=\"/wiki/Kids_Corner\" title=\"Kids Corner\">Kids Corner</a></i> <span class=\"template-c\">(page 12)</span></li>\n<li><i><a href=\"/wiki/Black_Magic\" title=\"Black Magic\">Black Magic</a></i> <span class=\"template-c\">(page 13)</span></li>\n<li><i><a href=\"/wiki/Local_News\" title=\"Local News\">Local News</a></i> <span class=\"template-c\">(page 20)</span></li></ul>\n</td>\n<td width=\"25%\" valign=\"top\" style=\"border-right: 1pt solid #dfdfdf\">\n<ul><li><i><a href=\"/wiki/Pink_Magic_(Daily_Prophet_segment)\" title=\"Pink Magic (Daily Prophet segment)\">Pink Magic</a></i> <span class=\"template-c\">(page 13)</span></li>\n<li><i><a href=\"/wiki/Tragedies\" title=\"Tragedies\">Tragedies</a></i> <span class=\"template-c\">(page 15)</span></li>\n<li><i><a href=\"/wiki/Jobs_(Daily_Prophet_segment)\" title=\"Jobs (Daily Prophet segment)\">Jobs</a></i> <span class=\"template-c\">(page 15)</span></li>\n<li><i><a href=\"/wiki/Showizbiz\" title=\"Showizbiz\">Showizbiz</a></i> <span class=\"template-c\">(page 15)</span></li>\n<li><i><a href=\"/wiki/Health\" title=\"Health\">Health</a></i> <span class=\"template-c\">(page 16)</span></li>\n<li><i><a href=\"/wiki/Fitness\" title=\"Fitness\">Fitness</a></i> <span class=\"template-c\">(page 16)</span></li>\n<li><i><a href=\"/wiki/Ask_D._Shaman\" title=\"Ask D. Shaman\">Ask D. Shaman</a></i> <span class=\"template-c\">(page 16)</span></li>\n<li><i><a href=\"/wiki/Obituaries\" title=\"Obituaries\">Obituaries</a></i> <span class=\"template-c\">(page 17)</span></li>\n<li><i><a href=\"/wiki/Classified_Advertisements\" title=\"Classified Advertisements\">Classified</a></i> <span class=\"template-c\">(page 18)</span></li>\n<li><i><a href=\"/wiki/Fiendishly_Difficult_Crossword\" title=\"Fiendishly Difficult Crossword\">Crossword</a></i> <span class=\"template-c\">(page 18)</span></li>\n<li><i><a href=\"/wiki/Blablabla\" title=\"Blablabla\">Blablabla</a></i> <span class=\"template-c\">(page 19)</span></li>\n<li><i><a href=\"/wiki/Medusa\" title=\"Medusa\">Dr. Medusa</a></i> <span class=\"template-c\">(page 20)</span></li></ul>\n</td>\n<td width=\"25%\" valign=\"top\">\n<ul><li><a href=\"/wiki/Magical_Symbols_Game\" title=\"Magical Symbols Game\">Magical Symbols Game</a></li>\n<li><a href=\"/wiki/Daily_Prophet_Grand_Prize_Galleon_Draw\" title=\"Daily Prophet Grand Prize Galleon Draw\">Daily Prophet Grand Prize Galleon Draw</a></li>\n<li><i><a href=\"/wiki/Me,_Myself,_and_I\" class=\"mw-redirect\" title=\"Me, Myself, and I\">Me, Myself, and I</a></i></li>\n<li><i><a href=\"/wiki/Zoological_column\" title=\"Zoological column\">Weekly zoological column</a></i></li>\n<li><a href=\"/wiki/The_Daily_Prophet%27s_Bestseller_List\" title=\"The Daily Prophet&#39;s Bestseller List\">Bestseller List</a></li></ul>\n<p><br />\n</p>\n<div class=\"center\"><div class=\"floatnone\"><a href=\"https://static.wikia.nocookie.net/harrypotter/images/0/04/Daily_Prophet_Insignia.png/revision/latest?cb=20180714154100\" class=\"image\"><img alt=\"Daily Prophet Insignia.png\" src=\"https://static.wikia.nocookie.net/harrypotter/images/0/04/Daily_Prophet_Insignia.png/revision/latest/scale-to-width-down/120?cb=20180714154100\" decoding=\"async\" width=\"120\" height=\"144\" data-image-name=\"Daily Prophet Insignia.png\" data-image-key=\"Daily_Prophet_Insignia.png\" /></a></div></div>\n</td></tr></tbody></table>\n</td></tr>\n<tr>\n<td style=\"font-size: 8pt; border-top: 1pt solid #dfdfdf\"><a href=\"/wiki/Daily_Prophet_articles\" title=\"Daily Prophet articles\">List of articles</a>\n</td></tr>\n<tr>\n<th style=\"background-color: #dfdfdf; font-size: 9pt;\">Known Personnel\n</th></tr>\n<tr>\n<td style=\"font-size: 8pt;\"><b>Editor-in-chief:</b> <a href=\"/wiki/Barnabas_Cuffe\" title=\"Barnabas Cuffe\">Barnabas Cuffe</a><br /><b>Security Editor:</b> <a href=\"/wiki/R._Amorim_(British)\" title=\"R. Amorim (British)\">R. Amorim</a><br /><b>Reporters:</b> <strong class=\"mw-selflink selflink\">A. Fenetre</strong> \u00b7 <a href=\"/wiki/Andy_Smudgley\" title=\"Andy Smudgley\">Andy Smudgley</a> \u00b7 <a href=\"/wiki/Betty_Braithwaite\" title=\"Betty Braithwaite\">Betty Braithwaite</a> \u00b7 <a href=\"/wiki/Daily_Prophet_chief_sports_writer\" title=\"Daily Prophet chief sports writer\">Chief sports writer</a> \u00b7 <a href=\"/wiki/E._Limaria\" title=\"E. Limaria\">E. Limaria</a> \u00b7 <a href=\"/wiki/E._Limus\" title=\"E. Limus\">E. Limus</a> \u00b7 <a href=\"/wiki/Emma_Squiggle\" title=\"Emma Squiggle\">Emma Squiggle</a> \u00b7 <a href=\"/wiki/L._Limuria\" title=\"L. Limuria\">L. Limuria</a> \u00b7 <a href=\"/wiki/Miras_Phlaras\" title=\"Miras Phlaras\">Miras Phlaras</a> \u00b7 <a href=\"/wiki/M._Amerinus\" title=\"M. Amerinus\">M. Amerinus</a> \u00b7 <a href=\"/wiki/M._Carneirus_(British)\" title=\"M. Carneirus (British)\">M. Carneirus</a> \u00b7 <a href=\"/wiki/R._Almeidas\" title=\"R. Almeidas\">R. Almeidas</a> \u00b7 <a href=\"/wiki/Rita_Skeeter\" title=\"Rita Skeeter\">Rita Skeeter</a> \u00b7 <a href=\"/wiki/Talbott_Winger%27s_father\" title=\"Talbott Winger&#39;s father\">Talbott Winger's father</a><br /><b>Columnists:</b> <a href=\"/wiki/D._Shaman\" title=\"D. Shaman\">D. Shaman</a> \u00b7 <a href=\"/wiki/E._Limus\" title=\"E. Limus\">E. Limus</a> \u00b7 <a href=\"/wiki/Dempster_Wiggleswade\" title=\"Dempster Wiggleswade\">Dempster Wiggleswade</a> \u00b7 <a href=\"/wiki/Helbert_Spleen\" title=\"Helbert Spleen\">Helbert Spleen</a> \u00b7 <a href=\"/wiki/Grizel_Hurtz\" title=\"Grizel Hurtz\">Grizel Hurtz</a> \u00b7 <a href=\"/wiki/Limunus\" title=\"Limunus\">Limunus</a> \u00b7 <a href=\"/wiki/Medusa\" title=\"Medusa\">Dr. Medusa</a> \u00b7 <a href=\"/wiki/Winkus_Oddpick\" title=\"Winkus Oddpick\">Winkus Oddpick</a> \u00b7 <a href=\"/wiki/Zamira_Gulch\" title=\"Zamira Gulch\">Zamira Gulch</a><br /><b>Correspondents:</b> <a href=\"/wiki/Ginevra_Weasley\" title=\"Ginevra Weasley\">Ginny Potter</a> \u00b7 <a href=\"/wiki/Rita_Skeeter\" title=\"Rita Skeeter\">Rita Skeeter</a><br /><b>Photographers:</b> <a href=\"/wiki/Adrian\" title=\"Adrian\">Adrian</a> \u00b7 <a href=\"/wiki/Bozo\" title=\"Bozo\">Bozo</a>  <br /><b>Newspaper vendors:</b> <a href=\"/wiki/Paper-owl\" title=\"Paper-owl\">Paper-owls</a> \u00b7 <a href=\"/wiki/Unidentified_newspaper_vendor\" title=\"Unidentified newspaper vendor\">Ministry of Magic newspaper vendor</a><br /><b><a href=\"/wiki/Chief_Consulting_Magizoologist\" title=\"Chief Consulting Magizoologist\">Chief Consulting Magizoologist</a>:</b> <a href=\"/wiki/Rolf_Scamander\" title=\"Rolf Scamander\">Rolf Scamander</a>\n</td></tr></tbody></table></div>"}]}}}}