{"batchcomplete": "", "warnings": {"main": {"*": "Subscribe to the mediawiki-api-announce mailing list at <https://lists.wikimedia.org/mailman/listinfo/mediawiki-api-announce> for notice of API deprecations and breaking changes."}, "revisions": {"*": "The parameter \"rvparse\" has been deprecated.\nBecause \"rvslots\" was not specified, a legacy format has been used for the output. This format is deprecated, and in the future the new format will always be used."}}, "query": {"normalized": [{"from": "Abraham_Grimblehawk", "to": "Abraham Grimblehawk"}], "pages": {"201457": {"pageid": 201457, "ns": 0, "title": "Abraham Grimblehawk", "revisions": [{"*": "<div class=\"mw-parser-output\"><p>\n<aside role=\"region\" class=\"portable-infobox pi-background pi-theme-mom pi-layout-default\"><section class=\"pi-item pi-group pi-border-color\">\n\t\n<h2 class=\"pi-item pi-item-spacing pi-title\" data-source=\"name\">Abraham Grimblehawk</h2>\n\n</section>\n<section class=\"pi-item pi-group pi-border-color\">\n\t<h2 class=\"pi-item pi-header pi-secondary-font pi-item-spacing pi-secondary-background\">Biographical information</h2>\n\n<div class=\"pi-item pi-data pi-item-spacing pi-border-color\" data-source=\"blood\">\n\t\n\t\t<h3 class=\"pi-data-label pi-secondary-font\">Blood status</h3>\n\t\n\t<div class=\"pi-data-value pi-font\"><a href=\"/wiki/Half-blood\" title=\"Half-blood\">Half-blood</a></div>\n</div>\n\n<div class=\"pi-item pi-data pi-item-spacing pi-border-color\" data-source=\"nationality\">\n\t\n\t\t<h3 class=\"pi-data-label pi-secondary-font\">Nationality</h3>\n\t\n\t<div class=\"pi-data-value pi-font\"><a href=\"/wiki/Great_Britain\" title=\"Great Britain\">British</a> or <a href=\"/wiki/Ireland\" title=\"Ireland\">Irish</a><sup id=\"cite_ref-1\" class=\"reference\"><a href=\"#cite_note-1\">&#91;1&#93;</a></sup></div>\n</div>\n\n</section>\n<section class=\"pi-item pi-group pi-border-color\">\n\t<h2 class=\"pi-item pi-header pi-secondary-font pi-item-spacing pi-secondary-background\">Physical information</h2>\n\n<div class=\"pi-item pi-data pi-item-spacing pi-border-color\" data-source=\"species\">\n\t\n\t\t<h3 class=\"pi-data-label pi-secondary-font\">Species</h3>\n\t\n\t<div class=\"pi-data-value pi-font\"><a href=\"/wiki/Human\" title=\"Human\">Human</a></div>\n</div>\n\n<div class=\"pi-item pi-data pi-item-spacing pi-border-color\" data-source=\"gender\">\n\t\n\t\t<h3 class=\"pi-data-label pi-secondary-font\">Gender</h3>\n\t\n\t<div class=\"pi-data-value pi-font\">Male</div>\n</div>\n\n</section>\n<section class=\"pi-item pi-group pi-border-color\">\n\t<h2 class=\"pi-item pi-header pi-secondary-font pi-item-spacing pi-secondary-background\">Relationship information</h2>\n\n<div class=\"pi-item pi-data pi-item-spacing pi-border-color\" data-source=\"family\">\n\t\n\t\t<h3 class=\"pi-data-label pi-secondary-font\">Family members</h3>\n\t\n\t<div class=\"pi-data-value pi-font\"><a href=\"/wiki/Mathilda_Grimblehawk\" title=\"Mathilda Grimblehawk\">Mathilda Grimblehawk</a> (niece)</div>\n</div>\n\n</section>\n<section class=\"pi-item pi-group pi-border-color\">\n\t<h2 class=\"pi-item pi-header pi-secondary-font pi-item-spacing pi-secondary-background\">Affiliation</h2>\n\n<div class=\"pi-item pi-data pi-item-spacing pi-border-color\" data-source=\"house\">\n\t\n\t\t<h3 class=\"pi-data-label pi-secondary-font\">House</h3>\n\t\n\t<div class=\"pi-data-value pi-font\"><a href=\"/wiki/Hufflepuff\" title=\"Hufflepuff\">Hufflepuff</a><sup id=\"cite_ref-FBC_2-0\" class=\"reference\"><a href=\"#cite_note-FBC-2\">&#91;2&#93;</a></sup></div>\n</div>\n\n<div class=\"pi-item pi-data pi-item-spacing pi-border-color\" data-source=\"loyalty\">\n\t\n\t\t<h3 class=\"pi-data-label pi-secondary-font\">Loyalty</h3>\n\t\n\t<div class=\"pi-data-value pi-font\"><ul><li><a href=\"/wiki/Hogwarts_School_of_Witchcraft_and_Wizardry\" title=\"Hogwarts School of Witchcraft and Wizardry\">Hogwarts School of Witchcraft and Wizardry</a><ul><li><a href=\"/wiki/Hufflepuff\" title=\"Hufflepuff\">Hufflepuff</a></li></ul></li><li><a href=\"/wiki/Ministry_of_Magic\" title=\"Ministry of Magic\">Ministry of Magic</a><ul><li><a href=\"/wiki/Department_for_the_Regulation_and_Control_of_Magical_Creatures\" title=\"Department for the Regulation and Control of Magical Creatures\">Department for the Regulation and Control of Magical Creatures</a><sup id=\"cite_ref-FBC_2-1\" class=\"reference\"><a href=\"#cite_note-FBC-2\">&#91;2&#93;</a></sup><ul><li><a href=\"/wiki/Beast_Division\" title=\"Beast Division\">Beast Division</a></li></ul></li></ul></li><li><a href=\"/wiki/St_Oswald%27s_Home_for_Old_Witches_and_Wizards\" title=\"St Oswald&#039;s Home for Old Witches and Wizards\">St Oswald's Home for Old Witches and Wizards</a></li></ul></div>\n</div>\n\n</section>\n<nav class=\"pi-navigation pi-item-spacing pi-secondary-background pi-secondary-font\"><small><a href=\"/wiki/Template:Individual_infobox\" title=\"Template:Individual infobox\">[Source]</a><span class=\"hidable-button\"></span></small></nav>\n</aside>\n\n<b>Abraham Grimblehawk</b> was a <a href=\"/wiki/Great_Britain\" title=\"Great Britain\">British</a> <a href=\"/wiki/Wizardkind\" title=\"Wizardkind\">wizard</a> who worked for the <a href=\"/wiki/British_Ministry_of_Magic\" title=\"British Ministry of Magic\">Ministry of Magic</a>. He was the uncle of <a href=\"/wiki/Mathilda_Grimblehawk\" title=\"Mathilda Grimblehawk\">Mathilda Grimblehawk</a>.\n</p>\n<h2><span class=\"mw-headline\" id=\"Biography\">Biography</span><span class=\"mw-editsection\"><span class=\"mw-editsection-bracket\">[</span><a href=\"/wiki/Abraham_Grimblehawk?veaction=edit&amp;section=1\" class=\"mw-editsection-visualeditor\" title=\"Edit section: Biography\">edit</a><span class=\"mw-editsection-divider\"> | </span><a href=\"/wiki/Abraham_Grimblehawk?action=edit&amp;section=1\" title=\"Edit section: Biography\"><svg class=\"wds-icon wds-icon-tiny section-edit-pencil-icon\"><use xlink:href=\"#wds-icons-pencil-tiny\"></use></svg>edit source</a><span class=\"mw-editsection-bracket\">]</span></span></h2>\n<p>Abraham attended <a href=\"/wiki/Hogwarts_School_of_Witchcraft_and_Wizardry\" title=\"Hogwarts School of Witchcraft and Wizardry\">Hogwarts School of Witchcraft and Wizardry</a> and was placed in <a href=\"/wiki/Hufflepuff\" title=\"Hufflepuff\">Hufflepuff House</a>. He most likely studied <a href=\"/wiki/Herbology\" title=\"Herbology\">Herbology</a> and <a href=\"/wiki/Care_of_Magical_Creatures\" title=\"Care of Magical Creatures\">Care of Magical Creatures</a> at Hogwarts.<sup id=\"cite_ref-FBC_2-2\" class=\"reference\"><a href=\"#cite_note-FBC-2\">&#91;2&#93;</a></sup>\n</p><p>Abraham worked in the <a href=\"/wiki/British_Ministry_of_Magic\" title=\"British Ministry of Magic\">British Ministry of Magic</a>, but it is unknown in which department. It is most likely that he worked in the <a href=\"/wiki/Department_for_the_Regulation_and_Control_of_Magical_Creatures\" title=\"Department for the Regulation and Control of Magical Creatures\">Department for the Regulation and Control of Magical Creatures</a>, as he had extensive knowledge on the subject of <a href=\"/wiki/Magizoology\" title=\"Magizoology\">Magizoology</a>.<sup id=\"cite_ref-FBC_2-3\" class=\"reference\"><a href=\"#cite_note-FBC-2\">&#91;2&#93;</a></sup>\n</p><p>Abraham and Mathilda were very good friends of <a href=\"/wiki/Gethsemane_Prickle\" title=\"Gethsemane Prickle\">Gethsemane Prickle</a><sup id=\"cite_ref-FBC_2-4\" class=\"reference\"><a href=\"#cite_note-FBC-2\">&#91;2&#93;</a></sup>, a <a href=\"/wiki/Herbologist\" title=\"Herbologist\">Herbologist</a> and <a href=\"/wiki/Potioneer\" title=\"Potioneer\">Potioneer</a> who worked alongside the Department for the Regulation and Control of Magical Creatures.\n</p><p>Abraham would often read <a href=\"/wiki/Newton_Scamander\" title=\"Newton Scamander\">Newton Scamander</a>'s <i><a href=\"/wiki/Fantastic_Beasts_and_Where_to_Find_Them\" title=\"Fantastic Beasts and Where to Find Them\">Fantastic Beasts and Where to Find Them</a></i> to Mathilda when she was younger.<sup id=\"cite_ref-FBC_2-5\" class=\"reference\"><a href=\"#cite_note-FBC-2\">&#91;2&#93;</a></sup>\n</p><p>Abraham retired to <a href=\"/wiki/St_Oswald%27s_Home_for_Old_Witches_and_Wizards\" title=\"St Oswald&#39;s Home for Old Witches and Wizards\">St Oswald's Home for Old Witches and Wizards</a> in his later years.<sup id=\"cite_ref-FBC_2-6\" class=\"reference\"><a href=\"#cite_note-FBC-2\">&#91;2&#93;</a></sup>\n</p>\n<h2><span class=\"mw-headline\" id=\"Appearances\">Appearances</span><span class=\"mw-editsection\"><span class=\"mw-editsection-bracket\">[</span><a href=\"/wiki/Abraham_Grimblehawk?veaction=edit&amp;section=2\" class=\"mw-editsection-visualeditor\" title=\"Edit section: Appearances\">edit</a><span class=\"mw-editsection-divider\"> | </span><a href=\"/wiki/Abraham_Grimblehawk?action=edit&amp;section=2\" title=\"Edit section: Appearances\"><svg class=\"wds-icon wds-icon-tiny section-edit-pencil-icon\"><use xlink:href=\"#wds-icons-pencil-tiny\"></use></svg>edit source</a><span class=\"mw-editsection-bracket\">]</span></span></h2>\n<ul><li><i><a href=\"/wiki/Fantastic_Beasts:_Cases_from_the_Wizarding_World\" title=\"Fantastic Beasts: Cases from the Wizarding World\">Fantastic Beasts: Cases from the Wizarding World</a></i> <small>(First appearance)</small></li></ul>\n<h2><span class=\"mw-headline\" id=\"Notes_and_references\">Notes and references</span><span class=\"mw-editsection\"><span class=\"mw-editsection-bracket\">[</span><a href=\"/wiki/Abraham_Grimblehawk?veaction=edit&amp;section=3\" class=\"mw-editsection-visualeditor\" title=\"Edit section: Notes and references\">edit</a><span class=\"mw-editsection-divider\"> | </span><a href=\"/wiki/Abraham_Grimblehawk?action=edit&amp;section=3\" title=\"Edit section: Notes and references\"><svg class=\"wds-icon wds-icon-tiny section-edit-pencil-icon\"><use xlink:href=\"#wds-icons-pencil-tiny\"></use></svg>edit source</a><span class=\"mw-editsection-bracket\">]</span></span></h2>\n<div class=\"references-small\">\n<div class=\"mw-references-wrap\"><ol class=\"references\">\n<li id=\"cite_note-1\"><span class=\"mw-cite-backlink\"><a href=\"#cite_ref-1\">\u2191</a></span> <span class=\"reference-text\"><a target=\"_blank\" rel=\"noreferrer noopener\" class=\"external text\" href=\"http://www.accio-quote.org/articles/2000/0700-swns-alfie.htm\">\"World Exclusive Interview with J K Rowling,\" <i>South West News Service</i>, 8 July 2000</a>  - \"Hogwarts just serves Britain and Ireland.\"</span>\n</li>\n<li id=\"cite_note-FBC-2\"><span class=\"mw-cite-backlink\">\u2191 <sup><a href=\"#cite_ref-FBC_2-0\">2.0</a></sup> <sup><a href=\"#cite_ref-FBC_2-1\">2.1</a></sup> <sup><a href=\"#cite_ref-FBC_2-2\">2.2</a></sup> <sup><a href=\"#cite_ref-FBC_2-3\">2.3</a></sup> <sup><a href=\"#cite_ref-FBC_2-4\">2.4</a></sup> <sup><a href=\"#cite_ref-FBC_2-5\">2.5</a></sup> <sup><a href=\"#cite_ref-FBC_2-6\">2.6</a></sup></span> <span class=\"reference-text\"><i><a href=\"/wiki/Fantastic_Beasts:_Cases_from_the_Wizarding_World\" title=\"Fantastic Beasts: Cases from the Wizarding World\">Fantastic Beasts: Cases from the Wizarding World</a></i></span>\n</li>\n</ol></div></div></div>"}]}}}}