{"batchcomplete": "", "warnings": {"main": {"*": "Subscribe to the mediawiki-api-announce mailing list at <https://lists.wikimedia.org/mailman/listinfo/mediawiki-api-announce> for notice of API deprecations and breaking changes."}, "revisions": {"*": "The parameter \"rvparse\" has been deprecated.\nBecause \"rvslots\" was not specified, a legacy format has been used for the output. This format is deprecated, and in the future the new format will always be used."}}, "query": {"normalized": [{"from": "Aceline_Faure", "to": "Aceline Faure"}], "pages": {"227466": {"pageid": 227466, "ns": 0, "title": "Aceline Faure", "revisions": [{"*": "<div class=\"mw-parser-output\"><table class=\"notice metadata\" id=\"spoiler\" style=\"text-align: center; background: beige; margin: 1em 05%; padding: 0 1em; border: #a00 1px solid;\">\n\n<tbody><tr>\n<td><a href=\"https://static.wikia.nocookie.net/harrypotter/images/e/ea/Wizards_Unite_logo.jpg/revision/latest?cb=20181114170049\" class=\"image\"><img alt=\"Wizards Unite logo.jpg\" src=\"https://static.wikia.nocookie.net/harrypotter/images/e/ea/Wizards_Unite_logo.jpg/revision/latest/scale-to-width-down/175?cb=20181114170049\" decoding=\"async\" width=\"175\" height=\"98\" data-image-name=\"Wizards Unite logo.jpg\" data-image-key=\"Wizards_Unite_logo.jpg\" /></a>\n</td>\n<td><b>Warning!</b>\n<p>At least some content in this article is derived from information featured in <i><a href=\"/wiki/Harry_Potter:_Wizards_Unite\" title=\"Harry Potter: Wizards Unite\">Harry Potter: Wizards Unite</a></i>. As such, spoilers will be present within the article.\n</p><p>For gameplay-specific information, please see the relevant article on <a href=\"https://harrypotterwizardsunite.fandom.com/wiki/Aceline_Faure\" class=\"extiw\" title=\"w:c:harrypotterwizardsunite:Aceline Faure\">the Harry Potter: Wizards Unite Wiki!</a>\n</p>\n</td></tr></tbody></table>\n<p>\n<aside role=\"region\" class=\"portable-infobox pi-background pi-theme-wizard pi-layout-default\"><section class=\"pi-item pi-group pi-border-color\">\n\t\n<h2 class=\"pi-item pi-item-spacing pi-title\" data-source=\"name\">Aceline Faure</h2>\n\n</section>\n<section class=\"pi-item pi-group pi-border-color\">\n\t<h2 class=\"pi-item pi-header pi-secondary-font pi-item-spacing pi-secondary-background\">Physical information</h2>\n\n<div class=\"pi-item pi-data pi-item-spacing pi-border-color\" data-source=\"species\">\n\t\n\t\t<h3 class=\"pi-data-label pi-secondary-font\">Species</h3>\n\t\n\t<div class=\"pi-data-value pi-font\"><a href=\"/wiki/Human\" title=\"Human\">Human</a></div>\n</div>\n\n</section>\n<nav class=\"pi-navigation pi-item-spacing pi-secondary-background pi-secondary-font\"><small><a href=\"/wiki/Template:Individual_infobox\" title=\"Template:Individual infobox\">[Source]</a><span class=\"hidable-button\"></span></small></nav>\n</aside>\n\n<b>Aceline Faure </b> was a wizard or <a href=\"/wiki/Wizardkind\" title=\"Wizardkind\">witch</a>.\n</p><p>In the 21st century, the <a href=\"/wiki/Calamity\" title=\"Calamity\">Calamity</a> transported their <a href=\"/wiki/Nose-Biting_Teacup\" title=\"Nose-Biting Teacup\">Nose-Biting Teacup</a> around the world.<sup id=\"cite_ref-1\" class=\"reference\"><a href=\"#cite_note-1\">&#91;1&#93;</a></sup>\n</p>\n<h2><span class=\"mw-headline\" id=\"Appearances\">Appearances</span><span class=\"mw-editsection\"><span class=\"mw-editsection-bracket\">[</span><a href=\"/wiki/Aceline_Faure?veaction=edit&amp;section=1\" class=\"mw-editsection-visualeditor\" title=\"Edit section: Appearances\">edit</a><span class=\"mw-editsection-divider\"> | </span><a href=\"/wiki/Aceline_Faure?action=edit&amp;section=1\" title=\"Edit section: Appearances\"><svg class=\"wds-icon wds-icon-tiny section-edit-pencil-icon\"><use xlink:href=\"#wds-icons-pencil-tiny\"></use></svg>edit source</a><span class=\"mw-editsection-bracket\">]</span></span></h2>\n<ul><li><i><a href=\"/wiki/Harry_Potter:_Wizards_Unite\" title=\"Harry Potter: Wizards Unite\">Harry Potter: Wizards Unite</a></i> <small>(First mentioned)</small></li></ul>\n<h2><span class=\"mw-headline\" id=\"Notes_and_references\">Notes and references</span><span class=\"mw-editsection\"><span class=\"mw-editsection-bracket\">[</span><a href=\"/wiki/Aceline_Faure?veaction=edit&amp;section=2\" class=\"mw-editsection-visualeditor\" title=\"Edit section: Notes and references\">edit</a><span class=\"mw-editsection-divider\"> | </span><a href=\"/wiki/Aceline_Faure?action=edit&amp;section=2\" title=\"Edit section: Notes and references\"><svg class=\"wds-icon wds-icon-tiny section-edit-pencil-icon\"><use xlink:href=\"#wds-icons-pencil-tiny\"></use></svg>edit source</a><span class=\"mw-editsection-bracket\">]</span></span></h2>\n<div class=\"references-small\">\n<div class=\"mw-references-wrap\"><ol class=\"references\">\n<li id=\"cite_note-1\"><span class=\"mw-cite-backlink\"><a href=\"#cite_ref-1\">\u2191</a></span> <span class=\"reference-text\"><i><a href=\"/wiki/Harry_Potter:_Wizards_Unite\" title=\"Harry Potter: Wizards Unite\">Harry Potter: Wizards Unite</a></i></span>\n</li>\n</ol></div></div></div>"}]}}}}