{"batchcomplete": "", "warnings": {"main": {"*": "Subscribe to the mediawiki-api-announce mailing list at <https://lists.wikimedia.org/mailman/listinfo/mediawiki-api-announce> for notice of API deprecations and breaking changes."}, "revisions": {"*": "The parameter \"rvparse\" has been deprecated.\nBecause \"rvslots\" was not specified, a legacy format has been used for the output. This format is deprecated, and in the future the new format will always be used."}}, "query": {"normalized": [{"from": "Action_figure", "to": "Action figure"}], "pages": {"45698": {"pageid": 45698, "ns": 0, "title": "Action figure", "revisions": [{"*": "<div class=\"mw-parser-output\"><table class=\"notice metadata\" cellpadding=\"3px\" style=\"text-align: center; background: snow; border: #a00 1px solid; margin: 1em 10% 1em 10%;\">\n\n<tbody><tr>\n<td><a href=\"https://static.wikia.nocookie.net/harrypotter/images/1/16/Mirror_of_Erised.jpeg/revision/latest?cb=20090713064057\" class=\"image\"><img alt=\"Mirror of Erised.jpeg\" src=\"https://static.wikia.nocookie.net/harrypotter/images/1/16/Mirror_of_Erised.jpeg/revision/latest/scale-to-width-down/80?cb=20090713064057\" decoding=\"async\" width=\"80\" height=\"67\" data-image-name=\"Mirror of Erised.jpeg\" data-image-key=\"Mirror_of_Erised.jpeg\" /></a>\n</td>\n<td><i><b>\"Is this all real? Or has this been happening inside my head?\"</b></i>\n<p>The topic of this article is of a real-life subject that has been mentioned \"<a href=\"/wiki/Harry_Potter_Wiki:Policy#.22In-universe.22_point_of_view\" title=\"Harry Potter Wiki:Policy\">in-universe</a>\" in a <a href=\"/wiki/Harry_Potter_Wiki:Canon\" title=\"Harry Potter Wiki:Canon\">canon</a> source. The <a href=\"/wiki/Harry_Potter_Wiki:About\" title=\"Harry Potter Wiki:About\">Harry Potter Wiki</a> is written from the perspective that all information presented in canon is true (e.g., <a href=\"/wiki/Hogwarts_School_of_Witchcraft_and_Wizardry\" title=\"Hogwarts School of Witchcraft and Wizardry\">Hogwarts</a> really exists), and, as such, details contained in this article may differ from real world facts.\n</p>\n</td></tr></tbody></table>\n<p>\n<aside role=\"region\" class=\"portable-infobox pi-background pi-theme-object pi-layout-default\">\n<h2 class=\"pi-item pi-item-spacing pi-title\" data-source=\"name\">Action figure</h2>\n<section class=\"pi-item pi-group pi-border-color\">\n\t<h2 class=\"pi-item pi-header pi-secondary-font pi-item-spacing pi-secondary-background\">Object information</h2>\n\n<div class=\"pi-item pi-data pi-item-spacing pi-border-color\" data-source=\"usage\">\n\t\n\t\t<h3 class=\"pi-data-label pi-secondary-font\">Usage</h3>\n\t\n\t<div class=\"pi-data-value pi-font\">Toys, collectible figurines</div>\n</div>\n\n<div class=\"pi-item pi-data pi-item-spacing pi-border-color\" data-source=\"owners\">\n\t\n\t\t<h3 class=\"pi-data-label pi-secondary-font\">Owners</h3>\n\t\n\t<div class=\"pi-data-value pi-font\"><ul><li><a href=\"/wiki/Ronald_Weasley\" title=\"Ronald Weasley\">Ronald Weasley</a></li><li><a href=\"/wiki/Luna_Lovegood\" title=\"Luna Lovegood\">Luna Lovegood</a></li><li><a href=\"/wiki/Xenophilius_Lovegood\" title=\"Xenophilius Lovegood\">Xenophilius Lovegood</a></li></ul></div>\n</div>\n\n</section>\n<nav class=\"pi-navigation pi-item-spacing pi-secondary-background pi-secondary-font\"><small><a href=\"/wiki/Template:Object_infobox\" title=\"Template:Object infobox\">[Source]</a><span class=\"hidable-button\"></span></small></nav>\n</aside>\n<b>Action figures</b> in the <a href=\"/wiki/Wizarding_world\" title=\"Wizarding world\">wizarding world</a> are moving <a href=\"/wiki/Magic\" title=\"Magic\">magical</a> figurines of animals or people.\n</p>\n<div id=\"toc\" class=\"toc\"><input type=\"checkbox\" role=\"button\" id=\"toctogglecheckbox\" class=\"toctogglecheckbox\" style=\"display:none\" /><div class=\"toctitle\" lang=\"en\" dir=\"ltr\"><h2>Contents</h2><span class=\"toctogglespan\"><label class=\"toctogglelabel\" for=\"toctogglecheckbox\"></label></span></div>\n<ul>\n<li class=\"toclevel-1 tocsection-1\"><a href=\"#Known_action_figures\"><span class=\"tocnumber\">1</span> <span class=\"toctext\">Known action figures</span></a></li>\n<li class=\"toclevel-1 tocsection-2\"><a href=\"#Behind_the_scenes\"><span class=\"tocnumber\">2</span> <span class=\"toctext\">Behind the scenes</span></a></li>\n<li class=\"toclevel-1 tocsection-3\"><a href=\"#Appearances\"><span class=\"tocnumber\">3</span> <span class=\"toctext\">Appearances</span></a></li>\n<li class=\"toclevel-1 tocsection-4\"><a href=\"#Notes_and_references\"><span class=\"tocnumber\">4</span> <span class=\"toctext\">Notes and references</span></a></li>\n</ul>\n</div>\n\n<h2><span class=\"mw-headline\" id=\"Known_action_figures\">Known action figures</span><span class=\"mw-editsection\"><span class=\"mw-editsection-bracket\">[</span><a href=\"/wiki/Action_figure?veaction=edit&amp;section=1\" class=\"mw-editsection-visualeditor\" title=\"Edit section: Known action figures\">edit</a><span class=\"mw-editsection-divider\"> | </span><a href=\"/wiki/Action_figure?action=edit&amp;section=1\" title=\"Edit section: Known action figures\"><svg class=\"wds-icon wds-icon-tiny section-edit-pencil-icon\"><use xlink:href=\"#wds-icons-pencil-tiny\"></use></svg>edit source</a><span class=\"mw-editsection-bracket\">]</span></span></h2>\n<ul><li><a href=\"/wiki/Ronald_Weasley\" title=\"Ronald Weasley\">Ronald Weasley</a> bought an <a href=\"/wiki/Miniature_figurine_of_Viktor_Krum\" title=\"Miniature figurine of Viktor Krum\">action figure</a> of <a href=\"/wiki/Viktor_Krum\" title=\"Viktor Krum\">Viktor Krum</a>, the famous <a href=\"/wiki/Bulgaria\" title=\"Bulgaria\">Bulgarian</a> <a href=\"/wiki/Seeker\" title=\"Seeker\">Seeker</a>, during the <a href=\"/wiki/1994\" title=\"1994\">1994</a> <a href=\"/wiki/Quidditch_World_Cup\" title=\"Quidditch World Cup\">Quidditch World Cup</a>. It walked around and scowled and could even do Viktor's real posture and way of walking. After Viktor Krum took <a href=\"/wiki/Hermione_Granger\" title=\"Hermione Granger\">Hermione</a> to the <a href=\"/wiki/Yule_Ball\" title=\"Yule Ball\">Yule Ball</a>, Harry found the arm of the model lying on the floor of the boys' dormitory. Ron had probably broken it, because he was jealous of Hermione going to the Yule Ball with Viktor as his dance partner, so he broke it out of frustration and anger towards Krum.<sup id=\"cite_ref-GoF_1-0\" class=\"reference\"><a href=\"#cite_note-GoF-1\">&#91;1&#93;</a></sup></li>\n<li>The <a href=\"/wiki/Triwizard_Tournament\" title=\"Triwizard Tournament\">Triwizard</a> champions drew four <a href=\"/wiki/Model_dragon\" title=\"Model dragon\">miniature models</a> of <a href=\"/wiki/Dragon\" title=\"Dragon\">dragons</a> to determine which real dragons each of them would face in the First Task.<sup id=\"cite_ref-GoF_1-1\" class=\"reference\"><a href=\"#cite_note-GoF-1\">&#91;1&#93;</a></sup></li>\n<li>In <a href=\"/wiki/1996\" title=\"1996\">1996</a> <a href=\"/wiki/Molly_Weasley\" title=\"Molly Weasley\">Molly Weasley</a> made a <a href=\"/wiki/Christmas_cake\" title=\"Christmas cake\">Christmas cake</a> which had a moving <a href=\"/wiki/Penguin\" title=\"Penguin\">penguin</a> on it.<sup id=\"cite_ref-OotP_2-0\" class=\"reference\"><a href=\"#cite_note-OotP-2\">&#91;2&#93;</a></sup></li>\n<li>In 1996 during <a href=\"/wiki/Christmas\" title=\"Christmas\">Christmas</a> at <a href=\"/wiki/12_Grimmauld_Place\" title=\"12 Grimmauld Place\">12 Grimmauld Place</a> a <a href=\"/wiki/Father_Christmas\" title=\"Father Christmas\">Father Christmas</a> figure was flying on a <a href=\"/wiki/Broomstick\" title=\"Broomstick\">broomstick</a>.<sup id=\"cite_ref-ootpf_3-0\" class=\"reference\"><a href=\"#cite_note-ootpf-3\">&#91;3&#93;</a></sup></li>\n<li>In 1996, a small <a href=\"/wiki/Model_dragon\" title=\"Model dragon\">model</a> <a href=\"/wiki/Dragon\" title=\"Dragon\">dragon</a> was seen <a href=\"/wiki/Fire\" title=\"Fire\">roasting</a> nuts in the <a href=\"/wiki/Weasleys%27_Dragon_Roasted_Nuts\" title=\"Weasleys&#39; Dragon Roasted Nuts\">roast chestnuts sale</a> machine in <a href=\"/wiki/Diagon_Alley\" title=\"Diagon Alley\">Diagon Alley</a>.<sup id=\"cite_ref-4\" class=\"reference\"><a href=\"#cite_note-4\">&#91;4&#93;</a></sup></li>\n<li>In <a href=\"/wiki/1997\" title=\"1997\">1997</a>, <a href=\"/wiki/William_Weasley\" title=\"William Weasley\">Bill Weasley</a> and <a href=\"/wiki/Fleur_Delacour\" title=\"Fleur Delacour\">Fleur Delacour</a>'s wedding cake was topped with figures of <a href=\"/wiki/Phoenix\" title=\"Phoenix\">phoenixes</a> that took flight when the cake was cut.<sup id=\"cite_ref-DH_5-0\" class=\"reference\"><a href=\"#cite_note-DH-5\">&#91;5&#93;</a></sup></li>\n<li><a href=\"/wiki/Xenophilius_Lovegood\" title=\"Xenophilius Lovegood\">Xenophilius Lovegood</a> and <a href=\"/wiki/Luna_Lovegood\" title=\"Luna Lovegood\">Luna Lovegood</a> made models of <a href=\"/wiki/Creature\" title=\"Creature\">creatures</a> with flapping wings and snapping jaws. These figures were hung from the ceiling of their <a href=\"/wiki/Lovegood_House\" title=\"Lovegood House\">home</a>.<sup id=\"cite_ref-DH_5-1\" class=\"reference\"><a href=\"#cite_note-DH-5\">&#91;5&#93;</a></sup></li></ul>\n<h2><span class=\"mw-headline\" id=\"Behind_the_scenes\">Behind the scenes</span><span class=\"mw-editsection\"><span class=\"mw-editsection-bracket\">[</span><a href=\"/wiki/Action_figure?veaction=edit&amp;section=2\" class=\"mw-editsection-visualeditor\" title=\"Edit section: Behind the scenes\">edit</a><span class=\"mw-editsection-divider\"> | </span><a href=\"/wiki/Action_figure?action=edit&amp;section=2\" title=\"Edit section: Behind the scenes\"><svg class=\"wds-icon wds-icon-tiny section-edit-pencil-icon\"><use xlink:href=\"#wds-icons-pencil-tiny\"></use></svg>edit source</a><span class=\"mw-editsection-bracket\">]</span></span></h2>\n<ul><li><a href=\"/wiki/The_Wizarding_World_of_Harry_Potter\" title=\"The Wizarding World of Harry Potter\">The Wizarding World of Harry Potter</a> sells the miniature toy dragons and pouch, just like the Triwizard champions used.</li></ul>\n<h2><span class=\"mw-headline\" id=\"Appearances\">Appearances</span><span class=\"mw-editsection\"><span class=\"mw-editsection-bracket\">[</span><a href=\"/wiki/Action_figure?veaction=edit&amp;section=3\" class=\"mw-editsection-visualeditor\" title=\"Edit section: Appearances\">edit</a><span class=\"mw-editsection-divider\"> | </span><a href=\"/wiki/Action_figure?action=edit&amp;section=3\" title=\"Edit section: Appearances\"><svg class=\"wds-icon wds-icon-tiny section-edit-pencil-icon\"><use xlink:href=\"#wds-icons-pencil-tiny\"></use></svg>edit source</a><span class=\"mw-editsection-bracket\">]</span></span></h2>\n<ul><li><i><a href=\"/wiki/Harry_Potter_and_the_Goblet_of_Fire\" title=\"Harry Potter and the Goblet of Fire\">Harry Potter and the Goblet of Fire</a></i></li>\n<li><i><a href=\"/wiki/Harry_Potter_and_the_Goblet_of_Fire_(film)\" title=\"Harry Potter and the Goblet of Fire (film)\">Harry Potter and the Goblet of Fire (film)</a></i></li>\n<li><i><a href=\"/wiki/Harry_Potter_and_the_Order_of_the_Phoenix_(film)\" title=\"Harry Potter and the Order of the Phoenix (film)\">Harry Potter and the Order of the Phoenix (film)</a></i></li>\n<li><i><a href=\"/wiki/Harry_Potter_and_the_Half-Blood_Prince_(film)\" title=\"Harry Potter and the Half-Blood Prince (film)\">Harry Potter and the Half-Blood Prince (film)</a></i></li>\n<li><i><a href=\"/wiki/Harry_Potter_and_the_Deathly_Hallows\" title=\"Harry Potter and the Deathly Hallows\">Harry Potter and the Deathly Hallows</a></i></li>\n<li><a href=\"/wiki/The_Wizarding_World_of_Harry_Potter\" title=\"The Wizarding World of Harry Potter\">The Wizarding World of Harry Potter</a></li></ul>\n<h2><span class=\"mw-headline\" id=\"Notes_and_references\">Notes and references</span><span class=\"mw-editsection\"><span class=\"mw-editsection-bracket\">[</span><a href=\"/wiki/Action_figure?veaction=edit&amp;section=4\" class=\"mw-editsection-visualeditor\" title=\"Edit section: Notes and references\">edit</a><span class=\"mw-editsection-divider\"> | </span><a href=\"/wiki/Action_figure?action=edit&amp;section=4\" title=\"Edit section: Notes and references\"><svg class=\"wds-icon wds-icon-tiny section-edit-pencil-icon\"><use xlink:href=\"#wds-icons-pencil-tiny\"></use></svg>edit source</a><span class=\"mw-editsection-bracket\">]</span></span></h2>\n<div class=\"references-small\">\n<div class=\"mw-references-wrap\"><ol class=\"references\">\n<li id=\"cite_note-GoF-1\"><span class=\"mw-cite-backlink\">\u2191 <sup><a href=\"#cite_ref-GoF_1-0\">1.0</a></sup> <sup><a href=\"#cite_ref-GoF_1-1\">1.1</a></sup></span> <span class=\"reference-text\"><i><a href=\"/wiki/Harry_Potter_and_the_Goblet_of_Fire\" title=\"Harry Potter and the Goblet of Fire\">Harry Potter and the Goblet of Fire</a></i></span>\n</li>\n<li id=\"cite_note-OotP-2\"><span class=\"mw-cite-backlink\"><a href=\"#cite_ref-OotP_2-0\">\u2191</a></span> <span class=\"reference-text\"><i><a href=\"/wiki/Harry_Potter_and_the_Order_of_the_Phoenix\" title=\"Harry Potter and the Order of the Phoenix\">Harry Potter and the Order of the Phoenix</a></i></span>\n</li>\n<li id=\"cite_note-ootpf-3\"><span class=\"mw-cite-backlink\"><a href=\"#cite_ref-ootpf_3-0\">\u2191</a></span> <span class=\"reference-text\"><i><a href=\"/wiki/Harry_Potter_and_the_Order_of_the_Phoenix_(film)\" title=\"Harry Potter and the Order of the Phoenix (film)\">Harry Potter and the Order of the Phoenix (film)</a></i></span>\n</li>\n<li id=\"cite_note-4\"><span class=\"mw-cite-backlink\"><a href=\"#cite_ref-4\">\u2191</a></span> <span class=\"reference-text\"><i><a href=\"/wiki/Harry_Potter_and_the_Half-Blood_Prince_(film)\" title=\"Harry Potter and the Half-Blood Prince (film)\">Harry Potter and the Half-Blood Prince (film)</a></i></span>\n</li>\n<li id=\"cite_note-DH-5\"><span class=\"mw-cite-backlink\">\u2191 <sup><a href=\"#cite_ref-DH_5-0\">5.0</a></sup> <sup><a href=\"#cite_ref-DH_5-1\">5.1</a></sup></span> <span class=\"reference-text\"><i><a href=\"/wiki/Harry_Potter_and_the_Deathly_Hallows\" title=\"Harry Potter and the Deathly Hallows\">Harry Potter and the Deathly Hallows</a></i></span>\n</li>\n</ol></div></div></div>"}]}}}}