{"batchcomplete": "", "warnings": {"main": {"*": "Subscribe to the mediawiki-api-announce mailing list at <https://lists.wikimedia.org/mailman/listinfo/mediawiki-api-announce> for notice of API deprecations and breaking changes."}, "revisions": {"*": "The parameter \"rvparse\" has been deprecated.\nBecause \"rvslots\" was not specified, a legacy format has been used for the output. This format is deprecated, and in the future the new format will always be used."}}, "query": {"normalized": [{"from": "Adalbert_Waffling", "to": "Adalbert Waffling"}], "pages": {"9722": {"pageid": 9722, "ns": 0, "title": "Adalbert Waffling", "revisions": [{"*": "<div class=\"mw-parser-output\"><table class=\"notice metadata\" id=\"spoiler\" style=\"text-align: center; background: beige; margin: 1em 05%; padding: 0 1em; border: #a00 1px solid;\">\n\n<tbody><tr>\n<td><a href=\"https://static.wikia.nocookie.net/harrypotter/images/e/ea/Wizards_Unite_logo.jpg/revision/latest?cb=20181114170049\" class=\"image\"><img alt=\"Wizards Unite logo.jpg\" src=\"https://static.wikia.nocookie.net/harrypotter/images/e/ea/Wizards_Unite_logo.jpg/revision/latest/scale-to-width-down/175?cb=20181114170049\" decoding=\"async\" width=\"175\" height=\"98\" data-image-name=\"Wizards Unite logo.jpg\" data-image-key=\"Wizards_Unite_logo.jpg\" /></a>\n</td>\n<td><b>Warning!</b>\n<p>At least some content in this article is derived from information featured in <i><a href=\"/wiki/Harry_Potter:_Wizards_Unite\" title=\"Harry Potter: Wizards Unite\">Harry Potter: Wizards Unite</a></i>. As such, spoilers will be present within the article.\n</p><p>For gameplay-specific information, please see the relevant article on <a href=\"https://harrypotterwizardsunite.fandom.com/wiki/Adalbert_Waffling\" class=\"extiw\" title=\"w:c:harrypotterwizardsunite:Adalbert Waffling\">the Harry Potter: Wizards Unite Wiki!</a>\n</p>\n</td></tr></tbody></table>\n<p>\n<aside role=\"region\" class=\"portable-infobox pi-background pi-theme-wizard pi-layout-default\">\n<figure class=\"pi-item pi-image\" data-source=\"image\">\n\t<a href=\"https://static.wikia.nocookie.net/harrypotter/images/d/d0/Aldabert_waffling.jpg/revision/latest?cb=20090625225033\" class=\"image image-thumbnail\"\n\t   title=\"\">\n\t\t<img src=\"https://static.wikia.nocookie.net/harrypotter/images/d/d0/Aldabert_waffling.jpg/revision/latest/scale-to-width-down/220?cb=20090625225033\" srcset=\"https://static.wikia.nocookie.net/harrypotter/images/d/d0/Aldabert_waffling.jpg/revision/latest/scale-to-width-down/220?cb=20090625225033 1x, https://static.wikia.nocookie.net/harrypotter/images/d/d0/Aldabert_waffling.jpg/revision/latest/scale-to-width-down/440?cb=20090625225033 2x\" class=\"pi-image-thumbnail\" alt=\"\" width=\"220\" height=\"329\"\n\t\t     data-image-key=\"Aldabert_waffling.jpg\" data-image-name=\"Aldabert waffling.jpg\"/>\n\t\t\n\t</a>\n\t\n</figure>\n<section class=\"pi-item pi-group pi-border-color\">\n\t\n<h2 class=\"pi-item pi-item-spacing pi-title\" data-source=\"name\">Adalbert Waffling</h2>\n\n</section>\n<section class=\"pi-item pi-group pi-border-color\">\n\t<h2 class=\"pi-item pi-header pi-secondary-font pi-item-spacing pi-secondary-background\">Biographical information</h2>\n\n<div class=\"pi-item pi-data pi-item-spacing pi-border-color\" data-source=\"died\">\n\t\n\t\t<h3 class=\"pi-data-label pi-secondary-font\">Died</h3>\n\t\n\t<div class=\"pi-data-value pi-font\"><a href=\"/wiki/1981\" title=\"1981\">1981</a></div>\n</div>\n\n<div class=\"pi-item pi-data pi-item-spacing pi-border-color\" data-source=\"nationality\">\n\t\n\t\t<h3 class=\"pi-data-label pi-secondary-font\">Nationality</h3>\n\t\n\t<div class=\"pi-data-value pi-font\"><a href=\"/wiki/Great_Britain\" title=\"Great Britain\">British</a></div>\n</div>\n\n</section>\n<section class=\"pi-item pi-group pi-border-color\">\n\t<h2 class=\"pi-item pi-header pi-secondary-font pi-item-spacing pi-secondary-background\">Physical information</h2>\n\n<div class=\"pi-item pi-data pi-item-spacing pi-border-color\" data-source=\"species\">\n\t\n\t\t<h3 class=\"pi-data-label pi-secondary-font\">Species</h3>\n\t\n\t<div class=\"pi-data-value pi-font\"><a href=\"/wiki/Human\" title=\"Human\">Human</a></div>\n</div>\n\n<div class=\"pi-item pi-data pi-item-spacing pi-border-color\" data-source=\"gender\">\n\t\n\t\t<h3 class=\"pi-data-label pi-secondary-font\">Gender</h3>\n\t\n\t<div class=\"pi-data-value pi-font\">Male</div>\n</div>\n\n<div class=\"pi-item pi-data pi-item-spacing pi-border-color\" data-source=\"hair\">\n\t\n\t\t<h3 class=\"pi-data-label pi-secondary-font\">Hair colour</h3>\n\t\n\t<div class=\"pi-data-value pi-font\">Grey</div>\n</div>\n\n<div class=\"pi-item pi-data pi-item-spacing pi-border-color\" data-source=\"skin\">\n\t\n\t\t<h3 class=\"pi-data-label pi-secondary-font\">Skin colour</h3>\n\t\n\t<div class=\"pi-data-value pi-font\">White</div>\n</div>\n\n</section>\n<section class=\"pi-item pi-group pi-border-color\">\n\t<h2 class=\"pi-item pi-header pi-secondary-font pi-item-spacing pi-secondary-background\">Affiliation</h2>\n\n<div class=\"pi-item pi-data pi-item-spacing pi-border-color\" data-source=\"job\">\n\t\n\t\t<h3 class=\"pi-data-label pi-secondary-font\">Occupation</h3>\n\t\n\t<div class=\"pi-data-value pi-font\"><ul><li>Author</li><li><a href=\"/wiki/Magic\" title=\"Magic\">Magical</a> theoretician</li></ul></div>\n</div>\n\n</section>\n<nav class=\"pi-navigation pi-item-spacing pi-secondary-background pi-secondary-font\"><small><a href=\"/wiki/Template:Individual_infobox\" title=\"Template:Individual infobox\">[Source]</a><span class=\"hidable-button\"></span></small></nav>\n</aside>\n\n</p>\n<div class=\"quote\">\n<dl><dd><span title=\"Source:&#160;The Tales of Beedle the Bard (real)\">\"<i>Tamper with the deepest mysteries \u2015 the source of life, the essence of self \u2015 only if prepared for consequences of the most extreme and dangerous kind.</i>\"</span></dd>\n<dd>&#8212;Waffling's first <a href=\"/wiki/Fundamental_Laws_of_Magic\" title=\"Fundamental Laws of Magic\">Fundamental Law of Magic</a><sup class=\"noprint\"><a href=\"/wiki/The_Tales_of_Beedle_the_Bard_(real)\" title=\"The Tales of Beedle the Bard (real)\">[src]</a></sup></dd>\n<dd></dd></dl></div>\n<p><b>Adalbert Waffling</b> (d. <a href=\"/wiki/1981\" title=\"1981\">1981</a>) was a <a href=\"/wiki/Great_Britain\" title=\"Great Britain\">British</a> <a href=\"/wiki/Wizardkind\" title=\"Wizardkind\">wizard</a> who was a <a href=\"/wiki/Magic\" title=\"Magic\">magical</a> theoretician, credited to have written \"all about magic\". Waffling is somewhat seen as the \"father of magical theory\", as it is a popular claim that every modern witch or wizard has learned from his writings.\n</p><p>Waffling was the one who formulated the <a href=\"/wiki/Fundamental_Laws_of_Magic\" title=\"Fundamental Laws of Magic\">Fundamental Laws of Magic</a> and wrote <i><a href=\"/wiki/Magical_Theory\" title=\"Magical Theory\">Magical Theory</a></i>, a most popular textbook still being used today by the young witches and wizards at <a href=\"/wiki/Hogwarts_School_of_Witchcraft_and_Wizardry\" title=\"Hogwarts School of Witchcraft and Wizardry\">Hogwarts School of Witchcraft and Wizardry</a>.\n</p>\n<div id=\"toc\" class=\"toc\"><input type=\"checkbox\" role=\"button\" id=\"toctogglecheckbox\" class=\"toctogglecheckbox\" style=\"display:none\" /><div class=\"toctitle\" lang=\"en\" dir=\"ltr\"><h2>Contents</h2><span class=\"toctogglespan\"><label class=\"toctogglelabel\" for=\"toctogglecheckbox\"></label></span></div>\n<ul>\n<li class=\"toclevel-1 tocsection-1\"><a href=\"#Biography\"><span class=\"tocnumber\">1</span> <span class=\"toctext\">Biography</span></a>\n<ul>\n<li class=\"toclevel-2 tocsection-2\"><a href=\"#Early_life\"><span class=\"tocnumber\">1.1</span> <span class=\"toctext\">Early life</span></a></li>\n<li class=\"toclevel-2 tocsection-3\"><a href=\"#Later_life\"><span class=\"tocnumber\">1.2</span> <span class=\"toctext\">Later life</span></a></li>\n</ul>\n</li>\n<li class=\"toclevel-1 tocsection-4\"><a href=\"#Behind_the_scenes\"><span class=\"tocnumber\">2</span> <span class=\"toctext\">Behind the scenes</span></a></li>\n<li class=\"toclevel-1 tocsection-5\"><a href=\"#Etymology\"><span class=\"tocnumber\">3</span> <span class=\"toctext\">Etymology</span></a></li>\n<li class=\"toclevel-1 tocsection-6\"><a href=\"#Appearances\"><span class=\"tocnumber\">4</span> <span class=\"toctext\">Appearances</span></a></li>\n<li class=\"toclevel-1 tocsection-7\"><a href=\"#Notes_and_references\"><span class=\"tocnumber\">5</span> <span class=\"toctext\">Notes and references</span></a></li>\n</ul>\n</div>\n\n<h2><span class=\"mw-headline\" id=\"Biography\">Biography</span><span class=\"mw-editsection\"><span class=\"mw-editsection-bracket\">[</span><a href=\"/wiki/Adalbert_Waffling?veaction=edit&amp;section=1\" class=\"mw-editsection-visualeditor\" title=\"Edit section: Biography\">edit</a><span class=\"mw-editsection-divider\"> | </span><a href=\"/wiki/Adalbert_Waffling?action=edit&amp;section=1\" title=\"Edit section: Biography\"><svg class=\"wds-icon wds-icon-tiny section-edit-pencil-icon\"><use xlink:href=\"#wds-icons-pencil-tiny\"></use></svg>edit source</a><span class=\"mw-editsection-bracket\">]</span></span></h2>\n<h3><span class=\"mw-headline\" id=\"Early_life\">Early life</span><span class=\"mw-editsection\"><span class=\"mw-editsection-bracket\">[</span><a href=\"/wiki/Adalbert_Waffling?veaction=edit&amp;section=2\" class=\"mw-editsection-visualeditor\" title=\"Edit section: Early life\">edit</a><span class=\"mw-editsection-divider\"> | </span><a href=\"/wiki/Adalbert_Waffling?action=edit&amp;section=2\" title=\"Edit section: Early life\"><svg class=\"wds-icon wds-icon-tiny section-edit-pencil-icon\"><use xlink:href=\"#wds-icons-pencil-tiny\"></use></svg>edit source</a><span class=\"mw-editsection-bracket\">]</span></span></h3>\n<p>Adalbert Waffling was born in or before the 19th-century. By the <a href=\"/wiki/1890s\" title=\"1890s\">1890s</a> he was already a most notable theoretician.<sup id=\"cite_ref-DH2_1-0\" class=\"reference\"><a href=\"#cite_note-DH2-1\">&#91;1&#93;</a></sup> Waffling might have attended <a href=\"/wiki/Hogwarts_School_of_Witchcraft_and_Wizardry\" title=\"Hogwarts School of Witchcraft and Wizardry\">Hogwarts School of Witchcraft and Wizardry</a> in his youth, like so many other wizards before him.\n</p>\n<h3><span class=\"mw-headline\" id=\"Later_life\">Later life</span><span class=\"mw-editsection\"><span class=\"mw-editsection-bracket\">[</span><a href=\"/wiki/Adalbert_Waffling?veaction=edit&amp;section=3\" class=\"mw-editsection-visualeditor\" title=\"Edit section: Later life\">edit</a><span class=\"mw-editsection-divider\"> | </span><a href=\"/wiki/Adalbert_Waffling?action=edit&amp;section=3\" title=\"Edit section: Later life\"><svg class=\"wds-icon wds-icon-tiny section-edit-pencil-icon\"><use xlink:href=\"#wds-icons-pencil-tiny\"></use></svg>edit source</a><span class=\"mw-editsection-bracket\">]</span></span></h3>\n<figure class=\"thumb tleft show-info-icon\" style=\"width: 167px\"> \t<a href=\"https://static.wikia.nocookie.net/harrypotter/images/6/64/Adalbert_Waffling_USA_Card.jpg/revision/latest?cb=20100206015908\" class=\"image\"><img alt=\"\" src=\"https://static.wikia.nocookie.net/harrypotter/images/6/64/Adalbert_Waffling_USA_Card.jpg/revision/latest/scale-to-width-down/165?cb=20100206015908\" decoding=\"async\" width=\"165\" height=\"206\" class=\"thumbimage\" data-image-name=\"Adalbert Waffling USA Card.jpg\" data-image-key=\"Adalbert_Waffling_USA_Card.jpg\" /></a> \t \t<figcaption class=\"thumbcaption\"> \t\t \t\t\t<a href=\"/wiki/File:Adalbert_Waffling_USA_Card.jpg\" class=\"info-icon\"><svg><use xlink:href=\"#wds-icons-info-small\"></use></svg></a> \t\t \t\t \t\t \t\t\t<p class=\"caption\">Waffling studying <a href=\"/wiki/Magic\" title=\"Magic\">Magic</a></p> \t\t \t</figcaption> </figure><p>By the <a href=\"/wiki/1890s\" title=\"1890s\">1890s</a>, Waffling was already one of most notable wizards of the date,<sup id=\"cite_ref-DH2_1-1\" class=\"reference\"><a href=\"#cite_note-DH2-1\">&#91;1&#93;</a></sup><sup id=\"cite_ref-2\" class=\"reference\"><a href=\"#cite_note-2\">&#91;2&#93;</a></sup> so it is more than likely he published some of his writings before this point. Around this time <a href=\"/wiki/Albus_Dumbledore\" title=\"Albus Dumbledore\">Albus Dumbledore</a>, the \"<i>most brilliant student ever seen [at Hogwarts]</i>\", was in regular correspondence with Waffling in order to exchange ideas about magic.<sup id=\"cite_ref-DH2_1-2\" class=\"reference\"><a href=\"#cite_note-DH2-1\">&#91;1&#93;</a></sup> <a href=\"/wiki/Minerva_McGonagall\" title=\"Minerva McGonagall\">Minerva McGonagall</a> later shared these letters with members of the <a href=\"/wiki/Statute_of_Secrecy_Task_Force\" title=\"Statute of Secrecy Task Force\">Statute of Secrecy Task Force</a> who pursued a <a href=\"/wiki/Professor\" title=\"Professor\">Professorship</a> profession to help improve their skills in addressing the <a href=\"/wiki/Calamity\" title=\"Calamity\">Calamity</a>.<sup id=\"cite_ref-3\" class=\"reference\"><a href=\"#cite_note-3\">&#91;3&#93;</a></sup>\n</p><p>Waffling died in <a href=\"/wiki/1981\" title=\"1981\">1981</a>.<sup id=\"cite_ref-PSG_4-0\" class=\"reference\"><a href=\"#cite_note-PSG-4\">&#91;4&#93;</a></sup>\n</p>\n<h2><span class=\"mw-headline\" id=\"Behind_the_scenes\">Behind the scenes</span><span class=\"mw-editsection\"><span class=\"mw-editsection-bracket\">[</span><a href=\"/wiki/Adalbert_Waffling?veaction=edit&amp;section=4\" class=\"mw-editsection-visualeditor\" title=\"Edit section: Behind the scenes\">edit</a><span class=\"mw-editsection-divider\"> | </span><a href=\"/wiki/Adalbert_Waffling?action=edit&amp;section=4\" title=\"Edit section: Behind the scenes\"><svg class=\"wds-icon wds-icon-tiny section-edit-pencil-icon\"><use xlink:href=\"#wds-icons-pencil-tiny\"></use></svg>edit source</a><span class=\"mw-editsection-bracket\">]</span></span></h2>\n<figure class=\"thumb tright show-info-icon\" style=\"width: 182px\"> \t<a href=\"https://static.wikia.nocookie.net/harrypotter/images/c/c9/Theory.jpg/revision/latest?cb=20090904115030\" class=\"image\"><img alt=\"\" src=\"https://static.wikia.nocookie.net/harrypotter/images/c/c9/Theory.jpg/revision/latest/scale-to-width-down/180?cb=20090904115030\" decoding=\"async\" width=\"180\" height=\"250\" class=\"thumbimage\" data-image-name=\"Theory.jpg\" data-image-key=\"Theory.jpg\" /></a> \t \t<figcaption class=\"thumbcaption\"> \t\t \t\t\t<a href=\"/wiki/File:Theory.jpg\" class=\"info-icon\"><svg><use xlink:href=\"#wds-icons-info-small\"></use></svg></a> \t\t \t\t \t\t \t\t\t<p class=\"caption\"><i><a href=\"/wiki/Magical_Theory\" title=\"Magical Theory\">Magical Theory</a></i>, Waffling's most popular textbook</p> \t\t \t</figcaption> </figure>\n<ul><li>In early editions of <i><a href=\"/wiki/Harry_Potter_and_the_Prisoner_of_Azkaban\" title=\"Harry Potter and the Prisoner of Azkaban\">Harry Potter and the Prisoner of Azkaban</a></i>, <i><a href=\"/wiki/A_History_of_Magic\" title=\"A History of Magic\">A History of Magic</a></i> is incorrectly said to be written by Adalbert Waffling, instead of <a href=\"/wiki/Bathilda_Bagshot\" title=\"Bathilda Bagshot\">Bathilda Bagshot</a>.</li>\n<li>In <i><a href=\"/wiki/Harry_Potter_and_the_Deathly_Hallows\" title=\"Harry Potter and the Deathly Hallows\">Harry Potter and the Deathly Hallows</a></i>, it is revealed that <a href=\"/wiki/Albus_Dumbledore\" title=\"Albus Dumbledore\">Albus Dumbledore</a> corresponded with Waffling during his time at <a href=\"/wiki/Hogwarts_School_of_Witchcraft_and_Wizardry\" title=\"Hogwarts School of Witchcraft and Wizardry\">Hogwarts School of Witchcraft and Wizardry</a>. However, the dates given for Waffling's birth on his <a href=\"/wiki/Chocolate_Frog_Card\" title=\"Chocolate Frog Card\">Chocolate Frog Card</a> say that he was born after Dumbledore graduated (in <a href=\"/wiki/1899\" class=\"mw-redirect\" title=\"1899\">1899</a>).</li>\n<li>Adalbert Waffling's death date coincides with the height of the <a href=\"/wiki/First_Wizarding_War\" title=\"First Wizarding War\">First Wizarding War</a> and the original <a href=\"/wiki/Attack_at_Godric%27s_Hollow_(1981)\" title=\"Attack at Godric&#39;s Hollow (1981)\">downfall of Lord Voldemort</a>. It is unknown if he died as a result of the war, or died of another reason.</li></ul>\n<h2><span class=\"mw-headline\" id=\"Etymology\">Etymology</span><span class=\"mw-editsection\"><span class=\"mw-editsection-bracket\">[</span><a href=\"/wiki/Adalbert_Waffling?veaction=edit&amp;section=5\" class=\"mw-editsection-visualeditor\" title=\"Edit section: Etymology\">edit</a><span class=\"mw-editsection-divider\"> | </span><a href=\"/wiki/Adalbert_Waffling?action=edit&amp;section=5\" title=\"Edit section: Etymology\"><svg class=\"wds-icon wds-icon-tiny section-edit-pencil-icon\"><use xlink:href=\"#wds-icons-pencil-tiny\"></use></svg>edit source</a><span class=\"mw-editsection-bracket\">]</span></span></h2>\n<p><i>Adal</i> is Old High German for \"<i>noble</i>\" or \"<i>aristocratic</i>\"; <i>berta</i>, \"<i>bright</i>\". To waffle means unable to make a firm decision.\n</p>\n<h2><span class=\"mw-headline\" id=\"Appearances\">Appearances</span><span class=\"mw-editsection\"><span class=\"mw-editsection-bracket\">[</span><a href=\"/wiki/Adalbert_Waffling?veaction=edit&amp;section=6\" class=\"mw-editsection-visualeditor\" title=\"Edit section: Appearances\">edit</a><span class=\"mw-editsection-divider\"> | </span><a href=\"/wiki/Adalbert_Waffling?action=edit&amp;section=6\" title=\"Edit section: Appearances\"><svg class=\"wds-icon wds-icon-tiny section-edit-pencil-icon\"><use xlink:href=\"#wds-icons-pencil-tiny\"></use></svg>edit source</a><span class=\"mw-editsection-bracket\">]</span></span></h2>\n<div class=\"noprint\" style=\"float: right; clear: right; margin-top: 2px; margin-left: 2px; margin-bottom: 2px; background-color: #D8E9FC; text-align: left; font-size: 90%; width: 250px;\"><span class=\"rtop\" style=\"\"><span class=\"r1\" style=\"background: #D8E9FC\"></span><span class=\"r2\" style=\"background: #D8E9FC\"></span><span class=\"r3\" style=\"background: #D8E9FC\"></span><span class=\"r4\" style=\"background: #D8E9FC\"></span></span><div style=\"float:left; margin-left: 5px;\"><a href=\"https://static.wikia.nocookie.net/harrypotter/images/b/bc/Wiki.png/revision/latest?cb=20091217124448\" class=\"image\"><img alt=\"Wiki.png\" src=\"data:image/gif;base64,R0lGODlhAQABAIABAAAAAP///yH5BAEAAAEALAAAAAABAAEAQAICTAEAOw%3D%3D\" decoding=\"async\" width=\"35\" height=\"21\" data-image-name=\"Wiki.png\" data-image-key=\"Wiki.png\" data-src=\"https://static.wikia.nocookie.net/harrypotter/images/b/bc/Wiki.png/revision/latest/scale-to-width-down/35?cb=20091217124448\" class=\"lazyload\" /></a></div><div style=\"margin-left:50px\">The Harry Potter Wiki has 6 images related to <i><b><a href=\"/wiki/Category:Images_of_Adalbert_Waffling\" title=\"Category:Images of Adalbert Waffling\">Adalbert Waffling</a></b></i>.</div><span class=\"content-bg rbottom\" style=\"\"><span class=\"r4\" style=\"background: #D8E9FC\"></span><span class=\"r3\" style=\"background: #D8E9FC\"></span><span class=\"r2\" style=\"background: #D8E9FC\"></span><span class=\"r1\" style=\"background: #D8E9FC\"></span></span></div>\n<ul><li><i><a href=\"/wiki/Harry_Potter_and_the_Philosopher%27s_Stone\" title=\"Harry Potter and the Philosopher&#39;s Stone\">Harry Potter and the Philosopher's Stone</a></i> <small>(First mentioned)</small></li>\n<li><i><a href=\"/wiki/Harry_Potter_and_the_Philosopher%27s_Stone_(film)\" title=\"Harry Potter and the Philosopher&#39;s Stone (film)\">Harry Potter and the Philosopher's Stone (film)</a></i> <span class=\"template-c\">(Name is seen on book cover)</span></li>\n<li><i><a href=\"/wiki/Harry_Potter_and_the_Philosopher%27s_Stone_(video_game)\" title=\"Harry Potter and the Philosopher&#39;s Stone (video game)\">Harry Potter and the Philosopher's Stone (video game)</a></i> <span class=\"template-c\">(Appears on a <a href=\"/wiki/Chocolate_Frog_Cards\" class=\"mw-redirect\" title=\"Chocolate Frog Cards\">Famous Wizard Card</a>)</span></li>\n<li><i><a href=\"/wiki/Harry_Potter_and_the_Chamber_of_Secrets_(video_game)\" title=\"Harry Potter and the Chamber of Secrets (video game)\">Harry Potter and the Chamber of Secrets (video game)</a></i> <span class=\"template-c\">(Appears on a <a href=\"/wiki/Chocolate_Frog_Cards\" class=\"mw-redirect\" title=\"Chocolate Frog Cards\">Famous Wizard Card</a>)</span></li>\n<li><i><a href=\"/wiki/Harry_Potter_and_the_Prisoner_of_Azkaban\" title=\"Harry Potter and the Prisoner of Azkaban\">Harry Potter and the Prisoner of Azkaban</a></i> <small>(Mentioned only)</small></li>\n<li><i><a href=\"/wiki/Harry_Potter_and_the_Prisoner_of_Azkaban_(film)\" title=\"Harry Potter and the Prisoner of Azkaban (film)\">Harry Potter and the Prisoner of Azkaban (film)</a></i> <span class=\"template-c\">(Name seen on wood panelling)</span></li>\n<li><i><a href=\"/wiki/Harry_Potter_and_the_Prisoner_of_Azkaban_(video_game)\" title=\"Harry Potter and the Prisoner of Azkaban (video game)\">Harry Potter and the Prisoner of Azkaban (video game)</a></i> <span class=\"template-c\">(Appears on a <a href=\"/wiki/Chocolate_Frog_Cards\" class=\"mw-redirect\" title=\"Chocolate Frog Cards\">Famous Wizard Card</a>)</span></li>\n<li><i><a href=\"/wiki/Harry_Potter_and_the_Deathly_Hallows\" title=\"Harry Potter and the Deathly Hallows\">Harry Potter and the Deathly Hallows</a></i> <small>(Mentioned only)</small></li>\n<li><i><a href=\"/wiki/The_Tales_of_Beedle_the_Bard_(real)\" title=\"The Tales of Beedle the Bard (real)\">The Tales of Beedle the Bard</a></i> <small>(Mentioned only)</small></li>\n<li><i><a href=\"/wiki/The_Art_of_Harry_Potter_Mini_Book_of_Graphic_Design\" title=\"The Art of Harry Potter Mini Book of Graphic Design\">The Art of Harry Potter Mini Book of Graphic Design</a></i></li>\n<li><i><a href=\"/wiki/Harry_Potter:_Wizards_Unite\" title=\"Harry Potter: Wizards Unite\">Harry Potter: Wizards Unite</a></i> <small>(Mentioned only)</small></li></ul>\n<h2><span class=\"mw-headline\" id=\"Notes_and_references\">Notes and references</span><span class=\"mw-editsection\"><span class=\"mw-editsection-bracket\">[</span><a href=\"/wiki/Adalbert_Waffling?veaction=edit&amp;section=7\" class=\"mw-editsection-visualeditor\" title=\"Edit section: Notes and references\">edit</a><span class=\"mw-editsection-divider\"> | </span><a href=\"/wiki/Adalbert_Waffling?action=edit&amp;section=7\" title=\"Edit section: Notes and references\"><svg class=\"wds-icon wds-icon-tiny section-edit-pencil-icon\"><use xlink:href=\"#wds-icons-pencil-tiny\"></use></svg>edit source</a><span class=\"mw-editsection-bracket\">]</span></span></h2>\n<div class=\"references-small\">\n<div class=\"mw-references-wrap\"><ol class=\"references\">\n<li id=\"cite_note-DH2-1\"><span class=\"mw-cite-backlink\">\u2191 <sup><a href=\"#cite_ref-DH2_1-0\">1.0</a></sup> <sup><a href=\"#cite_ref-DH2_1-1\">1.1</a></sup> <sup><a href=\"#cite_ref-DH2_1-2\">1.2</a></sup></span> <span class=\"reference-text\"><i><a href=\"/wiki/Harry_Potter_and_the_Deathly_Hallows\" title=\"Harry Potter and the Deathly Hallows\">Harry Potter and the Deathly Hallows</a></i>, Chapter 2 (<i>In Memoriam</i>)</span>\n</li>\n<li id=\"cite_note-2\"><span class=\"mw-cite-backlink\"><a href=\"#cite_ref-2\">\u2191</a></span> <span class=\"reference-text\"><a target=\"_blank\" rel=\"noreferrer noopener\" class=\"external text\" href=\"https://www.pottermore.com/features/things-we-bet-the-hogwarts-portraits-do-when-noone-is-watching%7C\">Pottermore - things we bet the Hogwarts portraits do when no-one is looking</a> - <i>Imagine you\u2019re a long-suffering wizarding portrait of someone famous, like Adalbert Waffling</i>.</span>\n</li>\n<li id=\"cite_note-3\"><span class=\"mw-cite-backlink\"><a href=\"#cite_ref-3\">\u2191</a></span> <span class=\"reference-text\"><i><a href=\"/wiki/Harry_Potter:_Wizards_Unite\" title=\"Harry Potter: Wizards Unite\">Harry Potter: Wizards Unite</a></i> (<a target=\"_blank\" rel=\"noreferrer noopener\" class=\"external text\" href=\"https://youtu.be/Mc5_6YJXVvQ?t=300\">see video</a>)</span>\n</li>\n<li id=\"cite_note-PSG-4\"><span class=\"mw-cite-backlink\"><a href=\"#cite_ref-PSG_4-0\">\u2191</a></span> <span class=\"reference-text\"><i><a href=\"/wiki/Harry_Potter_and_the_Philosopher%27s_Stone_(video_game)\" title=\"Harry Potter and the Philosopher&#39;s Stone (video game)\">Harry Potter and the Philosopher's Stone (video game)</a></i></span>\n</li>\n</ol></div></div>\n<table style=\"margin:0 auto; text-align:center;\" align=\"center\" class=\"toccolours\" width=\"90%\">\n\n<tbody><tr>\n<th style=\"background:#bbc;\" width=\"19%\"><a href=\"https://static.wikia.nocookie.net/harrypotter/images/d/dd/Albus_Dumbledore-101-chocFrogCard.png/revision/latest?cb=20160606202128\" class=\"image\"><img alt=\"Albus Dumbledore-101-chocFrogCard.png\" src=\"data:image/gif;base64,R0lGODlhAQABAIABAAAAAP///yH5BAEAAAEALAAAAAABAAEAQAICTAEAOw%3D%3D\" decoding=\"async\" width=\"40\" height=\"40\" data-image-name=\"Albus Dumbledore-101-chocFrogCard.png\" data-image-key=\"Albus_Dumbledore-101-chocFrogCard.png\" data-src=\"https://static.wikia.nocookie.net/harrypotter/images/d/dd/Albus_Dumbledore-101-chocFrogCard.png/revision/latest/scale-to-width-down/40?cb=20160606202128\" class=\"lazyload\" /></a>\n</th>\n<td style=\"background:#bbc;\"><a href=\"/wiki/Chocolate_Frog_Cards\" class=\"mw-redirect\" title=\"Chocolate Frog Cards\">Chocolate Frog Cards</a>\n</td>\n<td style=\"background:#bbc;\" width=\"19%\"><a href=\"https://static.wikia.nocookie.net/harrypotter/images/0/0c/Bridget-wenlock-card-lrg.png/revision/latest?cb=20121113214257\" class=\"image\"><img alt=\"Bridget-wenlock-card-lrg.png\" src=\"data:image/gif;base64,R0lGODlhAQABAIABAAAAAP///yH5BAEAAAEALAAAAAABAAEAQAICTAEAOw%3D%3D\" decoding=\"async\" width=\"40\" height=\"40\" data-image-name=\"Bridget-wenlock-card-lrg.png\" data-image-key=\"Bridget-wenlock-card-lrg.png\" data-src=\"https://static.wikia.nocookie.net/harrypotter/images/0/0c/Bridget-wenlock-card-lrg.png/revision/latest/scale-to-width-down/40?cb=20121113214257\" class=\"lazyload\" /></a>\n</td></tr>\n<tr>\n<th style=\"font-size: 9pt; background:#ccd;\"><a href=\"/wiki/Category:Gold_Chocolate_Frog_Cards\" title=\"Category:Gold Chocolate Frog Cards\">Gold cards</a>\n</th>\n<td colspan=\"2\" style=\"font-size: 8pt; border-bottom: 1pt solid #ccd\">\n<p><a href=\"/wiki/Armando_Dippet\" title=\"Armando Dippet\">Armando Dippet</a> \u00b7 <a href=\"/wiki/Albus_Dumbledore_(Chocolate_Frog_Card)\" title=\"Albus Dumbledore (Chocolate Frog Card)\">Albus Dumbledore</a> \u00b7 <a href=\"/wiki/Barberus_Bragge\" title=\"Barberus Bragge\">Barberus Bragge</a> \u00b7 <a href=\"/wiki/Bertie_Bott\" title=\"Bertie Bott\">Bertie Bott</a> \u00b7 <a href=\"/wiki/Carlotta_Pinkstone\" title=\"Carlotta Pinkstone\">Carlotta Pinkstone</a> \u00b7 <a href=\"/wiki/Dzou_Yen\" title=\"Dzou Yen\">Dzou Yen</a> \u00b7 <a href=\"/wiki/Godric_Gryffindor\" title=\"Godric Gryffindor\">Godric Gryffindor</a> \u00b7 <a href=\"/wiki/Hermione_Granger\" title=\"Hermione Granger\">Hermione Granger</a> \u00b7 <a href=\"/wiki/Herpo_the_Foul\" title=\"Herpo the Foul\">Herpo the Foul</a> \u00b7 <a href=\"/wiki/Helga_Hufflepuff\" title=\"Helga Hufflepuff\">Helga Hufflepuff</a> \u00b7 <a href=\"/wiki/Harry_Potter\" title=\"Harry Potter\">Harry Potter</a> \u00b7 <a href=\"/wiki/Montague_Knightley\" title=\"Montague Knightley\">Montague Knightley</a> \u00b7 <a href=\"/wiki/Phillipus_von_Hohenheim\" title=\"Phillipus von Hohenheim\">Phillipus von Hohenheim</a> \u00b7 <a href=\"/wiki/Roderick_Plumpton\" title=\"Roderick Plumpton\">Roderick Plumpton</a> \u00b7 <a href=\"/wiki/Rowena_Ravenclaw\" title=\"Rowena Ravenclaw\">Rowena Ravenclaw</a> \u00b7 <a href=\"/wiki/Ronald_Weasley\" title=\"Ronald Weasley\">Ronald Weasley</a> \u00b7 <a href=\"/wiki/Salazar_Slytherin\" title=\"Salazar Slytherin\">Salazar Slytherin</a>\n</p>\n</td></tr>\n<tr>\n<th style=\"font-size: 9pt; background:#ccd;\"><a href=\"/wiki/Category:Silver_Chocolate_Frog_Cards\" title=\"Category:Silver Chocolate Frog Cards\">Silver cards</a>\n</th>\n<td colspan=\"2\" style=\"font-size: 8pt; border-bottom: 1pt solid #ccd\">\n<p><a href=\"/wiki/Alberic_Grunnion\" title=\"Alberic Grunnion\">Alberic Grunnion</a> \u00b7 <a href=\"/wiki/Alberta_Toothill\" title=\"Alberta Toothill\">Alberta Toothill</a> \u00b7 <a href=\"/wiki/Andros_the_Invincible\" title=\"Andros the Invincible\">Andros the Invincible</a> \u00b7 <a href=\"/wiki/Artemisia_Lufkin\" title=\"Artemisia Lufkin\">Artemisia Lufkin</a> \u00b7 <a href=\"/wiki/Blenheim_Stalk\" title=\"Blenheim Stalk\">Blenheim Stalk</a> \u00b7 <a href=\"/wiki/Bowman_Wright\" title=\"Bowman Wright\">Bowman Wright</a> \u00b7 <a href=\"/wiki/Chauncey_Oldridge\" title=\"Chauncey Oldridge\">Chauncey Oldridge</a> &#183; <a href=\"/wiki/Circe\" title=\"Circe\">Circe</a> &#183; <a href=\"/wiki/Cliodna\" title=\"Cliodna\">Cliodna</a> &#183; <a href=\"/wiki/Crispin_Cronk\" title=\"Crispin Cronk\">Crispin Cronk</a> &#183; <a href=\"/wiki/Cyprian_Youdle\" title=\"Cyprian Youdle\">Cyprian Youdle</a> &#183; <a href=\"/wiki/Daisy_Dodderidge\" title=\"Daisy Dodderidge\">Daisy Dodderidge</a> &#183; <a href=\"/wiki/Derwent_Shimpling\" title=\"Derwent Shimpling\">Derwent Shimpling</a> &#183; <a href=\"/wiki/Donaghan_Tremlett\" title=\"Donaghan Tremlett\">Donaghan Tremlett</a> &#183; <a href=\"/wiki/Dunbar_Oglethorpe\" title=\"Dunbar Oglethorpe\">Dunbar Oglethorpe</a> &#183; <a href=\"/wiki/Dymphna_Furmage\" title=\"Dymphna Furmage\">Dymphna Furmage</a> &#183; <a href=\"/wiki/Elfrida_Clagg\" title=\"Elfrida Clagg\">Elfrida Clagg</a> &#183; <a href=\"/wiki/Felix_Summerbee\" title=\"Felix Summerbee\">Felix Summerbee</a> &#183; <a href=\"/wiki/Fulbert_the_Fearful\" title=\"Fulbert the Fearful\">Fulbert the Fearful</a> &#183; <a href=\"/wiki/Gaspard_Shingleton\" title=\"Gaspard Shingleton\">Gaspard Shingleton</a> &#183; <a href=\"/wiki/Gideon_Crumb\" title=\"Gideon Crumb\">Gideon Crumb</a> &#183; <a href=\"/wiki/Glenda_Chittock\" title=\"Glenda Chittock\">Glenda Chittock</a> &#183; <a href=\"/wiki/Gondoline_Oliphant\" title=\"Gondoline Oliphant\">Gondoline Oliphant</a> &#183; <a href=\"/wiki/Gregory_the_Smarmy\" title=\"Gregory the Smarmy\">Gregory the Smarmy</a> &#183; <a href=\"/wiki/Gwenog_Jones\" title=\"Gwenog Jones\">Gwenog Jones</a> &#183; <a href=\"/wiki/Honoria_Nutcombe\" title=\"Honoria Nutcombe\">Honoria Nutcombe</a> &#183; <a href=\"/wiki/Ignatia_Wildsmith\" title=\"Ignatia Wildsmith\">Ignatia Wildsmith</a> &#183; <a href=\"/wiki/Joscelind_Wadcock\" title=\"Joscelind Wadcock\">Joscelind Wadcock</a> &#183; <a href=\"/wiki/Kirley_Duke\" title=\"Kirley Duke\">Kirley Duke</a> &#183; <a href=\"/wiki/Laverne_de_Montmorency\" title=\"Laverne de Montmorency\">Laverne de Montmorency</a> &#183; <a href=\"/wiki/Leopoldina_Smethwyck\" title=\"Leopoldina Smethwyck\">Leopoldina Smethwyck</a> &#183; <a href=\"/wiki/Maeve\" title=\"Maeve\">Maeve</a> &#183; <a href=\"/wiki/Mirabella_Plunkett\" title=\"Mirabella Plunkett\">Mirabella Plunkett</a> &#183; <a href=\"/wiki/Mopsus_(antiquity)\" title=\"Mopsus (antiquity)\">Mopsus</a> &#183; <a href=\"/wiki/Morgan_le_Fay\" title=\"Morgan le Fay\">Morgan le Fay</a> &#183; <a href=\"/wiki/Oswald_Beamish\" title=\"Oswald Beamish\">Oswald Beamish</a> &#183; <a href=\"/wiki/Sacharissa_Tugwood\" title=\"Sacharissa Tugwood\">Sacharissa Tugwood</a> &#183; <a href=\"/wiki/Thaddeus_Thurkell\" title=\"Thaddeus Thurkell\">Thaddeus Thurkell</a> &#183; <a href=\"/wiki/Thurkell_brothers\" title=\"Thurkell brothers\">Thurkell brothers</a> &#183; <a href=\"/wiki/Wendelin_the_Weird\" title=\"Wendelin the Weird\">Wendelin the Weird</a> &#183; <a href=\"/wiki/Xavier_Rastrick\" title=\"Xavier Rastrick\">Xavier Rastrick</a>\n</p>\n</td></tr>\n<tr>\n<th style=\"font-size: 9pt; background:#ccd;\"><a href=\"/wiki/Category:Bronze_Chocolate_Frog_Cards\" title=\"Category:Bronze Chocolate Frog Cards\">Bronze cards</a>\n</th>\n<td colspan=\"2\" style=\"font-size: 8pt; border-bottom: 1pt solid #ccd\">\n<p><strong class=\"mw-selflink selflink\">Adalbert Waffling</strong> &#183; <a href=\"/wiki/Almeric_Sawbridge\" title=\"Almeric Sawbridge\">Almeric Sawbridge</a> &#183; <a href=\"/wiki/Archibald_Alderton\" title=\"Archibald Alderton\">Archibald Alderton</a> &#183; <a href=\"/wiki/Balfour_Blane\" title=\"Balfour Blane\">Balfour Blane</a> &#183; <a href=\"/wiki/Beatrix_Bloxam\" title=\"Beatrix Bloxam\">Beatrix Bloxam</a> &#183; <a href=\"/wiki/Beaumont_Marjoribanks\" title=\"Beaumont Marjoribanks\">Beaumont Marjoribanks</a> &#183; <a href=\"/wiki/Bridget_Wenlock\" title=\"Bridget Wenlock\">Bridget Wenlock</a> &#183; <a href=\"/wiki/Burdock_Muldoon\" title=\"Burdock Muldoon\">Burdock Muldoon</a> &#183; <a href=\"/wiki/Cassandra_Vablatsky\" title=\"Cassandra Vablatsky\">Cassandra Vablatsky</a> &#183; <a href=\"/wiki/Celestina_Warbeck\" title=\"Celestina Warbeck\">Celestina Warbeck</a> &#183; <a href=\"/wiki/Cornelius_Agrippa\" title=\"Cornelius Agrippa\">Cornelius Agrippa</a> &#183; <a href=\"/wiki/Devlin_Whitehorn\" title=\"Devlin Whitehorn\">Devlin Whitehorn</a> &#183; <a href=\"/wiki/Dorcas_Wellbeloved\" title=\"Dorcas Wellbeloved\">Dorcas Wellbeloved</a> &#183; <a href=\"/wiki/Edgar_Stroulger\" title=\"Edgar Stroulger\">Edgar Stroulger</a> &#183; <a href=\"/wiki/Elladora_Ketteridge\" title=\"Elladora Ketteridge\">Elladora Ketteridge</a> &#183; <a href=\"/wiki/Ethelred_the_Ever-Ready\" title=\"Ethelred the Ever-Ready\">Ethelred the Ever-Ready</a> &#183; <a href=\"/wiki/Flavius_Belby\" title=\"Flavius Belby\">Flavius Belby</a> &#183; <a href=\"/wiki/Gifford_Ollerton\" title=\"Gifford Ollerton\">Gifford Ollerton</a> &#183; <a href=\"/wiki/Glanmore_Peakes\" title=\"Glanmore Peakes\">Glanmore Peakes</a> &#183; <a href=\"/wiki/Glover_Hipworth\" title=\"Glover Hipworth\">Glover Hipworth</a> &#183; <a href=\"/wiki/Greta_Catchlove\" title=\"Greta Catchlove\">Greta Catchlove</a> &#183; <a href=\"/wiki/Grogan_Stump\" title=\"Grogan Stump\">Grogan Stump</a> &#183; <a href=\"/wiki/Gulliver_Pokeby\" title=\"Gulliver Pokeby\">Gulliver Pokeby</a> &#183; <a href=\"/wiki/Gunhilda_de_Gorsemoor\" title=\"Gunhilda de Gorsemoor\">Gunhilda de Gorsemoor</a> &#183; <a href=\"/wiki/Havelock_Sweeting\" title=\"Havelock Sweeting\">Havelock Sweeting</a> &#183; <a href=\"/wiki/Hengist_of_Woodcroft\" title=\"Hengist of Woodcroft\">Hengist of Woodcroft</a> &#183; <a href=\"/wiki/Heathcote_Barbary\" title=\"Heathcote Barbary\">Heathcote Barbary</a> &#183; <a href=\"/wiki/Herman_Wintringham\" title=\"Herman Wintringham\">Herman Wintringham</a> &#183; <a href=\"/wiki/Hesper_Starkey\" title=\"Hesper Starkey\">Hesper Starkey</a> &#183; <a href=\"/wiki/Jocunda_Sykes\" title=\"Jocunda Sykes\">Jocunda Sykes</a> &#183; <a href=\"/wiki/Justus_Pilliwickle\" title=\"Justus Pilliwickle\">Justus Pilliwickle</a> &#183; <a href=\"/wiki/Merlin\" title=\"Merlin\">Merlin</a> &#183; <a href=\"/wiki/Merton_Graves\" title=\"Merton Graves\">Merton Graves</a> &#183; <a href=\"/wiki/Merwyn_the_Malicious\" title=\"Merwyn the Malicious\">Merwyn the Malicious</a> &#183; <a href=\"/wiki/Miranda_Goshawk\" title=\"Miranda Goshawk\">Miranda Goshawk</a> &#183; <a href=\"/wiki/Mungo_Bonham\" title=\"Mungo Bonham\">Mungo Bonham</a> &#183; <a href=\"/wiki/Musidora_Barkwith\" title=\"Musidora Barkwith\">Musidora Barkwith</a> &#183; <a href=\"/wiki/Myron_Wagtail\" title=\"Myron Wagtail\">Myron Wagtail</a> &#183; <a href=\"/wiki/Newton_Scamander\" title=\"Newton Scamander\">Newton Scamander</a> &#183; <a href=\"/wiki/Norvel_Twonk\" title=\"Norvel Twonk\">Norvel Twonk</a> &#183; <a href=\"/wiki/Orsino_Thruston\" title=\"Orsino Thruston\">Orsino Thruston</a> &#183; <a href=\"/wiki/Perpetua_Fancourt\" title=\"Perpetua Fancourt\">Perpetua Fancourt</a> &#183; <a href=\"/wiki/Quong_Po\" title=\"Quong Po\">Quong Po</a> &#183; <a href=\"/wiki/Roland_Kegg\" title=\"Roland Kegg\">Roland Kegg</a> &#183; <a href=\"/wiki/Stoddard_Withers\" title=\"Stoddard Withers\">Stoddard Withers</a> &#183; <a href=\"/wiki/Tilly_Toke\" title=\"Tilly Toke\">Tilly Toke</a> &#183; <a href=\"/wiki/Uric_the_Oddball\" title=\"Uric the Oddball\">Uric the Oddball</a> &#183; <a href=\"/wiki/Yardley_Platt\" title=\"Yardley Platt\">Yardley Platt</a>\n</p>\n</td></tr>\n<tr>\n<th style=\"font-size: 9pt; background:#ccd;\"><a href=\"/wiki/Category:Famous_Vampires_Chocolate_Frog_Cards\" title=\"Category:Famous Vampires Chocolate Frog Cards\">Famous Vampires cards</a>\n</th>\n<td colspan=\"2\" style=\"font-size: 8pt; border-bottom: 1pt solid #ccd\">\n<p><a href=\"/wiki/Blodwyn_Bludd\" title=\"Blodwyn Bludd\">Blodwyn Bludd</a> \u00b7 <a href=\"/wiki/Vlad_Drakul\" title=\"Vlad Drakul\">Vlad Drakul</a> \u00b7 <a href=\"/wiki/Amarillo_Lestoat\" title=\"Amarillo Lestoat\">Amarillo Lestoat</a> \u00b7 <a href=\"/wiki/Carmilla_Sanguina\" title=\"Carmilla Sanguina\">Carmilla Sanguina</a> \u00b7 <a href=\"/wiki/Herbert_Varney\" title=\"Herbert Varney\">Herbert Varney</a> \n</p>\n</td></tr>\n<tr>\n<th style=\"font-size: 9pt; background:#ccd;\"><a href=\"/wiki/Category:Famous_Hags_Chocolate_Frog_Cards\" title=\"Category:Famous Hags Chocolate Frog Cards\">Famous Hags cards</a>\n</th>\n<td colspan=\"2\" style=\"font-size: 8pt; border-bottom: 1pt solid #ccd\">\n<p><a href=\"/wiki/Babayaga\" title=\"Babayaga\">Babayaga</a> \u00b7 <a href=\"/wiki/Malodora_Grymm\" title=\"Malodora Grymm\">Malodora Grymm</a> \u00b7 <a href=\"/wiki/Old_Mother_Hubbard\" title=\"Old Mother Hubbard\">Old Mother Hubbard</a> \u00b7 <a href=\"/wiki/Cordelia_Misericordia\" title=\"Cordelia Misericordia\">Cordelia Misericordia</a> \u00b7 <a href=\"/wiki/Leticia_Somnolens\" title=\"Leticia Somnolens\">Leticia Somnolens</a>\n</p>\n</td></tr>\n<tr>\n<th style=\"font-size: 9pt; background:#ccd;\"><a href=\"/wiki/Category:Famous_Giants_Chocolate_Frog_Cards\" title=\"Category:Famous Giants Chocolate Frog Cards\">Famous Giants cards</a>\n</th>\n<td colspan=\"2\" style=\"font-size: 8pt; border-bottom: 1pt solid #ccd\">\n<p><a href=\"/wiki/Bran_the_Bloodthirsty\" title=\"Bran the Bloodthirsty\">Bran the Bloodthirsty</a> \u00b7 <a href=\"/wiki/Cyclops\" title=\"Cyclops\">Cyclops</a> \u00b7 <a href=\"/wiki/Goliath\" title=\"Goliath\">Goliath</a> \u00b7 <a href=\"/wiki/Morholt\" title=\"Morholt\">Morholt</a> \u00b7 <a href=\"/wiki/Hengist_of_Upper_Barnton\" title=\"Hengist of Upper Barnton\">Hengist of Upper Barnton</a>\n</p>\n</td></tr>\n<tr>\n<th style=\"font-size: 9pt; background:#ccd;\"><a href=\"/wiki/Category:Famous_Goblins_Chocolate_Frog_Cards\" title=\"Category:Famous Goblins Chocolate Frog Cards\">Famous Goblins cards</a>\n</th>\n<td colspan=\"2\" style=\"font-size: 8pt; border-bottom: 1pt solid #ccd\">\n<p><a href=\"/wiki/Alguff_the_Awful\" title=\"Alguff the Awful\">Alguff the Awful</a> \u00b7 <a href=\"/wiki/Eargit_the_Ugly\" title=\"Eargit the Ugly\">Eargit the Ugly</a> \u00b7 <a href=\"/wiki/Gringott\" title=\"Gringott\">Gringott</a> \u00b7 <a href=\"/wiki/Ug_the_Unreliable\" title=\"Ug the Unreliable\">Ug the Unreliable</a> \u00b7 <a href=\"/wiki/Urg_the_Unclean\" title=\"Urg the Unclean\">Urg the Unclean</a>\n</p>\n</td></tr>\n<tr>\n<th style=\"font-size: 9pt; background:#ccd;\"><a href=\"/wiki/Category:Dragon_Chocolate_Frog_Cards\" title=\"Category:Dragon Chocolate Frog Cards\">Dragon cards</a>\n</th>\n<td colspan=\"2\" style=\"font-size: 8pt; border-bottom: 1pt solid #ccd\">\n<p><a href=\"/wiki/Common_Welsh_Green\" title=\"Common Welsh Green\">Common Welsh Green</a> \u00b7 <a href=\"/wiki/Hebridean_Black\" title=\"Hebridean Black\">Hebridean Black</a> \u00b7 <a href=\"/wiki/Hungarian_Horntail\" title=\"Hungarian Horntail\">Hungarian Horntail</a> \u00b7 <a href=\"/wiki/Norwegian_Ridgeback\" title=\"Norwegian Ridgeback\">Norwegian Ridgeback</a> \u00b7 <a href=\"/wiki/Romanian_Longhorn\" title=\"Romanian Longhorn\">Romanian Longhorn</a>\n</p>\n</td></tr>\n<tr>\n<th style=\"font-size: 9pt; background:#ccd;\"><a href=\"/wiki/Category:Beast_Chocolate_Frog_Cards\" title=\"Category:Beast Chocolate Frog Cards\">Beast cards</a>\n</th>\n<td colspan=\"2\" style=\"font-size: 8pt; border-bottom: 1pt solid #ccd\">\n<p><a href=\"/wiki/Billywig\" title=\"Billywig\">Billywig</a> \u00b7 <a href=\"/wiki/Bowtruckle\" title=\"Bowtruckle\">Bowtruckle</a> \u00b7 <a href=\"/wiki/Doxy\" title=\"Doxy\">Doxy</a> \u00b7 <a href=\"/wiki/Double-ended_Newt\" class=\"mw-redirect\" title=\"Double-ended Newt\">Double-ended Newt</a> \u00b7 <a href=\"/wiki/Giant_Purple_Toad\" title=\"Giant Purple Toad\">Giant Purple Toad</a> \u00b7 <a href=\"/wiki/Giant_Squid\" title=\"Giant Squid\">Giant Squid</a> \u00b7 <a href=\"/wiki/Gnome\" title=\"Gnome\">Gnome</a> \u00b7 <a href=\"/wiki/Gytrash\" title=\"Gytrash\">Gytrash</a> \u00b7 <a href=\"/wiki/Imp\" title=\"Imp\">Imp</a> \u00b7 <a href=\"/wiki/Kelpie\" title=\"Kelpie\">Kelpie</a> \u00b7 <a href=\"/wiki/Manticore\" title=\"Manticore\">Manticore</a> \u00b7 <a href=\"/wiki/Mountain_Troll\" class=\"mw-redirect\" title=\"Mountain Troll\">Mountain Troll</a> \u00b7 <a href=\"/wiki/Streeler\" title=\"Streeler\">Streeler</a> \u00b7 <a href=\"/wiki/Phoenix\" title=\"Phoenix\">Phoenix</a> \u00b7 <a href=\"/wiki/Unicorn\" title=\"Unicorn\">Unicorn</a>\n</p>\n</td></tr></tbody></table></div>"}]}}}}