{"batchcomplete": "", "warnings": {"main": {"*": "Subscribe to the mediawiki-api-announce mailing list at <https://lists.wikimedia.org/mailman/listinfo/mediawiki-api-announce> for notice of API deprecations and breaking changes."}, "revisions": {"*": "The parameter \"rvparse\" has been deprecated.\nBecause \"rvslots\" was not specified, a legacy format has been used for the output. This format is deprecated, and in the future the new format will always be used."}}, "query": {"normalized": [{"from": "Adam_John_Blendick", "to": "Adam John Blendick"}], "pages": {"93462": {"pageid": 93462, "ns": 0, "title": "Adam John Blendick", "revisions": [{"*": "<div class=\"mw-parser-output\"><div class=\"notice metadata\" id=\"outofuniverse\" style=\"text-align: center; background: beige; margin: 1em 05%; border: #a00 1px solid;\"><b>This article is not part of the <a href=\"/wiki/Harry_Potter_universe\" title=\"Harry Potter universe\"><i>Harry Potter</i> universe</a>.</b>\n<br />This article covers a subject that is part of the real world, and thus should not be taken as a part of the Harry Potter universe.</div>\n<table class=\"notice metadata\" cellpadding=\"3px\" style=\"text-align: center; background: snow; border: #a00 1px solid; margin: 1em 10% 1em 10%;\">\n\n<tbody><tr>\n<td><div class=\"floatleft\"><a href=\"https://static.wikia.nocookie.net/harrypotter/images/1/13/Erised.PNG/revision/latest?cb=20060611045014\" class=\"image\"><img alt=\"Erised.PNG\" src=\"https://static.wikia.nocookie.net/harrypotter/images/1/13/Erised.PNG/revision/latest/scale-to-width-down/30?cb=20060611045014\" decoding=\"async\" width=\"30\" height=\"63\" data-image-name=\"Erised.PNG\" data-image-key=\"Erised.PNG\" /></a></div>\n</td>\n<td><i><b>\"I show not your face but your heart's desire.\"</b></i>\n<p>This page \"shows not\" an image, but just a written article. Please help the <a href=\"/wiki/Harry_Potter_Wiki:Introduction\" title=\"Harry Potter Wiki:Introduction\">Harry Potter Wiki</a> by <a href=\"/wiki/Special:Upload\" title=\"Special:Upload\">uploading</a> and adding an image to this article and then removing this template.\n</p>\n</td></tr></tbody></table>\n<p><b>Adam John Blendick</b> is a <a href=\"/wiki/Great_Britain\" title=\"Great Britain\">British</a> actor who played a <a href=\"/wiki/Hogwarts_School_of_Witchcraft_and_Wizardry\" title=\"Hogwarts School of Witchcraft and Wizardry\">Hogwarts</a> student in <i><a href=\"/wiki/Harry_Potter_and_the_Philosopher%27s_Stone_(film)\" title=\"Harry Potter and the Philosopher&#39;s Stone (film)\">Harry Potter and the Philosopher's Stone (film)</a></i>.<sup id=\"cite_ref-1\" class=\"reference\"><a href=\"#cite_note-1\">&#91;1&#93;</a></sup>\n</p>\n<h2><span class=\"mw-headline\" id=\"Notes_and_references\">Notes and references</span><span class=\"mw-editsection\"><span class=\"mw-editsection-bracket\">[</span><a href=\"/wiki/Adam_John_Blendick?veaction=edit&amp;section=1\" class=\"mw-editsection-visualeditor\" title=\"Edit section: Notes and references\">edit</a><span class=\"mw-editsection-divider\"> | </span><a href=\"/wiki/Adam_John_Blendick?action=edit&amp;section=1\" title=\"Edit section: Notes and references\"><svg class=\"wds-icon wds-icon-tiny section-edit-pencil-icon\"><use xlink:href=\"#wds-icons-pencil-tiny\"></use></svg>edit source</a><span class=\"mw-editsection-bracket\">]</span></span></h2>\n<div class=\"references-small\">\n<div class=\"mw-references-wrap\"><ol class=\"references\">\n<li id=\"cite_note-1\"><span class=\"mw-cite-backlink\"><a href=\"#cite_ref-1\">\u2191</a></span> <span class=\"reference-text\"><a target=\"_blank\" rel=\"noreferrer noopener\" class=\"external free\" href=\"http://www.doudar.co.uk/phpdvdprofiler/index.php?mediaid=7321900226592.4&amp;action=show\">http://www.doudar.co.uk/phpdvdprofiler/index.php?mediaid=7321900226592.4&amp;action=show</a></span>\n</li>\n</ol></div></div></div>"}]}}}}