{"batchcomplete": "", "warnings": {"main": {"*": "Subscribe to the mediawiki-api-announce mailing list at <https://lists.wikimedia.org/mailman/listinfo/mediawiki-api-announce> for notice of API deprecations and breaking changes."}, "revisions": {"*": "The parameter \"rvparse\" has been deprecated.\nBecause \"rvslots\" was not specified, a legacy format has been used for the output. This format is deprecated, and in the future the new format will always be used."}}, "query": {"normalized": [{"from": "Aged_witch", "to": "Aged witch"}], "pages": {"29929": {"pageid": 29929, "ns": 0, "title": "Aged witch", "revisions": [{"*": "<div class=\"mw-parser-output\"><table class=\"notice metadata\" cellpadding=\"3px\" style=\"text-align: center; background: snow; border: #a00 1px solid; margin: 1em 10% 1em 10%;\">\n\n<tbody><tr>\n<td><a href=\"https://static.wikia.nocookie.net/harrypotter/images/1/11/Hermione_Granger_%28HBP_promo%29_5.jpg/revision/latest?cb=20090817203540\" class=\"image\"><img alt=\"Hermione Granger (HBP promo) 5.jpg\" src=\"https://static.wikia.nocookie.net/harrypotter/images/1/11/Hermione_Granger_%28HBP_promo%29_5.jpg/revision/latest/scale-to-width-down/60?cb=20090817203540\" decoding=\"async\" width=\"60\" height=\"80\" data-image-name=\"Hermione Granger (HBP promo) 5.jpg\" data-image-key=\"Hermione_Granger_(HBP_promo)_5.jpg\" /></a>\n</td>\n<td><i><b>\"Are you a wizard or not?\"</b></i>\n<p>The title of this article is conjectural.  Although it is based on <a href=\"/wiki/Canon\" title=\"Canon\">canonical information</a>, the actual name is a conjecture and may be supplanted at any time by additional information released from canonical sources.  If this occurs, please move this page to the appropriate title.\n</p>\n</td></tr></tbody></table>\n<p>\n<aside role=\"region\" class=\"portable-infobox pi-background pi-theme-wizard pi-layout-default\">\n<figure class=\"pi-item pi-image\" data-source=\"image\">\n\t<a href=\"https://static.wikia.nocookie.net/harrypotter/images/2/2d/Aged_witch.gif/revision/latest?cb=20150618103001\" class=\"image image-thumbnail\"\n\t   title=\"\">\n\t\t<img src=\"https://static.wikia.nocookie.net/harrypotter/images/2/2d/Aged_witch.gif/revision/latest/scale-to-width-down/321?cb=20150618103001\" srcset=\"https://static.wikia.nocookie.net/harrypotter/images/2/2d/Aged_witch.gif/revision/latest/scale-to-width-down/321?cb=20150618103001 1x, https://static.wikia.nocookie.net/harrypotter/images/2/2d/Aged_witch.gif/revision/latest/scale-to-width-down/642?cb=20150618103001 2x\" class=\"pi-image-thumbnail\" alt=\"\" width=\"270\" height=\"202\"\n\t\t     data-image-key=\"48129-25820.gif\" data-image-name=\"48129-25820.gif\"/>\n\t\t\n\t</a>\n\t\n</figure>\n<section class=\"pi-item pi-group pi-border-color\">\n\t\n<h2 class=\"pi-item pi-item-spacing pi-title\" data-source=\"name\">Aged witch</h2>\n\n</section>\n<section class=\"pi-item pi-group pi-border-color\">\n\t<h2 class=\"pi-item pi-header pi-secondary-font pi-item-spacing pi-secondary-background\">Biographical information</h2>\n\n<div class=\"pi-item pi-data pi-item-spacing pi-border-color\" data-source=\"nationality\">\n\t\n\t\t<h3 class=\"pi-data-label pi-secondary-font\">Nationality</h3>\n\t\n\t<div class=\"pi-data-value pi-font\"><a href=\"/wiki/Great_Britain\" title=\"Great Britain\">British</a></div>\n</div>\n\n</section>\n<section class=\"pi-item pi-group pi-border-color\">\n\t<h2 class=\"pi-item pi-header pi-secondary-font pi-item-spacing pi-secondary-background\">Physical information</h2>\n\n<div class=\"pi-item pi-data pi-item-spacing pi-border-color\" data-source=\"species\">\n\t\n\t\t<h3 class=\"pi-data-label pi-secondary-font\">Species</h3>\n\t\n\t<div class=\"pi-data-value pi-font\"><a href=\"/wiki/Human\" title=\"Human\">Human</a></div>\n</div>\n\n<div class=\"pi-item pi-data pi-item-spacing pi-border-color\" data-source=\"gender\">\n\t\n\t\t<h3 class=\"pi-data-label pi-secondary-font\">Gender</h3>\n\t\n\t<div class=\"pi-data-value pi-font\">Female</div>\n</div>\n\n</section>\n<section class=\"pi-item pi-group pi-border-color\">\n\t<h2 class=\"pi-item pi-header pi-secondary-font pi-item-spacing pi-secondary-background\">Affiliation</h2>\n\n<div class=\"pi-item pi-data pi-item-spacing pi-border-color\" data-source=\"loyalty\">\n\t\n\t\t<h3 class=\"pi-data-label pi-secondary-font\">Loyalty</h3>\n\t\n\t<div class=\"pi-data-value pi-font\"><a href=\"/wiki/Knockturn_Alley\" title=\"Knockturn Alley\">Knockturn Alley</a></div>\n</div>\n\n</section>\n<nav class=\"pi-navigation pi-item-spacing pi-secondary-background pi-secondary-font\"><small><a href=\"/wiki/Template:Individual_infobox\" title=\"Template:Individual infobox\">[Source]</a><span class=\"hidable-button\"></span></small></nav>\n</aside>\n\n</p>\n<div class=\"quote\">\n<dl><dd><span title=\"Source:&#160;Harry Potter and the Chamber of Secrets\">\"<i>An aged witch stood in front of him, holding a tray of what looked horribly like whole human fingernails. She leered at him, showing mossy teeth.</i>\"</span></dd>\n<dd>&#8212;Description<sup class=\"noprint\"><a href=\"/wiki/Harry_Potter_and_the_Chamber_of_Secrets\" title=\"Harry Potter and the Chamber of Secrets\">[src]</a></sup></dd>\n<dd></dd></dl></div>\n<p>This <b><a href=\"/wiki/Wizardkind\" title=\"Wizardkind\">witch</a></b> was in <a href=\"/wiki/Knockturn_Alley\" title=\"Knockturn Alley\">Knockturn Alley</a> on <a href=\"/wiki/10_August\" title=\"10 August\">10 August</a>,<sup id=\"cite_ref-day_1-0\" class=\"reference\"><a href=\"#cite_note-day-1\">&#91;1&#93;</a></sup> <a href=\"/wiki/1992\" title=\"1992\">1992</a> when <a href=\"/wiki/Harry_Potter\" title=\"Harry Potter\">Harry Potter</a> accidentally arrived there via <a href=\"/wiki/Floo_Powder\" title=\"Floo Powder\">floo powder</a>.<sup id=\"cite_ref-CoS4_2-0\" class=\"reference\"><a href=\"#cite_note-CoS4-2\">&#91;2&#93;</a></sup>\n</p>\n<div id=\"toc\" class=\"toc\"><input type=\"checkbox\" role=\"button\" id=\"toctogglecheckbox\" class=\"toctogglecheckbox\" style=\"display:none\" /><div class=\"toctitle\" lang=\"en\" dir=\"ltr\"><h2>Contents</h2><span class=\"toctogglespan\"><label class=\"toctogglelabel\" for=\"toctogglecheckbox\"></label></span></div>\n<ul>\n<li class=\"toclevel-1 tocsection-1\"><a href=\"#Biography\"><span class=\"tocnumber\">1</span> <span class=\"toctext\">Biography</span></a></li>\n<li class=\"toclevel-1 tocsection-2\"><a href=\"#Physical_appearance\"><span class=\"tocnumber\">2</span> <span class=\"toctext\">Physical appearance</span></a></li>\n<li class=\"toclevel-1 tocsection-3\"><a href=\"#Behind_the_scenes\"><span class=\"tocnumber\">3</span> <span class=\"toctext\">Behind the scenes</span></a></li>\n<li class=\"toclevel-1 tocsection-4\"><a href=\"#Appearances\"><span class=\"tocnumber\">4</span> <span class=\"toctext\">Appearances</span></a></li>\n<li class=\"toclevel-1 tocsection-5\"><a href=\"#Notes_and_references\"><span class=\"tocnumber\">5</span> <span class=\"toctext\">Notes and references</span></a></li>\n</ul>\n</div>\n\n<h2><span class=\"mw-headline\" id=\"Biography\">Biography</span><span class=\"mw-editsection\"><span class=\"mw-editsection-bracket\">[</span><a href=\"/wiki/Aged_witch?veaction=edit&amp;section=1\" class=\"mw-editsection-visualeditor\" title=\"Edit section: Biography\">edit</a><span class=\"mw-editsection-divider\"> | </span><a href=\"/wiki/Aged_witch?action=edit&amp;section=1\" title=\"Edit section: Biography\"><svg class=\"wds-icon wds-icon-tiny section-edit-pencil-icon\"><use xlink:href=\"#wds-icons-pencil-tiny\"></use></svg>edit source</a><span class=\"mw-editsection-bracket\">]</span></span></h2>\n<p>In the afternoon of <a href=\"/wiki/10_August\" title=\"10 August\">10 August</a>, <a href=\"/wiki/1992\" title=\"1992\">1992</a>, this witch was in <a href=\"/wiki/Knockturn_Alley\" title=\"Knockturn Alley\">Knockturn Alley</a>, carrying a tray of what appeared to be whole <a href=\"/wiki/Human\" title=\"Human\">human</a> fingernails; it is possible she planned to sell them.\n</p><p>She witnessed <a href=\"/wiki/Harry_Potter\" title=\"Harry Potter\">Harry Potter</a> wandering <a href=\"/wiki/Knockturn_Alley\" title=\"Knockturn Alley\">Knockturn Alley</a>, staring anxiously around and clutching his broken <a href=\"/wiki/Glasses\" title=\"Glasses\">glasses</a> tightly to his face. Seeing his distress, she asked him if he was lost, only frightening him by her leer.\n</p><p><a href=\"/wiki/Rubeus_Hagrid\" title=\"Rubeus Hagrid\">Rubeus Hagrid</a> soon arrived, having planned to buy some <a href=\"/wiki/Flesh-Eating_Slug_Repellent\" title=\"Flesh-Eating Slug Repellent\">Flesh-Eating Slug Repellent</a>, although his plans were forgotten when he saw Harry with the witch. His arrival, combined with his <a href=\"/wiki/Half-giant\" title=\"Half-giant\">prodigious size</a>, scared her and caused her to drop most of the fingernails, at which point she cursed.\n</p><p>When Hagrid grabbed Harry and dragged him away, he accidentally knocked the tray out of the witch's hands; her terrified shrieks echoed against the cold stone walls, following the pair out of the alley.\n</p>\n<h2><span class=\"mw-headline\" id=\"Physical_appearance\">Physical appearance</span><span class=\"mw-editsection\"><span class=\"mw-editsection-bracket\">[</span><a href=\"/wiki/Aged_witch?veaction=edit&amp;section=2\" class=\"mw-editsection-visualeditor\" title=\"Edit section: Physical appearance\">edit</a><span class=\"mw-editsection-divider\"> | </span><a href=\"/wiki/Aged_witch?action=edit&amp;section=2\" title=\"Edit section: Physical appearance\"><svg class=\"wds-icon wds-icon-tiny section-edit-pencil-icon\"><use xlink:href=\"#wds-icons-pencil-tiny\"></use></svg>edit source</a><span class=\"mw-editsection-bracket\">]</span></span></h2>\n<p>The <a href=\"/wiki/Wizardkind\" title=\"Wizardkind\">witch</a> had pitch-black hair, the tips of which were a light grey; her hair was dirty and fell down to her shoulders. Her wrinkled skin was pale, although when bathed in shadow it appeared quite tan. Her narrow eyes were a dark green colour, almost appearing blue or green in certain lights.<sup id=\"cite_ref-COSF_3-0\" class=\"reference\"><a href=\"#cite_note-COSF-3\">&#91;3&#93;</a></sup> She was rather elderly by <a href=\"/wiki/August\" title=\"August\">August</a> of <a href=\"/wiki/1992\" title=\"1992\">1992</a>, and had mossy teeth.<sup id=\"cite_ref-CoS4_2-1\" class=\"reference\"><a href=\"#cite_note-CoS4-2\">&#91;2&#93;</a></sup>\n</p>\n<h2><span class=\"mw-headline\" id=\"Behind_the_scenes\">Behind the scenes</span><span class=\"mw-editsection\"><span class=\"mw-editsection-bracket\">[</span><a href=\"/wiki/Aged_witch?veaction=edit&amp;section=3\" class=\"mw-editsection-visualeditor\" title=\"Edit section: Behind the scenes\">edit</a><span class=\"mw-editsection-divider\"> | </span><a href=\"/wiki/Aged_witch?action=edit&amp;section=3\" title=\"Edit section: Behind the scenes\"><svg class=\"wds-icon wds-icon-tiny section-edit-pencil-icon\"><use xlink:href=\"#wds-icons-pencil-tiny\"></use></svg>edit source</a><span class=\"mw-editsection-bracket\">]</span></span></h2>\n<ul><li><a href=\"/wiki/Jenny_Tarren\" title=\"Jenny Tarren\">Jenny Tarren</a> portrayed this witch in the <a href=\"/wiki/Harry_Potter_and_the_Chamber_of_Secrets_(film)\" title=\"Harry Potter and the Chamber of Secrets (film)\">film adaptation</a> of <i><a href=\"/wiki/Harry_Potter_and_the_Chamber_of_Secrets\" title=\"Harry Potter and the Chamber of Secrets\">Harry Potter and the Chamber of Secrets</a></i><sup id=\"cite_ref-imdb_4-0\" class=\"reference\"><a href=\"#cite_note-imdb-4\">&#91;4&#93;</a></sup></li>\n<li>In the Game Boy Advance version of the <a href=\"/wiki/Harry_Potter_and_the_Chamber_of_Secrets_(video_game)\" title=\"Harry Potter and the Chamber of Secrets (video game)\"><i>Harry Potter and the Chamber of Secrets</i> video game</a>, this woman is referred to as a <a href=\"/wiki/Hag\" title=\"Hag\">hag</a> rather than a witch.</li></ul>\n<ul><li>In the PS1 versions of the first two instalments, she is guarding the gate which serves as Knockturn Alley's entrance next to Gringotts. If Harry gets too close, she loudly warns him to go no further. She is handling her fingernail collection in both of these appearances. What might be a Knockturn Alley cat can be heard growling if the player approaches the gate but it could also be her.</li></ul>\n<h2><span class=\"mw-headline\" id=\"Appearances\">Appearances</span><span class=\"mw-editsection\"><span class=\"mw-editsection-bracket\">[</span><a href=\"/wiki/Aged_witch?veaction=edit&amp;section=4\" class=\"mw-editsection-visualeditor\" title=\"Edit section: Appearances\">edit</a><span class=\"mw-editsection-divider\"> | </span><a href=\"/wiki/Aged_witch?action=edit&amp;section=4\" title=\"Edit section: Appearances\"><svg class=\"wds-icon wds-icon-tiny section-edit-pencil-icon\"><use xlink:href=\"#wds-icons-pencil-tiny\"></use></svg>edit source</a><span class=\"mw-editsection-bracket\">]</span></span></h2>\n<ul><li><i><a href=\"/wiki/Harry_Potter_and_the_Philosopher%27s_Stone_(video_game)\" title=\"Harry Potter and the Philosopher&#39;s Stone (video game)\">Harry Potter and the Philosopher's Stone (video game)</a></i> <span class=\"template-c\">(PS1 version only)</span></li>\n<li><i><a href=\"/wiki/Harry_Potter_and_the_Chamber_of_Secrets\" title=\"Harry Potter and the Chamber of Secrets\">Harry Potter and the Chamber of Secrets</a></i> <small>(First appearance)</small></li>\n<li><i><a href=\"/wiki/Harry_Potter_and_the_Chamber_of_Secrets_(film)\" title=\"Harry Potter and the Chamber of Secrets (film)\">Harry Potter and the Chamber of Secrets (film)</a></i></li>\n<li><i><a href=\"/wiki/Harry_Potter_and_the_Chamber_of_Secrets_(video_game)\" title=\"Harry Potter and the Chamber of Secrets (video game)\">Harry Potter and the Chamber of Secrets (video game)</a></i> <span class=\"template-c\">(PS1 version only)</span></li></ul>\n<h2><span class=\"mw-headline\" id=\"Notes_and_references\">Notes and references</span><span class=\"mw-editsection\"><span class=\"mw-editsection-bracket\">[</span><a href=\"/wiki/Aged_witch?veaction=edit&amp;section=5\" class=\"mw-editsection-visualeditor\" title=\"Edit section: Notes and references\">edit</a><span class=\"mw-editsection-divider\"> | </span><a href=\"/wiki/Aged_witch?action=edit&amp;section=5\" title=\"Edit section: Notes and references\"><svg class=\"wds-icon wds-icon-tiny section-edit-pencil-icon\"><use xlink:href=\"#wds-icons-pencil-tiny\"></use></svg>edit source</a><span class=\"mw-editsection-bracket\">]</span></span></h2>\n<div class=\"references-small\">\n<div class=\"mw-references-wrap\"><ol class=\"references\">\n<li id=\"cite_note-day-1\"><span class=\"mw-cite-backlink\"><a href=\"#cite_ref-day_1-0\">\u2191</a></span> <span class=\"reference-text\">As that day was \"a week\" after Harry arrived at <a href=\"/wiki/The_Burrow\" title=\"The Burrow\">The Burrow</a>, which in turn was \"three days\" after Harry's birthday, 31 July. There are seven days in a week, plus the other three days, equals ten days and as 31 July is the last day in that month all ten days would have been in August.</span>\n</li>\n<li id=\"cite_note-CoS4-2\"><span class=\"mw-cite-backlink\">\u2191 <sup><a href=\"#cite_ref-CoS4_2-0\">2.0</a></sup> <sup><a href=\"#cite_ref-CoS4_2-1\">2.1</a></sup></span> <span class=\"reference-text\"><i><a href=\"/wiki/Harry_Potter_and_the_Chamber_of_Secrets\" title=\"Harry Potter and the Chamber of Secrets\">Harry Potter and the Chamber of Secrets</a></i>, Chapter 4 (<i>At Flourish and Blotts</i>)</span>\n</li>\n<li id=\"cite_note-COSF-3\"><span class=\"mw-cite-backlink\"><a href=\"#cite_ref-COSF_3-0\">\u2191</a></span> <span class=\"reference-text\"><i><a href=\"/wiki/Harry_Potter_and_the_Chamber_of_Secrets_(film)\" title=\"Harry Potter and the Chamber of Secrets (film)\">Harry Potter and the Chamber of Secrets (film)</a></i></span>\n</li>\n<li id=\"cite_note-imdb-4\"><span class=\"mw-cite-backlink\"><a href=\"#cite_ref-imdb_4-0\">\u2191</a></span> <span class=\"reference-text\"><span class=\"plainlinks\"><a href=\"https://static.wikia.nocookie.net/harrypotter/images/e/ef/IMDb_favicon.png/revision/latest?cb=20080110152213\" class=\"image\"><img alt=\"IMDb favicon.png\" src=\"https://static.wikia.nocookie.net/harrypotter/images/e/ef/IMDb_favicon.png/revision/latest/scale-to-width-down/16?cb=20080110152213\" decoding=\"async\" width=\"16\" height=\"16\" data-image-name=\"IMDb favicon.png\" data-image-key=\"IMDb_favicon.png\" /></a> <a target=\"_blank\" rel=\"noreferrer noopener\" class=\"external text\" href=\"http://www.imdb.com/name/nm1120820/\">Jenny Tarren</a> at the <b><a target=\"_blank\" rel=\"noreferrer noopener\" class=\"external text\" href=\"http://imdb.com\">Internet Movie Database</a></b></span></span>\n</li>\n</ol></div></div></div>"}]}}}}