{"batchcomplete": "", "warnings": {"main": {"*": "Subscribe to the mediawiki-api-announce mailing list at <https://lists.wikimedia.org/mailman/listinfo/mediawiki-api-announce> for notice of API deprecations and breaking changes."}, "revisions": {"*": "The parameter \"rvparse\" has been deprecated.\nBecause \"rvslots\" was not specified, a legacy format has been used for the output. This format is deprecated, and in the future the new format will always be used."}}, "query": {"normalized": [{"from": "Agnes's_son", "to": "Agnes's son"}], "pages": {"35274": {"pageid": 35274, "ns": 0, "title": "Agnes's son", "revisions": [{"*": "<div class=\"mw-parser-output\"><table class=\"notice metadata\" cellpadding=\"3px\" style=\"text-align: center; background: snow; border: #a00 1px solid; margin: 1em 10% 1em 10%;\">\n\n<tbody><tr>\n<td><a href=\"https://static.wikia.nocookie.net/harrypotter/images/1/11/Hermione_Granger_%28HBP_promo%29_5.jpg/revision/latest?cb=20090817203540\" class=\"image\"><img alt=\"Hermione Granger (HBP promo) 5.jpg\" src=\"https://static.wikia.nocookie.net/harrypotter/images/1/11/Hermione_Granger_%28HBP_promo%29_5.jpg/revision/latest/scale-to-width-down/60?cb=20090817203540\" decoding=\"async\" width=\"60\" height=\"80\" data-image-name=\"Hermione Granger (HBP promo) 5.jpg\" data-image-key=\"Hermione_Granger_(HBP_promo)_5.jpg\" /></a>\n</td>\n<td><i><b>\"Are you a wizard or not?\"</b></i>\n<p>The title of this article is conjectural.  Although it is based on <a href=\"/wiki/Canon\" title=\"Canon\">canonical information</a>, the actual name is a conjecture and may be supplanted at any time by additional information released from canonical sources.  If this occurs, please move this page to the appropriate title.\n</p>\n</td></tr></tbody></table>\n<p>\n<aside role=\"region\" class=\"portable-infobox pi-background pi-theme-wizard pi-layout-default\"><section class=\"pi-item pi-group pi-border-color\">\n\t\n<h2 class=\"pi-item pi-item-spacing pi-title\" data-source=\"name\">Agnes's son</h2>\n\n</section>\n<section class=\"pi-item pi-group pi-border-color\">\n\t<h2 class=\"pi-item pi-header pi-secondary-font pi-item-spacing pi-secondary-background\">Physical information</h2>\n\n<div class=\"pi-item pi-data pi-item-spacing pi-border-color\" data-source=\"species\">\n\t\n\t\t<h3 class=\"pi-data-label pi-secondary-font\">Species</h3>\n\t\n\t<div class=\"pi-data-value pi-font\"><a href=\"/wiki/Human\" title=\"Human\">Human</a></div>\n</div>\n\n<div class=\"pi-item pi-data pi-item-spacing pi-border-color\" data-source=\"gender\">\n\t\n\t\t<h3 class=\"pi-data-label pi-secondary-font\">Gender</h3>\n\t\n\t<div class=\"pi-data-value pi-font\">Male</div>\n</div>\n\n</section>\n<section class=\"pi-item pi-group pi-border-color\">\n\t<h2 class=\"pi-item pi-header pi-secondary-font pi-item-spacing pi-secondary-background\">Relationship information</h2>\n\n<div class=\"pi-item pi-data pi-item-spacing pi-border-color\" data-source=\"family\">\n\t\n\t\t<h3 class=\"pi-data-label pi-secondary-font\">Family members</h3>\n\t\n\t<div class=\"pi-data-value pi-font\"><a href=\"/wiki/Agnes\" title=\"Agnes\">Agnes</a> (mother)</div>\n</div>\n\n</section>\n<nav class=\"pi-navigation pi-item-spacing pi-secondary-background pi-secondary-font\"><small><a href=\"/wiki/Template:Individual_infobox\" title=\"Template:Individual infobox\">[Source]</a><span class=\"hidable-button\"></span></small></nav>\n</aside>\n\n</p>\n<div class=\"quote\">\n<dl><dd><span title=\"Source:&#160;Harry Potter and the Order of the Phoenix\">\"<i>Here you are, Agnes. See, not forgotten, are you? And your son's sent an owl saying he's visiting tonight, so that's nice, isn't it?</i>\"</span></dd>\n<dd>&#8212;Healer <a href=\"/wiki/Miriam_Strout\" title=\"Miriam Strout\">Miriam Strout</a><sup class=\"noprint\"><a href=\"/wiki/Harry_Potter_and_the_Order_of_the_Phoenix\" title=\"Harry Potter and the Order of the Phoenix\">[src]</a></sup></dd>\n<dd></dd></dl></div>\n<p>An <b>unknown individual</b> was the son of <a href=\"/wiki/Agnes\" title=\"Agnes\">Agnes</a>, a patient in the long-term <a href=\"/wiki/Janus_Thickey_Ward\" title=\"Janus Thickey Ward\">Janus Thickey Ward</a> at <a href=\"/wiki/St_Mungo%27s_Hospital_for_Magical_Maladies_and_Injuries\" title=\"St Mungo&#39;s Hospital for Magical Maladies and Injuries\">St Mungo's Hospital for Magical Maladies and Injuries</a>. He intended to visit her over <a href=\"/wiki/Christmas\" title=\"Christmas\">Christmas</a> in <a href=\"/wiki/1995\" title=\"1995\">1995</a>. When the <a href=\"/wiki/Healer\" title=\"Healer\">Healer</a> told Agnes of the owl he had sent informing them that he would be coming, her only reply was to give several loud barks.<sup id=\"cite_ref-1\" class=\"reference\"><a href=\"#cite_note-1\">&#91;1&#93;</a></sup>\n</p>\n<h2><span class=\"mw-headline\" id=\"Appearances\">Appearances</span><span class=\"mw-editsection\"><span class=\"mw-editsection-bracket\">[</span><a href=\"/wiki/Agnes%27s_son?veaction=edit&amp;section=1\" class=\"mw-editsection-visualeditor\" title=\"Edit section: Appearances\">edit</a><span class=\"mw-editsection-divider\"> | </span><a href=\"/wiki/Agnes%27s_son?action=edit&amp;section=1\" title=\"Edit section: Appearances\"><svg class=\"wds-icon wds-icon-tiny section-edit-pencil-icon\"><use xlink:href=\"#wds-icons-pencil-tiny\"></use></svg>edit source</a><span class=\"mw-editsection-bracket\">]</span></span></h2>\n<ul><li><i><a href=\"/wiki/Harry_Potter_and_the_Order_of_the_Phoenix\" title=\"Harry Potter and the Order of the Phoenix\">Harry Potter and the Order of the Phoenix</a></i> <small>(First mentioned)</small></li></ul>\n<h2><span class=\"mw-headline\" id=\"Notes_and_references\">Notes and references</span><span class=\"mw-editsection\"><span class=\"mw-editsection-bracket\">[</span><a href=\"/wiki/Agnes%27s_son?veaction=edit&amp;section=2\" class=\"mw-editsection-visualeditor\" title=\"Edit section: Notes and references\">edit</a><span class=\"mw-editsection-divider\"> | </span><a href=\"/wiki/Agnes%27s_son?action=edit&amp;section=2\" title=\"Edit section: Notes and references\"><svg class=\"wds-icon wds-icon-tiny section-edit-pencil-icon\"><use xlink:href=\"#wds-icons-pencil-tiny\"></use></svg>edit source</a><span class=\"mw-editsection-bracket\">]</span></span></h2>\n<div class=\"references-small\">\n<div class=\"mw-references-wrap\"><ol class=\"references\">\n<li id=\"cite_note-1\"><span class=\"mw-cite-backlink\"><a href=\"#cite_ref-1\">\u2191</a></span> <span class=\"reference-text\"><i><a href=\"/wiki/Harry_Potter_and_the_Order_of_the_Phoenix\" title=\"Harry Potter and the Order of the Phoenix\">Harry Potter and the Order of the Phoenix</a></i>, Chapter 23 (<i>Christmas on the Closed Ward</i>)</span>\n</li>\n</ol></div></div></div>"}]}}}}