{"batchcomplete": "", "warnings": {"main": {"*": "Subscribe to the mediawiki-api-announce mailing list at <https://lists.wikimedia.org/mailman/listinfo/mediawiki-api-announce> for notice of API deprecations and breaking changes."}, "revisions": {"*": "The parameter \"rvparse\" has been deprecated.\nBecause \"rvslots\" was not specified, a legacy format has been used for the output. This format is deprecated, and in the future the new format will always be used."}}, "query": {"pages": {"8047": {"pageid": 8047, "ns": 0, "title": "Agnes", "revisions": [{"*": "<div class=\"mw-parser-output\"><div class=\"notice metadata\" id=\"spoiler\" style=\"text-align: center; background: #DCDCDC; margin: 1em 05%; padding: 0 1em; border: #696969 1px solid;\">\n<p><b>\"Point me!\"</b>\n</p>\nThis article is about <b>the St Mungo's patient</b>. You may be looking for <b><a href=\"/wiki/Agnes_Monkleigh\" title=\"Agnes Monkleigh\">Agnes Monkleigh</a></b>.</div>\n<p>\n<aside role=\"region\" class=\"portable-infobox pi-background pi-theme-wizard pi-layout-default\">\n<figure class=\"pi-item pi-image\" data-source=\"image\">\n\t<a href=\"https://static.wikia.nocookie.net/harrypotter/images/c/cb/Agnes.png/revision/latest?cb=20141101033733\" class=\"image image-thumbnail\"\n\t   title=\"\">\n\t\t<img src=\"https://static.wikia.nocookie.net/harrypotter/images/c/cb/Agnes.png/revision/latest/scale-to-width-down/151?cb=20141101033733\" srcset=\"https://static.wikia.nocookie.net/harrypotter/images/c/cb/Agnes.png/revision/latest/scale-to-width-down/151?cb=20141101033733 1x, https://static.wikia.nocookie.net/harrypotter/images/c/cb/Agnes.png/revision/latest/scale-to-width-down/302?cb=20141101033733 2x\" class=\"pi-image-thumbnail\" alt=\"\" width=\"151\" height=\"168\"\n\t\t     data-image-key=\"Agnes.png\" data-image-name=\"Agnes.png\"/>\n\t\t\n\t</a>\n\t\n</figure>\n<section class=\"pi-item pi-group pi-border-color\">\n\t\n<h2 class=\"pi-item pi-item-spacing pi-title\" data-source=\"name\">Agnes</h2>\n\n</section>\n<section class=\"pi-item pi-group pi-border-color\">\n\t<h2 class=\"pi-item pi-header pi-secondary-font pi-item-spacing pi-secondary-background\">Physical information</h2>\n\n<div class=\"pi-item pi-data pi-item-spacing pi-border-color\" data-source=\"species\">\n\t\n\t\t<h3 class=\"pi-data-label pi-secondary-font\">Species</h3>\n\t\n\t<div class=\"pi-data-value pi-font\"><a href=\"/wiki/Human\" title=\"Human\">Human</a></div>\n</div>\n\n<div class=\"pi-item pi-data pi-item-spacing pi-border-color\" data-source=\"gender\">\n\t\n\t\t<h3 class=\"pi-data-label pi-secondary-font\">Gender</h3>\n\t\n\t<div class=\"pi-data-value pi-font\">Female</div>\n</div>\n\n<div class=\"pi-item pi-data pi-item-spacing pi-border-color\" data-source=\"hair\">\n\t\n\t\t<h3 class=\"pi-data-label pi-secondary-font\">Hair colour</h3>\n\t\n\t<div class=\"pi-data-value pi-font\">Black</div>\n</div>\n\n<div class=\"pi-item pi-data pi-item-spacing pi-border-color\" data-source=\"skin\">\n\t\n\t\t<h3 class=\"pi-data-label pi-secondary-font\">Skin colour</h3>\n\t\n\t<div class=\"pi-data-value pi-font\">White</div>\n</div>\n\n</section>\n<section class=\"pi-item pi-group pi-border-color\">\n\t<h2 class=\"pi-item pi-header pi-secondary-font pi-item-spacing pi-secondary-background\">Relationship information</h2>\n\n<div class=\"pi-item pi-data pi-item-spacing pi-border-color\" data-source=\"family\">\n\t\n\t\t<h3 class=\"pi-data-label pi-secondary-font\">Family members</h3>\n\t\n\t<div class=\"pi-data-value pi-font\"><a href=\"/wiki/Agnes%27s_son\" title=\"Agnes&#039;s son\">Son</a></div>\n</div>\n\n</section>\n<section class=\"pi-item pi-group pi-border-color\">\n\t<h2 class=\"pi-item pi-header pi-secondary-font pi-item-spacing pi-secondary-background\">Magical characteristics</h2>\n\n<div class=\"pi-item pi-data pi-item-spacing pi-border-color\" data-source=\"animagus\">\n\t\n\t\t<h3 class=\"pi-data-label pi-secondary-font\">Animagus</h3>\n\t\n\t<div class=\"pi-data-value pi-font\"><a href=\"/wiki/Dog\" title=\"Dog\">Dog</a> (probably, failed)</div>\n</div>\n\n</section>\n<section class=\"pi-item pi-group pi-border-color\">\n\t<h2 class=\"pi-item pi-header pi-secondary-font pi-item-spacing pi-secondary-background\">Affiliation</h2>\n\n<div class=\"pi-item pi-data pi-item-spacing pi-border-color\" data-source=\"loyalty\">\n\t\n\t\t<h3 class=\"pi-data-label pi-secondary-font\">Loyalty</h3>\n\t\n\t<div class=\"pi-data-value pi-font\"><a href=\"/wiki/St_Mungo%27s_Hospital_for_Magical_Maladies_and_Injuries\" title=\"St Mungo&#039;s Hospital for Magical Maladies and Injuries\">St Mungo's Hospital for Magical Maladies and Injuries</a></div>\n</div>\n\n</section>\n<nav class=\"pi-navigation pi-item-spacing pi-secondary-background pi-secondary-font\"><small><a href=\"/wiki/Template:Individual_infobox\" title=\"Template:Individual infobox\">[Source]</a><span class=\"hidable-button\"></span></small></nav>\n</aside>\n\n</p>\n<div class=\"quote\">\n<dl><dd><span title=\"Source:&#160;Harry Potter and the Order of the Phoenix\">\"<i>Here you are, Agnes. See, you're not forgotten, are you? And your <a href=\"/wiki/Agnes%27s_son\" title=\"Agnes&#39;s son\">son</a>'s sent an <a href=\"/wiki/Owl\" title=\"Owl\">owl</a> saying he's visiting tonight, so that's nice, isn't it?</i>\"</span></dd>\n<dd>&#8212;<a href=\"/wiki/Healer\" title=\"Healer\">Healer</a> <a href=\"/wiki/Miriam_Strout\" title=\"Miriam Strout\">Miriam Strout</a> to Agnes<sup class=\"noprint\"><a href=\"/wiki/Harry_Potter_and_the_Order_of_the_Phoenix\" title=\"Harry Potter and the Order of the Phoenix\">[src]</a></sup></dd>\n<dd></dd></dl></div>\n<p><b>Agnes</b> was a <a href=\"/wiki/Wizardkind\" title=\"Wizardkind\">witch</a> and patient in the <a href=\"/wiki/Janus_Thickey_Ward\" title=\"Janus Thickey Ward\">Janus Thickey Ward</a> at <a href=\"/wiki/St_Mungo%27s_Hospital_for_Magical_Maladies_and_Injuries\" title=\"St Mungo&#39;s Hospital for Magical Maladies and Injuries\">St Mungo's Hospital for Magical Maladies and Injuries</a>, admitted sometime before <a href=\"/wiki/Christmas\" title=\"Christmas\">Christmas</a> of <a href=\"/wiki/1995\" title=\"1995\">1995</a>.<sup id=\"cite_ref-OOTP23_1-0\" class=\"reference\"><a href=\"#cite_note-OOTP23-1\">&#91;1&#93;</a></sup>\n</p>\n<div id=\"toc\" class=\"toc\"><input type=\"checkbox\" role=\"button\" id=\"toctogglecheckbox\" class=\"toctogglecheckbox\" style=\"display:none\" /><div class=\"toctitle\" lang=\"en\" dir=\"ltr\"><h2>Contents</h2><span class=\"toctogglespan\"><label class=\"toctogglelabel\" for=\"toctogglecheckbox\"></label></span></div>\n<ul>\n<li class=\"toclevel-1 tocsection-1\"><a href=\"#Biography\"><span class=\"tocnumber\">1</span> <span class=\"toctext\">Biography</span></a></li>\n<li class=\"toclevel-1 tocsection-2\"><a href=\"#Behind_the_scenes\"><span class=\"tocnumber\">2</span> <span class=\"toctext\">Behind the scenes</span></a></li>\n<li class=\"toclevel-1 tocsection-3\"><a href=\"#Etymology\"><span class=\"tocnumber\">3</span> <span class=\"toctext\">Etymology</span></a></li>\n<li class=\"toclevel-1 tocsection-4\"><a href=\"#Appearances\"><span class=\"tocnumber\">4</span> <span class=\"toctext\">Appearances</span></a></li>\n<li class=\"toclevel-1 tocsection-5\"><a href=\"#Notes_and_references\"><span class=\"tocnumber\">5</span> <span class=\"toctext\">Notes and references</span></a></li>\n</ul>\n</div>\n\n<h2><span class=\"mw-headline\" id=\"Biography\">Biography</span><span class=\"mw-editsection\"><span class=\"mw-editsection-bracket\">[</span><a href=\"/wiki/Agnes?veaction=edit&amp;section=1\" class=\"mw-editsection-visualeditor\" title=\"Edit section: Biography\">edit</a><span class=\"mw-editsection-divider\"> | </span><a href=\"/wiki/Agnes?action=edit&amp;section=1\" title=\"Edit section: Biography\"><svg class=\"wds-icon wds-icon-tiny section-edit-pencil-icon\"><use xlink:href=\"#wds-icons-pencil-tiny\"></use></svg>edit source</a><span class=\"mw-editsection-bracket\">]</span></span></h2>\n<p>She had fur all over her head and barked instead of speaking. Her <a href=\"/wiki/Healer\" title=\"Healer\">Healer</a> <a href=\"/wiki/Miriam_Strout\" title=\"Miriam Strout\">Miriam Strout</a> informed that her <a href=\"/wiki/Agnes%27s_son\" title=\"Agnes&#39;s son\">son</a> would visit her <a href=\"/wiki/Christmas\" title=\"Christmas\">Christmas</a> night. It is possible that she remained at St Mungo's for the rest of her life. Her exact ailment was unknown, but it was noted to be a similar effect to consuming <a href=\"/wiki/Polyjuice_Potion\" title=\"Polyjuice Potion\">Polyjuice Potion</a> prepared with animal DNA.<sup id=\"cite_ref-OOTP23_1-1\" class=\"reference\"><a href=\"#cite_note-OOTP23-1\">&#91;1&#93;</a></sup>\n</p>\n<h2><span class=\"mw-headline\" id=\"Behind_the_scenes\">Behind the scenes</span><span class=\"mw-editsection\"><span class=\"mw-editsection-bracket\">[</span><a href=\"/wiki/Agnes?veaction=edit&amp;section=2\" class=\"mw-editsection-visualeditor\" title=\"Edit section: Behind the scenes\">edit</a><span class=\"mw-editsection-divider\"> | </span><a href=\"/wiki/Agnes?action=edit&amp;section=2\" title=\"Edit section: Behind the scenes\"><svg class=\"wds-icon wds-icon-tiny section-edit-pencil-icon\"><use xlink:href=\"#wds-icons-pencil-tiny\"></use></svg>edit source</a><span class=\"mw-editsection-bracket\">]</span></span></h2>\n<ul><li>Given the description on  <i><a href=\"/wiki/Pottermore\" title=\"Pottermore\">Pottermore</a></i> presents what happens if an <a href=\"/wiki/Animagus\" title=\"Animagus\">Animagus</a> <a href=\"/wiki/Human_Transfiguration\" title=\"Human Transfiguration\">transformation</a> fails, it seems likely that this is what happened to Agnes, with her attempted Animagus form most likely being a <a href=\"/wiki/Dog\" title=\"Dog\">dog</a>.</li></ul>\n<h2><span class=\"mw-headline\" id=\"Etymology\">Etymology</span><span class=\"mw-editsection\"><span class=\"mw-editsection-bracket\">[</span><a href=\"/wiki/Agnes?veaction=edit&amp;section=3\" class=\"mw-editsection-visualeditor\" title=\"Edit section: Etymology\">edit</a><span class=\"mw-editsection-divider\"> | </span><a href=\"/wiki/Agnes?action=edit&amp;section=3\" title=\"Edit section: Etymology\"><svg class=\"wds-icon wds-icon-tiny section-edit-pencil-icon\"><use xlink:href=\"#wds-icons-pencil-tiny\"></use></svg>edit source</a><span class=\"mw-editsection-bracket\">]</span></span></h2>\n<p>Agnes is a female given name, which derives from the Greek word hagn\u0113, meaning \"pure\", \"holy\" or \"lamb\".\n</p>\n<h2><span class=\"mw-headline\" id=\"Appearances\">Appearances</span><span class=\"mw-editsection\"><span class=\"mw-editsection-bracket\">[</span><a href=\"/wiki/Agnes?veaction=edit&amp;section=4\" class=\"mw-editsection-visualeditor\" title=\"Edit section: Appearances\">edit</a><span class=\"mw-editsection-divider\"> | </span><a href=\"/wiki/Agnes?action=edit&amp;section=4\" title=\"Edit section: Appearances\"><svg class=\"wds-icon wds-icon-tiny section-edit-pencil-icon\"><use xlink:href=\"#wds-icons-pencil-tiny\"></use></svg>edit source</a><span class=\"mw-editsection-bracket\">]</span></span></h2>\n<ul><li><i><a href=\"/wiki/Harry_Potter_and_the_Order_of_the_Phoenix\" title=\"Harry Potter and the Order of the Phoenix\">Harry Potter and the Order of the Phoenix</a></i> <small>(First appearance)</small></li>\n<li><i><a href=\"/wiki/Pottermore\" title=\"Pottermore\">Pottermore</a></i></li></ul>\n<h2><span class=\"mw-headline\" id=\"Notes_and_references\">Notes and references</span><span class=\"mw-editsection\"><span class=\"mw-editsection-bracket\">[</span><a href=\"/wiki/Agnes?veaction=edit&amp;section=5\" class=\"mw-editsection-visualeditor\" title=\"Edit section: Notes and references\">edit</a><span class=\"mw-editsection-divider\"> | </span><a href=\"/wiki/Agnes?action=edit&amp;section=5\" title=\"Edit section: Notes and references\"><svg class=\"wds-icon wds-icon-tiny section-edit-pencil-icon\"><use xlink:href=\"#wds-icons-pencil-tiny\"></use></svg>edit source</a><span class=\"mw-editsection-bracket\">]</span></span></h2>\n<div class=\"references-small\">\n<div class=\"mw-references-wrap\"><ol class=\"references\">\n<li id=\"cite_note-OOTP23-1\"><span class=\"mw-cite-backlink\">\u2191 <sup><a href=\"#cite_ref-OOTP23_1-0\">1.0</a></sup> <sup><a href=\"#cite_ref-OOTP23_1-1\">1.1</a></sup></span> <span class=\"reference-text\"><i><a href=\"/wiki/Harry_Potter_and_the_Order_of_the_Phoenix\" title=\"Harry Potter and the Order of the Phoenix\">Harry Potter and the Order of the Phoenix</a></i>, Chapter 23 (<i>Christmas on the Closed Ward</i>)</span>\n</li>\n</ol></div></div>\n<p><br clear=\"all\" />\n</p>\n<table style=\"margin:0 auto; width: 90%; text-align:center;\" class=\"toccolours\" align=\"center\">\n\n<tbody><tr bgcolor=\"#white\">\n<th colspan=\"2\" style=\"background-color: #ccd;\"><a href=\"/wiki/St_Mungo%27s_Hospital_for_Magical_Maladies_and_Injuries\" title=\"St Mungo&#39;s Hospital for Magical Maladies and Injuries\">St Mungo's Hospital for Magical Maladies and Injuries</a>\n</th></tr>\n<tr>\n<th colspan=\"2\" style=\"background-color: #dfdfdf; font-size: 9pt;\">Founder <a href=\"/wiki/Mungo_Bonham\" title=\"Mungo Bonham\">Mungo Bonham</a>\n</th></tr>\n<tr>\n<td colspan=\"2\" style=\"font-size: 8pt;\"><a href=\"/wiki/St_Mungo%27s_Admissions_Department\" title=\"St Mungo&#39;s Admissions Department\">St Mungo's Admissions Department</a> \u00b7 <a href=\"/wiki/Poisoning_Department\" title=\"Poisoning Department\">Poisoning Department</a> \u00b7 <a href=\"/wiki/Janus_Thickey_Ward\" title=\"Janus Thickey Ward\">Janus Thickey Ward</a> \u00b7 <a href=\"/wiki/%22Dangerous%22_Dai_Llewellyn_Ward_for_Serious_Bites\" title=\"&quot;Dangerous&quot; Dai Llewellyn Ward for Serious Bites\">\"Dangerous\" Dai Llewellyn Ward for Serious Bites</a> \u00b7 <a href=\"/wiki/Purge_and_Dowse,_Ltd\" title=\"Purge and Dowse, Ltd\">Purge and Dowse, Ltd</a>\n</td></tr>\n<tr>\n<th colspan=\"2\" style=\"background-color: #dfdfdf; font-size: 9pt;\">Employees\n</th></tr>\n<tr style=\"font-size: 8pt;\">\n<th style=\"border-bottom: 1pt solid #ccd;\"><a href=\"/wiki/Category:St_Mungo%27s_positions\" title=\"Category:St Mungo&#39;s positions\">Positions</a>\n</th>\n<td style=\"border-bottom: 1pt solid #ccd;\"><a href=\"/wiki/Healer\" title=\"Healer\">Healer</a> \u00b7 <a href=\"/wiki/Mediwizard\" title=\"Mediwizard\">Mediwizard</a> \u00b7 <a href=\"/wiki/Trainee_Healer\" title=\"Trainee Healer\">Trainee Healer</a> \u00b7 <a href=\"/wiki/St_Mungo%27s_Welcome_Witch\" title=\"St Mungo&#39;s Welcome Witch\">Welcome Witch</a> \u00b7 <a href=\"/wiki/Dummy_at_Purge_and_Dowse,_Ltd\" title=\"Dummy at Purge and Dowse, Ltd\">Entrance dummy</a>\n</td></tr>\n<tr style=\"font-size: 8pt;\">\n<th><a href=\"/wiki/Category:Healers\" title=\"Category:Healers\">Healers</a>\n</th>\n<td><a href=\"/wiki/Omar_Abasi\" title=\"Omar Abasi\">Omar Abasi</a> \u00b7 <a href=\"/wiki/Dilys_Derwent\" title=\"Dilys Derwent\">Dilys Derwent</a> \u00b7 <a href=\"/wiki/Lancelot_(Healer)\" title=\"Lancelot (Healer)\">Lancelot</a> \u00b7 <a href=\"/wiki/Rutherford_Poke\" title=\"Rutherford Poke\">Rutherford Poke</a> \u00b7 <a href=\"/wiki/Augustus_Pye\" title=\"Augustus Pye\">Augustus Pye</a> \u00b7 <a href=\"/wiki/Hippocrates_Smethwyck\" title=\"Hippocrates Smethwyck\">Hippocrates Smethwyck</a> \u00b7 <a href=\"/wiki/Helbert_Spleen\" title=\"Helbert Spleen\">Helbert Spleen</a> \u00b7 <a href=\"/wiki/Miriam_Strout\" title=\"Miriam Strout\">Miriam Strout</a> \u00b7 <a href=\"/wiki/Talbott_Winger%27s_mother\" title=\"Talbott Winger&#39;s mother\">Talbott Winger's mother</a>\n</td></tr>\n<tr>\n<th colspan=\"2\" style=\"background-color: #dfdfdf; font-size: 9pt;\">Patients\n</th></tr>\n<tr>\n<td colspan=\"2\" style=\"font-size: 8pt; border-bottom: 1pt solid #ccd;\"><a href=\"/wiki/Katie_Bell\" title=\"Katie Bell\">Katie Bell</a> \u00b7 <a href=\"/wiki/Herbert_Chorley\" title=\"Herbert Chorley\">Herbert Chorley</a> \u00b7 <a href=\"/wiki/John_Dawlish\" title=\"John Dawlish\">John Dawlish</a> \u00b7 <a href=\"/wiki/Gordon_Horton\" title=\"Gordon Horton\">Gordon Horton</a> \u00b7 <a href=\"/wiki/Minerva_McGonagall\" title=\"Minerva McGonagall\">Minerva McGonagall</a> \u00b7 <a href=\"/wiki/Montgomery\" title=\"Montgomery\">Montgomery</a> \u00b7 <a href=\"/wiki/Laura_Thorn\" title=\"Laura Thorn\">Laura Thorn</a> \u00b7 <a href=\"/wiki/Nymphadora_Tonks\" title=\"Nymphadora Tonks\">Nymphadora Tonks</a> \u00b7 <a href=\"/wiki/Arthur_Weasley\" title=\"Arthur Weasley\">Arthur Weasley</a> \u00b7 <a href=\"/wiki/Grubby-looking_St_Mungo%27s_patient\" title=\"Grubby-looking St Mungo&#39;s patient\">Grubby-looking St Mungo's patient</a> \u00b7 <a href=\"/wiki/Bitten_St_Mungo%27s_patient\" title=\"Bitten St Mungo&#39;s patient\">Bitten St Mungo's patient</a> \u00b7 <a href=\"/wiki/Winged_St_Mungo%27s_patient\" title=\"Winged St Mungo&#39;s patient\">Winged St Mungo's patient</a> \u00b7 <a href=\"/wiki/Unidentified_St_Mungo%27s_patient\" title=\"Unidentified St Mungo&#39;s patient\">Unidentified St Mungo's patient</a> \u00b7 <a href=\"/wiki/Unidentified_werewolf\" title=\"Unidentified werewolf\">Unidentified werewolf</a>\n</td></tr>\n<tr style=\"font-size: 8pt;\">\n<th width=\"20%\">Long-term residents\n</th>\n<td><strong class=\"mw-selflink selflink\">Agnes</strong> \u00b7 <a href=\"/wiki/Alice_Longbottom\" title=\"Alice Longbottom\">Alice Longbottom</a> \u00b7 <a href=\"/wiki/Frank_Longbottom\" title=\"Frank Longbottom\">Frank Longbottom</a> \u00b7 <a href=\"/wiki/Gilderoy_Lockhart\" title=\"Gilderoy Lockhart\">Gilderoy Lockhart</a> \u00b7 <a href=\"/wiki/Broderick_Bode\" title=\"Broderick Bode\">Broderick Bode</a> (deceased)\n</td></tr></tbody></table></div>"}]}}}}