{"batchcomplete": "", "warnings": {"main": {"*": "Subscribe to the mediawiki-api-announce mailing list at <https://lists.wikimedia.org/mailman/listinfo/mediawiki-api-announce> for notice of API deprecations and breaking changes."}, "revisions": {"*": "The parameter \"rvparse\" has been deprecated.\nBecause \"rvslots\" was not specified, a legacy format has been used for the output. This format is deprecated, and in the future the new format will always be used."}}, "query": {"normalized": [{"from": "Aidan_Kiely", "to": "Aidan Kiely"}], "pages": {"11917": {"pageid": 11917, "ns": 0, "title": "Aidan Kiely", "revisions": [{"*": "<div class=\"mw-parser-output\"><p>\n<aside role=\"region\" class=\"portable-infobox pi-background pi-theme-quidditch-player pi-layout-default\"><section class=\"pi-item pi-group pi-border-color\">\n\t\n<h2 class=\"pi-item pi-item-spacing pi-title\" data-source=\"name\">Aidan Kiely</h2>\n\n</section>\n<section class=\"pi-item pi-group pi-border-color\">\n\t<h2 class=\"pi-item pi-header pi-secondary-font pi-item-spacing pi-secondary-background\">Biographical information</h2>\n\n<div class=\"pi-item pi-data pi-item-spacing pi-border-color\" data-source=\"born\">\n\t\n\t\t<h3 class=\"pi-data-label pi-secondary-font\">Born</h3>\n\t\n\t<div class=\"pi-data-value pi-font\"><a href=\"/wiki/1981\" title=\"1981\">1981</a> or earlier<sup id=\"cite_ref-1\" class=\"reference\"><a href=\"#cite_note-1\">&#91;1&#93;</a></sup></div>\n</div>\n\n<div class=\"pi-item pi-data pi-item-spacing pi-border-color\" data-source=\"nationality\">\n\t\n\t\t<h3 class=\"pi-data-label pi-secondary-font\">Nationality</h3>\n\t\n\t<div class=\"pi-data-value pi-font\"><a href=\"/wiki/Ireland\" title=\"Ireland\">Irish</a></div>\n</div>\n\n<div class=\"pi-item pi-data pi-item-spacing pi-border-color\" data-source=\"title\">\n\t\n\t\t<h3 class=\"pi-data-label pi-secondary-font\">Title(s)</h3>\n\t\n\t<div class=\"pi-data-value pi-font\"><a href=\"/wiki/Seeker\" title=\"Seeker\">Seeker</a></div>\n</div>\n\n</section>\n<section class=\"pi-item pi-group pi-border-color\">\n\t<h2 class=\"pi-item pi-header pi-secondary-font pi-item-spacing pi-secondary-background\">Physical information</h2>\n\n<div class=\"pi-item pi-data pi-item-spacing pi-border-color\" data-source=\"gender\">\n\t\n\t\t<h3 class=\"pi-data-label pi-secondary-font\">Gender</h3>\n\t\n\t<div class=\"pi-data-value pi-font\">Male</div>\n</div>\n\n</section>\n<section class=\"pi-item pi-group pi-border-color\">\n\t<h2 class=\"pi-item pi-header pi-secondary-font pi-item-spacing pi-secondary-background\">Affiliation</h2>\n\n<div class=\"pi-item pi-data pi-item-spacing pi-border-color\" data-source=\"job\">\n\t\n\t\t<h3 class=\"pi-data-label pi-secondary-font\">Occupation</h3>\n\t\n\t<div class=\"pi-data-value pi-font\"><a href=\"/wiki/Seeker\" title=\"Seeker\">Seeker</a> of the <a href=\"/wiki/Kenmare_Kestrels\" title=\"Kenmare Kestrels\">Kenmare Kestrels</a></div>\n</div>\n\n<div class=\"pi-item pi-data pi-item-spacing pi-border-color\" data-source=\"loyalty\">\n\t\n\t\t<h3 class=\"pi-data-label pi-secondary-font\">Loyalty</h3>\n\t\n\t<div class=\"pi-data-value pi-font\"><a href=\"/wiki/Kenmare_Kestrels\" title=\"Kenmare Kestrels\">Kenmare Kestrels</a></div>\n</div>\n\n</section>\n<nav class=\"pi-navigation pi-item-spacing pi-secondary-background pi-secondary-font\"><small><a href=\"/wiki/Template:Individual_infobox\" title=\"Template:Individual infobox\">[Source]</a><span class=\"hidable-button\"></span></small></nav>\n</aside>\n\n<b>Aidan Kiely</b> was an <a href=\"/wiki/Ireland\" title=\"Ireland\">Irish</a> <a href=\"/wiki/Wizardkind\" title=\"Wizardkind\">wizard</a> who played as the <a href=\"/wiki/Seeker\" title=\"Seeker\">Seeker</a> for the <a href=\"/wiki/Kenmare_Kestrels\" title=\"Kenmare Kestrels\">Kenmare Kestrels</a> <a href=\"/wiki/Quidditch\" title=\"Quidditch\">Quidditch</a> <a href=\"/wiki/Quidditch_team\" title=\"Quidditch team\">team</a> during the <a href=\"/wiki/1990s\" title=\"1990s\">1990s</a><sup id=\"cite_ref-:0_2-0\" class=\"reference\"><a href=\"#cite_note-:0-2\">&#91;2&#93;</a></sup>. In a game against the <a href=\"/wiki/Montrose_Magpies\" title=\"Montrose Magpies\">Montrose Magpies</a>, Aidan managed to catch the Snitch against opposing seeker <a href=\"/wiki/Alasdair_Maddock\" title=\"Alasdair Maddock\">Alasdair Maddock</a> when the former attempted to use Muggle Football techniques during the game<sup id=\"cite_ref-:0_2-1\" class=\"reference\"><a href=\"#cite_note-:0-2\">&#91;2&#93;</a></sup>.\n</p>\n<div id=\"toc\" class=\"toc\"><input type=\"checkbox\" role=\"button\" id=\"toctogglecheckbox\" class=\"toctogglecheckbox\" style=\"display:none\" /><div class=\"toctitle\" lang=\"en\" dir=\"ltr\"><h2>Contents</h2><span class=\"toctogglespan\"><label class=\"toctogglelabel\" for=\"toctogglecheckbox\"></label></span></div>\n<ul>\n<li class=\"toclevel-1 tocsection-1\"><a href=\"#Behind_the_scenes\"><span class=\"tocnumber\">1</span> <span class=\"toctext\">Behind the scenes</span></a></li>\n<li class=\"toclevel-1 tocsection-2\"><a href=\"#Etymology\"><span class=\"tocnumber\">2</span> <span class=\"toctext\">Etymology</span></a></li>\n<li class=\"toclevel-1 tocsection-3\"><a href=\"#Appearances\"><span class=\"tocnumber\">3</span> <span class=\"toctext\">Appearances</span></a></li>\n<li class=\"toclevel-1 tocsection-4\"><a href=\"#Notes_and_references\"><span class=\"tocnumber\">4</span> <span class=\"toctext\">Notes and references</span></a></li>\n</ul>\n</div>\n\n<h2><span class=\"mw-headline\" id=\"Behind_the_scenes\">Behind the scenes</span><span class=\"mw-editsection\"><span class=\"mw-editsection-bracket\">[</span><a href=\"/wiki/Aidan_Kiely?veaction=edit&amp;section=1\" class=\"mw-editsection-visualeditor\" title=\"Edit section: Behind the scenes\">edit</a><span class=\"mw-editsection-divider\"> | </span><a href=\"/wiki/Aidan_Kiely?action=edit&amp;section=1\" title=\"Edit section: Behind the scenes\"><svg class=\"wds-icon wds-icon-tiny section-edit-pencil-icon\"><use xlink:href=\"#wds-icons-pencil-tiny\"></use></svg>edit source</a><span class=\"mw-editsection-bracket\">]</span></span></h2>\n<ul><li>Aidan Kiely was named for Aidan Kiely, the author's close friend's brother who died as a child.</li></ul>\n<h2><span class=\"mw-headline\" id=\"Etymology\">Etymology</span><span class=\"mw-editsection\"><span class=\"mw-editsection-bracket\">[</span><a href=\"/wiki/Aidan_Kiely?veaction=edit&amp;section=2\" class=\"mw-editsection-visualeditor\" title=\"Edit section: Etymology\">edit</a><span class=\"mw-editsection-divider\"> | </span><a href=\"/wiki/Aidan_Kiely?action=edit&amp;section=2\" title=\"Edit section: Etymology\"><svg class=\"wds-icon wds-icon-tiny section-edit-pencil-icon\"><use xlink:href=\"#wds-icons-pencil-tiny\"></use></svg>edit source</a><span class=\"mw-editsection-bracket\">]</span></span></h2>\n<p>The name \"Aidan\" is the anglicised form of Aodh\u00e1n. In the latter part of the 20th century, it became popular in America due to its sound, since it uses the same fashionable aden suffix sound found in such names as Braden and Hayden.\n</p>\n<h2><span class=\"mw-headline\" id=\"Appearances\">Appearances</span><span class=\"mw-editsection\"><span class=\"mw-editsection-bracket\">[</span><a href=\"/wiki/Aidan_Kiely?veaction=edit&amp;section=3\" class=\"mw-editsection-visualeditor\" title=\"Edit section: Appearances\">edit</a><span class=\"mw-editsection-divider\"> | </span><a href=\"/wiki/Aidan_Kiely?action=edit&amp;section=3\" title=\"Edit section: Appearances\"><svg class=\"wds-icon wds-icon-tiny section-edit-pencil-icon\"><use xlink:href=\"#wds-icons-pencil-tiny\"></use></svg>edit source</a><span class=\"mw-editsection-bracket\">]</span></span></h2>\n<ul><li><i><a href=\"/wiki/The_Daily_Prophet_(real-world)\" title=\"The Daily Prophet (real-world)\">Daily Prophet Newsletters</a></i></li></ul>\n<h2><span class=\"mw-headline\" id=\"Notes_and_references\">Notes and references</span><span class=\"mw-editsection\"><span class=\"mw-editsection-bracket\">[</span><a href=\"/wiki/Aidan_Kiely?veaction=edit&amp;section=4\" class=\"mw-editsection-visualeditor\" title=\"Edit section: Notes and references\">edit</a><span class=\"mw-editsection-divider\"> | </span><a href=\"/wiki/Aidan_Kiely?action=edit&amp;section=4\" title=\"Edit section: Notes and references\"><svg class=\"wds-icon wds-icon-tiny section-edit-pencil-icon\"><use xlink:href=\"#wds-icons-pencil-tiny\"></use></svg>edit source</a><span class=\"mw-editsection-bracket\">]</span></span></h2>\n<div class=\"references-small\">\n<div class=\"mw-references-wrap\"><ol class=\"references\">\n<li id=\"cite_note-1\"><span class=\"mw-cite-backlink\"><a href=\"#cite_ref-1\">\u2191</a></span> <span class=\"reference-text\">As he was employed by the <a href=\"/wiki/Kenmare_Kestrels\" title=\"Kenmare Kestrels\">Kenmare Kestrels</a> by <a href=\"/wiki/1998\" title=\"1998\">1998</a> he was presumably over 17.</span>\n</li>\n<li id=\"cite_note-:0-2\"><span class=\"mw-cite-backlink\">\u2191 <sup><a href=\"#cite_ref-:0_2-0\">2.0</a></sup> <sup><a href=\"#cite_ref-:0_2-1\">2.1</a></sup></span> <span class=\"reference-text\"><a href=\"/wiki/The_Daily_Prophet_(real-world)\" title=\"The Daily Prophet (real-world)\">Daily Prophet Newsletters</a>: <a href=\"/wiki/8_February\" title=\"8 February\">8 February</a>, <a href=\"/wiki/1999\" title=\"1999\">1999</a>, Page 3</span>\n</li>\n</ol></div></div></div>"}]}}}}