{"batchcomplete": "", "warnings": {"main": {"*": "Subscribe to the mediawiki-api-announce mailing list at <https://lists.wikimedia.org/mailman/listinfo/mediawiki-api-announce> for notice of API deprecations and breaking changes."}, "revisions": {"*": "The parameter \"rvparse\" has been deprecated.\nBecause \"rvslots\" was not specified, a legacy format has been used for the output. This format is deprecated, and in the future the new format will always be used."}}, "query": {"normalized": [{"from": "Alanza_Alves", "to": "Alanza Alves"}], "pages": {"223657": {"pageid": 223657, "ns": 0, "title": "Alanza Alves", "revisions": [{"*": "<div class=\"mw-parser-output\"><table class=\"notice metadata\" id=\"spoiler\" style=\"text-align: center; background: beige; margin: 1em 05%; padding: 0 1em; border: #a00 1px solid;\">\n\n<tbody><tr>\n<td><a href=\"https://static.wikia.nocookie.net/harrypotter/images/8/8c/Hogwarts_Mystery.jpeg/revision/latest?cb=20180504083359\" class=\"image\"><img alt=\"Hogwarts Mystery.jpeg\" src=\"https://static.wikia.nocookie.net/harrypotter/images/8/8c/Hogwarts_Mystery.jpeg/revision/latest/scale-to-width-down/175?cb=20180504083359\" decoding=\"async\" width=\"175\" height=\"77\" data-image-name=\"Hogwarts Mystery.jpeg\" data-image-key=\"Hogwarts_Mystery.jpeg\" /></a>\n</td>\n<td><b>Warning!</b>\n<p>At least some content in this article is derived from information featured in <i><a href=\"/wiki/Harry_Potter:_Hogwarts_Mystery\" title=\"Harry Potter: Hogwarts Mystery\">Harry Potter: Hogwarts Mystery</a></i>. Spoilers will be present within the article.\n</p>\n</td></tr></tbody></table>\n<p>\n<aside role=\"region\" class=\"portable-infobox pi-background pi-theme-wizard pi-layout-default\">\n<figure class=\"pi-item pi-image\" data-source=\"image\">\n\t<a href=\"https://static.wikia.nocookie.net/harrypotter/images/c/c3/Alanza_Alves.png/revision/latest?cb=20200414203308\" class=\"image image-thumbnail\"\n\t   title=\"\">\n\t\t<img src=\"https://static.wikia.nocookie.net/harrypotter/images/c/c3/Alanza_Alves.png/revision/latest/scale-to-width-down/185?cb=20200414203308\" srcset=\"https://static.wikia.nocookie.net/harrypotter/images/c/c3/Alanza_Alves.png/revision/latest/scale-to-width-down/185?cb=20200414203308 1x, https://static.wikia.nocookie.net/harrypotter/images/c/c3/Alanza_Alves.png/revision/latest/scale-to-width-down/371?cb=20200414203308 2x\" class=\"pi-image-thumbnail\" alt=\"\" width=\"186\" height=\"500\"\n\t\t     data-image-key=\"Alanza_Alves.png\" data-image-name=\"Alanza Alves.png\"/>\n\t\t\n\t</a>\n\t\n</figure>\n<section class=\"pi-item pi-group pi-border-color\">\n\t\n<h2 class=\"pi-item pi-item-spacing pi-title\" data-source=\"name\">Alanza Alves</h2>\n\n</section>\n<section class=\"pi-item pi-group pi-border-color\">\n\t<h2 class=\"pi-item pi-header pi-secondary-font pi-item-spacing pi-secondary-background\">Biographical information</h2>\n\n<div class=\"pi-item pi-data pi-item-spacing pi-border-color\" data-source=\"blood\">\n\t\n\t\t<h3 class=\"pi-data-label pi-secondary-font\">Blood status</h3>\n\t\n\t<div class=\"pi-data-value pi-font\"><a href=\"/wiki/Pure-blood\" title=\"Pure-blood\">Pure-blood</a> or <a href=\"/wiki/Half-blood\" title=\"Half-blood\">Half-blood</a><sup id=\"cite_ref-1\" class=\"reference\"><a href=\"#cite_note-1\">&#91;1&#93;</a></sup></div>\n</div>\n\n<div class=\"pi-item pi-data pi-item-spacing pi-border-color\" data-source=\"nationality\">\n\t\n\t\t<h3 class=\"pi-data-label pi-secondary-font\">Nationality</h3>\n\t\n\t<div class=\"pi-data-value pi-font\"><a href=\"/wiki/Brazil\" title=\"Brazil\">Brazilian</a><sup id=\"cite_ref-HMTI_2-0\" class=\"reference\"><a href=\"#cite_note-HMTI-2\">&#91;2&#93;</a></sup></div>\n</div>\n\n</section>\n<section class=\"pi-item pi-group pi-border-color\">\n\t<h2 class=\"pi-item pi-header pi-secondary-font pi-item-spacing pi-secondary-background\">Physical information</h2>\n\n<div class=\"pi-item pi-data pi-item-spacing pi-border-color\" data-source=\"species\">\n\t\n\t\t<h3 class=\"pi-data-label pi-secondary-font\">Species</h3>\n\t\n\t<div class=\"pi-data-value pi-font\"><a href=\"/wiki/Human\" title=\"Human\">Human</a><sup id=\"cite_ref-HMTI_2-1\" class=\"reference\"><a href=\"#cite_note-HMTI-2\">&#91;2&#93;</a></sup></div>\n</div>\n\n<div class=\"pi-item pi-data pi-item-spacing pi-border-color\" data-source=\"gender\">\n\t\n\t\t<h3 class=\"pi-data-label pi-secondary-font\">Gender</h3>\n\t\n\t<div class=\"pi-data-value pi-font\">Female<sup id=\"cite_ref-HMTI_2-2\" class=\"reference\"><a href=\"#cite_note-HMTI-2\">&#91;2&#93;</a></sup></div>\n</div>\n\n<div class=\"pi-item pi-data pi-item-spacing pi-border-color\" data-source=\"hair\">\n\t\n\t\t<h3 class=\"pi-data-label pi-secondary-font\">Hair colour</h3>\n\t\n\t<div class=\"pi-data-value pi-font\">Brown<sup id=\"cite_ref-HMTI_2-3\" class=\"reference\"><a href=\"#cite_note-HMTI-2\">&#91;2&#93;</a></sup></div>\n</div>\n\n<div class=\"pi-item pi-data pi-item-spacing pi-border-color\" data-source=\"eyes\">\n\t\n\t\t<h3 class=\"pi-data-label pi-secondary-font\">Eye colour</h3>\n\t\n\t<div class=\"pi-data-value pi-font\">Brown<sup id=\"cite_ref-HMTI_2-4\" class=\"reference\"><a href=\"#cite_note-HMTI-2\">&#91;2&#93;</a></sup></div>\n</div>\n\n<div class=\"pi-item pi-data pi-item-spacing pi-border-color\" data-source=\"skin\">\n\t\n\t\t<h3 class=\"pi-data-label pi-secondary-font\">Skin colour</h3>\n\t\n\t<div class=\"pi-data-value pi-font\">Pardo<sup id=\"cite_ref-HMTI_2-5\" class=\"reference\"><a href=\"#cite_note-HMTI-2\">&#91;2&#93;</a></sup></div>\n</div>\n\n</section>\n<section class=\"pi-item pi-group pi-border-color\">\n\t<h2 class=\"pi-item pi-header pi-secondary-font pi-item-spacing pi-secondary-background\">Relationship information</h2>\n\n<div class=\"pi-item pi-data pi-item-spacing pi-border-color\" data-source=\"family\">\n\t\n\t\t<h3 class=\"pi-data-label pi-secondary-font\">Family members</h3>\n\t\n\t<div class=\"pi-data-value pi-font\"><a href=\"/wiki/Alanza_Alves%27s_grandmother\" title=\"Alanza Alves&#039;s grandmother\">Grandmother</a></div>\n</div>\n\n</section>\n<section class=\"pi-item pi-group pi-border-color\">\n\t<h2 class=\"pi-item pi-header pi-secondary-font pi-item-spacing pi-secondary-background\">Affiliation</h2>\n\n<div class=\"pi-item pi-data pi-item-spacing pi-border-color\" data-source=\"loyalty\">\n\t\n\t\t<h3 class=\"pi-data-label pi-secondary-font\">Loyalty</h3>\n\t\n\t<div class=\"pi-data-value pi-font\"><ul><li><a href=\"/wiki/Alves_family\" title=\"Alves family\">Alves family</a></li><li><a href=\"/wiki/Castelobruxo\" title=\"Castelobruxo\">Castelobruxo</a></li><li><a href=\"/wiki/Hogwarts_School_of_Witchcraft_and_Wizardry\" title=\"Hogwarts School of Witchcraft and Wizardry\">Hogwarts School of Witchcraft and Wizardry</a></li></ul></div>\n</div>\n\n</section>\n<nav class=\"pi-navigation pi-item-spacing pi-secondary-background pi-secondary-font\"><small><a href=\"/wiki/Template:Individual_infobox\" title=\"Template:Individual infobox\">[Source]</a><span class=\"hidable-button\"></span></small></nav>\n</aside>\n\n</p>\n<div class=\"quote\">\n<dl><dd><span title=\"Source:&#160;Harry Potter: Hogwarts Mystery\">\"<i>Life is way too short to tolerate bad attitudes. Or to not pet every cat you meet.</i>\"</span></dd>\n<dd>&#8212;Alanza Alves<sup class=\"noprint\"><a href=\"/wiki/Harry_Potter:_Hogwarts_Mystery\" title=\"Harry Potter: Hogwarts Mystery\">[src]</a></sup></dd>\n<dd></dd></dl></div>\n<p><b>Alanza Alves</b> was a <a href=\"/wiki/Brazil\" title=\"Brazil\">Brazilian</a> <a href=\"/wiki/Wizardkind\" title=\"Wizardkind\">witch</a> who attended the Brazilian <a href=\"/wiki/Wizarding_school\" title=\"Wizarding school\">wizarding school</a> <a href=\"/wiki/Castelobruxo\" title=\"Castelobruxo\">Castelobruxo</a>. In the late <a href=\"/wiki/1980s\" title=\"1980s\">1980s</a>, she visited <a href=\"/wiki/Hogwarts_School_of_Witchcraft_and_Wizardry\" title=\"Hogwarts School of Witchcraft and Wizardry\">Hogwarts School of Witchcraft and Wizardry</a>, as she would be an exchange student there.<sup id=\"cite_ref-HM622_3-0\" class=\"reference\"><a href=\"#cite_note-HM622-3\">&#91;3&#93;</a></sup>\n</p>\n<div id=\"toc\" class=\"toc\"><input type=\"checkbox\" role=\"button\" id=\"toctogglecheckbox\" class=\"toctogglecheckbox\" style=\"display:none\" /><div class=\"toctitle\" lang=\"en\" dir=\"ltr\"><h2>Contents</h2><span class=\"toctogglespan\"><label class=\"toctogglelabel\" for=\"toctogglecheckbox\"></label></span></div>\n<ul>\n<li class=\"toclevel-1 tocsection-1\"><a href=\"#Biography\"><span class=\"tocnumber\">1</span> <span class=\"toctext\">Biography</span></a>\n<ul>\n<li class=\"toclevel-2 tocsection-2\"><a href=\"#Early_life\"><span class=\"tocnumber\">1.1</span> <span class=\"toctext\">Early life</span></a>\n<ul>\n<li class=\"toclevel-3 tocsection-3\"><a href=\"#Visiting_Hogwarts\"><span class=\"tocnumber\">1.1.1</span> <span class=\"toctext\">Visiting Hogwarts</span></a></li>\n</ul>\n</li>\n</ul>\n</li>\n<li class=\"toclevel-1 tocsection-4\"><a href=\"#Magical_abilities_and_skills\"><span class=\"tocnumber\">2</span> <span class=\"toctext\">Magical abilities and skills</span></a></li>\n<li class=\"toclevel-1 tocsection-5\"><a href=\"#Possessions\"><span class=\"tocnumber\">3</span> <span class=\"toctext\">Possessions</span></a></li>\n<li class=\"toclevel-1 tocsection-6\"><a href=\"#Behind_the_scenes\"><span class=\"tocnumber\">4</span> <span class=\"toctext\">Behind the scenes</span></a></li>\n<li class=\"toclevel-1 tocsection-7\"><a href=\"#Appearances\"><span class=\"tocnumber\">5</span> <span class=\"toctext\">Appearances</span></a></li>\n<li class=\"toclevel-1 tocsection-8\"><a href=\"#Notes_and_references\"><span class=\"tocnumber\">6</span> <span class=\"toctext\">Notes and references</span></a></li>\n</ul>\n</div>\n\n<h2><span class=\"mw-headline\" id=\"Biography\">Biography</span><span class=\"mw-editsection\"><span class=\"mw-editsection-bracket\">[</span><a href=\"/wiki/Alanza_Alves?veaction=edit&amp;section=1\" class=\"mw-editsection-visualeditor\" title=\"Edit section: Biography\">edit</a><span class=\"mw-editsection-divider\"> | </span><a href=\"/wiki/Alanza_Alves?action=edit&amp;section=1\" title=\"Edit section: Biography\"><svg class=\"wds-icon wds-icon-tiny section-edit-pencil-icon\"><use xlink:href=\"#wds-icons-pencil-tiny\"></use></svg>edit source</a><span class=\"mw-editsection-bracket\">]</span></span></h2>\n<h3><span class=\"mw-headline\" id=\"Early_life\">Early life</span><span class=\"mw-editsection\"><span class=\"mw-editsection-bracket\">[</span><a href=\"/wiki/Alanza_Alves?veaction=edit&amp;section=2\" class=\"mw-editsection-visualeditor\" title=\"Edit section: Early life\">edit</a><span class=\"mw-editsection-divider\"> | </span><a href=\"/wiki/Alanza_Alves?action=edit&amp;section=2\" title=\"Edit section: Early life\"><svg class=\"wds-icon wds-icon-tiny section-edit-pencil-icon\"><use xlink:href=\"#wds-icons-pencil-tiny\"></use></svg>edit source</a><span class=\"mw-editsection-bracket\">]</span></span></h3>\n<p>Not much is known about Alanza's early life, but she was born into a prominent Brazilian <a href=\"/wiki/Wizardkind\" title=\"Wizardkind\">wizarding</a> family. She attended <a href=\"/wiki/Castelobruxo\" title=\"Castelobruxo\">Castelobruxo</a>, the <a href=\"/wiki/Brazil\" title=\"Brazil\">Brazilian</a> school of <a href=\"/wiki/Magic\" title=\"Magic\">magic</a>.<sup id=\"cite_ref-HM622_3-1\" class=\"reference\"><a href=\"#cite_note-HM622-3\">&#91;3&#93;</a></sup> During her first year, she got lost in the jungle surrounding Castelobruxo castle and survived off nothing but <a href=\"/wiki/Water\" title=\"Water\">rain</a> and <a href=\"/wiki/Ant\" title=\"Ant\">ants</a>.<sup id=\"cite_ref-HM622_3-2\" class=\"reference\"><a href=\"#cite_note-HM622-3\">&#91;3&#93;</a></sup>\n</p>\n<h4><span class=\"mw-headline\" id=\"Visiting_Hogwarts\">Visiting Hogwarts</span><span class=\"mw-editsection\"><span class=\"mw-editsection-bracket\">[</span><a href=\"/wiki/Alanza_Alves?veaction=edit&amp;section=3\" class=\"mw-editsection-visualeditor\" title=\"Edit section: Visiting Hogwarts\">edit</a><span class=\"mw-editsection-divider\"> | </span><a href=\"/wiki/Alanza_Alves?action=edit&amp;section=3\" title=\"Edit section: Visiting Hogwarts\"><svg class=\"wds-icon wds-icon-tiny section-edit-pencil-icon\"><use xlink:href=\"#wds-icons-pencil-tiny\"></use></svg>edit source</a><span class=\"mw-editsection-bracket\">]</span></span></h4>\n<p>At one point during the <a href=\"/wiki/1989%E2%80%931990_school_year\" title=\"1989\u20131990 school year\">1989\u20131990 school year</a>, Alanza visited <a href=\"/wiki/Hogwarts_School_of_Witchcraft_and_Wizardry\" title=\"Hogwarts School of Witchcraft and Wizardry\">Hogwarts School of Witchcraft and Wizardry</a> to be an exchange student for her <a href=\"/wiki/Sixth_year\" title=\"Sixth year\">sixth year</a>.<sup id=\"cite_ref-HM622_3-3\" class=\"reference\"><a href=\"#cite_note-HM622-3\">&#91;3&#93;</a></sup> In the <a href=\"/wiki/Headmaster%27s_Office\" title=\"Headmaster&#39;s Office\">Headmaster's Office</a>, <a href=\"/wiki/Professor\" title=\"Professor\">Professor</a> <a href=\"/wiki/Albus_Dumbledore\" title=\"Albus Dumbledore\">Albus Dumbledore</a> introduced her to <a href=\"/wiki/Jacob%27s_sibling\" title=\"Jacob&#39;s sibling\">Jacob's sibling</a> and requested that they be Alanza's tour guide, showing her around Hogwarts and introducing her to her classmates and professors in order to help her get settled and adapt to life at Hogwarts. Jacob's sibling accepted the task and suggested that Alanza visit the <a href=\"/wiki/Training_Grounds\" title=\"Training Grounds\">Training Grounds</a> first, as the former was to meet their friends <a href=\"/wiki/Talbott_Winger\" title=\"Talbott Winger\">Talbott Winger</a> and <a href=\"/wiki/Badeea_Ali\" title=\"Badeea Ali\">Badeea Ali</a> there.<sup id=\"cite_ref-HM622_3-4\" class=\"reference\"><a href=\"#cite_note-HM622-3\">&#91;3&#93;</a></sup>\n</p><p>Upon arrival, Jacob's sibling introduced Alanza to Talbott and Badeea, with Talbott somewhat taken aback by Alanza's energetic enthusiasm but Badeea appreciating it. Alanza then noticed Badeea's <a href=\"/wiki/Map_of_the_Great_Lake\" title=\"Map of the Great Lake\">Map of the Great Lake</a> and asked if it was made for her as part of her tour, prompting Jacob's sibling to ask her to give them a moment with Talbott and Badeea, during which the three agreed to keep the <a href=\"/wiki/Circle_of_Khanna\" title=\"Circle of Khanna\">Circle of Khanna</a> a secret from her and instead use the map to teach Alanza about the castle and its grounds. Afterwards, Alanza expressed how useful she found the map, to which Badeea inadvertently mentioned the Circle of Khanna aloud but quickly recognised her mistake by trying to pass it off as something else. Alanza, however, proceeded to inquire further and asked if she could join the group, prompting Jacob's sibling to suggest taking her to <a href=\"/wiki/Potions_(class)\" title=\"Potions (class)\">Potions class</a> and introduce her to Professor <a href=\"/wiki/Severus_Snape\" title=\"Severus Snape\">Severus Snape</a>.<sup id=\"cite_ref-HM622_3-5\" class=\"reference\"><a href=\"#cite_note-HM622-3\">&#91;3&#93;</a></sup>\n</p><p>Alanza then accompanied Jacob's sibling to the <a href=\"/wiki/Potions_Classroom\" title=\"Potions Classroom\">Potions Classroom</a>, where the pair found Professor Snape, <a href=\"/wiki/Hogwarts_Librarian\" title=\"Hogwarts Librarian\">Hogwarts Librarian</a> <a href=\"/wiki/Madam\" title=\"Madam\">Madam</a> <a href=\"/wiki/Irma_Pince\" title=\"Irma Pince\">Irma Pince</a> and <a href=\"/wiki/Hogwarts_Caretaker\" title=\"Hogwarts Caretaker\">Hogwarts Caretaker</a> <a href=\"/wiki/Argus_Filch\" title=\"Argus Filch\">Argus Filch</a> converged there and discussing the disappearance of various Potions-related items, such as ingredients and textbooks. Jacob's sibling then proceeded to make introductions between Alanza and the three members of faculty, whose grouchy demeanours became quickly apparent and were pointed out by Alanza, who wondered if the rest of the Hogwarts faculty behaved as unpleasantly as the aforementioned three. Filch then noted his suspicions of Alanza to his <a href=\"/wiki/Cat\" title=\"Cat\">cat</a> <a href=\"/wiki/Mrs_Norris\" title=\"Mrs Norris\">Mrs Norris</a>, although the feline, much to the surprise of everybody present, took an instant liking to Alanza and affectionately rubbed herself against the student's legs. Upon the arrival of other students, however, Snape proceeded to terminate this discourse and ordered Alanza and Jacob's sibling to take their seats for class was beginning.<sup id=\"cite_ref-HM622_3-6\" class=\"reference\"><a href=\"#cite_note-HM622-3\">&#91;3&#93;</a></sup>\n</p><p>Alanza then proceeded to unknowingly take the seat that belonged to the late <a href=\"/wiki/Rowan_Khanna\" title=\"Rowan Khanna\">Rowan Khanna</a>. This prompted the class to stare at her, confusing Alanza and leading her to ask Jacob's sibling if the seat was taken, to which they responded that it used to be occupied by their best friend Rowan but not anymore. Alanza then witnessed as <a href=\"/wiki/Merula_Snyde\" title=\"Merula Snyde\">Merula Snyde</a> angrily confronted Jacob's sibling and demanded that they talk to her privately, regarding something important, although Snape ordered her to take her sit as she could talk all she wanted after class.<sup id=\"cite_ref-HM622_3-7\" class=\"reference\"><a href=\"#cite_note-HM622-3\">&#91;3&#93;</a></sup>\n</p><p>Once all the students took their seats, Snape announced Alanza's arrival to the class and commenced the lesson, after which Alanza became occupied answering questions from her classmates. Using this opening, Merula proceeded to berate Jacob's sibling for their supposed lack of dedication to the Circle of Khanna, although they reassured her that that was not the case. Alanza then joined their conversation and inquired of the aforementioned group again, upon which Merula incredulously asked Jacob's sibling if they had told Alanza about the group. Jacob's sibling promised to reveal everything to Merula in due time, as <a href=\"/wiki/Rubeus_Hagrid\" title=\"Rubeus Hagrid\">Rubeus Hagrid</a> had invited them and Alanza to his garden.<sup id=\"cite_ref-HM622_3-8\" class=\"reference\"><a href=\"#cite_note-HM622-3\">&#91;3&#93;</a></sup>\n</p>\n<h2><span class=\"mw-headline\" id=\"Magical_abilities_and_skills\">Magical abilities and skills</span><span class=\"mw-editsection\"><span class=\"mw-editsection-bracket\">[</span><a href=\"/wiki/Alanza_Alves?veaction=edit&amp;section=4\" class=\"mw-editsection-visualeditor\" title=\"Edit section: Magical abilities and skills\">edit</a><span class=\"mw-editsection-divider\"> | </span><a href=\"/wiki/Alanza_Alves?action=edit&amp;section=4\" title=\"Edit section: Magical abilities and skills\"><svg class=\"wds-icon wds-icon-tiny section-edit-pencil-icon\"><use xlink:href=\"#wds-icons-pencil-tiny\"></use></svg>edit source</a><span class=\"mw-editsection-bracket\">]</span></span></h2>\n<ul><li><b><a href=\"/wiki/Magizoology\" title=\"Magizoology\">Magizoology</a></b>: Alanza was proficient in the handling of <a href=\"/wiki/Magic\" title=\"Magic\">magical</a> <a href=\"/wiki/Beast\" title=\"Beast\">beasts</a>.</li>\n<li><b><a href=\"/wiki/Potion\" title=\"Potion\">Potions</a></b>: Alanza was proficient in the <a href=\"/wiki/Magic\" title=\"Magic\">magical</a> art of potion-making.</li></ul>\n<h2><span class=\"mw-headline\" id=\"Possessions\">Possessions</span><span class=\"mw-editsection\"><span class=\"mw-editsection-bracket\">[</span><a href=\"/wiki/Alanza_Alves?veaction=edit&amp;section=5\" class=\"mw-editsection-visualeditor\" title=\"Edit section: Possessions\">edit</a><span class=\"mw-editsection-divider\"> | </span><a href=\"/wiki/Alanza_Alves?action=edit&amp;section=5\" title=\"Edit section: Possessions\"><svg class=\"wds-icon wds-icon-tiny section-edit-pencil-icon\"><use xlink:href=\"#wds-icons-pencil-tiny\"></use></svg>edit source</a><span class=\"mw-editsection-bracket\">]</span></span></h2>\n<ul><li><b>Wand</b>: It can be presumed that Alanza owned a <a href=\"/wiki/Wand\" title=\"Wand\">wand</a> (as she attended a <a href=\"/wiki/Wizarding_school\" title=\"Wizarding school\">wizarding school</a>), which was of unknown length, <a href=\"/wiki/Wand_wood\" title=\"Wand wood\">wand wood</a> and <a href=\"/wiki/Wand_core\" title=\"Wand core\">wand core</a>. She most likely purchased her <a href=\"/wiki/Wand\" title=\"Wand\">wand</a> from a Brazilian <a href=\"/wiki/Wandmaker\" title=\"Wandmaker\">wandmaker</a> before starting her education at Castelobruxo.</li></ul>\n<h2><span class=\"mw-headline\" id=\"Behind_the_scenes\">Behind the scenes</span><span class=\"mw-editsection\"><span class=\"mw-editsection-bracket\">[</span><a href=\"/wiki/Alanza_Alves?veaction=edit&amp;section=6\" class=\"mw-editsection-visualeditor\" title=\"Edit section: Behind the scenes\">edit</a><span class=\"mw-editsection-divider\"> | </span><a href=\"/wiki/Alanza_Alves?action=edit&amp;section=6\" title=\"Edit section: Behind the scenes\"><svg class=\"wds-icon wds-icon-tiny section-edit-pencil-icon\"><use xlink:href=\"#wds-icons-pencil-tiny\"></use></svg>edit source</a><span class=\"mw-editsection-bracket\">]</span></span></h2>\n<ul><li>Alanza's last name has been changed as \"\u00c1lvez\" in the Spanish version of <i><a href=\"/wiki/Harry_Potter:_Hogwarts_Mystery\" title=\"Harry Potter: Hogwarts Mystery\">Harry Potter: Hogwarts Mystery</a></i>.</li>\n<li>When Alanza thanks <a href=\"/wiki/Jacob%27s_sibling\" title=\"Jacob&#39;s sibling\">Jacob's sibling</a> after they accept being her guide to Hogwarts, she says \"<i>obrigado</i>\" (\"thanks\" in Portuguese). However, as an adjective (even though used interjectionally), it ought to suffer <a href=\"http://en.wikipedia.org/wiki/Inflexion\" class=\"extiw\" title=\"wikipedia:Inflexion\">inflection</a> for gender: \"<i>obrigada</i>\" would be the correct form.</li></ul>\n<h2><span class=\"mw-headline\" id=\"Appearances\">Appearances</span><span class=\"mw-editsection\"><span class=\"mw-editsection-bracket\">[</span><a href=\"/wiki/Alanza_Alves?veaction=edit&amp;section=7\" class=\"mw-editsection-visualeditor\" title=\"Edit section: Appearances\">edit</a><span class=\"mw-editsection-divider\"> | </span><a href=\"/wiki/Alanza_Alves?action=edit&amp;section=7\" title=\"Edit section: Appearances\"><svg class=\"wds-icon wds-icon-tiny section-edit-pencil-icon\"><use xlink:href=\"#wds-icons-pencil-tiny\"></use></svg>edit source</a><span class=\"mw-editsection-bracket\">]</span></span></h2>\n<div class=\"noprint\" style=\"float: right; clear: right; margin-top: 2px; margin-left: 2px; margin-bottom: 2px; background-color: #D8E9FC; text-align: left; font-size: 90%; width: 250px;\"><span class=\"rtop\" style=\"\"><span class=\"r1\" style=\"background: #D8E9FC\"></span><span class=\"r2\" style=\"background: #D8E9FC\"></span><span class=\"r3\" style=\"background: #D8E9FC\"></span><span class=\"r4\" style=\"background: #D8E9FC\"></span></span><div style=\"float:left; margin-left: 5px;\"><a href=\"https://static.wikia.nocookie.net/harrypotter/images/b/bc/Wiki.png/revision/latest?cb=20091217124448\" class=\"image\"><img alt=\"Wiki.png\" src=\"https://static.wikia.nocookie.net/harrypotter/images/b/bc/Wiki.png/revision/latest/scale-to-width-down/35?cb=20091217124448\" decoding=\"async\" width=\"35\" height=\"21\" data-image-name=\"Wiki.png\" data-image-key=\"Wiki.png\" /></a></div><div style=\"margin-left:50px\">The Harry Potter Wiki has 3 images related to <i><b><a href=\"/wiki/Category:Images_of_Alanza_Alves\" title=\"Category:Images of Alanza Alves\">Alanza Alves</a></b></i>.</div><span class=\"content-bg rbottom\" style=\"\"><span class=\"r4\" style=\"background: #D8E9FC\"></span><span class=\"r3\" style=\"background: #D8E9FC\"></span><span class=\"r2\" style=\"background: #D8E9FC\"></span><span class=\"r1\" style=\"background: #D8E9FC\"></span></span></div>\n<ul><li><i><a target=\"_blank\" rel=\"noreferrer noopener\" class=\"external text\" href=\"https://twitter.com/HogwartsMystery\">Hogwarts Mystery official Twitter</a></i> <small>(First appearance)</small></li>\n<li><i><a href=\"/wiki/Harry_Potter:_Hogwarts_Mystery\" title=\"Harry Potter: Hogwarts Mystery\">Harry Potter: Hogwarts Mystery</a></i> <small>(First identified as Alanza Alves)</small></li></ul>\n<h2><span class=\"mw-headline\" id=\"Notes_and_references\">Notes and references</span><span class=\"mw-editsection\"><span class=\"mw-editsection-bracket\">[</span><a href=\"/wiki/Alanza_Alves?veaction=edit&amp;section=8\" class=\"mw-editsection-visualeditor\" title=\"Edit section: Notes and references\">edit</a><span class=\"mw-editsection-divider\"> | </span><a href=\"/wiki/Alanza_Alves?action=edit&amp;section=8\" title=\"Edit section: Notes and references\"><svg class=\"wds-icon wds-icon-tiny section-edit-pencil-icon\"><use xlink:href=\"#wds-icons-pencil-tiny\"></use></svg>edit source</a><span class=\"mw-editsection-bracket\">]</span></span></h2>\n<div class=\"references-small\">\n<div class=\"mw-references-wrap\"><ol class=\"references\">\n<li id=\"cite_note-1\"><span class=\"mw-cite-backlink\"><a href=\"#cite_ref-1\">\u2191</a></span> <span class=\"reference-text\">Alanza told <a href=\"/wiki/Jacob%27s_sibling\" title=\"Jacob&#39;s sibling\">Jacob's sibling</a> that she was from a prominent Brazilian <a href=\"/wiki/Wizardkind\" title=\"Wizardkind\">wizarding</a> family.</span>\n</li>\n<li id=\"cite_note-HMTI-2\"><span class=\"mw-cite-backlink\">\u2191 <sup><a href=\"#cite_ref-HMTI_2-0\">2.0</a></sup> <sup><a href=\"#cite_ref-HMTI_2-1\">2.1</a></sup> <sup><a href=\"#cite_ref-HMTI_2-2\">2.2</a></sup> <sup><a href=\"#cite_ref-HMTI_2-3\">2.3</a></sup> <sup><a href=\"#cite_ref-HMTI_2-4\">2.4</a></sup> <sup><a href=\"#cite_ref-HMTI_2-5\">2.5</a></sup></span> <span class=\"reference-text\">See <a target=\"_blank\" rel=\"noreferrer noopener\" class=\"external text\" href=\"https://twitter.com/HogwartsMystery/status/1248959158080147457/photo/1\">this</a> image</span>\n</li>\n<li id=\"cite_note-HM622-3\"><span class=\"mw-cite-backlink\">\u2191 <sup><a href=\"#cite_ref-HM622_3-0\">3.0</a></sup> <sup><a href=\"#cite_ref-HM622_3-1\">3.1</a></sup> <sup><a href=\"#cite_ref-HM622_3-2\">3.2</a></sup> <sup><a href=\"#cite_ref-HM622_3-3\">3.3</a></sup> <sup><a href=\"#cite_ref-HM622_3-4\">3.4</a></sup> <sup><a href=\"#cite_ref-HM622_3-5\">3.5</a></sup> <sup><a href=\"#cite_ref-HM622_3-6\">3.6</a></sup> <sup><a href=\"#cite_ref-HM622_3-7\">3.7</a></sup> <sup><a href=\"#cite_ref-HM622_3-8\">3.8</a></sup></span> <span class=\"reference-text\"><i><a href=\"/wiki/Harry_Potter:_Hogwarts_Mystery\" title=\"Harry Potter: Hogwarts Mystery\">Harry Potter: Hogwarts Mystery</a></i>, Year 6, Chapter 22 (<i>The Exchange Student</i>)</span>\n</li>\n</ol></div></div></div>"}]}}}}