{"batchcomplete": "", "warnings": {"main": {"*": "Subscribe to the mediawiki-api-announce mailing list at <https://lists.wikimedia.org/mailman/listinfo/mediawiki-api-announce> for notice of API deprecations and breaking changes."}, "revisions": {"*": "The parameter \"rvparse\" has been deprecated.\nBecause \"rvslots\" was not specified, a legacy format has been used for the output. This format is deprecated, and in the future the new format will always be used."}}, "query": {"normalized": [{"from": "Alastor_Moody's_father", "to": "Alastor Moody's father"}], "pages": {"183114": {"pageid": 183114, "ns": 0, "title": "Alastor Moody's father", "revisions": [{"*": "<div class=\"mw-parser-output\"><table class=\"notice metadata\" cellpadding=\"3px\" style=\"text-align: center; background: snow; border: #a00 1px solid; margin: 1em 10% 1em 10%;\">\n\n<tbody><tr>\n<td><a href=\"https://static.wikia.nocookie.net/harrypotter/images/1/11/Hermione_Granger_%28HBP_promo%29_5.jpg/revision/latest?cb=20090817203540\" class=\"image\"><img alt=\"Hermione Granger (HBP promo) 5.jpg\" src=\"https://static.wikia.nocookie.net/harrypotter/images/1/11/Hermione_Granger_%28HBP_promo%29_5.jpg/revision/latest/scale-to-width-down/60?cb=20090817203540\" decoding=\"async\" width=\"60\" height=\"80\" data-image-name=\"Hermione Granger (HBP promo) 5.jpg\" data-image-key=\"Hermione_Granger_(HBP_promo)_5.jpg\" /></a>\n</td>\n<td><i><b>\"Are you a wizard or not?\"</b></i>\n<p>The title of this article is conjectural.  Although it is based on <a href=\"/wiki/Canon\" title=\"Canon\">canonical information</a>, the actual name is a conjecture and may be supplanted at any time by additional information released from canonical sources.  If this occurs, please move this page to the appropriate title.\n</p>\n</td></tr></tbody></table>\n<p>\n<aside role=\"region\" class=\"portable-infobox pi-background pi-theme-mom pi-layout-default\"><section class=\"pi-item pi-group pi-border-color\">\n\t\n<h2 class=\"pi-item pi-item-spacing pi-title\" data-source=\"name\">Mr Moody</h2>\n\n</section>\n<section class=\"pi-item pi-group pi-border-color\">\n\t<h2 class=\"pi-item pi-header pi-secondary-font pi-item-spacing pi-secondary-background\">Biographical information</h2>\n\n<div class=\"pi-item pi-data pi-item-spacing pi-border-color\" data-source=\"died\">\n\t\n\t\t<h3 class=\"pi-data-label pi-secondary-font\">Died</h3>\n\t\n\t<div class=\"pi-data-value pi-font\">Before 1997<sup id=\"cite_ref-1\" class=\"reference\"><a href=\"#cite_note-1\">&#91;1&#93;</a></sup></div>\n</div>\n\n<div class=\"pi-item pi-data pi-item-spacing pi-border-color\" data-source=\"blood\">\n\t\n\t\t<h3 class=\"pi-data-label pi-secondary-font\">Blood status</h3>\n\t\n\t<div class=\"pi-data-value pi-font\"><a href=\"/wiki/Pure-blood\" title=\"Pure-blood\">Pure-blood</a><sup id=\"cite_ref-moodyfile_2-0\" class=\"reference\"><a href=\"#cite_note-moodyfile-2\">&#91;2&#93;</a></sup></div>\n</div>\n\n</section>\n<section class=\"pi-item pi-group pi-border-color\">\n\t<h2 class=\"pi-item pi-header pi-secondary-font pi-item-spacing pi-secondary-background\">Physical information</h2>\n\n<div class=\"pi-item pi-data pi-item-spacing pi-border-color\" data-source=\"species\">\n\t\n\t\t<h3 class=\"pi-data-label pi-secondary-font\">Species</h3>\n\t\n\t<div class=\"pi-data-value pi-font\"><a href=\"/wiki/Human\" title=\"Human\">Human</a></div>\n</div>\n\n<div class=\"pi-item pi-data pi-item-spacing pi-border-color\" data-source=\"gender\">\n\t\n\t\t<h3 class=\"pi-data-label pi-secondary-font\">Gender</h3>\n\t\n\t<div class=\"pi-data-value pi-font\">Male</div>\n</div>\n\n</section>\n<section class=\"pi-item pi-group pi-border-color\">\n\t<h2 class=\"pi-item pi-header pi-secondary-font pi-item-spacing pi-secondary-background\">Relationship information</h2>\n\n<div class=\"pi-item pi-data pi-item-spacing pi-border-color\" data-source=\"family\">\n\t\n\t\t<h3 class=\"pi-data-label pi-secondary-font\">Family members</h3>\n\t\n\t<div class=\"pi-data-value pi-font\"><ul><li><a href=\"/wiki/Alastor_Moody%27s_mother\" title=\"Alastor Moody&#039;s mother\">Mrs Moody</a> (wife) \u2020</li><li><a href=\"/wiki/Alastor_Moody\" title=\"Alastor Moody\">Alastor Moody</a> (son) \u2020</li><li><a href=\"/wiki/Moody_family\" title=\"Moody family\">Long line of renowned Aurors</a></li></ul></div>\n</div>\n\n</section>\n<section class=\"pi-item pi-group pi-border-color\">\n\t<h2 class=\"pi-item pi-header pi-secondary-font pi-item-spacing pi-secondary-background\">Affiliation</h2>\n\n<div class=\"pi-item pi-data pi-item-spacing pi-border-color\" data-source=\"job\">\n\t\n\t\t<h3 class=\"pi-data-label pi-secondary-font\">Occupation</h3>\n\t\n\t<div class=\"pi-data-value pi-font\"><a href=\"/wiki/Auror\" title=\"Auror\">Auror</a></div>\n</div>\n\n<div class=\"pi-item pi-data pi-item-spacing pi-border-color\" data-source=\"loyalty\">\n\t\n\t\t<h3 class=\"pi-data-label pi-secondary-font\">Loyalty</h3>\n\t\n\t<div class=\"pi-data-value pi-font\"><ul><li><a href=\"/wiki/Moody_family\" title=\"Moody family\">Moody family</a></li><li><a href=\"/wiki/British_Ministry_of_Magic\" title=\"British Ministry of Magic\">British Ministry of Magic</a><ul><li><a href=\"/wiki/Auror_Office\" title=\"Auror Office\">Auror Office</a></li></ul></li></ul></div>\n</div>\n\n</section>\n<nav class=\"pi-navigation pi-item-spacing pi-secondary-background pi-secondary-font\"><small><a href=\"/wiki/Template:Individual_infobox\" title=\"Template:Individual infobox\">[Source]</a><span class=\"hidable-button\"></span></small></nav>\n</aside>\n\n<b>Mr Moody</b> was a <a href=\"/wiki/Pure-blood\" title=\"Pure-blood\">pure-blood</a><sup id=\"cite_ref-moodyfile_2-1\" class=\"reference\"><a href=\"#cite_note-moodyfile-2\">&#91;2&#93;</a></sup> <a href=\"/wiki/Wizardkind\" title=\"Wizardkind\">wizard</a> who worked as an <a href=\"/wiki/Auror\" title=\"Auror\">Auror</a>.<sup id=\"cite_ref-MoodyFactFile_3-0\" class=\"reference\"><a href=\"#cite_note-MoodyFactFile-3\">&#91;3&#93;</a></sup> He was descended from a <a href=\"/wiki/Moody_family\" title=\"Moody family\">long line</a> of Aurors.<sup id=\"cite_ref-moodyfile_2-2\" class=\"reference\"><a href=\"#cite_note-moodyfile-2\">&#91;2&#93;</a></sup> He married a <a href=\"/wiki/Alastor_Moody%27s_mother\" title=\"Alastor Moody&#39;s mother\">fellow Auror</a>, and together they had at least one child, a son, <a href=\"/wiki/Alastor_Moody\" title=\"Alastor Moody\">Alastor</a>, the greatest Auror of modern times.<sup id=\"cite_ref-moodyfile_2-3\" class=\"reference\"><a href=\"#cite_note-moodyfile-2\">&#91;2&#93;</a></sup>\n</p>\n<h2><span class=\"mw-headline\" id=\"Appearances\">Appearances</span><span class=\"mw-editsection\"><span class=\"mw-editsection-bracket\">[</span><a href=\"/wiki/Alastor_Moody%27s_father?veaction=edit&amp;section=1\" class=\"mw-editsection-visualeditor\" title=\"Edit section: Appearances\">edit</a><span class=\"mw-editsection-divider\"> | </span><a href=\"/wiki/Alastor_Moody%27s_father?action=edit&amp;section=1\" title=\"Edit section: Appearances\"><svg class=\"wds-icon wds-icon-tiny section-edit-pencil-icon\"><use xlink:href=\"#wds-icons-pencil-tiny\"></use></svg>edit source</a><span class=\"mw-editsection-bracket\">]</span></span></h2>\n<ul><li><i><a href=\"/wiki/Pottermore\" title=\"Pottermore\">Pottermore</a></i> <small>(First mentioned)</small></li></ul>\n<h2><span class=\"mw-headline\" id=\"Notes_and_references\">Notes and references</span><span class=\"mw-editsection\"><span class=\"mw-editsection-bracket\">[</span><a href=\"/wiki/Alastor_Moody%27s_father?veaction=edit&amp;section=2\" class=\"mw-editsection-visualeditor\" title=\"Edit section: Notes and references\">edit</a><span class=\"mw-editsection-divider\"> | </span><a href=\"/wiki/Alastor_Moody%27s_father?action=edit&amp;section=2\" title=\"Edit section: Notes and references\"><svg class=\"wds-icon wds-icon-tiny section-edit-pencil-icon\"><use xlink:href=\"#wds-icons-pencil-tiny\"></use></svg>edit source</a><span class=\"mw-editsection-bracket\">]</span></span></h2>\n<div class=\"references-small\">\n<div class=\"mw-references-wrap\"><ol class=\"references\">\n<li id=\"cite_note-1\"><span class=\"mw-cite-backlink\"><a href=\"#cite_ref-1\">\u2191</a></span> <span class=\"reference-text\"><a href=\"/wiki/Alastor_Moody\" title=\"Alastor Moody\">Alastor Moody</a>'s <a href=\"/wiki/File:AlastorMoodyMinistryFile.png\" title=\"File:AlastorMoodyMinistryFile.png\">ministry file</a> states that he has no living family. Therefore, his parents must have both been deceased by <a href=\"/wiki/1997\" title=\"1997\">1997</a>.</span>\n</li>\n<li id=\"cite_note-moodyfile-2\"><span class=\"mw-cite-backlink\">\u2191 <sup><a href=\"#cite_ref-moodyfile_2-0\">2.0</a></sup> <sup><a href=\"#cite_ref-moodyfile_2-1\">2.1</a></sup> <sup><a href=\"#cite_ref-moodyfile_2-2\">2.2</a></sup> <sup><a href=\"#cite_ref-moodyfile_2-3\">2.3</a></sup></span> <span class=\"reference-text\"><i><a href=\"/wiki/Harry_Potter_and_the_Deathly_Hallows:_Part_1\" title=\"Harry Potter and the Deathly Hallows: Part 1\">Harry Potter and the Deathly Hallows: Part 1</a></i> (see <a href=\"/wiki/File:AlastorMoodyMinistryFile.png\" title=\"File:AlastorMoodyMinistryFile.png\">this image</a>)</span>\n</li>\n<li id=\"cite_note-MoodyFactFile-3\"><span class=\"mw-cite-backlink\"><a href=\"#cite_ref-MoodyFactFile_3-0\">\u2191</a></span> <span class=\"reference-text\"> <i><a href=\"/wiki/Pottermore\" title=\"Pottermore\">Pottermore</a></i> - \"<a target=\"_blank\" rel=\"noreferrer noopener\" class=\"external text\" href=\"https://www.pottermore.com/explore-the-story/alastor-moody\">Explore the Story: Alastor Moody</a>\"</span>\n</li>\n</ol></div></div></div>"}]}}}}