{"batchcomplete": "", "warnings": {"main": {"*": "Subscribe to the mediawiki-api-announce mailing list at <https://lists.wikimedia.org/mailman/listinfo/mediawiki-api-announce> for notice of API deprecations and breaking changes."}, "revisions": {"*": "The parameter \"rvparse\" has been deprecated.\nBecause \"rvslots\" was not specified, a legacy format has been used for the output. This format is deprecated, and in the future the new format will always be used."}}, "query": {"normalized": [{"from": "Alastor_Moody's_spiders", "to": "Alastor Moody's spiders"}], "pages": {"54532": {"pageid": 54532, "ns": 0, "title": "Alastor Moody's spiders", "revisions": [{"*": "<div class=\"mw-parser-output\"><table class=\"notice metadata\" cellpadding=\"3px\" style=\"text-align: center; background: snow; border: #a00 1px solid; margin: 1em 10% 1em 10%;\">\n\n<tbody><tr>\n<td><a href=\"https://static.wikia.nocookie.net/harrypotter/images/1/11/Hermione_Granger_%28HBP_promo%29_5.jpg/revision/latest?cb=20090817203540\" class=\"image\"><img alt=\"Hermione Granger (HBP promo) 5.jpg\" src=\"https://static.wikia.nocookie.net/harrypotter/images/1/11/Hermione_Granger_%28HBP_promo%29_5.jpg/revision/latest/scale-to-width-down/60?cb=20090817203540\" decoding=\"async\" width=\"60\" height=\"80\" data-image-name=\"Hermione Granger (HBP promo) 5.jpg\" data-image-key=\"Hermione_Granger_(HBP_promo)_5.jpg\" /></a>\n</td>\n<td><i><b>\"Are you a wizard or not?\"</b></i>\n<p>The title of this article is conjectural.  Although it is based on <a href=\"/wiki/Canon\" title=\"Canon\">canonical information</a>, the actual name is a conjecture and may be supplanted at any time by additional information released from canonical sources.  If this occurs, please move this page to the appropriate title.\n</p>\n</td></tr></tbody></table><figure class=\"thumb tright show-info-icon\" style=\"width: 247px\"> \t<a href=\"https://static.wikia.nocookie.net/harrypotter/images/2/2d/Killing_curse_spider.gif/revision/latest?cb=20140901010257\" class=\"image\"><img alt=\"\" src=\"https://static.wikia.nocookie.net/harrypotter/images/2/2d/Killing_curse_spider.gif/revision/latest/scale-to-width-down/245?cb=20140901010257\" decoding=\"async\" width=\"245\" height=\"120\" class=\"thumbimage\" data-image-name=\"Killing curse spider.gif\" data-image-key=\"Killing_curse_spider.gif\" /></a> \t \t<figcaption class=\"thumbcaption\"> \t\t \t\t\t<a href=\"/wiki/File:Killing_curse_spider.gif\" class=\"info-icon\"><svg><use xlink:href=\"#wds-icons-info-small\"></use></svg></a> \t\t \t\t \t\t \t\t\t<p class=\"caption\">A <a href=\"/wiki/Spider\" title=\"Spider\">spider</a> is used to demonstrate the <a href=\"/wiki/Unforgivable_Curses\" title=\"Unforgivable Curses\">Unforgivable Curses</a></p> \t\t \t</figcaption> </figure>\n<div class=\"quote\">\n<dl><dd><span title=\"Source:&#160;Harry Potter and the Goblet of Fire\">\"<i>At once, the spider's legs bent in upon its body; it rolled over and began to twitch horribly, rocking from side to side. No sound came from it, but Harry was sure that if it could have given voice, it would have been screaming. Moody did not remove his wand, and the spider started to shudder and jerk more violently-</i>\"</span></dd>\n<dd>&#8212;\"Moody\" demonstrating the <a href=\"/wiki/Cruciatus_Curse\" title=\"Cruciatus Curse\">Cruciatus Curse</a> on a spider<sup class=\"noprint\"><a href=\"/wiki/Harry_Potter_and_the_Goblet_of_Fire\" title=\"Harry Potter and the Goblet of Fire\">[src]</a></sup></dd>\n<dd></dd></dl></div>\n<p>At the beginning of the <a href=\"/wiki/1994%E2%80%931995_school_year\" title=\"1994\u20131995 school year\">1994\u20131995 school year</a>, <a href=\"/wiki/Bartemius_Crouch_Junior\" title=\"Bartemius Crouch Junior\">Barty Crouch Jr</a>, impersonating <a href=\"/wiki/Alastor_Moody\" title=\"Alastor Moody\">Alastor Moody</a> through the use of <a href=\"/wiki/Polyjuice_Potion\" title=\"Polyjuice Potion\">Polyjuice Potion</a>, demonstrated the <a href=\"/wiki/Unforgivable_Curses\" title=\"Unforgivable Curses\">Unforgivable Curses</a> to <a href=\"/wiki/Harry_Potter\" title=\"Harry Potter\">Harry Potter</a>'s <a href=\"/wiki/Defence_Against_the_Dark_Arts\" title=\"Defence Against the Dark Arts\">Defence Against the Dark Arts</a> class using <b>three spiders</b>. He kept the three <a href=\"/wiki/Spider\" title=\"Spider\">spiders</a> in a glass jar together.<sup id=\"cite_ref-GOF14_1-0\" class=\"reference\"><a href=\"#cite_note-GOF14-1\">&#91;1&#93;</a></sup>\n</p><p>The first spider was placed under the <a href=\"/wiki/Imperius_Curse\" title=\"Imperius Curse\">Imperius Curse</a>, and was made to dance and perform acrobatics. Everyone in class were laughing, especially when Crouch had it jump onto students, until he suggested it to commit suicidal acts, as well as putting the <a href=\"/wiki/Curse\" title=\"Curse\">curse</a> on them.<sup id=\"cite_ref-GOF14_1-1\" class=\"reference\"><a href=\"#cite_note-GOF14-1\">&#91;1&#93;</a></sup>\n</p><p>The second spider was tortured by the <a href=\"/wiki/Cruciatus_Curse\" title=\"Cruciatus Curse\">Cruciatus Curse</a>, much to the discomfort of <a href=\"/wiki/Neville_Longbottom\" title=\"Neville Longbottom\">Neville Longbottom</a> as his parents were tortured into insanity with this curse by <a href=\"/wiki/Death_Eaters\" title=\"Death Eaters\">Death Eaters</a> (unknowingly, one of those Death Eaters was standing right in front of him), and only stopped at <a href=\"/wiki/Hermione_Granger\" title=\"Hermione Granger\">Hermione Granger</a>'s behest. The <a href=\"/wiki/Engorgement_Charm\" title=\"Engorgement Charm\">Engorgement Charm</a> was used on the spider beforehand to have a better visualisation of the spider's sufferings on the curse. He then shrank it with the <a href=\"/wiki/Shrinking_Charm\" title=\"Shrinking Charm\">Shrinking Charm</a> and placed it back in the jar.<sup id=\"cite_ref-GOF14_1-2\" class=\"reference\"><a href=\"#cite_note-GOF14-1\">&#91;1&#93;</a></sup>\n</p><p>The third spider was struck by the <a href=\"/wiki/Killing_Curse\" title=\"Killing Curse\">Killing Curse</a>, and <a href=\"/wiki/Death\" title=\"Death\">died</a> instantly. Somehow knowing its impending doom, the third spider even tried to avoid Barty's grasp in the jar and even tried to scuttle off the table to survive. The use of this heinous curse had a profound effect on Harry, as he was aware that both his parents were <a href=\"/wiki/Attack_at_Godric%27s_Hollow_(1981)\" title=\"Attack at Godric&#39;s Hollow (1981)\">murdered</a> with that very curse by <a href=\"/wiki/Tom_Riddle\" title=\"Tom Riddle\">Voldemort</a> the night he got his <a href=\"/wiki/Harry_Potter%27s_scars\" title=\"Harry Potter&#39;s scars\">scar</a>. <a href=\"/wiki/Ronald_Weasley\" title=\"Ronald Weasley\">Ron</a> was also very startled with the sudden use of this curse, and many girls in the glass even stifled cries, having witnessed such a disturbing demonstration of the <a href=\"/wiki/Dark_Arts\" title=\"Dark Arts\">Dark Arts</a>.<sup id=\"cite_ref-GOF14_1-3\" class=\"reference\"><a href=\"#cite_note-GOF14-1\">&#91;1&#93;</a></sup>\n</p>\n<h2><span class=\"mw-headline\" id=\"Behind_the_scenes\">Behind the scenes</span><span class=\"mw-editsection\"><span class=\"mw-editsection-bracket\">[</span><a href=\"/wiki/Alastor_Moody%27s_spiders?veaction=edit&amp;section=1\" class=\"mw-editsection-visualeditor\" title=\"Edit section: Behind the scenes\">edit</a><span class=\"mw-editsection-divider\"> | </span><a href=\"/wiki/Alastor_Moody%27s_spiders?action=edit&amp;section=1\" title=\"Edit section: Behind the scenes\"><svg class=\"wds-icon wds-icon-tiny section-edit-pencil-icon\"><use xlink:href=\"#wds-icons-pencil-tiny\"></use></svg>edit source</a><span class=\"mw-editsection-bracket\">]</span></span></h2>\n<ul><li>In the <a href=\"/wiki/Harry_Potter_and_the_Goblet_of_Fire_(film)\" title=\"Harry Potter and the Goblet of Fire (film)\">film adaptation</a> of <i><a href=\"/wiki/Harry_Potter_and_the_Goblet_of_Fire\" title=\"Harry Potter and the Goblet of Fire\">Harry Potter and the Goblet of Fire</a></i>, only one <a href=\"/wiki/Spider\" title=\"Spider\">spider</a> is used to demonstrate the three curses. Furthermore, the spider in the film is actually an <a href=\"http://en.wikipedia.org/wiki/Amblypygi\" class=\"extiw\" title=\"wikipedia:Amblypygi\">Amblypygi</a>. Also, the <a href=\"/wiki/Engorgement_Charm\" title=\"Engorgement Charm\">Engorgement Charm</a> was used when the <a href=\"/wiki/Imperius_Curse\" title=\"Imperius Curse\">Imperius Curse</a> was performed, as opposed to the <a href=\"/wiki/Cruciatus_Curse\" title=\"Cruciatus Curse\">Cruciatus Curse</a>. At that point, the spider remained larger for all three curses.<sup id=\"cite_ref-GOFF_2-0\" class=\"reference\"><a href=\"#cite_note-GOFF-2\">&#91;2&#93;</a></sup></li>\n<li>Also in the same film, the spider is shown to be squealing when tortured with the <a href=\"/wiki/Cruciatus_Curse\" title=\"Cruciatus Curse\">Cruciatus Curse</a>. In the book, it remains silent. Although in the book, Harry thought that it would have screamed if it would have had a voice.<sup id=\"cite_ref-GOFF_2-1\" class=\"reference\"><a href=\"#cite_note-GOFF-2\">&#91;2&#93;</a></sup></li>\n<li>In the film, Barty quips that her bite is <a href=\"/wiki/Poison\" title=\"Poison\">lethal</a>. In reality, amblypygi (or tailless whip spiders) are completely harmless to humans, and are quite good-natured. So, this is possible that he merely wanted to scare the students.<sup id=\"cite_ref-GOFF_2-2\" class=\"reference\"><a href=\"#cite_note-GOFF-2\">&#91;2&#93;</a></sup></li>\n<li>The spider in the film is referred to as a female by Barty.<sup id=\"cite_ref-GOFF_2-3\" class=\"reference\"><a href=\"#cite_note-GOFF-2\">&#91;2&#93;</a></sup></li></ul>\n<h2><span class=\"mw-headline\" id=\"Appearances\">Appearances</span><span class=\"mw-editsection\"><span class=\"mw-editsection-bracket\">[</span><a href=\"/wiki/Alastor_Moody%27s_spiders?veaction=edit&amp;section=2\" class=\"mw-editsection-visualeditor\" title=\"Edit section: Appearances\">edit</a><span class=\"mw-editsection-divider\"> | </span><a href=\"/wiki/Alastor_Moody%27s_spiders?action=edit&amp;section=2\" title=\"Edit section: Appearances\"><svg class=\"wds-icon wds-icon-tiny section-edit-pencil-icon\"><use xlink:href=\"#wds-icons-pencil-tiny\"></use></svg>edit source</a><span class=\"mw-editsection-bracket\">]</span></span></h2>\n<ul><li><i><a href=\"/wiki/Harry_Potter_and_the_Goblet_of_Fire\" title=\"Harry Potter and the Goblet of Fire\">Harry Potter and the Goblet of Fire</a></i> <small>(First appearance)</small></li>\n<li><i><a href=\"/wiki/Harry_Potter_and_the_Goblet_of_Fire_(film)\" title=\"Harry Potter and the Goblet of Fire (film)\">Harry Potter and the Goblet of Fire (film)</a></i></li>\n<li><i><a href=\"/wiki/Pottermore\" title=\"Pottermore\">Pottermore</a></i></li></ul>\n<h2><span class=\"mw-headline\" id=\"Notes_and_references\">Notes and references</span><span class=\"mw-editsection\"><span class=\"mw-editsection-bracket\">[</span><a href=\"/wiki/Alastor_Moody%27s_spiders?veaction=edit&amp;section=3\" class=\"mw-editsection-visualeditor\" title=\"Edit section: Notes and references\">edit</a><span class=\"mw-editsection-divider\"> | </span><a href=\"/wiki/Alastor_Moody%27s_spiders?action=edit&amp;section=3\" title=\"Edit section: Notes and references\"><svg class=\"wds-icon wds-icon-tiny section-edit-pencil-icon\"><use xlink:href=\"#wds-icons-pencil-tiny\"></use></svg>edit source</a><span class=\"mw-editsection-bracket\">]</span></span></h2>\n<div class=\"references-small\">\n<div class=\"mw-references-wrap\"><ol class=\"references\">\n<li id=\"cite_note-GOF14-1\"><span class=\"mw-cite-backlink\">\u2191 <sup><a href=\"#cite_ref-GOF14_1-0\">1.0</a></sup> <sup><a href=\"#cite_ref-GOF14_1-1\">1.1</a></sup> <sup><a href=\"#cite_ref-GOF14_1-2\">1.2</a></sup> <sup><a href=\"#cite_ref-GOF14_1-3\">1.3</a></sup></span> <span class=\"reference-text\"><i><a href=\"/wiki/Harry_Potter_and_the_Goblet_of_Fire\" title=\"Harry Potter and the Goblet of Fire\">Harry Potter and the Goblet of Fire</a></i>, Chapter 14 (<i>The Unforgivable Curses</i>)</span>\n</li>\n<li id=\"cite_note-GOFF-2\"><span class=\"mw-cite-backlink\">\u2191 <sup><a href=\"#cite_ref-GOFF_2-0\">2.0</a></sup> <sup><a href=\"#cite_ref-GOFF_2-1\">2.1</a></sup> <sup><a href=\"#cite_ref-GOFF_2-2\">2.2</a></sup> <sup><a href=\"#cite_ref-GOFF_2-3\">2.3</a></sup></span> <span class=\"reference-text\"><i><a href=\"/wiki/Harry_Potter_and_the_Goblet_of_Fire_(film)\" title=\"Harry Potter and the Goblet of Fire (film)\">Harry Potter and the Goblet of Fire (film)</a></i> - Chapter 7 (<i>The Unforgivable Curses</i>)</span>\n</li>\n</ol></div></div></div>"}]}}}}