{"batchcomplete": "", "warnings": {"main": {"*": "Subscribe to the mediawiki-api-announce mailing list at <https://lists.wikimedia.org/mailman/listinfo/mediawiki-api-announce> for notice of API deprecations and breaking changes."}, "revisions": {"*": "The parameter \"rvparse\" has been deprecated.\nBecause \"rvslots\" was not specified, a legacy format has been used for the output. This format is deprecated, and in the future the new format will always be used."}}, "query": {"normalized": [{"from": "Albert_Runcorn", "to": "Albert Runcorn"}], "pages": {"6294": {"pageid": 6294, "ns": 0, "title": "Albert Runcorn", "revisions": [{"*": "<div class=\"mw-parser-output\"><div class=\"notice metadata\" id=\"spoiler\" style=\"text-align: center; background: #DCDCDC; margin: 1em 05%; padding: 0 1em; border: #696969 1px solid;\">\n<p><b>\"Point me!\"</b>\n</p>\nThis article is about <b>the <a href=\"/wiki/British_Ministry_of_Magic\" title=\"British Ministry of Magic\">Ministry of Magic</a> employee</b>. You may be looking for <b>the <a href=\"/wiki/Hogwarts_School_of_Witchcraft_and_Wizardry\" title=\"Hogwarts School of Witchcraft and Wizardry\">Hogwarts</a> student, <a href=\"/wiki/Runcorn\" title=\"Runcorn\">Runcorn</a></b>.</div><p>\n<aside role=\"region\" class=\"portable-infobox pi-background pi-theme-mom pi-layout-default\">\n<figure class=\"pi-item pi-image\" data-source=\"image\">\n\t<a href=\"https://static.wikia.nocookie.net/harrypotter/images/6/6f/RuncornProfile.png/revision/latest?cb=20170103044334\" class=\"image image-thumbnail\"\n\t   title=\"\">\n\t\t<img src=\"https://static.wikia.nocookie.net/harrypotter/images/6/6f/RuncornProfile.png/revision/latest/scale-to-width-down/350?cb=20170103044334\" srcset=\"https://static.wikia.nocookie.net/harrypotter/images/6/6f/RuncornProfile.png/revision/latest/scale-to-width-down/350?cb=20170103044334 1x, https://static.wikia.nocookie.net/harrypotter/images/6/6f/RuncornProfile.png/revision/latest/scale-to-width-down/700?cb=20170103044334 2x\" class=\"pi-image-thumbnail\" alt=\"\" width=\"270\" height=\"360\"\n\t\t     data-image-key=\"RuncornProfile.png\" data-image-name=\"RuncornProfile.png\"/>\n\t\t\n\t</a>\n\t\n</figure>\n<section class=\"pi-item pi-group pi-border-color\">\n\t\n<h2 class=\"pi-item pi-item-spacing pi-title\" data-source=\"name\">Albert Runcorn</h2>\n\n</section>\n<section class=\"pi-item pi-group pi-border-color\">\n\t<h2 class=\"pi-item pi-header pi-secondary-font pi-item-spacing pi-secondary-background\">Biographical information</h2>\n\n<div class=\"pi-item pi-data pi-item-spacing pi-border-color\" data-source=\"born\">\n\t\n\t\t<h3 class=\"pi-data-label pi-secondary-font\">Born</h3>\n\t\n\t<div class=\"pi-data-value pi-font\">Pre <a href=\"/wiki/1980\" title=\"1980\">1980</a></div>\n</div>\n\n<div class=\"pi-item pi-data pi-item-spacing pi-border-color\" data-source=\"blood\">\n\t\n\t\t<h3 class=\"pi-data-label pi-secondary-font\">Blood status</h3>\n\t\n\t<div class=\"pi-data-value pi-font\"><a href=\"/wiki/Pure-blood\" title=\"Pure-blood\">Pure-blood</a> or <a href=\"/wiki/Half-blood\" title=\"Half-blood\">Half-blood</a><sup id=\"cite_ref-1\" class=\"reference\"><a href=\"#cite_note-1\">&#91;1&#93;</a></sup></div>\n</div>\n\n</section>\n<section class=\"pi-item pi-group pi-border-color\">\n\t<h2 class=\"pi-item pi-header pi-secondary-font pi-item-spacing pi-secondary-background\">Physical information</h2>\n\n<div class=\"pi-item pi-data pi-item-spacing pi-border-color\" data-source=\"species\">\n\t\n\t\t<h3 class=\"pi-data-label pi-secondary-font\">Species</h3>\n\t\n\t<div class=\"pi-data-value pi-font\"><a href=\"/wiki/Human\" title=\"Human\">Human</a><sup id=\"cite_ref-DH12_2-0\" class=\"reference\"><a href=\"#cite_note-DH12-2\">&#91;2&#93;</a></sup></div>\n</div>\n\n<div class=\"pi-item pi-data pi-item-spacing pi-border-color\" data-source=\"gender\">\n\t\n\t\t<h3 class=\"pi-data-label pi-secondary-font\">Gender</h3>\n\t\n\t<div class=\"pi-data-value pi-font\">Male<sup id=\"cite_ref-DH12_2-1\" class=\"reference\"><a href=\"#cite_note-DH12-2\">&#91;2&#93;</a></sup></div>\n</div>\n\n<div class=\"pi-item pi-data pi-item-spacing pi-border-color\" data-source=\"height\">\n\t\n\t\t<h3 class=\"pi-data-label pi-secondary-font\">Height</h3>\n\t\n\t<div class=\"pi-data-value pi-font\">Over 6'<sup id=\"cite_ref-DH12_2-2\" class=\"reference\"><a href=\"#cite_note-DH12-2\">&#91;2&#93;</a></sup></div>\n</div>\n\n<div class=\"pi-item pi-data pi-item-spacing pi-border-color\" data-source=\"hair\">\n\t\n\t\t<h3 class=\"pi-data-label pi-secondary-font\">Hair colour</h3>\n\t\n\t<div class=\"pi-data-value pi-font\">Black<sup id=\"cite_ref-DH12_2-3\" class=\"reference\"><a href=\"#cite_note-DH12-2\">&#91;2&#93;</a></sup></div>\n</div>\n\n</section>\n<section class=\"pi-item pi-group pi-border-color\">\n\t<h2 class=\"pi-item pi-header pi-secondary-font pi-item-spacing pi-secondary-background\">Relationship information</h2>\n\n<div class=\"pi-item pi-data pi-item-spacing pi-border-color\" data-source=\"family\">\n\t\n\t\t<h3 class=\"pi-data-label pi-secondary-font\">Family members</h3>\n\t\n\t<div class=\"pi-data-value pi-font\"><a href=\"/wiki/Runcorn\" title=\"Runcorn\">Runcorn</a> <span class=\"template-c\">(possibly)</span></div>\n</div>\n\n</section>\n<section class=\"pi-item pi-group pi-border-color\">\n\t<h2 class=\"pi-item pi-header pi-secondary-font pi-item-spacing pi-secondary-background\">Magical characteristics</h2>\n\n<div class=\"pi-item pi-data pi-item-spacing pi-border-color\" data-source=\"patronus\">\n\t\n\t\t<h3 class=\"pi-data-label pi-secondary-font\">Patronus</h3>\n\t\n\t<div class=\"pi-data-value pi-font\">Non-corporeal<sup id=\"cite_ref-LEGOY2_3-0\" class=\"reference\"><a href=\"#cite_note-LEGOY2-3\">&#91;3&#93;</a></sup></div>\n</div>\n\n</section>\n<section class=\"pi-item pi-group pi-border-color\">\n\t<h2 class=\"pi-item pi-header pi-secondary-font pi-item-spacing pi-secondary-background\">Affiliation</h2>\n\n<div class=\"pi-item pi-data pi-item-spacing pi-border-color\" data-source=\"loyalty\">\n\t\n\t\t<h3 class=\"pi-data-label pi-secondary-font\">Loyalty</h3>\n\t\n\t<div class=\"pi-data-value pi-font\"><ul><li><a href=\"/wiki/Runcorn_family\" title=\"Runcorn family\">Runcorn family</a></li><li><a href=\"/wiki/British_Ministry_of_Magic\" title=\"British Ministry of Magic\">British Ministry of Magic</a><ul><li><a href=\"/wiki/Muggle-Born_Registration_Commission\" title=\"Muggle-Born Registration Commission\">Muggle-Born Registration Commission</a></li></ul></li><li><a href=\"/wiki/Death_Eaters\" title=\"Death Eaters\">Death Eaters</a> <span class=\"template-c\">(indirectly)</span></li></ul></div>\n</div>\n\n</section>\n<nav class=\"pi-navigation pi-item-spacing pi-secondary-background pi-secondary-font\"><small><a href=\"/wiki/Template:Individual_infobox\" title=\"Template:Individual infobox\">[Source]</a><span class=\"hidable-button\"></span></small></nav>\n</aside>\n\n</p><div class=\"quote\">\n<dl><dd><span title=\"Source:&#160;Harry Potter and the Deathly Hallows\">\"<i>Apparently the man whom Harry was impersonating, Runcorn, was intimidating.  </i>\"</span></dd>\n<dd>&#8212;Runcorn's physical and outwappearance<sup class=\"noprint\"><a href=\"/wiki/Harry_Potter_and_the_Deathly_Hallows\" title=\"Harry Potter and the Deathly Hallows\">[src]</a></sup></dd>\n<dd></dd></dl></div><p><b>Albert Runcorn</b> was a <a href=\"/wiki/Pure-blood\" title=\"Pure-blood\">pure-blood</a> <a href=\"/wiki/Wizardkind\" title=\"Wizardkind\">wizard</a> and high ranking <a href=\"/wiki/British_Ministry_of_Magic\" title=\"British Ministry of Magic\">Ministry of Magic</a> official during the administration of <a href=\"/wiki/Pius_Thicknesse\" title=\"Pius Thicknesse\">Pius Thicknesse</a>. His chief function was an investigator of alleged <a href=\"/wiki/Muggle-born\" title=\"Muggle-born\">Muggle-borns</a>. In this capacity, he uncovered the falsified family tree \u2014 and thus the <a href=\"/wiki/Non-magic_people\" title=\"Non-magic people\">Muggle</a> ancestry of <a href=\"/wiki/Dirk_Cresswell\" title=\"Dirk Cresswell\">Dirk Cresswell</a>. After <a href=\"/wiki/Tom_Riddle\" title=\"Tom Riddle\">Voldemort's</a> rule of the Ministry fell and <a href=\"/wiki/Dolores_Umbridge\" title=\"Dolores Umbridge\">Dolores Umbridge</a> was imprisoned, Runcorn may also have been sent to <a href=\"/wiki/Azkaban\" title=\"Azkaban\">Azkaban</a> for his crimes against Muggle-borns, though his fate is currently unknown.\n</p><div id=\"toc\" class=\"toc\"><input type=\"checkbox\" role=\"button\" id=\"toctogglecheckbox\" class=\"toctogglecheckbox\" style=\"display:none\" /><div class=\"toctitle\" lang=\"en\" dir=\"ltr\"><h2>Contents</h2><span class=\"toctogglespan\"><label class=\"toctogglelabel\" for=\"toctogglecheckbox\"></label></span></div>\n<ul>\n<li class=\"toclevel-1 tocsection-1\"><a href=\"#Biography\"><span class=\"tocnumber\">1</span> <span class=\"toctext\">Biography</span></a>\n<ul>\n<li class=\"toclevel-2 tocsection-2\"><a href=\"#Early_life\"><span class=\"tocnumber\">1.1</span> <span class=\"toctext\">Early life</span></a></li>\n<li class=\"toclevel-2 tocsection-3\"><a href=\"#Death_Eater_control_of_the_Ministry\"><span class=\"tocnumber\">1.2</span> <span class=\"toctext\">Death Eater control of the Ministry</span></a></li>\n<li class=\"toclevel-2 tocsection-4\"><a href=\"#Harry_Potter.27s_infiltration_of_the_Ministry\"><span class=\"tocnumber\">1.3</span> <span class=\"toctext\">Harry Potter's infiltration of the Ministry</span></a></li>\n<li class=\"toclevel-2 tocsection-5\"><a href=\"#Later_Life\"><span class=\"tocnumber\">1.4</span> <span class=\"toctext\">Later Life</span></a></li>\n</ul>\n</li>\n<li class=\"toclevel-1 tocsection-6\"><a href=\"#Physical_appearance\"><span class=\"tocnumber\">2</span> <span class=\"toctext\">Physical appearance</span></a></li>\n<li class=\"toclevel-1 tocsection-7\"><a href=\"#Personality_and_traits\"><span class=\"tocnumber\">3</span> <span class=\"toctext\">Personality and traits</span></a></li>\n<li class=\"toclevel-1 tocsection-8\"><a href=\"#Relationships\"><span class=\"tocnumber\">4</span> <span class=\"toctext\">Relationships</span></a>\n<ul>\n<li class=\"toclevel-2 tocsection-9\"><a href=\"#Arthur_Weasley\"><span class=\"tocnumber\">4.1</span> <span class=\"toctext\">Arthur Weasley</span></a></li>\n<li class=\"toclevel-2 tocsection-10\"><a href=\"#Dolores_Umbridge\"><span class=\"tocnumber\">4.2</span> <span class=\"toctext\">Dolores Umbridge</span></a></li>\n<li class=\"toclevel-2 tocsection-11\"><a href=\"#Corban_Yaxley\"><span class=\"tocnumber\">4.3</span> <span class=\"toctext\">Corban Yaxley</span></a></li>\n</ul>\n</li>\n<li class=\"toclevel-1 tocsection-12\"><a href=\"#Etymology\"><span class=\"tocnumber\">5</span> <span class=\"toctext\">Etymology</span></a></li>\n<li class=\"toclevel-1 tocsection-13\"><a href=\"#Behind_the_scenes\"><span class=\"tocnumber\">6</span> <span class=\"toctext\">Behind the scenes</span></a></li>\n<li class=\"toclevel-1 tocsection-14\"><a href=\"#Appearances\"><span class=\"tocnumber\">7</span> <span class=\"toctext\">Appearances</span></a></li>\n<li class=\"toclevel-1 tocsection-15\"><a href=\"#Notes_and_references\"><span class=\"tocnumber\">8</span> <span class=\"toctext\">Notes and references</span></a></li>\n</ul>\n</div>\n\n<h2><span class=\"mw-headline\" id=\"Biography\">Biography</span><span class=\"mw-editsection\"><span class=\"mw-editsection-bracket\">[</span><a href=\"/wiki/Albert_Runcorn?veaction=edit&amp;section=1\" class=\"mw-editsection-visualeditor\" title=\"Edit section: Biography\">edit</a><span class=\"mw-editsection-divider\"> | </span><a href=\"/wiki/Albert_Runcorn?action=edit&amp;section=1\" title=\"Edit section: Biography\"><svg class=\"wds-icon wds-icon-tiny section-edit-pencil-icon\"><use xlink:href=\"#wds-icons-pencil-tiny\"></use></svg>edit source</a><span class=\"mw-editsection-bracket\">]</span></span></h2>\n<h3><span class=\"mw-headline\" id=\"Early_life\">Early life</span><span class=\"mw-editsection\"><span class=\"mw-editsection-bracket\">[</span><a href=\"/wiki/Albert_Runcorn?veaction=edit&amp;section=2\" class=\"mw-editsection-visualeditor\" title=\"Edit section: Early life\">edit</a><span class=\"mw-editsection-divider\"> | </span><a href=\"/wiki/Albert_Runcorn?action=edit&amp;section=2\" title=\"Edit section: Early life\"><svg class=\"wds-icon wds-icon-tiny section-edit-pencil-icon\"><use xlink:href=\"#wds-icons-pencil-tiny\"></use></svg>edit source</a><span class=\"mw-editsection-bracket\">]</span></span></h3>\n<p>It is unknown where Runcorn was born, but it is expected that he joined the Ministry of Magic and eventually attained a position of power.\n</p>\n<h3><span class=\"mw-headline\" id=\"Death_Eater_control_of_the_Ministry\">Death Eater control of the Ministry</span><span class=\"mw-editsection\"><span class=\"mw-editsection-bracket\">[</span><a href=\"/wiki/Albert_Runcorn?veaction=edit&amp;section=3\" class=\"mw-editsection-visualeditor\" title=\"Edit section: Death Eater control of the Ministry\">edit</a><span class=\"mw-editsection-divider\"> | </span><a href=\"/wiki/Albert_Runcorn?action=edit&amp;section=3\" title=\"Edit section: Death Eater control of the Ministry\"><svg class=\"wds-icon wds-icon-tiny section-edit-pencil-icon\"><use xlink:href=\"#wds-icons-pencil-tiny\"></use></svg>edit source</a><span class=\"mw-editsection-bracket\">]</span></span></h3>\n<figure class=\"thumb tleft show-info-icon\" style=\"width: 252px\"> \t<a href=\"https://static.wikia.nocookie.net/harrypotter/images/e/eb/Runcorn23.jpg/revision/latest?cb=20150816121911\" class=\"image\"><img alt=\"\" src=\"https://static.wikia.nocookie.net/harrypotter/images/e/eb/Runcorn23.jpg/revision/latest/scale-to-width-down/250?cb=20150816121911\" decoding=\"async\" width=\"250\" height=\"104\" class=\"thumbimage\" data-image-name=\"Runcorn23.jpg\" data-image-key=\"Runcorn23.jpg\" /></a> \t \t<figcaption class=\"thumbcaption\"> \t\t \t\t\t<a href=\"/wiki/File:Runcorn23.jpg\" class=\"info-icon\"><svg><use xlink:href=\"#wds-icons-info-small\"></use></svg></a> \t\t \t\t \t\t \t\t\t<p class=\"caption\">Albert Runcorn and Dolores Umbridge were two high-ranking members of the Ministry after it was taken over by Voldemort</p> \t\t \t</figcaption> </figure>\n<p>After <a href=\"/wiki/Rufus_Scrimgeour\" title=\"Rufus Scrimgeour\">Rufus Scrimgeour</a> was murdered by Voldemort on <a href=\"/wiki/1_August\" title=\"1 August\">1 August</a>, <a href=\"/wiki/1997\" title=\"1997\">1997</a>, the Ministry of Magic <a href=\"/wiki/Fall_of_the_Ministry_of_Magic\" title=\"Fall of the Ministry of Magic\">fell</a> and become controlled by <a href=\"/wiki/Tom_Riddle\" title=\"Tom Riddle\">Lord Voldemort</a> and his <a href=\"/wiki/Death_Eaters\" title=\"Death Eaters\">Death Eaters</a>.<sup id=\"cite_ref-DH8_4-0\" class=\"reference\"><a href=\"#cite_note-DH8-4\">&#91;4&#93;</a></sup> During <a href=\"/wiki/Pius_Thicknesse\" title=\"Pius Thicknesse\">Pius Thicknesse</a>'s administration of the Ministry of Magic, Runcorn informed on Muggle-borns to the Ministry of Magic, subsequently leading to their arrest and <a href=\"/wiki/Azkaban\" title=\"Azkaban\">imprisonment</a>. It is uncertain whether he was actively in Voldemort's camp, or was simply making use of the upheaval to advance his own aims within the Ministry as <a href=\"/wiki/Dolores_Umbridge\" title=\"Dolores Umbridge\">Dolores Umbridge</a> was doing. He did not necessarily have to be a <a href=\"/wiki/Death_Eaters\" title=\"Death Eaters\">Death Eater</a> in order to pose as one, nor to do their bidding. \n</p>\n<h3><span id=\"Harry_Potter's_infiltration_of_the_Ministry\"></span><span class=\"mw-headline\" id=\"Harry_Potter.27s_infiltration_of_the_Ministry\">Harry Potter's infiltration of the Ministry</span><span class=\"mw-editsection\"><span class=\"mw-editsection-bracket\">[</span><a href=\"/wiki/Albert_Runcorn?veaction=edit&amp;section=4\" class=\"mw-editsection-visualeditor\" title=\"Edit section: Harry Potter&#039;s infiltration of the Ministry\">edit</a><span class=\"mw-editsection-divider\"> | </span><a href=\"/wiki/Albert_Runcorn?action=edit&amp;section=4\" title=\"Edit section: Harry Potter&#039;s infiltration of the Ministry\"><svg class=\"wds-icon wds-icon-tiny section-edit-pencil-icon\"><use xlink:href=\"#wds-icons-pencil-tiny\"></use></svg>edit source</a><span class=\"mw-editsection-bracket\">]</span></span></h3>\n<dl><dd><div class=\"noprint\"><i>Main article&#58; <a href=\"/wiki/Infiltration_of_the_Ministry_of_Magic\" title=\"Infiltration of the Ministry of Magic\">Infiltration of the Ministry of Magic</a></i></div></dd></dl>\n<figure class=\"thumb tright show-info-icon\" style=\"width: 251px\"> \t<a href=\"https://static.wikia.nocookie.net/harrypotter/images/5/54/Infiltration.png/revision/latest?cb=20160812020055\" class=\"image\"><img alt=\"\" src=\"https://static.wikia.nocookie.net/harrypotter/images/5/54/Infiltration.png/revision/latest/scale-to-width-down/249?cb=20160812020055\" decoding=\"async\" width=\"249\" height=\"115\" class=\"thumbimage\" data-image-name=\"Infiltration.png\" data-image-key=\"Infiltration.png\" /></a> \t \t<figcaption class=\"thumbcaption\"> \t\t \t\t\t<a href=\"/wiki/File:Infiltration.png\" class=\"info-icon\"><svg><use xlink:href=\"#wds-icons-info-small\"></use></svg></a> \t\t \t\t \t\t \t\t\t<p class=\"caption\">Harry (centre) disguised as Runcorn, with Hermione (left) as <a href=\"/wiki/Mafalda_Hopkirk\" title=\"Mafalda Hopkirk\">Mafalda Hopkirk</a> and Ron (right) as <a href=\"/wiki/Reginald_Cattermole\" title=\"Reginald Cattermole\">Reginald Cattermole</a></p> \t\t \t</figcaption> </figure>\n<p>In <a href=\"/wiki/1997\" title=\"1997\">1997</a>, <a href=\"/wiki/Harry_Potter\" title=\"Harry Potter\">Harry Potter</a> impersonated Runcorn (who he learned was apparently quite senior in the Ministry) when he, <a href=\"/wiki/Hermione_Granger\" title=\"Hermione Granger\">Hermione Granger</a>, and <a href=\"/wiki/Ronald_Weasley\" title=\"Ronald Weasley\">Ron Weasley</a> <a href=\"/wiki/Infiltration_of_the_Ministry_of_Magic\" title=\"Infiltration of the Ministry of Magic\">infiltrated the Ministry</a> in order to recover <a href=\"/wiki/Salazar_Slytherin%27s_Locket\" class=\"mw-redirect\" title=\"Salazar Slytherin&#39;s Locket\">Salazar Slytherin's Locket</a>, one of Voldemort's <a href=\"/wiki/Horcrux\" title=\"Horcrux\">Horcruxes</a>. The <a href=\"/wiki/Polyjuice_Potion\" title=\"Polyjuice Potion\">Polyjuice Potion</a> used to achieve this impersonation was made with Runcorn's <a href=\"/wiki/Human_hair\" title=\"Human hair\">hair</a>. Harry became a fake Runcorn and used the disguise to gain access to the Ministry.<sup id=\"cite_ref-DH12_2-4\" class=\"reference\"><a href=\"#cite_note-DH12-2\">&#91;2&#93;</a></sup>\n</p><p>\nOnce in the ministry, a wizard who bumped into him in the <a href=\"/wiki/Atrium\" title=\"Atrium\">Atrium</a> apologised and rushed away, and the Minister for Magic, Pius Thicknesse, addressed him familiarly as \"Albert.\" At one point, Harry, as Runcorn, was sharing an elevator with an unnamed wizard who apparently was applauding Runcorn's revelation of the Muggle ancestry of Dirk Cresswell, and trying to grease his way into the position that Dirk had been ousted from. Later, in another elevator, <a href=\"/wiki/Arthur_Weasley\" title=\"Arthur Weasley\">Arthur Weasley</a> told \"Runcorn\" that this revelation of Cresswell's background was the sort of thing that would get him (Runcorn) into trouble.<sup id=\"cite_ref-DH13_5-0\" class=\"reference\"><a href=\"#cite_note-DH13-5\">&#91;5&#93;</a></sup></p><figure class=\"thumb tleft show-info-icon\" style=\"width: 252px\"> \t<a href=\"https://static.wikia.nocookie.net/harrypotter/images/9/9f/Potter_as_Runcorn_Patronus_Pottermore.jpg/revision/latest?cb=20150624175739\" class=\"image\"><img alt=\"\" src=\"https://static.wikia.nocookie.net/harrypotter/images/9/9f/Potter_as_Runcorn_Patronus_Pottermore.jpg/revision/latest/scale-to-width-down/250?cb=20150624175739\" decoding=\"async\" width=\"250\" height=\"112\" class=\"thumbimage\" data-image-name=\"Potter as Runcorn Patronus Pottermore.jpg\" data-image-key=\"Potter_as_Runcorn_Patronus_Pottermore.jpg\" /></a> \t \t<figcaption class=\"thumbcaption\"> \t\t \t\t\t<a href=\"/wiki/File:Potter_as_Runcorn_Patronus_Pottermore.jpg\" class=\"info-icon\"><svg><use xlink:href=\"#wds-icons-info-small\"></use></svg></a> \t\t \t\t \t\t \t\t\t<p class=\"caption\">Harry Potter as Albert Runcorn at Muggle-Born Registration Commission hearing</p> \t\t \t</figcaption> </figure>\n<p>Harry, disguised as Runcorn, with the assistance of Hermione Granger (disguised as <a href=\"/wiki/Mafalda_Hopkirk\" title=\"Mafalda Hopkirk\">Mafalda Hopkirk</a>) and Ron Weasley (disguised as <a href=\"/wiki/Reginald_Cattermole\" title=\"Reginald Cattermole\">Reginald Cattermole</a>), helped the Muggle-born witch <a href=\"/wiki/Mary_Cattermole\" title=\"Mary Cattermole\">Mary Cattermole</a> escape her trial before the Muggle-Born Registration Commission headed by Dolores Umbridge, as well as obtaining the locket and helping Mary and the real Reginald Cattermole escape with their children.<sup id=\"cite_ref-DH13_5-1\" class=\"reference\"><a href=\"#cite_note-DH13-5\">&#91;5&#93;</a></sup>\n</p><p>It is possible that he took part in the <a href=\"/wiki/Battle_of_Hogwarts\" title=\"Battle of Hogwarts\">Battle of Hogwarts</a>, though it is unconfirmed.\n</p>\n<h3><span class=\"mw-headline\" id=\"Later_Life\">Later Life</span><span class=\"mw-editsection\"><span class=\"mw-editsection-bracket\">[</span><a href=\"/wiki/Albert_Runcorn?veaction=edit&amp;section=5\" class=\"mw-editsection-visualeditor\" title=\"Edit section: Later Life\">edit</a><span class=\"mw-editsection-divider\"> | </span><a href=\"/wiki/Albert_Runcorn?action=edit&amp;section=5\" title=\"Edit section: Later Life\"><svg class=\"wds-icon wds-icon-tiny section-edit-pencil-icon\"><use xlink:href=\"#wds-icons-pencil-tiny\"></use></svg>edit source</a><span class=\"mw-editsection-bracket\">]</span></span></h3>\n<p>After <a href=\"/wiki/Tom_Riddle\" title=\"Tom Riddle\">Lord Voldemort</a>'s rule of the Ministry fell and Dolores Umbridge was imprisoned, Runcorn may also have been sent to <a href=\"/wiki/Azkaban\" title=\"Azkaban\">Azkaban</a> for his crimes, though his fate is unknown.\n</p>\n<h2><span class=\"mw-headline\" id=\"Physical_appearance\">Physical appearance</span><span class=\"mw-editsection\"><span class=\"mw-editsection-bracket\">[</span><a href=\"/wiki/Albert_Runcorn?veaction=edit&amp;section=6\" class=\"mw-editsection-visualeditor\" title=\"Edit section: Physical appearance\">edit</a><span class=\"mw-editsection-divider\"> | </span><a href=\"/wiki/Albert_Runcorn?action=edit&amp;section=6\" title=\"Edit section: Physical appearance\"><svg class=\"wds-icon wds-icon-tiny section-edit-pencil-icon\"><use xlink:href=\"#wds-icons-pencil-tiny\"></use></svg>edit source</a><span class=\"mw-editsection-bracket\">]</span></span></h2>\n<p>Runcorn was described as more than six feet tall, and powerfully built, with a black beard and a gravelly voice. It was said that he was very intimidating to the likes of Reginald Cattermole.<sup id=\"cite_ref-DH12_2-5\" class=\"reference\"><a href=\"#cite_note-DH12-2\">&#91;2&#93;</a></sup>\n</p>\n<h2><span class=\"mw-headline\" id=\"Personality_and_traits\">Personality and traits</span><span class=\"mw-editsection\"><span class=\"mw-editsection-bracket\">[</span><a href=\"/wiki/Albert_Runcorn?veaction=edit&amp;section=7\" class=\"mw-editsection-visualeditor\" title=\"Edit section: Personality and traits\">edit</a><span class=\"mw-editsection-divider\"> | </span><a href=\"/wiki/Albert_Runcorn?action=edit&amp;section=7\" title=\"Edit section: Personality and traits\"><svg class=\"wds-icon wds-icon-tiny section-edit-pencil-icon\"><use xlink:href=\"#wds-icons-pencil-tiny\"></use></svg>edit source</a><span class=\"mw-editsection-bracket\">]</span></span></h2>\n<p>Runcorn was very high in the Ministry and had apparently done things that were underhanded in order to achieve his rank. There were wizards who were frightened of him,<sup id=\"cite_ref-DH12_2-6\" class=\"reference\"><a href=\"#cite_note-DH12-2\">&#91;2&#93;</a></sup> wizards who were toadying up to him to try and catch a ride on his coattails, wizards secure in their ancestry who were coldly furious at his tactics, and the upper echelons who treated him, apparently, as a near equal.<sup id=\"cite_ref-DH13_5-2\" class=\"reference\"><a href=\"#cite_note-DH13-5\">&#91;5&#93;</a></sup>\n</p>\n<h2><span class=\"mw-headline\" id=\"Relationships\">Relationships</span><span class=\"mw-editsection\"><span class=\"mw-editsection-bracket\">[</span><a href=\"/wiki/Albert_Runcorn?veaction=edit&amp;section=8\" class=\"mw-editsection-visualeditor\" title=\"Edit section: Relationships\">edit</a><span class=\"mw-editsection-divider\"> | </span><a href=\"/wiki/Albert_Runcorn?action=edit&amp;section=8\" title=\"Edit section: Relationships\"><svg class=\"wds-icon wds-icon-tiny section-edit-pencil-icon\"><use xlink:href=\"#wds-icons-pencil-tiny\"></use></svg>edit source</a><span class=\"mw-editsection-bracket\">]</span></span></h2>\n<h3><span class=\"mw-headline\" id=\"Arthur_Weasley\">Arthur Weasley</span><span class=\"mw-editsection\"><span class=\"mw-editsection-bracket\">[</span><a href=\"/wiki/Albert_Runcorn?veaction=edit&amp;section=9\" class=\"mw-editsection-visualeditor\" title=\"Edit section: Arthur Weasley\">edit</a><span class=\"mw-editsection-divider\"> | </span><a href=\"/wiki/Albert_Runcorn?action=edit&amp;section=9\" title=\"Edit section: Arthur Weasley\"><svg class=\"wds-icon wds-icon-tiny section-edit-pencil-icon\"><use xlink:href=\"#wds-icons-pencil-tiny\"></use></svg>edit source</a><span class=\"mw-editsection-bracket\">]</span></span></h3>\n<p>Runcorn and Arthur Weasley worked at the Ministry of Magic together, and did not get along very well. This was due to the fact that Mr Weasley did not approve of Runcorn's persecution of Muggle-borns.<sup id=\"cite_ref-DH13_5-3\" class=\"reference\"><a href=\"#cite_note-DH13-5\">&#91;5&#93;</a></sup>\n</p>\n<h3><span class=\"mw-headline\" id=\"Dolores_Umbridge\">Dolores Umbridge</span><span class=\"mw-editsection\"><span class=\"mw-editsection-bracket\">[</span><a href=\"/wiki/Albert_Runcorn?veaction=edit&amp;section=10\" class=\"mw-editsection-visualeditor\" title=\"Edit section: Dolores Umbridge\">edit</a><span class=\"mw-editsection-divider\"> | </span><a href=\"/wiki/Albert_Runcorn?action=edit&amp;section=10\" title=\"Edit section: Dolores Umbridge\"><svg class=\"wds-icon wds-icon-tiny section-edit-pencil-icon\"><use xlink:href=\"#wds-icons-pencil-tiny\"></use></svg>edit source</a><span class=\"mw-editsection-bracket\">]</span></span></h3>\n<p>Dolores Umbridge and Runcorn were colleagues, working in close proximity with each other during the <a href=\"/wiki/Second_Wizarding_War\" title=\"Second Wizarding War\">Second Wizarding War</a>. Although Umbridge was Runcorn's superior, they got along quite well as they had similar opinions concerning Muggle-born witches and wizards. Despite this Harry doubted (while disguised as Runcorn) that he would be able to get away with interrupting a trial, suggesting that his power was somewhat limited.<sup id=\"cite_ref-DH13_5-4\" class=\"reference\"><a href=\"#cite_note-DH13-5\">&#91;5&#93;</a></sup>\n</p>\n<h3><span class=\"mw-headline\" id=\"Corban_Yaxley\">Corban Yaxley</span><span class=\"mw-editsection\"><span class=\"mw-editsection-bracket\">[</span><a href=\"/wiki/Albert_Runcorn?veaction=edit&amp;section=11\" class=\"mw-editsection-visualeditor\" title=\"Edit section: Corban Yaxley\">edit</a><span class=\"mw-editsection-divider\"> | </span><a href=\"/wiki/Albert_Runcorn?action=edit&amp;section=11\" title=\"Edit section: Corban Yaxley\"><svg class=\"wds-icon wds-icon-tiny section-edit-pencil-icon\"><use xlink:href=\"#wds-icons-pencil-tiny\"></use></svg>edit source</a><span class=\"mw-editsection-bracket\">]</span></span></h3>\n<p><a href=\"/wiki/Corban_Yaxley\" title=\"Corban Yaxley\">Corban Yaxley</a>, a Death Eater, seemed to like or at least respect Runcorn for his role is persecuting muggle-borns in the Death Eater ruled Ministry.<sup id=\"cite_ref-DH13_5-5\" class=\"reference\"><a href=\"#cite_note-DH13-5\">&#91;5&#93;</a></sup> This is especially notable as Yaxley was quite rude or cruel to most other employees, and even fellow Death Eaters on occasion.\n</p>\n<h2><span class=\"mw-headline\" id=\"Etymology\">Etymology</span><span class=\"mw-editsection\"><span class=\"mw-editsection-bracket\">[</span><a href=\"/wiki/Albert_Runcorn?veaction=edit&amp;section=12\" class=\"mw-editsection-visualeditor\" title=\"Edit section: Etymology\">edit</a><span class=\"mw-editsection-divider\"> | </span><a href=\"/wiki/Albert_Runcorn?action=edit&amp;section=12\" title=\"Edit section: Etymology\"><svg class=\"wds-icon wds-icon-tiny section-edit-pencil-icon\"><use xlink:href=\"#wds-icons-pencil-tiny\"></use></svg>edit source</a><span class=\"mw-editsection-bracket\">]</span></span></h2>\n<ul><li>Albert is derived from the Germanic words <i>adal</i>, meaning \"noble\", and <i>beraht</i>, meaning \"bright\".</li>\n<li><a href=\"http://en.wikipedia.org/wiki/Runcorn\" class=\"extiw\" title=\"wikipedia:Runcorn\">Runcorn</a> is a town and cargo port within the borough of Halton in Cheshire, <a href=\"/wiki/England\" title=\"England\">England</a>.</li></ul>\n<h2><span class=\"mw-headline\" id=\"Behind_the_scenes\">Behind the scenes</span><span class=\"mw-editsection\"><span class=\"mw-editsection-bracket\">[</span><a href=\"/wiki/Albert_Runcorn?veaction=edit&amp;section=13\" class=\"mw-editsection-visualeditor\" title=\"Edit section: Behind the scenes\">edit</a><span class=\"mw-editsection-divider\"> | </span><a href=\"/wiki/Albert_Runcorn?action=edit&amp;section=13\" title=\"Edit section: Behind the scenes\"><svg class=\"wds-icon wds-icon-tiny section-edit-pencil-icon\"><use xlink:href=\"#wds-icons-pencil-tiny\"></use></svg>edit source</a><span class=\"mw-editsection-bracket\">]</span></span></h2>\n<figure class=\"thumb tright show-info-icon\" style=\"width: 182px\"> \t<a href=\"https://static.wikia.nocookie.net/harrypotter/images/3/35/LEGO_Runcorn.png/revision/latest?cb=20111227153747\" class=\"image\"><img alt=\"\" src=\"data:image/gif;base64,R0lGODlhAQABAIABAAAAAP///yH5BAEAAAEALAAAAAABAAEAQAICTAEAOw%3D%3D\" decoding=\"async\" width=\"180\" height=\"151\" class=\"thumbimage lazyload\" data-image-name=\"LEGO Runcorn.png\" data-image-key=\"LEGO_Runcorn.png\" data-src=\"https://static.wikia.nocookie.net/harrypotter/images/3/35/LEGO_Runcorn.png/revision/latest/scale-to-width-down/180?cb=20111227153747\" /></a> \t<noscript><a href=\"https://static.wikia.nocookie.net/harrypotter/images/3/35/LEGO_Runcorn.png/revision/latest?cb=20111227153747\" class=\"image\"><img alt=\"\" src=\"https://static.wikia.nocookie.net/harrypotter/images/3/35/LEGO_Runcorn.png/revision/latest/scale-to-width-down/180?cb=20111227153747\" decoding=\"async\" width=\"180\" height=\"151\" class=\"thumbimage\" data-image-name=\"LEGO Runcorn.png\" data-image-key=\"LEGO_Runcorn.png\" data-src=\"https://static.wikia.nocookie.net/harrypotter/images/3/35/LEGO_Runcorn.png/revision/latest/scale-to-width-down/180?cb=20111227153747\" /></a></noscript> \t<figcaption class=\"thumbcaption\"> \t\t \t\t\t<a href=\"/wiki/File:LEGO_Runcorn.png\" class=\"info-icon\"><svg><use xlink:href=\"#wds-icons-info-small\"></use></svg></a> \t\t \t\t \t\t \t\t\t<p class=\"caption\">Runcorn as a LEGO minifigure in <i><a href=\"/wiki/LEGO_Harry_Potter:_Years_5-7\" title=\"LEGO Harry Potter: Years 5-7\">LEGO Harry Potter: Years 5-7</a></i></p> \t\t \t</figcaption> </figure>\n<ul><li>The real Runcorn only appears twice in the film adaptation, once when <a href=\"/wiki/Pius_Thicknesse\" title=\"Pius Thicknesse\">Pius Thicknesse</a> gives a speech in the Atrium, and again before Harry transforms into him using the Polyjuice Potion. He has no speaking lines in the film.</li>\n<li>Albert Runcorn is portrayed by <a href=\"/wiki/Scotland\" title=\"Scotland\">Scottish</a> actor <a href=\"/wiki/David_O%27Hara\" title=\"David O&#39;Hara\">David O'Hara</a> in <i><a href=\"/wiki/Harry_Potter_and_the_Deathly_Hallows:_Part_1\" title=\"Harry Potter and the Deathly Hallows: Part 1\">Harry Potter and the Deathly Hallows: Part 1</a></i>.<sup id=\"cite_ref-6\" class=\"reference\"><a href=\"#cite_note-6\">&#91;6&#93;</a></sup></li>\n<li>Runcorn sports a very light stubble in the film, but in the book, he has a full beard.</li>\n<li>Albert's hair is described as being somewhat curly in the book, but in the film his hair is straight. It may have been in the films that the hair was so short it was unable to curl, as Runcorn was seen with a military-style \"buzz cut\".</li>\n<li>The book says that Albert is more than 6 feet tall, yet he doesn't appear to be quite that tall in the <i>Deathly Hallows Part 1</i> film. Also Albert is clearly shorter than Reg Cattermole who is much shorter than him in the book.</li>\n<li>The outfit which Runcorn wears in the <a href=\"/wiki/Harry_Potter_and_the_Deathly_Hallows:_Part_1\" title=\"Harry Potter and the Deathly Hallows: Part 1\">film adaptation</a> of <i><a href=\"/wiki/Harry_Potter_and_the_Deathly_Hallows\" title=\"Harry Potter and the Deathly Hallows\">Harry Potter and the Deathly Hallows</a></i>, is in line with the totalitarian imagery of the film. The leather trench coat when combined with Runcorn's duties and demeanour give him the appearance of a Cheka or Gestapo operative.</li></ul>\n<h2><span class=\"mw-headline\" id=\"Appearances\">Appearances</span><span class=\"mw-editsection\"><span class=\"mw-editsection-bracket\">[</span><a href=\"/wiki/Albert_Runcorn?veaction=edit&amp;section=14\" class=\"mw-editsection-visualeditor\" title=\"Edit section: Appearances\">edit</a><span class=\"mw-editsection-divider\"> | </span><a href=\"/wiki/Albert_Runcorn?action=edit&amp;section=14\" title=\"Edit section: Appearances\"><svg class=\"wds-icon wds-icon-tiny section-edit-pencil-icon\"><use xlink:href=\"#wds-icons-pencil-tiny\"></use></svg>edit source</a><span class=\"mw-editsection-bracket\">]</span></span></h2>\n<div class=\"noprint\" style=\"float: right; clear: right; margin-top: 2px; margin-left: 2px; margin-bottom: 2px; background-color: #D8E9FC; text-align: left; font-size: 90%; width: 250px;\"><span class=\"rtop\" style=\"\"><span class=\"r1\" style=\"background: #D8E9FC\"></span><span class=\"r2\" style=\"background: #D8E9FC\"></span><span class=\"r3\" style=\"background: #D8E9FC\"></span><span class=\"r4\" style=\"background: #D8E9FC\"></span></span><div style=\"float:left; margin-left: 5px;\"><a href=\"https://static.wikia.nocookie.net/harrypotter/images/b/bc/Wiki.png/revision/latest?cb=20091217124448\" class=\"image\"><img alt=\"Wiki.png\" src=\"data:image/gif;base64,R0lGODlhAQABAIABAAAAAP///yH5BAEAAAEALAAAAAABAAEAQAICTAEAOw%3D%3D\" decoding=\"async\" width=\"35\" height=\"21\" data-image-name=\"Wiki.png\" data-image-key=\"Wiki.png\" data-src=\"https://static.wikia.nocookie.net/harrypotter/images/b/bc/Wiki.png/revision/latest/scale-to-width-down/35?cb=20091217124448\" class=\"lazyload\" /></a></div><div style=\"margin-left:50px\">The Harry Potter Wiki has 21 images related to <i><b><a href=\"/wiki/Category:Images_of_Albert_Runcorn\" title=\"Category:Images of Albert Runcorn\">Albert Runcorn</a></b></i>.</div><span class=\"content-bg rbottom\" style=\"\"><span class=\"r4\" style=\"background: #D8E9FC\"></span><span class=\"r3\" style=\"background: #D8E9FC\"></span><span class=\"r2\" style=\"background: #D8E9FC\"></span><span class=\"r1\" style=\"background: #D8E9FC\"></span></span></div>\n<ul><li><i><a href=\"/wiki/Harry_Potter_and_the_Deathly_Hallows\" title=\"Harry Potter and the Deathly Hallows\">Harry Potter and the Deathly Hallows</a></i> <small>(First appearance)</small></li>\n<li><i><a href=\"/wiki/Harry_Potter_and_the_Deathly_Hallows:_Part_1\" title=\"Harry Potter and the Deathly Hallows: Part 1\">Harry Potter and the Deathly Hallows: Part 1</a></i></li>\n<li><i><a href=\"/wiki/Harry_Potter_and_the_Deathly_Hallows:_Part_1_(video_game)\" title=\"Harry Potter and the Deathly Hallows: Part 1 (video game)\">Harry Potter and the Deathly Hallows: Part 1 (video game)</a></i></li>\n<li><i><a href=\"/wiki/LEGO_Harry_Potter:_Years_5-7\" title=\"LEGO Harry Potter: Years 5-7\">LEGO Harry Potter: Years 5-7</a></i></li></ul>\n<h2><span class=\"mw-headline\" id=\"Notes_and_references\">Notes and references</span><span class=\"mw-editsection\"><span class=\"mw-editsection-bracket\">[</span><a href=\"/wiki/Albert_Runcorn?veaction=edit&amp;section=15\" class=\"mw-editsection-visualeditor\" title=\"Edit section: Notes and references\">edit</a><span class=\"mw-editsection-divider\"> | </span><a href=\"/wiki/Albert_Runcorn?action=edit&amp;section=15\" title=\"Edit section: Notes and references\"><svg class=\"wds-icon wds-icon-tiny section-edit-pencil-icon\"><use xlink:href=\"#wds-icons-pencil-tiny\"></use></svg>edit source</a><span class=\"mw-editsection-bracket\">]</span></span></h2>\n<div class=\"references-small\">\n<div class=\"mw-references-wrap\"><ol class=\"references\">\n<li id=\"cite_note-1\"><span class=\"mw-cite-backlink\"><a href=\"#cite_ref-1\">\u2191</a></span> <span class=\"reference-text\">Yaxley nodded approvingly to Harry, in disguise as Runcorn. Yaxley himself claims that \"the brats of Mudbloods [did] not stir [his] sympathies\", making it unlikely that he would acknowledge Runcorn approvingly if he was a Half-blood as he disapproved of Half-bloods. However, like Umbridge, he may have lied about his ancestry.</span>\n</li>\n<li id=\"cite_note-DH12-2\"><span class=\"mw-cite-backlink\">\u2191 <sup><a href=\"#cite_ref-DH12_2-0\">2.0</a></sup> <sup><a href=\"#cite_ref-DH12_2-1\">2.1</a></sup> <sup><a href=\"#cite_ref-DH12_2-2\">2.2</a></sup> <sup><a href=\"#cite_ref-DH12_2-3\">2.3</a></sup> <sup><a href=\"#cite_ref-DH12_2-4\">2.4</a></sup> <sup><a href=\"#cite_ref-DH12_2-5\">2.5</a></sup> <sup><a href=\"#cite_ref-DH12_2-6\">2.6</a></sup></span> <span class=\"reference-text\"><i><a href=\"/wiki/Harry_Potter_and_the_Deathly_Hallows\" title=\"Harry Potter and the Deathly Hallows\">Harry Potter and the Deathly Hallows</a></i>, Chapter 12 (<i>Magic is Might</i>)</span>\n</li>\n<li id=\"cite_note-LEGOY2-3\"><span class=\"mw-cite-backlink\"><a href=\"#cite_ref-LEGOY2_3-0\">\u2191</a></span> <span class=\"reference-text\"><i><a href=\"/wiki/LEGO_Harry_Potter:_Years_5-7\" title=\"LEGO Harry Potter: Years 5-7\">LEGO Harry Potter: Years 5-7</a></i></span>\n</li>\n<li id=\"cite_note-DH8-4\"><span class=\"mw-cite-backlink\"><a href=\"#cite_ref-DH8_4-0\">\u2191</a></span> <span class=\"reference-text\"><i><a href=\"/wiki/Harry_Potter_and_the_Deathly_Hallows\" title=\"Harry Potter and the Deathly Hallows\">Harry Potter and the Deathly Hallows</a></i>, Chapter 8 (<i>The Wedding</i>)</span>\n</li>\n<li id=\"cite_note-DH13-5\"><span class=\"mw-cite-backlink\">\u2191 <sup><a href=\"#cite_ref-DH13_5-0\">5.0</a></sup> <sup><a href=\"#cite_ref-DH13_5-1\">5.1</a></sup> <sup><a href=\"#cite_ref-DH13_5-2\">5.2</a></sup> <sup><a href=\"#cite_ref-DH13_5-3\">5.3</a></sup> <sup><a href=\"#cite_ref-DH13_5-4\">5.4</a></sup> <sup><a href=\"#cite_ref-DH13_5-5\">5.5</a></sup></span> <span class=\"reference-text\"><i><a href=\"/wiki/Harry_Potter_and_the_Deathly_Hallows\" title=\"Harry Potter and the Deathly Hallows\">Harry Potter and the Deathly Hallows</a></i>, Chapter 13 (<i>The Muggle-Born Registration Commission</i>)</span>\n</li>\n<li id=\"cite_note-6\"><span class=\"mw-cite-backlink\"><a href=\"#cite_ref-6\">\u2191</a></span> <span class=\"reference-text\"><i><a target=\"_blank\" rel=\"noreferrer noopener\" class=\"external text\" href=\"http://www.snitchseeker.com/harry-potter-news/albert-runcorn-cast-deathly-hallows-65041/\">Albert Runcorn cast for Deathly Hallows</a></i></span>\n</li>\n</ol></div></div>\n<p><br clear=\"all\" />\n</p>\n<table style=\"margin:0 auto\" align=\"center\" class=\"toccolours\" width=\"90%\">\n\n<tbody><tr bgcolor=\"#white\">\n<th colspan=\"3\" style=\"background:#ccd;\"><center><b><a href=\"/wiki/British_Ministry_of_Magic\" title=\"British Ministry of Magic\">Ministry of Magic</a> Personnel</b></center>\n</th></tr>\n<tr>\n<td colspan=\"3\" width=\"45%\" style=\"background-color: #dfdfdf; font-size: 9pt;\"><center><b>Unknown Departments</b></center>\n</td></tr>\n<tr>\n<td colspan=\"3\" style=\"font-size: 8pt;\"><center><a href=\"/wiki/Bernie\" title=\"Bernie\">Bernie</a>  &#183;  <a href=\"/wiki/Bletchley\" title=\"Bletchley\">Bletchley</a>  &#183;  <a href=\"/wiki/Unidentified_pamphlet_maker_witch\" title=\"Unidentified pamphlet maker witch\">Pamphlet maker</a>  &#183;  <a href=\"/wiki/Cho_Chang%27s_mother\" title=\"Cho Chang&#39;s mother\">Cho Chang's mother</a>  &#183;  <a href=\"/wiki/Stamford_Jorkins\" title=\"Stamford Jorkins\">Stamford Jorkins</a>  &#183;  <a href=\"/wiki/Ministry_Official_No._39423\" title=\"Ministry Official No. 39423\">Official No. 39423</a>  &#183;  <a href=\"/wiki/Ministry_of_Magic_meeting_assigner\" title=\"Ministry of Magic meeting assigner\">Meeting assigner</a>  &#183;  <a href=\"/wiki/Lucius_Malfoy\" title=\"Lucius Malfoy\">Lucius Malfoy</a>  &#183; <a href=\"/wiki/Wakanda\" title=\"Wakanda\">Wakanda</a>  &#183;  <a href=\"/wiki/Overweight_Ministry_of_Magic_worker\" title=\"Overweight Ministry of Magic worker\">Overweight wizard</a>  &#183; <a href=\"/wiki/Selwyn\" title=\"Selwyn\">Selwyn</a>  &#183;  <strong class=\"mw-selflink selflink\">Albert Runcorn</strong>  &#183;  <a href=\"/wiki/Unidentified_Ministry_of_Magic_Wizard_at_the_1994_Quidditch_World_Cup\" title=\"Unidentified Ministry of Magic Wizard at the 1994 Quidditch World Cup\">Wizard at the 1994 Quidditch World Cup</a>  &#183;  <a href=\"/wiki/Unidentified_balding_Ministry_of_Magic_employee\" title=\"Unidentified balding Ministry of Magic employee\">Balding wizard</a>  &#183;  <a href=\"/wiki/Ismelda_Murk%27s_sister\" title=\"Ismelda Murk&#39;s sister\">Ismelda Murk's sister</a>\n &#183; <a href=\"/wiki/Squeaky-voiced_Ministry_of_Magic_employee\" title=\"Squeaky-voiced Ministry of Magic employee\">Squeaky-voiced Ministry of Magic employee</a></center>\n</td></tr></tbody></table>\n<table style=\"margin:0 auto; text-align: center;\" align=\"center\" class=\"toccolours\" width=\"90%\">\n\n<tbody><tr bgcolor=\"#white\">\n<th style=\"background:#ccd;\"><a href=\"/wiki/Death_Eaters\" title=\"Death Eaters\">Death Eaters</a>\n</th></tr>\n<tr>\n<td><div class=\"center\"><div class=\"floatnone\"><a href=\"https://static.wikia.nocookie.net/harrypotter/images/b/b5/Dark_Mark_Pottermore.png/revision/latest?cb=20161122220030\" class=\"image\"><img alt=\"Dark Mark Pottermore.png\" src=\"data:image/gif;base64,R0lGODlhAQABAIABAAAAAP///yH5BAEAAAEALAAAAAABAAEAQAICTAEAOw%3D%3D\" decoding=\"async\" width=\"90\" height=\"51\" data-image-name=\"Dark Mark Pottermore.png\" data-image-key=\"Dark_Mark_Pottermore.png\" data-src=\"https://static.wikia.nocookie.net/harrypotter/images/b/b5/Dark_Mark_Pottermore.png/revision/latest/scale-to-width-down/90?cb=20161122220030\" class=\"lazyload\" /></a></div></div>\n</td></tr>\n<tr>\n<td style=\"font-size: 90%;\"><b><a href=\"/wiki/Death_Eaters\" title=\"Death Eaters\">Leader</a>:</b> <a href=\"/wiki/Tom_Riddle\" title=\"Tom Riddle\">Lord Voldemort</a>\n</td></tr>\n<tr>\n<td style=\"font-size: 90%;\"><b><a href=\"/wiki/Death_Eaters\" title=\"Death Eaters\">Death Eaters</a></b><br />\n<p><a href=\"/wiki/Avery_II\" title=\"Avery II\">Avery (II)</a> | <a href=\"/wiki/Alecto_Carrow\" title=\"Alecto Carrow\">Alecto Carrow</a> | <a href=\"/wiki/Amycus_Carrow\" title=\"Amycus Carrow\">Amycus Carrow</a> | <a href=\"/wiki/Crabbe\" title=\"Crabbe\">Crabbe</a> | <a href=\"/wiki/Bartemius_Crouch_Jr.\" class=\"mw-redirect\" title=\"Bartemius Crouch Jr.\">Barty Crouch Jr.</a> (deceased) | <a href=\"/wiki/Antonin_Dolohov\" title=\"Antonin Dolohov\">Antonin Dolohov</a> | <a href=\"/wiki/Gibbon\" title=\"Gibbon\">Gibbon</a> (deceased) | <a href=\"/wiki/Goyle\" title=\"Goyle\">Goyle</a> | <a href=\"/wiki/Jugson\" title=\"Jugson\">Jugson</a> | <a href=\"/wiki/Barnaby_Lee%27s_father\" title=\"Barnaby Lee&#39;s father\">Barnaby Lee's father</a> | <a href=\"/wiki/Barnaby_Lee%27s_mother\" title=\"Barnaby Lee&#39;s mother\">Barnaby Lee's mother</a> | <a href=\"/wiki/Bellatrix_Lestrange\" title=\"Bellatrix Lestrange\">Bellatrix Lestrange</a> (deceased) | <a href=\"/wiki/Rabastan_Lestrange\" title=\"Rabastan Lestrange\">Rabastan Lestrange</a> | <a href=\"/wiki/Rodolphus_Lestrange\" title=\"Rodolphus Lestrange\">Rodolphus Lestrange</a> | <a href=\"/wiki/Walden_Macnair\" title=\"Walden Macnair\">Walden Macnair</a> | <a href=\"/wiki/Mulciber_(Riddle-era)\" class=\"mw-redirect\" title=\"Mulciber (Riddle-era)\">Mulciber (I)</a> | <a href=\"/wiki/Mulciber_(Marauder-era)\" class=\"mw-redirect\" title=\"Mulciber (Marauder-era)\">Mulciber (II)</a> | <a href=\"/wiki/Nott\" title=\"Nott\">Nott</a> | <a href=\"/wiki/Pyrites\" title=\"Pyrites\">Pyrites</a> (possibly) | <a href=\"/wiki/Augustus_Rookwood\" title=\"Augustus Rookwood\">Augustus Rookwood</a> | <a href=\"/wiki/Rosier_(male)\" title=\"Rosier (male)\">Rosier</a> | <a href=\"/wiki/Evan_Rosier\" title=\"Evan Rosier\">Evan Rosier</a> (deceased) | <a href=\"/wiki/Thorfinn_Rowle\" title=\"Thorfinn Rowle\">Thorfinn Rowle</a> | <a href=\"/wiki/Selwyn\" title=\"Selwyn\">Selwyn</a> | <a href=\"/wiki/Merula_Snyde%27s_father\" title=\"Merula Snyde&#39;s father\">Merula Snyde's father</a> | <a href=\"/wiki/Merula_Snyde%27s_mother\" title=\"Merula Snyde&#39;s mother\">Merula Snyde's mother</a> | <a href=\"/wiki/Travers\" title=\"Travers\">Travers</a> | <a href=\"/wiki/Wilkes\" title=\"Wilkes\">Wilkes</a> (deceased) | <a href=\"/wiki/Corban_Yaxley\" title=\"Corban Yaxley\">Corban Yaxley</a> | <a href=\"/wiki/Category:Unidentified_Death_Eaters\" title=\"Category:Unidentified Death Eaters\">Unidentified Death Eaters</a>\n</p>\n</td></tr>\n<tr>\n<td style=\"font-size: 90%;\"><b><a href=\"/wiki/Category:Death_Eater_defectors\" title=\"Category:Death Eater defectors\">Death Eater defectors</a></b><br />\n<p><a href=\"/wiki/Regulus_Black\" title=\"Regulus Black\">Regulus Black</a> (deceased) | <a href=\"/wiki/Igor_Karkaroff\" title=\"Igor Karkaroff\">Igor Karkaroff</a> (deceased) | <a href=\"/wiki/Draco_Malfoy\" title=\"Draco Malfoy\">Draco Malfoy</a> | <a href=\"/wiki/Lucius_Malfoy\" title=\"Lucius Malfoy\">Lucius Malfoy</a> | <a href=\"/wiki/Peter_Pettigrew\" title=\"Peter Pettigrew\">Peter Pettigrew</a> (deceased) | <a href=\"/wiki/Severus_Snape\" title=\"Severus Snape\">Severus Snape</a> (deceased)\n</p>\n</td></tr>\n<tr>\n<td style=\"font-size: 90%;\"><b><a href=\"/wiki/Category:Death_Eater_allies\" title=\"Category:Death Eater allies\">Death Eater allies</a></b><br />\n<p><a href=\"/wiki/Borgin\" title=\"Borgin\">Borgin</a> | <a href=\"/wiki/Vincent_Crabbe\" title=\"Vincent Crabbe\">Vincent Crabbe</a> | <a href=\"/wiki/John_Dawlish\" title=\"John Dawlish\">John Dawlish</a> | <a href=\"/wiki/Delphini\" title=\"Delphini\">Delphini</a> | <a href=\"/wiki/Golgomath\" title=\"Golgomath\">Golgomath</a> | <a href=\"/wiki/Gregory_Goyle\" title=\"Gregory Goyle\">Gregory Goyle</a> | <a href=\"/wiki/Fenrir_Greyback\" title=\"Fenrir Greyback\">Fenrir Greyback</a> | <a href=\"/wiki/Mafalda_Hopkirk\" title=\"Mafalda Hopkirk\">Mafalda Hopkirk</a> | <a href=\"/wiki/Narcissa_Malfoy\" title=\"Narcissa Malfoy\">Narcissa Malfoy</a> (defected) | <a href=\"/wiki/Nagini\" title=\"Nagini\">Nagini</a> | <a href=\"/wiki/Penelope_Fawley%27s_father\" title=\"Penelope Fawley&#39;s father\">Mr Padget</a> | <a href=\"/wiki/Penelope_Fawley%27s_mother\" title=\"Penelope Fawley&#39;s mother\">Mrs Padgett</a> | <a href=\"/wiki/Pansy_Parkinson\" title=\"Pansy Parkinson\">Pansy Parkinson</a> | <a href=\"/wiki/Quirinus_Quirrell\" title=\"Quirinus Quirrell\">Quirinus Quirrell</a> | <strong class=\"mw-selflink selflink\">Albert Runcorn</strong> | <a href=\"/wiki/Scabior\" title=\"Scabior\">Scabior</a> | <a href=\"/wiki/Serpent_of_Slytherin\" title=\"Serpent of Slytherin\">Serpent of Slytherin</a> | <a href=\"/wiki/Pius_Thicknesse\" title=\"Pius Thicknesse\">Pius Thicknesse</a> (<a href=\"/wiki/Imperius_Curse\" title=\"Imperius Curse\">Imperiused</a>) | <a href=\"/wiki/Dolores_Umbridge\" title=\"Dolores Umbridge\">Dolores Umbridge</a> |\n</p>\n</td></tr>\n<tr>\n<td style=\"font-size: 90%;\"><b>Other affiliations</b><br />\n<p><a href=\"/wiki/British_Ministry_of_Magic\" title=\"British Ministry of Magic\">British Ministry of Magic</a> (under <a href=\"/wiki/Tom_Riddle\" title=\"Tom Riddle\">Voldemort</a>'s <a href=\"/wiki/Fall_of_the_Ministry_of_Magic\" title=\"Fall of the Ministry of Magic\">control</a>) | <a href=\"/wiki/Daily_Prophet\" title=\"Daily Prophet\">Daily Prophet</a> (Under <a href=\"/wiki/Tom_Riddle\" title=\"Tom Riddle\">Voldemort</a>'s control) | <a href=\"/wiki/Dementor\" title=\"Dementor\">Dementors</a> | <a href=\"/wiki/Draco_Malfoy%27s_gang\" title=\"Draco Malfoy&#39;s gang\">Draco Malfoy's gang</a> | <a href=\"/wiki/Tom_Riddle%27s_gang\" title=\"Tom Riddle&#39;s gang\">Tom Riddle's gang</a> | <a href=\"/wiki/Gang_of_Slytherins\" title=\"Gang of Slytherins\">Gang of Slytherins</a> | <a href=\"/wiki/Giant_colony\" title=\"Giant colony\">Giants</a> (<a href=\"/wiki/Golgomath\" title=\"Golgomath\">Golgomath</a>'s control) | <a href=\"/wiki/Inferius\" title=\"Inferius\">Inferius</a> | <a href=\"/wiki/Muggle-Born_Registration_Commission\" title=\"Muggle-Born Registration Commission\">Muggle-Born Registration Commission</a> | <a href=\"/wiki/Theodore_Nott\" title=\"Theodore Nott\">Theodore Nott</a> (possibly) | <a href=\"/wiki/Snatchers\" title=\"Snatchers\">Snatchers</a> | <a href=\"/wiki/Werewolf_army\" title=\"Werewolf army\">Werewolf army</a>\n</p>\n</td></tr>\n<tr>\n<td style=\"font-size: 90%;\"><b><a href=\"/wiki/Category:Locations_used_by_the_Death_Eaters\" title=\"Category:Locations used by the Death Eaters\">Death Eater establishments</a></b><br />\n<p><a href=\"/wiki/Abandoned_nuclear_power_plant\" title=\"Abandoned nuclear power plant\">Abandoned nuclear power plant</a> | <a href=\"/wiki/Borgin_and_Burkes\" title=\"Borgin and Burkes\">Borgin and Burkes</a> | <a href=\"/wiki/British_Ministry_of_Magic_Headquarters\" title=\"British Ministry of Magic Headquarters\">British Ministry of Magic Headquarters</a> (under Voldemort's control)  | <a href=\"/wiki/The_Cave\" title=\"The Cave\">The Cave</a> | <a href=\"/wiki/Chamber_of_Secrets\" title=\"Chamber of Secrets\">Chamber of Secrets</a> | <a href=\"/wiki/Forbidden_Forest\" title=\"Forbidden Forest\">Forbidden Forest</a> | <a href=\"/wiki/Gaunt_Shack\" title=\"Gaunt Shack\">Gaunt Shack</a> | <a href=\"/wiki/Lee_family_house\" title=\"Lee family house\">Lee family house</a> | <a href=\"/wiki/Lestrange_Vault\" title=\"Lestrange Vault\">Lestrange Vault</a> | <a href=\"/wiki/Little_Hangleton_graveyard\" title=\"Little Hangleton graveyard\">Little Hangleton graveyard</a> | <a href=\"/wiki/Malfoy_Manor\" title=\"Malfoy Manor\">Malfoy Manor</a> | <a href=\"/wiki/Riddle_House\" title=\"Riddle House\">Riddle House</a> | <a href=\"/wiki/The_Ruins\" title=\"The Ruins\">The Ruins</a> | <a href=\"/wiki/Spinner%27s_End\" title=\"Spinner&#39;s End\">Spinner's End</a>\n</p>\n</td></tr></tbody></table></div>"}]}}}}