{"batchcomplete": "", "warnings": {"main": {"*": "Subscribe to the mediawiki-api-announce mailing list at <https://lists.wikimedia.org/mailman/listinfo/mediawiki-api-announce> for notice of API deprecations and breaking changes."}, "revisions": {"*": "The parameter \"rvparse\" has been deprecated.\nBecause \"rvslots\" was not specified, a legacy format has been used for the output. This format is deprecated, and in the future the new format will always be used."}}, "query": {"normalized": [{"from": "Albert_Tillyman", "to": "Albert Tillyman"}], "pages": {"164581": {"pageid": 164581, "ns": 0, "title": "Albert Tillyman", "revisions": [{"*": "<div class=\"mw-parser-output\"><p>\n<aside role=\"region\" class=\"portable-infobox pi-background pi-theme-wizard pi-layout-default\"><section class=\"pi-item pi-group pi-border-color\">\n\t\n<h2 class=\"pi-item pi-item-spacing pi-title\" data-source=\"name\">Albert Tillyman</h2>\n\n</section>\n<section class=\"pi-item pi-group pi-border-color\">\n\t<h2 class=\"pi-item pi-header pi-secondary-font pi-item-spacing pi-secondary-background\">Biographical information</h2>\n\n<div class=\"pi-item pi-data pi-item-spacing pi-border-color\" data-source=\"died\">\n\t\n\t\t<h3 class=\"pi-data-label pi-secondary-font\">Died</h3>\n\t\n\t<div class=\"pi-data-value pi-font\"><a href=\"/wiki/1875\" class=\"mw-redirect\" title=\"1875\">1875</a></div>\n</div>\n\n<div class=\"pi-item pi-data pi-item-spacing pi-border-color\" data-source=\"marital\">\n\t\n\t\t<h3 class=\"pi-data-label pi-secondary-font\">Marital status</h3>\n\t\n\t<div class=\"pi-data-value pi-font\">Married</div>\n</div>\n\n</section>\n<section class=\"pi-item pi-group pi-border-color\">\n\t<h2 class=\"pi-item pi-header pi-secondary-font pi-item-spacing pi-secondary-background\">Physical information</h2>\n\n<div class=\"pi-item pi-data pi-item-spacing pi-border-color\" data-source=\"species\">\n\t\n\t\t<h3 class=\"pi-data-label pi-secondary-font\">Species</h3>\n\t\n\t<div class=\"pi-data-value pi-font\"><a href=\"/wiki/Human\" title=\"Human\">Human</a></div>\n</div>\n\n<div class=\"pi-item pi-data pi-item-spacing pi-border-color\" data-source=\"gender\">\n\t\n\t\t<h3 class=\"pi-data-label pi-secondary-font\">Gender</h3>\n\t\n\t<div class=\"pi-data-value pi-font\">Male</div>\n</div>\n\n</section>\n<section class=\"pi-item pi-group pi-border-color\">\n\t<h2 class=\"pi-item pi-header pi-secondary-font pi-item-spacing pi-secondary-background\">Relationship information</h2>\n\n<div class=\"pi-item pi-data pi-item-spacing pi-border-color\" data-source=\"family\">\n\t\n\t\t<h3 class=\"pi-data-label pi-secondary-font\">Family members</h3>\n\t\n\t<div class=\"pi-data-value pi-font\"><ul><li><a href=\"/wiki/Violet_Tillyman\" title=\"Violet Tillyman\">Violet Tillyman</a> (wife)</li><li><a href=\"/wiki/Violet_Tillyman%27s_mother\" title=\"Violet Tillyman&#039;s mother\">Mother-in-law</a></li></ul></div>\n</div>\n\n</section>\n<nav class=\"pi-navigation pi-item-spacing pi-secondary-background pi-secondary-font\"><small><a href=\"/wiki/Template:Individual_infobox\" title=\"Template:Individual infobox\">[Source]</a><span class=\"hidable-button\"></span></small></nav>\n</aside>\n\n<b>Albert Tillyman</b> (died <a href=\"/wiki/1875\" class=\"mw-redirect\" title=\"1875\">1875</a>) was <a href=\"/wiki/Wizardkind\" title=\"Wizardkind\">wizard</a> who lived in the <a href=\"/wiki/19th_century\" title=\"19th century\">19th century</a>. He was described as being \"suspicious\" and \"a bit of a bully.\"<sup id=\"cite_ref-PM_1-0\" class=\"reference\"><a href=\"#cite_note-PM-1\">&#91;1&#93;</a></sup>\n</p>\n<h2><span class=\"mw-headline\" id=\"Biography\">Biography</span><span class=\"mw-editsection\"><span class=\"mw-editsection-bracket\">[</span><a href=\"/wiki/Albert_Tillyman?veaction=edit&amp;section=1\" class=\"mw-editsection-visualeditor\" title=\"Edit section: Biography\">edit</a><span class=\"mw-editsection-divider\"> | </span><a href=\"/wiki/Albert_Tillyman?action=edit&amp;section=1\" title=\"Edit section: Biography\"><svg class=\"wds-icon wds-icon-tiny section-edit-pencil-icon\"><use xlink:href=\"#wds-icons-pencil-tiny\"></use></svg>edit source</a><span class=\"mw-editsection-bracket\">]</span></span></h2>\n<p>In <a href=\"/wiki/1855\" class=\"mw-redirect\" title=\"1855\">1855</a>, Albert had a nasty row with his wife, <a href=\"/wiki/Violet_Tillyman\" title=\"Violet Tillyman\">Violet</a>, leading her to <a href=\"/wiki/Floo_Network\" title=\"Floo Network\">jump into the living room fireplace</a> in tears and declare \u2014 between sobs and hiccups \u2014 that she wanted to go to <a href=\"/wiki/Violet_Tillyman%27s_mother\" title=\"Violet Tillyman&#39;s mother\">her mother's</a> <a href=\"/wiki/Violet_Tillyman%27s_mother%27s_house\" title=\"Violet Tillyman&#39;s mother&#39;s house\">house</a>.<sup id=\"cite_ref-PM_1-1\" class=\"reference\"><a href=\"#cite_note-PM-1\">&#91;1&#93;</a></sup>\n</p><p>Two weeks later, Violet had still not returned, and as a result the house had become very untidy, with no clean pots to be found in the kitchen and Albert's socks in dire need of washing. Thus, Albert decided it was time for his wife to come home, and went to see his mother-in-law. To his surprise, however, she claimed that Violet had never arrived there. After he raged and searched the house, Albert finally accepted his mother-in-law was telling the truth, and that Violet was indeed missing. In an effort to find her, posters were put up and a series of articles were run in the <i><a href=\"/wiki/Daily_Prophet\" title=\"Daily Prophet\">Daily Prophet</a></i>, but to no avail.<sup id=\"cite_ref-PM_1-2\" class=\"reference\"><a href=\"#cite_note-PM-1\">&#91;1&#93;</a></sup>\n</p><p>Albert Tillyman was forced to grumpily return to his house and master <a href=\"/wiki/Cleaning_spell\" title=\"Cleaning spell\">cleaning</a> and <a href=\"/wiki/Darning_spell\" title=\"Darning spell\">darning spells</a>. He never used the <a href=\"/wiki/Floo_Network\" title=\"Floo Network\">Floo Network</a> again out of the fear that he would vanish into thin air as his wife apparently had.<sup id=\"cite_ref-PM_1-3\" class=\"reference\"><a href=\"#cite_note-PM-1\">&#91;1&#93;</a></sup>\n</p><p>Albert died in <a href=\"/wiki/1875\" class=\"mw-redirect\" title=\"1875\">1875</a>, never learning that his wife had in fact accidentally emerged in the fireplace of <a href=\"/wiki/Myron_Otherhaus\" title=\"Myron Otherhaus\">Myron Otherhaus</a> in <a href=\"/wiki/Bury_St_Edmunds\" title=\"Bury St Edmunds\">Bury St Edmunds</a>, due to the incoherent way she had spoken when she had used the <a href=\"/wiki/Floo_Powder\" title=\"Floo Powder\">Floo Powder</a>. Myron and Violet fell in love instantly, and lived in seclusion in his house for twenty years, having <a href=\"/wiki/Violet_Tillyman%27s_seven_children\" class=\"mw-redirect\" title=\"Violet Tillyman&#39;s seven children\">seven children</a> during that time. It was only after Violet learned of Albert's death that she decided to publicly resurface.<sup id=\"cite_ref-PM_1-4\" class=\"reference\"><a href=\"#cite_note-PM-1\">&#91;1&#93;</a></sup>\n</p>\n<h2><span class=\"mw-headline\" id=\"Appearances\">Appearances</span><span class=\"mw-editsection\"><span class=\"mw-editsection-bracket\">[</span><a href=\"/wiki/Albert_Tillyman?veaction=edit&amp;section=2\" class=\"mw-editsection-visualeditor\" title=\"Edit section: Appearances\">edit</a><span class=\"mw-editsection-divider\"> | </span><a href=\"/wiki/Albert_Tillyman?action=edit&amp;section=2\" title=\"Edit section: Appearances\"><svg class=\"wds-icon wds-icon-tiny section-edit-pencil-icon\"><use xlink:href=\"#wds-icons-pencil-tiny\"></use></svg>edit source</a><span class=\"mw-editsection-bracket\">]</span></span></h2>\n<ul><li><i><a href=\"/wiki/Pottermore\" title=\"Pottermore\">Pottermore</a></i> <small>(Mentioned only)</small></li>\n<li><i><a href=\"/wiki/Wizarding_World_(website)\" title=\"Wizarding World (website)\">Wizarding World</a></i> <small>(Mentioned only)</small></li></ul>\n<h2><span class=\"mw-headline\" id=\"Notes_and_references\">Notes and references</span><span class=\"mw-editsection\"><span class=\"mw-editsection-bracket\">[</span><a href=\"/wiki/Albert_Tillyman?veaction=edit&amp;section=3\" class=\"mw-editsection-visualeditor\" title=\"Edit section: Notes and references\">edit</a><span class=\"mw-editsection-divider\"> | </span><a href=\"/wiki/Albert_Tillyman?action=edit&amp;section=3\" title=\"Edit section: Notes and references\"><svg class=\"wds-icon wds-icon-tiny section-edit-pencil-icon\"><use xlink:href=\"#wds-icons-pencil-tiny\"></use></svg>edit source</a><span class=\"mw-editsection-bracket\">]</span></span></h2>\n<div class=\"references-small\">\n<div class=\"mw-references-wrap\"><ol class=\"references\">\n<li id=\"cite_note-PM-1\"><span class=\"mw-cite-backlink\">\u2191 <sup><a href=\"#cite_ref-PM_1-0\">1.0</a></sup> <sup><a href=\"#cite_ref-PM_1-1\">1.1</a></sup> <sup><a href=\"#cite_ref-PM_1-2\">1.2</a></sup> <sup><a href=\"#cite_ref-PM_1-3\">1.3</a></sup> <sup><a href=\"#cite_ref-PM_1-4\">1.4</a></sup></span> <span class=\"reference-text\"><a target=\"_blank\" rel=\"noreferrer noopener\" class=\"external text\" href=\"http://www.wizardingworld.com/writing-by-jk-rowling/the-floo-network\">Writing by J.K. Rowling: \"The Floo Network\"</a> at <i><a href=\"/wiki/Wizarding_World_(website)\" title=\"Wizarding World (website)\">Wizarding World</a></i></span>\n</li>\n</ol></div></div></div>"}]}}}}