{"batchcomplete": "", "warnings": {"main": {"*": "Subscribe to the mediawiki-api-announce mailing list at <https://lists.wikimedia.org/mailman/listinfo/mediawiki-api-announce> for notice of API deprecations and breaking changes."}, "revisions": {"*": "The parameter \"rvparse\" has been deprecated.\nBecause \"rvslots\" was not specified, a legacy format has been used for the output. This format is deprecated, and in the future the new format will always be used."}}, "query": {"normalized": [{"from": "Albert_McCausland", "to": "Albert McCausland"}], "pages": {"198870": {"pageid": 198870, "ns": 0, "title": "Albert McCausland", "revisions": [{"*": "<div class=\"mw-parser-output\"><p>\n<aside role=\"region\" class=\"portable-infobox pi-background pi-theme-muggle pi-layout-default\"><section class=\"pi-item pi-group pi-border-color\">\n\t\n<h2 class=\"pi-item pi-item-spacing pi-title\" data-source=\"name\">Albert L. McCausland</h2>\n\n</section>\n<section class=\"pi-item pi-group pi-border-color\">\n\t<h2 class=\"pi-item pi-header pi-secondary-font pi-item-spacing pi-secondary-background\">Biographical information</h2>\n\n<div class=\"pi-item pi-data pi-item-spacing pi-border-color\" data-source=\"blood\">\n\t\n\t\t<h3 class=\"pi-data-label pi-secondary-font\">Blood status</h3>\n\t\n\t<div class=\"pi-data-value pi-font\"><a href=\"/wiki/Non-magic_people\" title=\"Non-magic people\">No-Maj</a></div>\n</div>\n\n<div class=\"pi-item pi-data pi-item-spacing pi-border-color\" data-source=\"nationality\">\n\t\n\t\t<h3 class=\"pi-data-label pi-secondary-font\">Nationality</h3>\n\t\n\t<div class=\"pi-data-value pi-font\"><a href=\"/wiki/United_States_of_America\" title=\"United States of America\">American</a></div>\n</div>\n\n</section>\n<section class=\"pi-item pi-group pi-border-color\">\n\t<h2 class=\"pi-item pi-header pi-secondary-font pi-item-spacing pi-secondary-background\">Physical information</h2>\n\n<div class=\"pi-item pi-data pi-item-spacing pi-border-color\" data-source=\"species\">\n\t\n\t\t<h3 class=\"pi-data-label pi-secondary-font\">Species</h3>\n\t\n\t<div class=\"pi-data-value pi-font\"><a href=\"/wiki/Human\" title=\"Human\">Human</a></div>\n</div>\n\n<div class=\"pi-item pi-data pi-item-spacing pi-border-color\" data-source=\"gender\">\n\t\n\t\t<h3 class=\"pi-data-label pi-secondary-font\">Gender</h3>\n\t\n\t<div class=\"pi-data-value pi-font\">Male</div>\n</div>\n\n</section>\n<section class=\"pi-item pi-group pi-border-color\">\n\t<h2 class=\"pi-item pi-header pi-secondary-font pi-item-spacing pi-secondary-background\">Affiliation</h2>\n\n<div class=\"pi-item pi-data pi-item-spacing pi-border-color\" data-source=\"job\">\n\t\n\t\t<h3 class=\"pi-data-label pi-secondary-font\">Occupation</h3>\n\t\n\t<div class=\"pi-data-value pi-font\">President of <a href=\"/wiki/Steen_National_Bank\" title=\"Steen National Bank\">Steen National Bank</a></div>\n</div>\n\n<div class=\"pi-item pi-data pi-item-spacing pi-border-color\" data-source=\"loyalty\">\n\t\n\t\t<h3 class=\"pi-data-label pi-secondary-font\">Loyalty</h3>\n\t\n\t<div class=\"pi-data-value pi-font\"><a href=\"/wiki/Steen_National_Bank\" title=\"Steen National Bank\">Steen National Bank</a></div>\n</div>\n\n</section>\n<nav class=\"pi-navigation pi-item-spacing pi-secondary-background pi-secondary-font\"><small><a href=\"/wiki/Template:Individual_infobox\" title=\"Template:Individual infobox\">[Source]</a><span class=\"hidable-button\"></span></small></nav>\n</aside>\n<b>Albert L. McCausland</b> was an <a href=\"/wiki/United_States_of_America\" title=\"United States of America\">American</a> <a href=\"/wiki/Non-magic_people\" title=\"Non-magic people\">No-Maj</a> who served as the president of <a href=\"/wiki/Steen_National_Bank\" title=\"Steen National Bank\">Steen National Bank</a> in <a href=\"/wiki/New_York\" title=\"New York\">New York</a> in <a href=\"/wiki/1926\" title=\"1926\">1926</a>.<sup id=\"cite_ref-1\" class=\"reference\"><a href=\"#cite_note-1\">&#91;1&#93;</a></sup>\n</p>\n<h2><span class=\"mw-headline\" id=\"Appearances\">Appearances</span><span class=\"mw-editsection\"><span class=\"mw-editsection-bracket\">[</span><a href=\"/wiki/Albert_McCausland?veaction=edit&amp;section=1\" class=\"mw-editsection-visualeditor\" title=\"Edit section: Appearances\">edit</a><span class=\"mw-editsection-divider\"> | </span><a href=\"/wiki/Albert_McCausland?action=edit&amp;section=1\" title=\"Edit section: Appearances\"><svg class=\"wds-icon wds-icon-tiny section-edit-pencil-icon\"><use xlink:href=\"#wds-icons-pencil-tiny\"></use></svg>edit source</a><span class=\"mw-editsection-bracket\">]</span></span></h2>\n<ul><li><i><a href=\"/wiki/Fantastic_Beasts_and_Where_to_Find_Them_(film)\" title=\"Fantastic Beasts and Where to Find Them (film)\">Fantastic Beasts and Where to Find Them (film)</a></i> <span class=\"template-c\">(Mentioned on a document)</span></li>\n<li><i><a href=\"/wiki/The_Case_of_Beasts:_Explore_the_Film_Wizardry_of_Fantastic_Beasts_and_Where_to_Find_Them\" title=\"The Case of Beasts: Explore the Film Wizardry of Fantastic Beasts and Where to Find Them\">The Case of Beasts: Explore the Film Wizardry of Fantastic Beasts and Where to Find Them</a></i> <small>(Mentioned only)</small></li></ul>\n<h2><span class=\"mw-headline\" id=\"Notes_and_references\">Notes and references</span><span class=\"mw-editsection\"><span class=\"mw-editsection-bracket\">[</span><a href=\"/wiki/Albert_McCausland?veaction=edit&amp;section=2\" class=\"mw-editsection-visualeditor\" title=\"Edit section: Notes and references\">edit</a><span class=\"mw-editsection-divider\"> | </span><a href=\"/wiki/Albert_McCausland?action=edit&amp;section=2\" title=\"Edit section: Notes and references\"><svg class=\"wds-icon wds-icon-tiny section-edit-pencil-icon\"><use xlink:href=\"#wds-icons-pencil-tiny\"></use></svg>edit source</a><span class=\"mw-editsection-bracket\">]</span></span></h2>\n<div class=\"references-small\">\n<div class=\"mw-references-wrap\"><ol class=\"references\">\n<li id=\"cite_note-1\"><span class=\"mw-cite-backlink\"><a href=\"#cite_ref-1\">\u2191</a></span> <span class=\"reference-text\"><i><a href=\"/wiki/The_Case_of_Beasts:_Explore_the_Film_Wizardry_of_Fantastic_Beasts_and_Where_to_Find_Them\" title=\"The Case of Beasts: Explore the Film Wizardry of Fantastic Beasts and Where to Find Them\">The Case of Beasts: Explore the Film Wizardry of Fantastic Beasts and Where to Find Them</a></i>, page 46</span>\n</li>\n</ol></div></div></div>"}]}}}}