{"batchcomplete": "", "warnings": {"main": {"*": "Subscribe to the mediawiki-api-announce mailing list at <https://lists.wikimedia.org/mailman/listinfo/mediawiki-api-announce> for notice of API deprecations and breaking changes."}, "revisions": {"*": "The parameter \"rvparse\" has been deprecated.\nBecause \"rvslots\" was not specified, a legacy format has been used for the output. This format is deprecated, and in the future the new format will always be used."}}, "query": {"normalized": [{"from": "Albus_Dumbledore's_portrait_(II)", "to": "Albus Dumbledore's portrait (II)"}], "pages": {"90170": {"pageid": 90170, "ns": 0, "title": "Albus Dumbledore's portrait (II)", "revisions": [{"*": "<div class=\"mw-parser-output\"><figure class=\"thumb tright show-info-icon\" style=\"width: 302px\"> \t<a href=\"https://static.wikia.nocookie.net/harrypotter/images/a/a4/Dumbledore%27s_portrait_01.JPG/revision/latest?cb=20090314145714\" class=\"image\"><img alt=\"\" src=\"https://static.wikia.nocookie.net/harrypotter/images/a/a4/Dumbledore%27s_portrait_01.JPG/revision/latest/scale-to-width-down/300?cb=20090314145714\" decoding=\"async\" width=\"300\" height=\"179\" class=\"thumbimage\" data-image-name=\"Dumbledore&#39;s portrait 01.JPG\" data-image-key=\"Dumbledore&#39;s_portrait_01.JPG\" /></a> \t \t<figcaption class=\"thumbcaption\"> \t\t \t\t\t<a href=\"/wiki/File:Dumbledore%27s_portrait_01.JPG\" class=\"info-icon\"><svg><use xlink:href=\"#wds-icons-info-small\"></use></svg></a> \t\t \t\t \t\t \t\t\t<p class=\"caption\"><a href=\"/wiki/Albus_Dumbledore\" title=\"Albus Dumbledore\">Albus Dumbledore</a>'s portrait in the <a href=\"/wiki/Headmaster%27s_office\" class=\"mw-redirect\" title=\"Headmaster&#39;s office\">Headmaster's office</a></p> \t\t \t</figcaption> </figure>\n<p>This was an <a href=\"/wiki/Charm\" title=\"Charm\">enchanted</a> <b><a href=\"/wiki/Portrait\" title=\"Portrait\">portrait</a></b> of <a href=\"/wiki/Headmaster\" title=\"Headmaster\">Headmaster</a> <a href=\"/wiki/Albus_Dumbledore\" title=\"Albus Dumbledore\">Albus Dumbledore</a>. It was hung at several places in <a href=\"/wiki/Hogwarts_Castle\" title=\"Hogwarts Castle\">Hogwarts Castle</a>. It can be seen in the <a href=\"/wiki/Headmaster%27s_office\" class=\"mw-redirect\" title=\"Headmaster&#39;s office\">Headmaster's office</a> as well.<sup id=\"cite_ref-COSF_1-0\" class=\"reference\"><a href=\"#cite_note-COSF-1\">&#91;1&#93;</a></sup><sup id=\"cite_ref-LEGOY1_2-0\" class=\"reference\"><a href=\"#cite_note-LEGOY1-2\">&#91;2&#93;</a></sup><sup id=\"cite_ref-LEGOY2_3-0\" class=\"reference\"><a href=\"#cite_note-LEGOY2-3\">&#91;3&#93;</a></sup>\n</p>\n<h2><span class=\"mw-headline\" id=\"Appearances\">Appearances</span><span class=\"mw-editsection\"><span class=\"mw-editsection-bracket\">[</span><a href=\"/wiki/Albus_Dumbledore%27s_portrait_(II)?veaction=edit&amp;section=1\" class=\"mw-editsection-visualeditor\" title=\"Edit section: Appearances\">edit</a><span class=\"mw-editsection-divider\"> | </span><a href=\"/wiki/Albus_Dumbledore%27s_portrait_(II)?action=edit&amp;section=1\" title=\"Edit section: Appearances\"><svg class=\"wds-icon wds-icon-tiny section-edit-pencil-icon\"><use xlink:href=\"#wds-icons-pencil-tiny\"></use></svg>edit source</a><span class=\"mw-editsection-bracket\">]</span></span></h2>\n<ul><li><i><a href=\"/wiki/Harry_Potter_and_the_Chamber_of_Secrets_(film)\" title=\"Harry Potter and the Chamber of Secrets (film)\">Harry Potter and the Chamber of Secrets (film)</a></i> <small>(First appearance)</small> <small>(Appears in portrait(s))</small></li>\n<li><i><a href=\"/wiki/LEGO_Harry_Potter:_Years_1-4\" title=\"LEGO Harry Potter: Years 1-4\">LEGO Harry Potter: Years 1-4</a></i> <small>(Appears in portrait(s))</small></li>\n<li><i><a href=\"/wiki/LEGO_Harry_Potter:_Years_5-7\" title=\"LEGO Harry Potter: Years 5-7\">LEGO Harry Potter: Years 5-7</a></i> <small>(Appears in portrait(s))</small></li></ul>\n<h2><span class=\"mw-headline\" id=\"Notes_and_references\">Notes and references</span><span class=\"mw-editsection\"><span class=\"mw-editsection-bracket\">[</span><a href=\"/wiki/Albus_Dumbledore%27s_portrait_(II)?veaction=edit&amp;section=2\" class=\"mw-editsection-visualeditor\" title=\"Edit section: Notes and references\">edit</a><span class=\"mw-editsection-divider\"> | </span><a href=\"/wiki/Albus_Dumbledore%27s_portrait_(II)?action=edit&amp;section=2\" title=\"Edit section: Notes and references\"><svg class=\"wds-icon wds-icon-tiny section-edit-pencil-icon\"><use xlink:href=\"#wds-icons-pencil-tiny\"></use></svg>edit source</a><span class=\"mw-editsection-bracket\">]</span></span></h2>\n<div class=\"references-small\">\n<div class=\"mw-references-wrap\"><ol class=\"references\">\n<li id=\"cite_note-COSF-1\"><span class=\"mw-cite-backlink\"><a href=\"#cite_ref-COSF_1-0\">\u2191</a></span> <span class=\"reference-text\"><i><a href=\"/wiki/Harry_Potter_and_the_Chamber_of_Secrets_(film)\" title=\"Harry Potter and the Chamber of Secrets (film)\">Harry Potter and the Chamber of Secrets (film)</a></i></span>\n</li>\n<li id=\"cite_note-LEGOY1-2\"><span class=\"mw-cite-backlink\"><a href=\"#cite_ref-LEGOY1_2-0\">\u2191</a></span> <span class=\"reference-text\"><i><a href=\"/wiki/LEGO_Harry_Potter:_Years_1-4\" title=\"LEGO Harry Potter: Years 1-4\">LEGO Harry Potter: Years 1-4</a></i></span>\n</li>\n<li id=\"cite_note-LEGOY2-3\"><span class=\"mw-cite-backlink\"><a href=\"#cite_ref-LEGOY2_3-0\">\u2191</a></span> <span class=\"reference-text\"><i><a href=\"/wiki/LEGO_Harry_Potter:_Years_5-7\" title=\"LEGO Harry Potter: Years 5-7\">LEGO Harry Potter: Years 5-7</a></i></span>\n</li>\n</ol></div></div></div>"}]}}}}