{"batchcomplete": "", "warnings": {"main": {"*": "Subscribe to the mediawiki-api-announce mailing list at <https://lists.wikimedia.org/mailman/listinfo/mediawiki-api-announce> for notice of API deprecations and breaking changes."}, "revisions": {"*": "The parameter \"rvparse\" has been deprecated.\nBecause \"rvslots\" was not specified, a legacy format has been used for the output. This format is deprecated, and in the future the new format will always be used."}}, "query": {"pages": {"76904": {"pageid": 76904, "ns": 0, "title": "Alderton", "revisions": [{"*": "<div class=\"mw-parser-output\"><div class=\"notice metadata\" id=\"spoiler\" style=\"text-align: center; background: #DCDCDC; margin: 1em 05%; padding: 0 1em; border: #696969 1px solid;\">\n<p><b>\"Point me!\"</b>\n</p>\nThis article is about <b>William Alderton's alleged son</b>. You may be looking for <b><a href=\"/wiki/Arkie_Alderton%27s_alleged_son\" title=\"Arkie Alderton&#39;s alleged son\">Arkie Alderton's alleged son</a></b>.</div>\n<p>\n<aside role=\"region\" class=\"portable-infobox pi-background pi-theme-wizard pi-layout-default\">\n<figure class=\"pi-item pi-image\" data-source=\"image\">\n\t<a href=\"https://static.wikia.nocookie.net/harrypotter/images/d/da/Alderton.jpg/revision/latest?cb=20110423143230\" class=\"image image-thumbnail\"\n\t   title=\"\">\n\t\t<img src=\"https://static.wikia.nocookie.net/harrypotter/images/d/da/Alderton.jpg/revision/latest/scale-to-width-down/277?cb=20110423143230\" srcset=\"https://static.wikia.nocookie.net/harrypotter/images/d/da/Alderton.jpg/revision/latest/scale-to-width-down/277?cb=20110423143230 1x, https://static.wikia.nocookie.net/harrypotter/images/d/da/Alderton.jpg/revision/latest/scale-to-width-down/554?cb=20110423143230 2x\" class=\"pi-image-thumbnail\" alt=\"\" width=\"270\" height=\"474\"\n\t\t     data-image-key=\"Alderton.jpg\" data-image-name=\"Alderton.jpg\"/>\n\t\t\n\t</a>\n\t\n</figure>\n<section class=\"pi-item pi-group pi-border-color\">\n\t\n<h2 class=\"pi-item pi-item-spacing pi-title\" data-source=\"name\">Alderton</h2>\n\n</section>\n<section class=\"pi-item pi-group pi-border-color\">\n\t<h2 class=\"pi-item pi-header pi-secondary-font pi-item-spacing pi-secondary-background\">Biographical information</h2>\n\n<div class=\"pi-item pi-data pi-item-spacing pi-border-color\" data-source=\"blood\">\n\t\n\t\t<h3 class=\"pi-data-label pi-secondary-font\">Blood status</h3>\n\t\n\t<div class=\"pi-data-value pi-font\"><ul><li><a href=\"/wiki/Muggle-born\" title=\"Muggle-born\">Muggle-born</a> (as determined by the <a href=\"/wiki/Muggle-Born_Registration_Commission\" title=\"Muggle-Born Registration Commission\">Muggle-Born Registration Commission</a>)<sup id=\"cite_ref-DHF1_1-0\" class=\"reference\"><a href=\"#cite_note-DHF1-1\">&#91;1&#93;</a></sup></li><li><a href=\"/wiki/Half-blood\" title=\"Half-blood\">Half-blood</a> (claimed)<sup id=\"cite_ref-DHF1_1-1\" class=\"reference\"><a href=\"#cite_note-DHF1-1\">&#91;1&#93;</a></sup></li></ul></div>\n</div>\n\n<div class=\"pi-item pi-data pi-item-spacing pi-border-color\" data-source=\"nationality\">\n\t\n\t\t<h3 class=\"pi-data-label pi-secondary-font\">Nationality</h3>\n\t\n\t<div class=\"pi-data-value pi-font\"><a href=\"/wiki/Great_Britain\" title=\"Great Britain\">British</a><sup id=\"cite_ref-DHF1_1-2\" class=\"reference\"><a href=\"#cite_note-DHF1-1\">&#91;1&#93;</a></sup></div>\n</div>\n\n</section>\n<section class=\"pi-item pi-group pi-border-color\">\n\t<h2 class=\"pi-item pi-header pi-secondary-font pi-item-spacing pi-secondary-background\">Physical information</h2>\n\n<div class=\"pi-item pi-data pi-item-spacing pi-border-color\" data-source=\"species\">\n\t\n\t\t<h3 class=\"pi-data-label pi-secondary-font\">Species</h3>\n\t\n\t<div class=\"pi-data-value pi-font\"><a href=\"/wiki/Human\" title=\"Human\">Human</a><sup id=\"cite_ref-DHF1_1-3\" class=\"reference\"><a href=\"#cite_note-DHF1-1\">&#91;1&#93;</a></sup></div>\n</div>\n\n<div class=\"pi-item pi-data pi-item-spacing pi-border-color\" data-source=\"gender\">\n\t\n\t\t<h3 class=\"pi-data-label pi-secondary-font\">Gender</h3>\n\t\n\t<div class=\"pi-data-value pi-font\">Male<sup id=\"cite_ref-DHF1_1-4\" class=\"reference\"><a href=\"#cite_note-DHF1-1\">&#91;1&#93;</a></sup></div>\n</div>\n\n<div class=\"pi-item pi-data pi-item-spacing pi-border-color\" data-source=\"hair\">\n\t\n\t\t<h3 class=\"pi-data-label pi-secondary-font\">Hair colour</h3>\n\t\n\t<div class=\"pi-data-value pi-font\">Grey<sup id=\"cite_ref-DHF1_1-5\" class=\"reference\"><a href=\"#cite_note-DHF1-1\">&#91;1&#93;</a></sup></div>\n</div>\n\n<div class=\"pi-item pi-data pi-item-spacing pi-border-color\" data-source=\"skin\">\n\t\n\t\t<h3 class=\"pi-data-label pi-secondary-font\">Skin colour</h3>\n\t\n\t<div class=\"pi-data-value pi-font\">Pale<sup id=\"cite_ref-DHF1_1-6\" class=\"reference\"><a href=\"#cite_note-DHF1-1\">&#91;1&#93;</a></sup></div>\n</div>\n\n</section>\n<section class=\"pi-item pi-group pi-border-color\">\n\t<h2 class=\"pi-item pi-header pi-secondary-font pi-item-spacing pi-secondary-background\">Relationship information</h2>\n\n<div class=\"pi-item pi-data pi-item-spacing pi-border-color\" data-source=\"family\">\n\t\n\t\t<h3 class=\"pi-data-label pi-secondary-font\">Family members</h3>\n\t\n\t<div class=\"pi-data-value pi-font\"><ul><li><a href=\"/wiki/William_Alderton\" title=\"William Alderton\">William Alderton</a> (claimed father)<sup id=\"cite_ref-DHF1_1-7\" class=\"reference\"><a href=\"#cite_note-DHF1-1\">&#91;1&#93;</a></sup></li><li><a href=\"/wiki/Arkie_Alderton\" title=\"Arkie Alderton\">Arkie Alderton</a> (possible relative)</li><li><a href=\"/wiki/Arkie_Alderton%27s_alleged_son\" title=\"Arkie Alderton&#039;s alleged son\">Alderton</a> (possible relative)</li><li><a href=\"/wiki/Archibald_Alderton\" title=\"Archibald Alderton\">Archibald Alderton</a> (possible relative)</li></ul></div>\n</div>\n\n</section>\n<section class=\"pi-item pi-group pi-border-color\">\n\t<h2 class=\"pi-item pi-header pi-secondary-font pi-item-spacing pi-secondary-background\">Affiliation</h2>\n\n<div class=\"pi-item pi-data pi-item-spacing pi-border-color\" data-source=\"loyalty\">\n\t\n\t\t<h3 class=\"pi-data-label pi-secondary-font\">Loyalty</h3>\n\t\n\t<div class=\"pi-data-value pi-font\"><a href=\"/wiki/Alderton_family\" title=\"Alderton family\">Alderton family</a><sup id=\"cite_ref-DHF1_1-8\" class=\"reference\"><a href=\"#cite_note-DHF1-1\">&#91;1&#93;</a></sup></div>\n</div>\n\n</section>\n<nav class=\"pi-navigation pi-item-spacing pi-secondary-background pi-secondary-font\"><small><a href=\"/wiki/Template:Individual_infobox\" title=\"Template:Individual infobox\">[Source]</a><span class=\"hidable-button\"></span></small></nav>\n</aside>\n\n</p>\n<div class=\"quote\">\n<dl><dd><span title=\"Source:&#160;Harry Potter and the Deathly Hallows: Part 1\">\"<i>I'm half-blood. My father, my father was a wizard. William Alderton. He worked here for thirty years. Perhaps you know him. Always wore his jacket inside out...</i>\"</span></dd>\n<dd>&#8212;Alderton begs the <a href=\"/wiki/Muggle-Born_Registration_Commission\" title=\"Muggle-Born Registration Commission\">Muggle-Born Registration Commission</a> to release him.<sup class=\"noprint\"><a href=\"/wiki/Harry_Potter_and_the_Deathly_Hallows:_Part_1\" title=\"Harry Potter and the Deathly Hallows: Part 1\">[src]</a></sup></dd>\n<dd></dd></dl></div>\n<p><b>Alderton</b><sup id=\"cite_ref-DHpt1_script_2-0\" class=\"reference\"><a href=\"#cite_note-DHpt1_script-2\">&#91;2&#93;</a></sup> was a <a href=\"/wiki/Wizardkind\" title=\"Wizardkind\">wizard</a> living somewhere in the British Isles during the <a href=\"/wiki/Second_Wizarding_War\" title=\"Second Wizarding War\">Second Wizarding War</a>. Despite his claims to be <a href=\"/wiki/Half-blood\" title=\"Half-blood\">half-blood</a>, Alderton was 'interviewed' by the <a href=\"/wiki/Muggle-Born_Registration_Commission\" title=\"Muggle-Born Registration Commission\">Muggle-Born Registration Commission</a> on <a href=\"/wiki/2_September\" title=\"2 September\">2 September</a>, <a href=\"/wiki/1997\" title=\"1997\">1997</a>, and was either sent to <a href=\"/wiki/Azkaban\" title=\"Azkaban\">Azkaban</a> or <a href=\"/wiki/Wandless\" title=\"Wandless\">stripped of his wand and job</a>.<sup id=\"cite_ref-DHF1_1-9\" class=\"reference\"><a href=\"#cite_note-DHF1-1\">&#91;1&#93;</a></sup>\n</p>\n<div id=\"toc\" class=\"toc\"><input type=\"checkbox\" role=\"button\" id=\"toctogglecheckbox\" class=\"toctogglecheckbox\" style=\"display:none\" /><div class=\"toctitle\" lang=\"en\" dir=\"ltr\"><h2>Contents</h2><span class=\"toctogglespan\"><label class=\"toctogglelabel\" for=\"toctogglecheckbox\"></label></span></div>\n<ul>\n<li class=\"toclevel-1 tocsection-1\"><a href=\"#History\"><span class=\"tocnumber\">1</span> <span class=\"toctext\">History</span></a>\n<ul>\n<li class=\"toclevel-2 tocsection-2\"><a href=\"#Early_life\"><span class=\"tocnumber\">1.1</span> <span class=\"toctext\">Early life</span></a></li>\n<li class=\"toclevel-2 tocsection-3\"><a href=\"#Second_Wizarding_War_and_Prosecution\"><span class=\"tocnumber\">1.2</span> <span class=\"toctext\">Second Wizarding War and Prosecution</span></a></li>\n</ul>\n</li>\n<li class=\"toclevel-1 tocsection-4\"><a href=\"#Behind_the_scenes\"><span class=\"tocnumber\">2</span> <span class=\"toctext\">Behind the scenes</span></a></li>\n<li class=\"toclevel-1 tocsection-5\"><a href=\"#Appearances\"><span class=\"tocnumber\">3</span> <span class=\"toctext\">Appearances</span></a></li>\n<li class=\"toclevel-1 tocsection-6\"><a href=\"#Notes_and_references\"><span class=\"tocnumber\">4</span> <span class=\"toctext\">Notes and references</span></a></li>\n</ul>\n</div>\n\n<h2><span class=\"mw-headline\" id=\"History\">History</span><span class=\"mw-editsection\"><span class=\"mw-editsection-bracket\">[</span><a href=\"/wiki/Alderton?veaction=edit&amp;section=1\" class=\"mw-editsection-visualeditor\" title=\"Edit section: History\">edit</a><span class=\"mw-editsection-divider\"> | </span><a href=\"/wiki/Alderton?action=edit&amp;section=1\" title=\"Edit section: History\"><svg class=\"wds-icon wds-icon-tiny section-edit-pencil-icon\"><use xlink:href=\"#wds-icons-pencil-tiny\"></use></svg>edit source</a><span class=\"mw-editsection-bracket\">]</span></span></h2>\n<h3><span class=\"mw-headline\" id=\"Early_life\">Early life</span><span class=\"mw-editsection\"><span class=\"mw-editsection-bracket\">[</span><a href=\"/wiki/Alderton?veaction=edit&amp;section=2\" class=\"mw-editsection-visualeditor\" title=\"Edit section: Early life\">edit</a><span class=\"mw-editsection-divider\"> | </span><a href=\"/wiki/Alderton?action=edit&amp;section=2\" title=\"Edit section: Early life\"><svg class=\"wds-icon wds-icon-tiny section-edit-pencil-icon\"><use xlink:href=\"#wds-icons-pencil-tiny\"></use></svg>edit source</a><span class=\"mw-editsection-bracket\">]</span></span></h3>\n<p>According to Alderton, he was the son of <a href=\"/wiki/William_Alderton\" title=\"William Alderton\">William Alderton</a>, a <a href=\"/wiki/Wizardkind\" title=\"Wizardkind\">wizard</a>, making him a <a href=\"/wiki/Half-blood\" title=\"Half-blood\">half-blood</a>. The <a href=\"/wiki/British_Ministry_of_Magic\" title=\"British Ministry of Magic\">Ministry of Magic</a>, however, determined he was a <a href=\"/wiki/Muggle-born\" title=\"Muggle-born\">Muggle-born</a> wizard.<sup id=\"cite_ref-DHF1_1-10\" class=\"reference\"><a href=\"#cite_note-DHF1-1\">&#91;1&#93;</a></sup>\n</p><p>He most likely attended <a href=\"/wiki/Hogwarts_School_of_Witchcraft_and_Wizardry\" title=\"Hogwarts School of Witchcraft and Wizardry\">Hogwarts School of Witchcraft and Wizardry</a> in his youth.\n</p>\n<h3><span class=\"mw-headline\" id=\"Second_Wizarding_War_and_Prosecution\">Second Wizarding War and Prosecution</span><span class=\"mw-editsection\"><span class=\"mw-editsection-bracket\">[</span><a href=\"/wiki/Alderton?veaction=edit&amp;section=3\" class=\"mw-editsection-visualeditor\" title=\"Edit section: Second Wizarding War and Prosecution\">edit</a><span class=\"mw-editsection-divider\"> | </span><a href=\"/wiki/Alderton?action=edit&amp;section=3\" title=\"Edit section: Second Wizarding War and Prosecution\"><svg class=\"wds-icon wds-icon-tiny section-edit-pencil-icon\"><use xlink:href=\"#wds-icons-pencil-tiny\"></use></svg>edit source</a><span class=\"mw-editsection-bracket\">]</span></span></h3>\n<p>In <a href=\"/wiki/1997\" title=\"1997\">1997</a>, after the <a href=\"/wiki/Infiltration_of_the_Ministry_of_Magic\" title=\"Infiltration of the Ministry of Magic\">infiltration</a> of the <a href=\"/wiki/British_Ministry_of_Magic\" title=\"British Ministry of Magic\">Ministry of Magic</a> by <a href=\"/wiki/Tom_Riddle\" title=\"Tom Riddle\">Lord Voldemort</a>'s <a href=\"/wiki/Death_Eaters\" title=\"Death Eaters\">Death Eaters</a>, he was singled out as being Muggle-born by the <a href=\"/wiki/Muggle-Born_Registration_Commission\" title=\"Muggle-Born Registration Commission\">Muggle-Born Registration Commission</a> and was tried. He was found guilty during the trial and was therefore led away by two Ministry guards afterwards, either to await imprisonment or to be stripped of his wand and job. As he left the courtroom, he desperately tried to convince the guards that he was a half-blood by claiming that his <a href=\"/wiki/William_Alderton\" title=\"William Alderton\">father</a> was a <a href=\"/wiki/Pure-blood\" title=\"Pure-blood\">pure-blood</a> wizard, but was unsuccessful. It is unknown what happened to him afterwards.<sup id=\"cite_ref-DHF1_1-11\" class=\"reference\"><a href=\"#cite_note-DHF1-1\">&#91;1&#93;</a></sup>\n</p>\n<h2><span class=\"mw-headline\" id=\"Behind_the_scenes\">Behind the scenes</span><span class=\"mw-editsection\"><span class=\"mw-editsection-bracket\">[</span><a href=\"/wiki/Alderton?veaction=edit&amp;section=4\" class=\"mw-editsection-visualeditor\" title=\"Edit section: Behind the scenes\">edit</a><span class=\"mw-editsection-divider\"> | </span><a href=\"/wiki/Alderton?action=edit&amp;section=4\" title=\"Edit section: Behind the scenes\"><svg class=\"wds-icon wds-icon-tiny section-edit-pencil-icon\"><use xlink:href=\"#wds-icons-pencil-tiny\"></use></svg>edit source</a><span class=\"mw-editsection-bracket\">]</span></span></h2>\n<ul><li>He is played by <a href=\"/wiki/Ned_Dennehy\" title=\"Ned Dennehy\">Ned Dennehy</a> and is credited as \"Scared Man\".</li></ul>\n<h2><span class=\"mw-headline\" id=\"Appearances\">Appearances</span><span class=\"mw-editsection\"><span class=\"mw-editsection-bracket\">[</span><a href=\"/wiki/Alderton?veaction=edit&amp;section=5\" class=\"mw-editsection-visualeditor\" title=\"Edit section: Appearances\">edit</a><span class=\"mw-editsection-divider\"> | </span><a href=\"/wiki/Alderton?action=edit&amp;section=5\" title=\"Edit section: Appearances\"><svg class=\"wds-icon wds-icon-tiny section-edit-pencil-icon\"><use xlink:href=\"#wds-icons-pencil-tiny\"></use></svg>edit source</a><span class=\"mw-editsection-bracket\">]</span></span></h2>\n<ul><li><i><a href=\"/wiki/Harry_Potter_and_the_Deathly_Hallows:_Part_1\" title=\"Harry Potter and the Deathly Hallows: Part 1\">Harry Potter and the Deathly Hallows: Part 1</a></i> <small>(First appearance)</small></li></ul>\n<h2><span class=\"mw-headline\" id=\"Notes_and_references\">Notes and references</span><span class=\"mw-editsection\"><span class=\"mw-editsection-bracket\">[</span><a href=\"/wiki/Alderton?veaction=edit&amp;section=6\" class=\"mw-editsection-visualeditor\" title=\"Edit section: Notes and references\">edit</a><span class=\"mw-editsection-divider\"> | </span><a href=\"/wiki/Alderton?action=edit&amp;section=6\" title=\"Edit section: Notes and references\"><svg class=\"wds-icon wds-icon-tiny section-edit-pencil-icon\"><use xlink:href=\"#wds-icons-pencil-tiny\"></use></svg>edit source</a><span class=\"mw-editsection-bracket\">]</span></span></h2>\n<div class=\"references-small\">\n<div class=\"mw-references-wrap\"><ol class=\"references\">\n<li id=\"cite_note-DHF1-1\"><span class=\"mw-cite-backlink\">\u2191 <sup><a href=\"#cite_ref-DHF1_1-0\">1.00</a></sup> <sup><a href=\"#cite_ref-DHF1_1-1\">1.01</a></sup> <sup><a href=\"#cite_ref-DHF1_1-2\">1.02</a></sup> <sup><a href=\"#cite_ref-DHF1_1-3\">1.03</a></sup> <sup><a href=\"#cite_ref-DHF1_1-4\">1.04</a></sup> <sup><a href=\"#cite_ref-DHF1_1-5\">1.05</a></sup> <sup><a href=\"#cite_ref-DHF1_1-6\">1.06</a></sup> <sup><a href=\"#cite_ref-DHF1_1-7\">1.07</a></sup> <sup><a href=\"#cite_ref-DHF1_1-8\">1.08</a></sup> <sup><a href=\"#cite_ref-DHF1_1-9\">1.09</a></sup> <sup><a href=\"#cite_ref-DHF1_1-10\">1.10</a></sup> <sup><a href=\"#cite_ref-DHF1_1-11\">1.11</a></sup></span> <span class=\"reference-text\"><i><a href=\"/wiki/Harry_Potter_and_the_Deathly_Hallows:_Part_1\" title=\"Harry Potter and the Deathly Hallows: Part 1\">Harry Potter and the Deathly Hallows: Part 1</a></i></span>\n</li>\n<li id=\"cite_note-DHpt1_script-2\"><span class=\"mw-cite-backlink\"><a href=\"#cite_ref-DHpt1_script_2-0\">\u2191</a></span> <span class=\"reference-text\"><a target=\"_blank\" rel=\"noreferrer noopener\" class=\"external text\" href=\"http://www.oclumencia.com.br/2011/01/divulgado-roteiro-completo-de-reliquias-da-morte-parte-1/\">\"Divulgado roteiro COMPLETO de <i>Rel\u00edquias da Morte: Parte 1</i> - FULL <i>Deathly Hallows: Part 1</i> script released\u2033</a> on <a target=\"_blank\" rel=\"noreferrer noopener\" class=\"external text\" href=\"http://www.oclumencia.com.br/\">Oclumencia.com.br.</a> (translation <a target=\"_blank\" rel=\"noreferrer noopener\" class=\"external text\" href=\"http://babelfish.yahoo.com/translate_url?doit=done&amp;tt=url&amp;intl=1&amp;fr=bf-home&amp;trurl=http%3A%2F%2Fwww.oclumencia.com.br%2F2011%2F01%2Fdivulgado-roteiro-completo-de-reliquias-da-morte-parte-1%2F&amp;lp=pt_en&amp;btnTrUrl=Translate\">here</a>)</span>\n</li>\n</ol></div></div></div>"}]}}}}