{"batchcomplete": "", "warnings": {"main": {"*": "Subscribe to the mediawiki-api-announce mailing list at <https://lists.wikimedia.org/mailman/listinfo/mediawiki-api-announce> for notice of API deprecations and breaking changes."}, "revisions": {"*": "The parameter \"rvparse\" has been deprecated.\nBecause \"rvslots\" was not specified, a legacy format has been used for the output. This format is deprecated, and in the future the new format will always be used."}}, "query": {"normalized": [{"from": "Alexia_Walkin_Black", "to": "Alexia Walkin Black"}], "pages": {"24480": {"pageid": 24480, "ns": 0, "title": "Alexia Walkin Black", "revisions": [{"*": "<div class=\"mw-parser-output\"><p>\n<aside role=\"region\" class=\"portable-infobox pi-background pi-theme-wizard pi-layout-default\">\n<figure class=\"pi-item pi-image\" data-source=\"image\">\n\t<a href=\"https://static.wikia.nocookie.net/harrypotter/images/5/52/Alexia_Walkin_Black.jpg/revision/latest?cb=20101021214755\" class=\"image image-thumbnail\"\n\t   title=\"\">\n\t\t<img src=\"https://static.wikia.nocookie.net/harrypotter/images/5/52/Alexia_Walkin_Black.jpg/revision/latest/scale-to-width-down/331?cb=20101021214755\" srcset=\"https://static.wikia.nocookie.net/harrypotter/images/5/52/Alexia_Walkin_Black.jpg/revision/latest/scale-to-width-down/331?cb=20101021214755 1x, https://static.wikia.nocookie.net/harrypotter/images/5/52/Alexia_Walkin_Black.jpg/revision/latest/scale-to-width-down/662?cb=20101021214755 2x\" class=\"pi-image-thumbnail\" alt=\"\" width=\"270\" height=\"238\"\n\t\t     data-image-key=\"Alexia_Walkin_Black.jpg\" data-image-name=\"Alexia Walkin Black.jpg\"/>\n\t\t\n\t</a>\n\t\n</figure>\n<section class=\"pi-item pi-group pi-border-color\">\n\t\n<h2 class=\"pi-item pi-item-spacing pi-title\" data-source=\"name\">Alexia Walkin Black</h2>\n\n</section>\n<section class=\"pi-item pi-group pi-border-color\">\n\t<h2 class=\"pi-item pi-header pi-secondary-font pi-item-spacing pi-secondary-background\">Biographical information</h2>\n\n<div class=\"pi-item pi-data pi-item-spacing pi-border-color\" data-source=\"born\">\n\t\n\t\t<h3 class=\"pi-data-label pi-secondary-font\">Born</h3>\n\t\n\t<div class=\"pi-data-value pi-font\"><a href=\"/wiki/1810s\" title=\"1810s\">1810s</a> (possibly)</div>\n</div>\n\n<div class=\"pi-item pi-data pi-item-spacing pi-border-color\" data-source=\"died\">\n\t\n\t\t<h3 class=\"pi-data-label pi-secondary-font\">Died</h3>\n\t\n\t<div class=\"pi-data-value pi-font\">Before <a href=\"/wiki/1996\" title=\"1996\">1996</a></div>\n</div>\n\n<div class=\"pi-item pi-data pi-item-spacing pi-border-color\" data-source=\"blood\">\n\t\n\t\t<h3 class=\"pi-data-label pi-secondary-font\">Blood status</h3>\n\t\n\t<div class=\"pi-data-value pi-font\"><a href=\"/wiki/Pure-blood\" title=\"Pure-blood\">Pure-blood</a></div>\n</div>\n\n<div class=\"pi-item pi-data pi-item-spacing pi-border-color\" data-source=\"marital\">\n\t\n\t\t<h3 class=\"pi-data-label pi-secondary-font\">Marital status</h3>\n\t\n\t<div class=\"pi-data-value pi-font\">Single</div>\n</div>\n\n</section>\n<section class=\"pi-item pi-group pi-border-color\">\n\t<h2 class=\"pi-item pi-header pi-secondary-font pi-item-spacing pi-secondary-background\">Physical information</h2>\n\n<div class=\"pi-item pi-data pi-item-spacing pi-border-color\" data-source=\"species\">\n\t\n\t\t<h3 class=\"pi-data-label pi-secondary-font\">Species</h3>\n\t\n\t<div class=\"pi-data-value pi-font\"><a href=\"/wiki/Human\" title=\"Human\">Human</a></div>\n</div>\n\n<div class=\"pi-item pi-data pi-item-spacing pi-border-color\" data-source=\"gender\">\n\t\n\t\t<h3 class=\"pi-data-label pi-secondary-font\">Gender</h3>\n\t\n\t<div class=\"pi-data-value pi-font\">Female</div>\n</div>\n\n<div class=\"pi-item pi-data pi-item-spacing pi-border-color\" data-source=\"skin\">\n\t\n\t\t<h3 class=\"pi-data-label pi-secondary-font\">Skin colour</h3>\n\t\n\t<div class=\"pi-data-value pi-font\">White</div>\n</div>\n\n</section>\n<section class=\"pi-item pi-group pi-border-color\">\n\t<h2 class=\"pi-item pi-header pi-secondary-font pi-item-spacing pi-secondary-background\">Relationship information</h2>\n\n<div class=\"pi-item pi-data pi-item-spacing pi-border-color\" data-source=\"family\">\n\t\n\t\t<h3 class=\"pi-data-label pi-secondary-font\">Family members</h3>\n\t\n\t<div class=\"pi-data-value pi-font\"><ul><li><a href=\"/wiki/Phoebe_Black\" title=\"Phoebe Black\">Phoebe Black</a> (possible sister)</li><li><a href=\"/wiki/Eduardus_Limette_Black\" title=\"Eduardus Limette Black\">Eduardus Limette Black</a> (possible brother)</li><li><a href=\"/wiki/Licorus_Black\" title=\"Licorus Black\">Licorus Black</a> (possible brother)</li><li><a href=\"/wiki/Hesper_Black\" title=\"Hesper Black\">Hesper Black</a> (possible sister)</li><li><a href=\"/wiki/Misapinoa_Black\" title=\"Misapinoa Black\">Misapinoa Blishwick</a> (possible niece)</li><li><a href=\"/wiki/Arcturus_Black_I\" title=\"Arcturus Black I\">Arcturus Black I</a> (possible nephew)</li><li><a href=\"/wiki/Cygnus_Black_I\" title=\"Cygnus Black I\">Cygnus Black I</a> (possible nephew)</li><li><a href=\"/wiki/House_of_Black\" title=\"House of Black\">Black family</a></li></ul></div>\n</div>\n\n</section>\n<section class=\"pi-item pi-group pi-border-color\">\n\t<h2 class=\"pi-item pi-header pi-secondary-font pi-item-spacing pi-secondary-background\">Affiliation</h2>\n\n<div class=\"pi-item pi-data pi-item-spacing pi-border-color\" data-source=\"house\">\n\t\n\t\t<h3 class=\"pi-data-label pi-secondary-font\">House</h3>\n\t\n\t<div class=\"pi-data-value pi-font\"><a href=\"/wiki/Slytherin\" title=\"Slytherin\">Slytherin</a> (possible)</div>\n</div>\n\n<div class=\"pi-item pi-data pi-item-spacing pi-border-color\" data-source=\"loyalty\">\n\t\n\t\t<h3 class=\"pi-data-label pi-secondary-font\">Loyalty</h3>\n\t\n\t<div class=\"pi-data-value pi-font\"><a href=\"/wiki/House_of_Black\" title=\"House of Black\">House of Black</a><sup id=\"cite_ref-ootpmovie_1-0\" class=\"reference\"><a href=\"#cite_note-ootpmovie-1\">&#91;1&#93;</a></sup></div>\n</div>\n\n</section>\n<nav class=\"pi-navigation pi-item-spacing pi-secondary-background pi-secondary-font\"><small><a href=\"/wiki/Template:Individual_infobox\" title=\"Template:Individual infobox\">[Source]</a><span class=\"hidable-button\"></span></small></nav>\n</aside>\n\n<b>Alexia Walkin Black</b><sup id=\"cite_ref-2\" class=\"reference\"><a href=\"#cite_note-2\">&#91;2&#93;</a></sup> was a <a href=\"/wiki/Pure-blood\" title=\"Pure-blood\">pure-blood</a> <a href=\"/wiki/Wizardkind\" title=\"Wizardkind\">witch</a>. She was an early member of the <a href=\"/wiki/House_of_Black\" title=\"House of Black\">House of Black</a>, predating <a href=\"/wiki/Arcturus_Black_I\" title=\"Arcturus Black I\">Arcturus Black I</a> and <a href=\"/wiki/Cygnus_Black_I\" title=\"Cygnus Black I\">Cygnus Black I</a>, but her precise relationship to other known members of the Black family is unknown. She never married, according to the <a href=\"/wiki/Black_Family_Tapestry\" title=\"Black Family Tapestry\">Black family tree tapestry</a>, and was childless.<sup id=\"cite_ref-ootpmovie_1-1\" class=\"reference\"><a href=\"#cite_note-ootpmovie-1\">&#91;1&#93;</a></sup>\n</p>\n<div id=\"toc\" class=\"toc\"><input type=\"checkbox\" role=\"button\" id=\"toctogglecheckbox\" class=\"toctogglecheckbox\" style=\"display:none\" /><div class=\"toctitle\" lang=\"en\" dir=\"ltr\"><h2>Contents</h2><span class=\"toctogglespan\"><label class=\"toctogglelabel\" for=\"toctogglecheckbox\"></label></span></div>\n<ul>\n<li class=\"toclevel-1 tocsection-1\"><a href=\"#Etymology\"><span class=\"tocnumber\">1</span> <span class=\"toctext\">Etymology</span></a></li>\n<li class=\"toclevel-1 tocsection-2\"><a href=\"#Behind_the_scenes\"><span class=\"tocnumber\">2</span> <span class=\"toctext\">Behind the scenes</span></a></li>\n<li class=\"toclevel-1 tocsection-3\"><a href=\"#Appearances\"><span class=\"tocnumber\">3</span> <span class=\"toctext\">Appearances</span></a></li>\n<li class=\"toclevel-1 tocsection-4\"><a href=\"#Notes_and_references\"><span class=\"tocnumber\">4</span> <span class=\"toctext\">Notes and references</span></a></li>\n</ul>\n</div>\n\n<h2><span class=\"mw-headline\" id=\"Etymology\">Etymology</span><span class=\"mw-editsection\"><span class=\"mw-editsection-bracket\">[</span><a href=\"/wiki/Alexia_Walkin_Black?veaction=edit&amp;section=1\" class=\"mw-editsection-visualeditor\" title=\"Edit section: Etymology\">edit</a><span class=\"mw-editsection-divider\"> | </span><a href=\"/wiki/Alexia_Walkin_Black?action=edit&amp;section=1\" title=\"Edit section: Etymology\"><svg class=\"wds-icon wds-icon-tiny section-edit-pencil-icon\"><use xlink:href=\"#wds-icons-pencil-tiny\"></use></svg>edit source</a><span class=\"mw-editsection-bracket\">]</span></span></h2>\n<p><i>Alexia</i> is the feminine form of <i>Alexis</i>. The <a href=\"/wiki/Greece\" title=\"Greece\">Greek</a> name \u0391\u03bb\u03b5\u03be\u03b9\u03c2 (Alexis), which meant \"helper\" or \"defender\", is derived from Greek \u03b1\u03bb\u03b5\u03be\u03c9 (<i>alexo</i>) \"to defend, to help\". This was the name of a 3rd-century BC Greek comic poet, and also of several <a href=\"/wiki/Saint\" title=\"Saint\">saints</a>. It is used somewhat interchangeably with the related name \u0391\u03bb\u03b5\u03be\u03b9\u03bf\u03c2 or <a href=\"http://en.wikipedia.org/wiki/Emperor_Alexius\" class=\"extiw\" title=\"wikipedia:Emperor Alexius\">Alexius</a>, borne by five Byzantine emperors.<sup id=\"cite_ref-3\" class=\"reference\"><a href=\"#cite_note-3\">&#91;3&#93;</a></sup>\n</p><p>Black&#160;can be considered a colour, and is the result of the absence of, or complete absorption of, light.&#160;In Western culture, the colour black has typically been associated with evil, darkness, and witchcraft, but also with prestige and sophistication \u2014 appropriate for the House of Black. Black has also been associated with life and prosperity by other cultures. In ancient <a href=\"/wiki/China\" title=\"China\">China</a>, black was the symbol of the element of water, which also corresponds to&#160;Slytherin, the&#160;Hogwarts&#160;house of almost all members of the Black family. In English heraldry, black represents darkness and ignorance; a possible allusion to the prejudice common to members of the House of Black.\n</p><p>However, the English word&#160;<i>black</i>&#160;is derived from either the Old English&#160;<i>bl\u0153c</i>, meaning \"black\", or&#160;<i>blac</i>, meaning \"pale\". Pallor&#160;is associated with sickness and the colour&#160;white, which is usually held to symbolise purity in Western and <a href=\"/wiki/India\" title=\"India\">Indian</a> culture, and death in East <a href=\"/wiki/Asia\" title=\"Asia\">Asian</a> cultures. This mirrors the typical colouring of members of the House of Black \u2014 dark hair and pale skin.\n</p>\n<h2><span class=\"mw-headline\" id=\"Behind_the_scenes\">Behind the scenes</span><span class=\"mw-editsection\"><span class=\"mw-editsection-bracket\">[</span><a href=\"/wiki/Alexia_Walkin_Black?veaction=edit&amp;section=2\" class=\"mw-editsection-visualeditor\" title=\"Edit section: Behind the scenes\">edit</a><span class=\"mw-editsection-divider\"> | </span><a href=\"/wiki/Alexia_Walkin_Black?action=edit&amp;section=2\" title=\"Edit section: Behind the scenes\"><svg class=\"wds-icon wds-icon-tiny section-edit-pencil-icon\"><use xlink:href=\"#wds-icons-pencil-tiny\"></use></svg>edit source</a><span class=\"mw-editsection-bracket\">]</span></span></h2>\n<ul><li>This character appears only on the version of the Black family tree shown in the <a href=\"/wiki/Harry_Potter_and_the_Order_of_the_Phoenix_(film)\" title=\"Harry Potter and the Order of the Phoenix (film)\">film adaptation</a> of <i><a href=\"/wiki/Harry_Potter_and_the_Order_of_the_Phoenix\" title=\"Harry Potter and the Order of the Phoenix\">Harry Potter and the Order of the Phoenix</a></i>. She was not included on the version of the tree which <a href=\"/wiki/J._K._Rowling\" title=\"J. K. Rowling\">J. K. Rowling</a> gave to a charity auction in <a href=\"/wiki/2006\" title=\"2006\">2006</a>.<sup id=\"cite_ref-4\" class=\"reference\"><a href=\"#cite_note-4\">&#91;4&#93;</a></sup> She was presumably created by the production team of the films, with her name being selected in honour of <a target=\"_blank\" rel=\"noreferrer noopener\" class=\"external text\" href=\"http://www.imdb.com/name/nm1023180/\">Alexandra Walker</a>, an art director on <i><a href=\"/wiki/Harry_Potter_and_the_Prisoner_of_Azkaban_(film)\" title=\"Harry Potter and the Prisoner of Azkaban (film)\">Prisoner of Azkaban</a></i>, <i><a href=\"/wiki/Harry_Potter_and_the_Goblet_of_Fire_(film)\" title=\"Harry Potter and the Goblet of Fire (film)\">Goblet of Fire</a></i>, and <i>Order of the Phoenix</i>.</li>\n<li>Based on a statement of <a href=\"/wiki/Horace_Slughorn\" title=\"Horace Slughorn\">Horace Slughorn</a>, Alexia Walkin probably graduated at <a href=\"/wiki/Hogwarts_School_of_Witchcraft_and_Wizardry\" title=\"Hogwarts School of Witchcraft and Wizardry\">Hogwarts</a> and was sorted into <a href=\"/wiki/Slytherin\" title=\"Slytherin\">Slytherin</a> house. However, she attended Hogwarts in the 1820s, long before Slughorn was Potions teacher.</li>\n<li>Her siblings are probably <a href=\"/wiki/Eduardus_Limette_Black\" title=\"Eduardus Limette Black\">Eduardus Limette</a>, <a href=\"/wiki/Phoebe_Black\" title=\"Phoebe Black\">Phoebe</a>, <a href=\"/wiki/Licorus_Black\" title=\"Licorus Black\">Licorus</a> and <a href=\"/wiki/Hesper_Black\" title=\"Hesper Black\">Hesper Black</a>.</li>\n<li>On the scroll beneath Alexia\u2019s image on the family tree, there are no dates.</li>\n<li>It is possible that Walkin was a maiden name of Alexia\u2019s mother.<sup id=\"cite_ref-5\" class=\"reference\"><a href=\"#cite_note-5\">&#91;5&#93;</a></sup></li>\n<li>Based on Black Family Tree Tapestry, Alexia\u2019s and <a href=\"/wiki/Andromeda_Black\" class=\"mw-redirect\" title=\"Andromeda Black\">Andromeda&#160;Black</a>\u2019s pictures are the same.</li></ul>\n<h2><span class=\"mw-headline\" id=\"Appearances\">Appearances</span><span class=\"mw-editsection\"><span class=\"mw-editsection-bracket\">[</span><a href=\"/wiki/Alexia_Walkin_Black?veaction=edit&amp;section=3\" class=\"mw-editsection-visualeditor\" title=\"Edit section: Appearances\">edit</a><span class=\"mw-editsection-divider\"> | </span><a href=\"/wiki/Alexia_Walkin_Black?action=edit&amp;section=3\" title=\"Edit section: Appearances\"><svg class=\"wds-icon wds-icon-tiny section-edit-pencil-icon\"><use xlink:href=\"#wds-icons-pencil-tiny\"></use></svg>edit source</a><span class=\"mw-editsection-bracket\">]</span></span></h2>\n<ul><li><i><a href=\"/wiki/Harry_Potter_and_the_Order_of_the_Phoenix_(film)\" title=\"Harry Potter and the Order of the Phoenix (film)\">Harry Potter and the Order of the Phoenix (film)</a></i> <span class=\"template-c\">(Appears on <a href=\"/wiki/House_of_Black\" title=\"House of Black\">Black family</a> tree tapestry)</span></li></ul>\n<h2><span class=\"mw-headline\" id=\"Notes_and_references\">Notes and references</span><span class=\"mw-editsection\"><span class=\"mw-editsection-bracket\">[</span><a href=\"/wiki/Alexia_Walkin_Black?veaction=edit&amp;section=4\" class=\"mw-editsection-visualeditor\" title=\"Edit section: Notes and references\">edit</a><span class=\"mw-editsection-divider\"> | </span><a href=\"/wiki/Alexia_Walkin_Black?action=edit&amp;section=4\" title=\"Edit section: Notes and references\"><svg class=\"wds-icon wds-icon-tiny section-edit-pencil-icon\"><use xlink:href=\"#wds-icons-pencil-tiny\"></use></svg>edit source</a><span class=\"mw-editsection-bracket\">]</span></span></h2>\n<div class=\"references-small\">\n<div class=\"mw-references-wrap\"><ol class=\"references\">\n<li id=\"cite_note-ootpmovie-1\"><span class=\"mw-cite-backlink\">\u2191 <sup><a href=\"#cite_ref-ootpmovie_1-0\">1.0</a></sup> <sup><a href=\"#cite_ref-ootpmovie_1-1\">1.1</a></sup></span> <span class=\"reference-text\"><i><a href=\"/wiki/Harry_Potter_and_the_Order_of_the_Phoenix_(film)\" title=\"Harry Potter and the Order of the Phoenix (film)\">Harry Potter and the Order of the Phoenix (film)</a></i></span>\n</li>\n<li id=\"cite_note-2\"><span class=\"mw-cite-backlink\"><a href=\"#cite_ref-2\">\u2191</a></span> <span class=\"reference-text\">On the Black family tapestry in the <i>Order of the Phoenix</i> film, only Blacks by birth have portraits, and only their given names are listed on the scrolls beneath the portraits. This indicates that this character was a Black and that Alexia Walkin was her given name.</span>\n</li>\n<li id=\"cite_note-3\"><span class=\"mw-cite-backlink\"><a href=\"#cite_ref-3\">\u2191</a></span> <span class=\"reference-text\"><a target=\"_blank\" rel=\"noreferrer noopener\" class=\"external text\" href=\"http://www.behindthename.com/name/alexis\">Alexis</a> on <a target=\"_blank\" rel=\"noreferrer noopener\" class=\"external text\" href=\"http://www.behindthename.com/\">Behind the Name</a>.</span>\n</li>\n<li id=\"cite_note-4\"><span class=\"mw-cite-backlink\"><a href=\"#cite_ref-4\">\u2191</a></span> <span class=\"reference-text\">\"<a target=\"_blank\" rel=\"noreferrer noopener\" class=\"external text\" href=\"http://www.hplex.info/wizards/blackfamilytree.html\">Black Family Tree</a>\" on The Harry Potter Lexicon</span>\n</li>\n<li id=\"cite_note-5\"><span class=\"mw-cite-backlink\"><a href=\"#cite_ref-5\">\u2191</a></span> <span class=\"reference-text\">See <a href=\"/wiki/Talk:Eduardus_Limette_Black\" title=\"Talk:Eduardus Limette Black\">Talk:Eduardus Limette Black</a>. The maiden name is sometimes given as a middle name or even as a first name on occasion. Examples include <a href=\"http://en.wikipedia.org/wiki/Franklin_D._Roosevelt\" class=\"extiw\" title=\"wikipedia:Franklin D. Roosevelt\">Franklin Delano Roosevelt</a>, <a href=\"http://en.wikipedia.org/wiki/Richard_Nixon\" class=\"extiw\" title=\"wikipedia:Richard Nixon\">Richard Milhous Nixon</a>, <a href=\"http://en.wikipedia.org/wiki/Ronald_Wilson_Reagan\" class=\"extiw\" title=\"wikipedia:Ronald Wilson Reagan\">Ronald Wilson Reagan</a>.</span>\n</li>\n</ol></div></div></div>"}]}}}}