{"batchcomplete": "", "warnings": {"main": {"*": "Subscribe to the mediawiki-api-announce mailing list at <https://lists.wikimedia.org/mailman/listinfo/mediawiki-api-announce> for notice of API deprecations and breaking changes."}, "revisions": {"*": "The parameter \"rvparse\" has been deprecated.\nBecause \"rvslots\" was not specified, a legacy format has been used for the output. This format is deprecated, and in the future the new format will always be used."}}, "query": {"normalized": [{"from": "Alex_Sykes_(I)", "to": "Alex Sykes (I)"}], "pages": {"101855": {"pageid": 101855, "ns": 0, "title": "Alex Sykes (I)", "revisions": [{"*": "<div class=\"mw-parser-output\"><p>\n<aside role=\"region\" class=\"portable-infobox pi-background pi-theme-wizard pi-layout-default\"><section class=\"pi-item pi-group pi-border-color\">\n\t\n<h2 class=\"pi-item pi-item-spacing pi-title\" data-source=\"name\">Alex Sykes</h2>\n\n</section>\n<section class=\"pi-item pi-group pi-border-color\">\n\t<h2 class=\"pi-item pi-header pi-secondary-font pi-item-spacing pi-secondary-background\">Biographical information</h2>\n\n<div class=\"pi-item pi-data pi-item-spacing pi-border-color\" data-source=\"born\">\n\t\n\t\t<h3 class=\"pi-data-label pi-secondary-font\">Born</h3>\n\t\n\t<div class=\"pi-data-value pi-font\">Between <a href=\"/wiki/1975\" title=\"1975\">1975</a> and <a href=\"/wiki/1978\" title=\"1978\">1978</a><sup id=\"cite_ref-age_1-0\" class=\"reference\"><a href=\"#cite_note-age-1\">&#91;1&#93;</a></sup>,<br/><a href=\"/wiki/Great_Britain\" title=\"Great Britain\">Great Britain</a> or <a href=\"/wiki/Ireland\" title=\"Ireland\">Ireland</a><sup id=\"cite_ref-2\" class=\"reference\"><a href=\"#cite_note-2\">&#91;2&#93;</a></sup></div>\n</div>\n\n<div class=\"pi-item pi-data pi-item-spacing pi-border-color\" data-source=\"nationality\">\n\t\n\t\t<h3 class=\"pi-data-label pi-secondary-font\">Nationality</h3>\n\t\n\t<div class=\"pi-data-value pi-font\"><a href=\"/wiki/Great_Britain\" title=\"Great Britain\">British</a> or <a href=\"/wiki/Ireland\" title=\"Ireland\">Irish</a><sup id=\"cite_ref-3\" class=\"reference\"><a href=\"#cite_note-3\">&#91;3&#93;</a></sup></div>\n</div>\n\n<div class=\"pi-item pi-data pi-item-spacing pi-border-color\" data-source=\"title\">\n\t\n\t\t<h3 class=\"pi-data-label pi-secondary-font\">Title(s)</h3>\n\t\n\t<div class=\"pi-data-value pi-font\"><a href=\"/wiki/Prefect\" title=\"Prefect\">Prefect</a><sup id=\"cite_ref-POAG_4-0\" class=\"reference\"><a href=\"#cite_note-POAG-4\">&#91;4&#93;</a></sup></div>\n</div>\n\n</section>\n<section class=\"pi-item pi-group pi-border-color\">\n\t<h2 class=\"pi-item pi-header pi-secondary-font pi-item-spacing pi-secondary-background\">Physical information</h2>\n\n<div class=\"pi-item pi-data pi-item-spacing pi-border-color\" data-source=\"species\">\n\t\n\t\t<h3 class=\"pi-data-label pi-secondary-font\">Species</h3>\n\t\n\t<div class=\"pi-data-value pi-font\"><a href=\"/wiki/Human\" title=\"Human\">Human</a><sup id=\"cite_ref-POAG_4-1\" class=\"reference\"><a href=\"#cite_note-POAG-4\">&#91;4&#93;</a></sup></div>\n</div>\n\n<div class=\"pi-item pi-data pi-item-spacing pi-border-color\" data-source=\"gender\">\n\t\n\t\t<h3 class=\"pi-data-label pi-secondary-font\">Gender</h3>\n\t\n\t<div class=\"pi-data-value pi-font\">Male<sup id=\"cite_ref-POAG_4-2\" class=\"reference\"><a href=\"#cite_note-POAG-4\">&#91;4&#93;</a></sup></div>\n</div>\n\n</section>\n<section class=\"pi-item pi-group pi-border-color\">\n\t<h2 class=\"pi-item pi-header pi-secondary-font pi-item-spacing pi-secondary-background\">Relationship information</h2>\n\n<div class=\"pi-item pi-data pi-item-spacing pi-border-color\" data-source=\"family\">\n\t\n\t\t<h3 class=\"pi-data-label pi-secondary-font\">Family members</h3>\n\t\n\t<div class=\"pi-data-value pi-font\"><a href=\"/wiki/Alex_Sykes_(II)\" title=\"Alex Sykes (II)\">Alex Sykes (II)</a> (possibly) <a href=\"/wiki/Jocunda_Sykes\" title=\"Jocunda Sykes\">Jocunda Sykes</a> (possibly)</div>\n</div>\n\n</section>\n<section class=\"pi-item pi-group pi-border-color\">\n\t<h2 class=\"pi-item pi-header pi-secondary-font pi-item-spacing pi-secondary-background\">Affiliation</h2>\n\n<div class=\"pi-item pi-data pi-item-spacing pi-border-color\" data-source=\"loyalty\">\n\t\n\t\t<h3 class=\"pi-data-label pi-secondary-font\">Loyalty</h3>\n\t\n\t<div class=\"pi-data-value pi-font\"><ul><li><a href=\"/wiki/Hogwarts_School_of_Witchcraft_and_Wizardry\" title=\"Hogwarts School of Witchcraft and Wizardry\">Hogwarts School of Witchcraft and Wizardry</a><sup id=\"cite_ref-POAG_4-3\" class=\"reference\"><a href=\"#cite_note-POAG-4\">&#91;4&#93;</a></sup></li><li><a href=\"/wiki/Sykes_family\" title=\"Sykes family\">Sykes family</a></li></ul></div>\n</div>\n\n</section>\n<nav class=\"pi-navigation pi-item-spacing pi-secondary-background pi-secondary-font\"><small><a href=\"/wiki/Template:Individual_infobox\" title=\"Template:Individual infobox\">[Source]</a><span class=\"hidable-button\"></span></small></nav>\n</aside>\n\n<b>Alex Sykes</b> was a <a href=\"/wiki/Wizardkind\" title=\"Wizardkind\">wizard</a> who began attending <a href=\"/wiki/Hogwarts_School_of_Witchcraft_and_Wizardry\" title=\"Hogwarts School of Witchcraft and Wizardry\">Hogwarts School of Witchcraft and Wizardry</a> between <a href=\"/wiki/1987\" title=\"1987\">1987</a> and <a href=\"/wiki/1989\" title=\"1989\">1989</a>. By the <a href=\"/wiki/1993-1994_school_year\" class=\"mw-redirect\" title=\"1993-1994 school year\">1993-1994 school year</a>, he had been made a <a href=\"/wiki/Prefect\" title=\"Prefect\">Prefect</a>, and was tasked with patrolling areas of the school off limits to students.<sup id=\"cite_ref-POAG_4-4\" class=\"reference\"><a href=\"#cite_note-POAG-4\">&#91;4&#93;</a></sup>\n</p>\n<h2><span class=\"mw-headline\" id=\"Appearances\">Appearances</span><span class=\"mw-editsection\"><span class=\"mw-editsection-bracket\">[</span><a href=\"/wiki/Alex_Sykes_(I)?veaction=edit&amp;section=1\" class=\"mw-editsection-visualeditor\" title=\"Edit section: Appearances\">edit</a><span class=\"mw-editsection-divider\"> | </span><a href=\"/wiki/Alex_Sykes_(I)?action=edit&amp;section=1\" title=\"Edit section: Appearances\"><svg class=\"wds-icon wds-icon-tiny section-edit-pencil-icon\"><use xlink:href=\"#wds-icons-pencil-tiny\"></use></svg>edit source</a><span class=\"mw-editsection-bracket\">]</span></span></h2>\n<ul><li><i><a href=\"/wiki/Harry_Potter_and_the_Prisoner_of_Azkaban_(video_game)\" title=\"Harry Potter and the Prisoner of Azkaban (video game)\">Harry Potter and the Prisoner of Azkaban (video game)</a></i> <small>(First appearance)</small> <span class=\"template-c\">(Console versions)</span></li></ul>\n<h2><span class=\"mw-headline\" id=\"Notes_and_references\">Notes and references</span><span class=\"mw-editsection\"><span class=\"mw-editsection-bracket\">[</span><a href=\"/wiki/Alex_Sykes_(I)?veaction=edit&amp;section=2\" class=\"mw-editsection-visualeditor\" title=\"Edit section: Notes and references\">edit</a><span class=\"mw-editsection-divider\"> | </span><a href=\"/wiki/Alex_Sykes_(I)?action=edit&amp;section=2\" title=\"Edit section: Notes and references\"><svg class=\"wds-icon wds-icon-tiny section-edit-pencil-icon\"><use xlink:href=\"#wds-icons-pencil-tiny\"></use></svg>edit source</a><span class=\"mw-editsection-bracket\">]</span></span></h2>\n<div class=\"references-small\">\n<div class=\"mw-references-wrap\"><ol class=\"references\">\n<li id=\"cite_note-age-1\"><span class=\"mw-cite-backlink\"><a href=\"#cite_ref-age_1-0\">\u2191</a></span> <span class=\"reference-text\">To have been a Prefect in the 1993-1994 school year, he would have had to have been in his fifth year or up by that point, thus putting his possible range of birth dates between <a href=\"/wiki/1_September\" title=\"1 September\">1 September</a>, <a href=\"/wiki/1975\" title=\"1975\">1975</a> and <a href=\"/wiki/31_August\" title=\"31 August\">31 August</a>, <a href=\"/wiki/1978\" title=\"1978\">1978</a>.</span>\n</li>\n<li id=\"cite_note-2\"><span class=\"mw-cite-backlink\"><a href=\"#cite_ref-2\">\u2191</a></span> <span class=\"reference-text\"><a target=\"_blank\" rel=\"noreferrer noopener\" class=\"external text\" href=\"http://www.accio-quote.org/articles/2000/0700-swns-alfie.htm\">World Exclusive Interview with J K Rowling</a></span>\n</li>\n<li id=\"cite_note-3\"><span class=\"mw-cite-backlink\"><a href=\"#cite_ref-3\">\u2191</a></span> <span class=\"reference-text\"><a target=\"_blank\" rel=\"noreferrer noopener\" class=\"external text\" href=\"http://www.accio-quote.org/articles/2000/0700-swns-alfie.htm\">\"World Exclusive Interview with J K Rowling,\" <i>South West News Service</i>, 8 July 2000</a>  - \"Hogwarts just serves Britain and Ireland.\"</span>\n</li>\n<li id=\"cite_note-POAG-4\"><span class=\"mw-cite-backlink\">\u2191 <sup><a href=\"#cite_ref-POAG_4-0\">4.0</a></sup> <sup><a href=\"#cite_ref-POAG_4-1\">4.1</a></sup> <sup><a href=\"#cite_ref-POAG_4-2\">4.2</a></sup> <sup><a href=\"#cite_ref-POAG_4-3\">4.3</a></sup> <sup><a href=\"#cite_ref-POAG_4-4\">4.4</a></sup></span> <span class=\"reference-text\"><i><a href=\"/wiki/Harry_Potter_and_the_Prisoner_of_Azkaban_(video_game)\" title=\"Harry Potter and the Prisoner of Azkaban (video game)\">Harry Potter and the Prisoner of Azkaban (video game)</a></i></span>\n</li>\n</ol></div></div></div>"}]}}}}