{"batchcomplete": "", "warnings": {"main": {"*": "Subscribe to the mediawiki-api-announce mailing list at <https://lists.wikimedia.org/mailman/listinfo/mediawiki-api-announce> for notice of API deprecations and breaking changes."}, "revisions": {"*": "The parameter \"rvparse\" has been deprecated.\nBecause \"rvslots\" was not specified, a legacy format has been used for the output. This format is deprecated, and in the future the new format will always be used."}}, "query": {"pages": {"62542": {"pageid": 62542, "ns": 0, "title": "Alice", "revisions": [{"*": "<div class=\"mw-parser-output\"><p>\n<aside role=\"region\" class=\"portable-infobox pi-background pi-theme-wizard pi-layout-default\">\n<figure class=\"pi-item pi-image\" data-source=\"image\">\n\t<a href=\"https://static.wikia.nocookie.net/harrypotter/images/5/54/Girl_Behind_Neville.jpg/revision/latest?cb=20110618010340\" class=\"image image-thumbnail\"\n\t   title=\"\">\n\t\t<img src=\"https://static.wikia.nocookie.net/harrypotter/images/5/54/Girl_Behind_Neville.jpg/revision/latest/scale-to-width-down/270?cb=20110618010340\" srcset=\"https://static.wikia.nocookie.net/harrypotter/images/5/54/Girl_Behind_Neville.jpg/revision/latest/scale-to-width-down/270?cb=20110618010340 1x, https://static.wikia.nocookie.net/harrypotter/images/5/54/Girl_Behind_Neville.jpg/revision/latest/scale-to-width-down/540?cb=20110618010340 2x\" class=\"pi-image-thumbnail\" alt=\"\" width=\"270\" height=\"496\"\n\t\t     data-image-key=\"Girl_Behind_Neville.jpg\" data-image-name=\"Girl Behind Neville.jpg\"/>\n\t\t\n\t</a>\n\t\n</figure>\n<section class=\"pi-item pi-group pi-border-color\">\n\t\n<h2 class=\"pi-item pi-item-spacing pi-title\" data-source=\"name\">Alice</h2>\n\n</section>\n<section class=\"pi-item pi-group pi-border-color\">\n\t<h2 class=\"pi-item pi-header pi-secondary-font pi-item-spacing pi-secondary-background\">Biographical information</h2>\n\n<div class=\"pi-item pi-data pi-item-spacing pi-border-color\" data-source=\"born\">\n\t\n\t\t<h3 class=\"pi-data-label pi-secondary-font\">Born</h3>\n\t\n\t<div class=\"pi-data-value pi-font\">between <a href=\"/wiki/1_September\" title=\"1 September\">1 September</a> <a href=\"/wiki/1979\" title=\"1979\">1979</a> and <a href=\"/wiki/31_August\" title=\"31 August\">31 August</a> <a href=\"/wiki/1980\" title=\"1980\">1980</a></div>\n</div>\n\n<div class=\"pi-item pi-data pi-item-spacing pi-border-color\" data-source=\"nationality\">\n\t\n\t\t<h3 class=\"pi-data-label pi-secondary-font\">Nationality</h3>\n\t\n\t<div class=\"pi-data-value pi-font\"><a href=\"/wiki/Great_Britain\" title=\"Great Britain\">British</a> or <a href=\"/wiki/Ireland\" title=\"Ireland\">Irish</a><sup id=\"cite_ref-1\" class=\"reference\"><a href=\"#cite_note-1\">&#91;1&#93;</a></sup></div>\n</div>\n\n</section>\n<section class=\"pi-item pi-group pi-border-color\">\n\t<h2 class=\"pi-item pi-header pi-secondary-font pi-item-spacing pi-secondary-background\">Physical information</h2>\n\n<div class=\"pi-item pi-data pi-item-spacing pi-border-color\" data-source=\"species\">\n\t\n\t\t<h3 class=\"pi-data-label pi-secondary-font\">Species</h3>\n\t\n\t<div class=\"pi-data-value pi-font\"><a href=\"/wiki/Human\" title=\"Human\">Human</a></div>\n</div>\n\n<div class=\"pi-item pi-data pi-item-spacing pi-border-color\" data-source=\"gender\">\n\t\n\t\t<h3 class=\"pi-data-label pi-secondary-font\">Gender</h3>\n\t\n\t<div class=\"pi-data-value pi-font\">Female</div>\n</div>\n\n<div class=\"pi-item pi-data pi-item-spacing pi-border-color\" data-source=\"hair\">\n\t\n\t\t<h3 class=\"pi-data-label pi-secondary-font\">Hair colour</h3>\n\t\n\t<div class=\"pi-data-value pi-font\">Brown</div>\n</div>\n\n<div class=\"pi-item pi-data pi-item-spacing pi-border-color\" data-source=\"eyes\">\n\t\n\t\t<h3 class=\"pi-data-label pi-secondary-font\">Eye colour</h3>\n\t\n\t<div class=\"pi-data-value pi-font\">Blue</div>\n</div>\n\n<div class=\"pi-item pi-data pi-item-spacing pi-border-color\" data-source=\"skin\">\n\t\n\t\t<h3 class=\"pi-data-label pi-secondary-font\">Skin colour</h3>\n\t\n\t<div class=\"pi-data-value pi-font\">Light</div>\n</div>\n\n</section>\n<nav class=\"pi-navigation pi-item-spacing pi-secondary-background pi-secondary-font\"><small><a href=\"/wiki/Template:Individual_infobox\" title=\"Template:Individual infobox\">[Source]</a><span class=\"hidable-button\"></span></small></nav>\n</aside>\n\n</p><p><b>Alice</b><sup id=\"cite_ref-castingcallpro_2-0\" class=\"reference\"><a href=\"#cite_note-castingcallpro-2\">&#91;2&#93;</a></sup> was a <a href=\"/wiki/Wizardkind\" title=\"Wizardkind\">witch</a> at <a href=\"/wiki/Hogwarts_School_of_Witchcraft_and_Wizardry\" title=\"Hogwarts School of Witchcraft and Wizardry\">Hogwarts School of Witchcraft and Wizardry</a>.\n</p>\n<h2><span class=\"mw-headline\" id=\"Biography\">Biography</span><span class=\"mw-editsection\"><span class=\"mw-editsection-bracket\">[</span><a href=\"/wiki/Alice?veaction=edit&amp;section=1\" class=\"mw-editsection-visualeditor\" title=\"Edit section: Biography\">edit</a><span class=\"mw-editsection-divider\"> | </span><a href=\"/wiki/Alice?action=edit&amp;section=1\" title=\"Edit section: Biography\"><svg class=\"wds-icon wds-icon-tiny section-edit-pencil-icon\"><use xlink:href=\"#wds-icons-pencil-tiny\"></use></svg>edit source</a><span class=\"mw-editsection-bracket\">]</span></span></h2>\n<p>Alice was born in either <a href=\"/wiki/Great_Britain\" title=\"Great Britain\">Great Britain</a> or <a href=\"/wiki/Ireland\" title=\"Ireland\">Ireland</a> in <a href=\"/wiki/1979\" title=\"1979\">1979</a> or <a href=\"/wiki/1980\" title=\"1980\">1980</a>. On <a href=\"/wiki/1_September\" title=\"1 September\">1 September</a>, <a href=\"/wiki/1991\" title=\"1991\">1991</a>, she arrived at <a href=\"/wiki/Hogwarts_School_of_Witchcraft_and_Wizardry\" title=\"Hogwarts School of Witchcraft and Wizardry\">Hogwarts School of Witchcraft and Wizardry</a> for her <a href=\"/wiki/First_year\" title=\"First year\">first year</a>. She stood behind <a href=\"/wiki/Neville_Longbottom\" title=\"Neville Longbottom\">Neville Longbottom</a> whilst <a href=\"/wiki/Professor\" title=\"Professor\">Professor</a> <a href=\"/wiki/Minerva_McGonagall\" title=\"Minerva McGonagall\">Minerva McGonagall</a> explained the rules of the school prior to the <a href=\"/wiki/Sorting_ceremony\" title=\"Sorting ceremony\">Sorting ceremony</a>.<sup id=\"cite_ref-3\" class=\"reference\"><a href=\"#cite_note-3\">&#91;3&#93;</a></sup>\n</p>\n<h2><span class=\"mw-headline\" id=\"Etymology\">Etymology</span><span class=\"mw-editsection\"><span class=\"mw-editsection-bracket\">[</span><a href=\"/wiki/Alice?veaction=edit&amp;section=2\" class=\"mw-editsection-visualeditor\" title=\"Edit section: Etymology\">edit</a><span class=\"mw-editsection-divider\"> | </span><a href=\"/wiki/Alice?action=edit&amp;section=2\" title=\"Edit section: Etymology\"><svg class=\"wds-icon wds-icon-tiny section-edit-pencil-icon\"><use xlink:href=\"#wds-icons-pencil-tiny\"></use></svg>edit source</a><span class=\"mw-editsection-bracket\">]</span></span></h2>\n<p><i>Alice</i> derives <a href=\"/wiki/Germany\" title=\"Germany\">German</a> name <i>Adalheidis</i>, which became popular in <a href=\"/wiki/France\" title=\"France\">France</a> and <a href=\"/wiki/England\" title=\"England\">England</a> in the early <a href=\"/wiki/1100s\" title=\"1100s\">twelfth century</a>.<sup id=\"cite_ref-ETYMOLOGY_4-0\" class=\"reference\"><a href=\"#cite_note-ETYMOLOGY-4\">&#91;4&#93;</a></sup>\n</p>\n<h2><span class=\"mw-headline\" id=\"Behind_the_scenes\">Behind the scenes</span><span class=\"mw-editsection\"><span class=\"mw-editsection-bracket\">[</span><a href=\"/wiki/Alice?veaction=edit&amp;section=3\" class=\"mw-editsection-visualeditor\" title=\"Edit section: Behind the scenes\">edit</a><span class=\"mw-editsection-divider\"> | </span><a href=\"/wiki/Alice?action=edit&amp;section=3\" title=\"Edit section: Behind the scenes\"><svg class=\"wds-icon wds-icon-tiny section-edit-pencil-icon\"><use xlink:href=\"#wds-icons-pencil-tiny\"></use></svg>edit source</a><span class=\"mw-editsection-bracket\">]</span></span></h2>\n<ul><li>Alice was portrayed by <a href=\"/wiki/Great_Britain\" title=\"Great Britain\">British</a> actress <a href=\"/wiki/Gemma_Sandzer\" title=\"Gemma Sandzer\">Gemma Sandzer</a> in the <a href=\"/wiki/Harry_Potter_and_the_Philosopher%27s_Stone_(film)\" title=\"Harry Potter and the Philosopher&#39;s Stone (film)\">film adaptation</a> of <i><a href=\"/wiki/Harry_Potter_and_the_Philosopher%27s_Stone\" title=\"Harry Potter and the Philosopher&#39;s Stone\">Harry Potter and the Philosopher's Stone</a></i>.<sup id=\"cite_ref-castingcallpro_2-1\" class=\"reference\"><a href=\"#cite_note-castingcallpro-2\">&#91;2&#93;</a></sup> Sandzer was not credited, nor was her character's name revealed in the film, but it is listed on her casting agency profile.<sup id=\"cite_ref-castingcallpro_2-2\" class=\"reference\"><a href=\"#cite_note-castingcallpro-2\">&#91;2&#93;</a></sup></li>\n<li>She may be <a href=\"/wiki/Alice_Tolipan_(witch)\" title=\"Alice Tolipan (witch)\">Alice Tolipan</a>.</li></ul>\n<h2><span class=\"mw-headline\" id=\"Appearances\">Appearances</span><span class=\"mw-editsection\"><span class=\"mw-editsection-bracket\">[</span><a href=\"/wiki/Alice?veaction=edit&amp;section=4\" class=\"mw-editsection-visualeditor\" title=\"Edit section: Appearances\">edit</a><span class=\"mw-editsection-divider\"> | </span><a href=\"/wiki/Alice?action=edit&amp;section=4\" title=\"Edit section: Appearances\"><svg class=\"wds-icon wds-icon-tiny section-edit-pencil-icon\"><use xlink:href=\"#wds-icons-pencil-tiny\"></use></svg>edit source</a><span class=\"mw-editsection-bracket\">]</span></span></h2>\n<ul><li><i><a href=\"/wiki/Harry_Potter_and_the_Philosopher%27s_Stone_(film)\" title=\"Harry Potter and the Philosopher&#39;s Stone (film)\">Harry Potter and the Philosopher's Stone (film)</a></i> <small>(First appearance)</small></li></ul>\n<h2><span class=\"mw-headline\" id=\"Notes_and_references\">Notes and references</span><span class=\"mw-editsection\"><span class=\"mw-editsection-bracket\">[</span><a href=\"/wiki/Alice?veaction=edit&amp;section=5\" class=\"mw-editsection-visualeditor\" title=\"Edit section: Notes and references\">edit</a><span class=\"mw-editsection-divider\"> | </span><a href=\"/wiki/Alice?action=edit&amp;section=5\" title=\"Edit section: Notes and references\"><svg class=\"wds-icon wds-icon-tiny section-edit-pencil-icon\"><use xlink:href=\"#wds-icons-pencil-tiny\"></use></svg>edit source</a><span class=\"mw-editsection-bracket\">]</span></span></h2>\n<div class=\"references-small\">\n<div class=\"mw-references-wrap\"><ol class=\"references\">\n<li id=\"cite_note-1\"><span class=\"mw-cite-backlink\"><a href=\"#cite_ref-1\">\u2191</a></span> <span class=\"reference-text\"><a target=\"_blank\" rel=\"noreferrer noopener\" class=\"external text\" href=\"http://www.accio-quote.org/articles/2000/0700-swns-alfie.htm\">\"World Exclusive Interview with J K Rowling,\" <i>South West News Service</i>, 8 July 2000</a>  - \"Hogwarts just serves Britain and Ireland.\"</span>\n</li>\n<li id=\"cite_note-castingcallpro-2\"><span class=\"mw-cite-backlink\">\u2191 <sup><a href=\"#cite_ref-castingcallpro_2-0\">2.0</a></sup> <sup><a href=\"#cite_ref-castingcallpro_2-1\">2.1</a></sup> <sup><a href=\"#cite_ref-castingcallpro_2-2\">2.2</a></sup></span> <span class=\"reference-text\"><a target=\"_blank\" rel=\"noreferrer noopener\" class=\"external text\" href=\"http://www.castingcallpro.com/uk/actor/profile/gemma-sandzer\">Gemma Sandzer's profile</a> on Casting Call Pro</span>\n</li>\n<li id=\"cite_note-3\"><span class=\"mw-cite-backlink\"><a href=\"#cite_ref-3\">\u2191</a></span> <span class=\"reference-text\"><i><a href=\"/wiki/Harry_Potter_and_the_Philosopher%27s_Stone_(film)\" title=\"Harry Potter and the Philosopher&#39;s Stone (film)\">Harry Potter and the Philosopher's Stone (film)</a></i></span>\n</li>\n<li id=\"cite_note-ETYMOLOGY-4\"><span class=\"mw-cite-backlink\"><a href=\"#cite_ref-ETYMOLOGY_4-0\">\u2191</a></span> <span class=\"reference-text\"><a target=\"_blank\" rel=\"noreferrer noopener\" class=\"external text\" href=\"http://www.behindthename.com/name/alice\">Alice</a> on <a target=\"_blank\" rel=\"noreferrer noopener\" class=\"external text\" href=\"http://www.behindthename.com/\">Behind the Name</a></span>\n</li>\n</ol></div></div></div>"}]}}}}