{"batchcomplete": "", "warnings": {"main": {"*": "Subscribe to the mediawiki-api-announce mailing list at <https://lists.wikimedia.org/mailman/listinfo/mediawiki-api-announce> for notice of API deprecations and breaking changes."}, "revisions": {"*": "The parameter \"rvparse\" has been deprecated.\nBecause \"rvslots\" was not specified, a legacy format has been used for the output. This format is deprecated, and in the future the new format will always be used."}}, "query": {"normalized": [{"from": "Alice_Tolipan_(witch)", "to": "Alice Tolipan (witch)"}], "pages": {"30881": {"pageid": 30881, "ns": 0, "title": "Alice Tolipan (witch)", "revisions": [{"*": "<div class=\"mw-parser-output\"><div class=\"notice metadata\" id=\"spoiler\" style=\"text-align: center; background: #DCDCDC; margin: 1em 05%; padding: 0 1em; border: #696969 1px solid;\">\n<p><b>\"Point me!\"</b>\n</p>\nThis article is about <b>the Hogwarts student</b>. You may be looking for <b><a href=\"/wiki/Alice_Tolipan_(Muggle)\" title=\"Alice Tolipan (Muggle)\">Muggle musician</a>, or <a href=\"/wiki/Alice_(disambiguation)\" title=\"Alice (disambiguation)\">other Alices</a></b>.</div>\n<p>\n<aside role=\"region\" class=\"portable-infobox pi-background pi-theme-wizard pi-layout-default\"><section class=\"pi-item pi-group pi-border-color\">\n\t\n<h2 class=\"pi-item pi-item-spacing pi-title\" data-source=\"name\">Alice Tolipan</h2>\n\n</section>\n<section class=\"pi-item pi-group pi-border-color\">\n\t<h2 class=\"pi-item pi-header pi-secondary-font pi-item-spacing pi-secondary-background\">Biographical information</h2>\n\n<div class=\"pi-item pi-data pi-item-spacing pi-border-color\" data-source=\"born\">\n\t\n\t\t<h3 class=\"pi-data-label pi-secondary-font\">Born</h3>\n\t\n\t<div class=\"pi-data-value pi-font\">In or prior to <a href=\"/wiki/1984\" title=\"1984\">1984</a><sup id=\"cite_ref-Blood_1-0\" class=\"reference\"><a href=\"#cite_note-Blood-1\">&#91;1&#93;</a></sup></div>\n</div>\n\n<div class=\"pi-item pi-data pi-item-spacing pi-border-color\" data-source=\"nationality\">\n\t\n\t\t<h3 class=\"pi-data-label pi-secondary-font\">Nationality</h3>\n\t\n\t<div class=\"pi-data-value pi-font\"><a href=\"/wiki/Great_Britain\" title=\"Great Britain\">British</a> or <a href=\"/wiki/Ireland\" title=\"Ireland\">Irish</a><sup id=\"cite_ref-2\" class=\"reference\"><a href=\"#cite_note-2\">&#91;2&#93;</a></sup></div>\n</div>\n\n</section>\n<section class=\"pi-item pi-group pi-border-color\">\n\t\n<div class=\"pi-item pi-data pi-item-spacing pi-border-color\" data-source=\"signature\">\n\t\n\t\t<h3 class=\"pi-data-label pi-secondary-font\">Signature</h3>\n\t\n\t<div class=\"pi-data-value pi-font\"><a href=\"https://static.wikia.nocookie.net/harrypotter/images/8/81/Alice_Tolipan_sig.svg/revision/latest?cb=20160226232013\" class=\"image\"><img alt=\"Alice Tolipan sig.svg\" src=\"https://static.wikia.nocookie.net/harrypotter/images/8/81/Alice_Tolipan_sig.svg/revision/latest/scale-to-width-down/150?cb=20160226232013\" decoding=\"async\" width=\"150\" height=\"42\" data-image-name=\"Alice Tolipan sig.svg\" data-image-key=\"Alice_Tolipan_sig.svg\" /></a></div>\n</div>\n\n</section>\n<section class=\"pi-item pi-group pi-border-color\">\n\t<h2 class=\"pi-item pi-header pi-secondary-font pi-item-spacing pi-secondary-background\">Physical information</h2>\n\n<div class=\"pi-item pi-data pi-item-spacing pi-border-color\" data-source=\"species\">\n\t\n\t\t<h3 class=\"pi-data-label pi-secondary-font\">Species</h3>\n\t\n\t<div class=\"pi-data-value pi-font\"><a href=\"/wiki/Human\" title=\"Human\">Human</a><sup id=\"cite_ref-Pensieve_3-0\" class=\"reference\"><a href=\"#cite_note-Pensieve-3\">&#91;3&#93;</a></sup></div>\n</div>\n\n<div class=\"pi-item pi-data pi-item-spacing pi-border-color\" data-source=\"gender\">\n\t\n\t\t<h3 class=\"pi-data-label pi-secondary-font\">Gender</h3>\n\t\n\t<div class=\"pi-data-value pi-font\">Female<sup id=\"cite_ref-Pensieve_3-1\" class=\"reference\"><a href=\"#cite_note-Pensieve-3\">&#91;3&#93;</a></sup></div>\n</div>\n\n</section>\n<section class=\"pi-item pi-group pi-border-color\">\n\t<h2 class=\"pi-item pi-header pi-secondary-font pi-item-spacing pi-secondary-background\">Affiliation</h2>\n\n<div class=\"pi-item pi-data pi-item-spacing pi-border-color\" data-source=\"house\">\n\t\n\t\t<h3 class=\"pi-data-label pi-secondary-font\">House</h3>\n\t\n\t<div class=\"pi-data-value pi-font\"><a href=\"/wiki/Gryffindor\" title=\"Gryffindor\">Gryffindor</a>, <a href=\"/wiki/Hufflepuff\" title=\"Hufflepuff\">Hufflepuff</a>, or <a href=\"/wiki/Ravenclaw\" title=\"Ravenclaw\">Ravenclaw</a><sup id=\"cite_ref-House_4-0\" class=\"reference\"><a href=\"#cite_note-House-4\">&#91;4&#93;</a></sup></div>\n</div>\n\n<div class=\"pi-item pi-data pi-item-spacing pi-border-color\" data-source=\"loyalty\">\n\t\n\t\t<h3 class=\"pi-data-label pi-secondary-font\">Loyalty</h3>\n\t\n\t<div class=\"pi-data-value pi-font\"><ul><li><a href=\"/wiki/Hogwarts_School_of_Witchcraft_and_Wizardry\" title=\"Hogwarts School of Witchcraft and Wizardry\">Hogwarts School of Witchcraft and Wizardry</a><sup id=\"cite_ref-Pensieve_3-2\" class=\"reference\"><a href=\"#cite_note-Pensieve-3\">&#91;3&#93;</a></sup><ul><li><a href=\"/wiki/Dumbledore%27s_Army\" title=\"Dumbledore&#039;s Army\">Dumbledore's Army</a><sup id=\"cite_ref-Pensieve_3-3\" class=\"reference\"><a href=\"#cite_note-Pensieve-3\">&#91;3&#93;</a></sup></li></ul></li></ul></div>\n</div>\n\n</section>\n<nav class=\"pi-navigation pi-item-spacing pi-secondary-background pi-secondary-font\"><small><a href=\"/wiki/Template:Individual_infobox\" title=\"Template:Individual infobox\">[Source]</a><span class=\"hidable-button\"></span></small></nav>\n</aside>\n\n<b>Alice Tolipan</b> was a British <a href=\"/wiki/Wizardkind\" title=\"Wizardkind\">witch</a> and a student at <a href=\"/wiki/Hogwarts_School_of_Witchcraft_and_Wizardry\" title=\"Hogwarts School of Witchcraft and Wizardry\">Hogwarts School of Witchcraft and Wizardry</a> in the <a href=\"/wiki/1990s\" title=\"1990s\">1990s</a>. In <a href=\"/wiki/1995\" title=\"1995\">1995</a> she joined <a href=\"/wiki/Dumbledore%27s_Army\" title=\"Dumbledore&#39;s Army\">Dumbledore's Army</a>, an organisation taught and led by <a href=\"/wiki/Harry_Potter\" title=\"Harry Potter\">Harry Potter</a> and was one of the people to sign their name on its <a href=\"/wiki/Dumbledore%27s_Army_parchment\" title=\"Dumbledore&#39;s Army parchment\">parchment</a>.<sup id=\"cite_ref-Pensieve_3-4\" class=\"reference\"><a href=\"#cite_note-Pensieve-3\">&#91;3&#93;</a></sup>\n</p>\n<h2><span class=\"mw-headline\" id=\"Appearances\">Appearances</span><span class=\"mw-editsection\"><span class=\"mw-editsection-bracket\">[</span><a href=\"/wiki/Alice_Tolipan_(witch)?veaction=edit&amp;section=1\" class=\"mw-editsection-visualeditor\" title=\"Edit section: Appearances\">edit</a><span class=\"mw-editsection-divider\"> | </span><a href=\"/wiki/Alice_Tolipan_(witch)?action=edit&amp;section=1\" title=\"Edit section: Appearances\"><svg class=\"wds-icon wds-icon-tiny section-edit-pencil-icon\"><use xlink:href=\"#wds-icons-pencil-tiny\"></use></svg>edit source</a><span class=\"mw-editsection-bracket\">]</span></span></h2>\n<ul><li><i><a href=\"/wiki/Harry_Potter_and_the_Order_of_the_Phoenix_(film)\" title=\"Harry Potter and the Order of the Phoenix (film)\">Harry Potter and the Order of the Phoenix (film)</a></i> <small>(First mentioned)</small> <span class=\"template-c\">(Name appears on list)</span></li></ul>\n<h2><span class=\"mw-headline\" id=\"Notes_and_references\">Notes and references</span><span class=\"mw-editsection\"><span class=\"mw-editsection-bracket\">[</span><a href=\"/wiki/Alice_Tolipan_(witch)?veaction=edit&amp;section=2\" class=\"mw-editsection-visualeditor\" title=\"Edit section: Notes and references\">edit</a><span class=\"mw-editsection-divider\"> | </span><a href=\"/wiki/Alice_Tolipan_(witch)?action=edit&amp;section=2\" title=\"Edit section: Notes and references\"><svg class=\"wds-icon wds-icon-tiny section-edit-pencil-icon\"><use xlink:href=\"#wds-icons-pencil-tiny\"></use></svg>edit source</a><span class=\"mw-editsection-bracket\">]</span></span></h2>\n<div class=\"references-small\">\n<div class=\"mw-references-wrap\"><ol class=\"references\">\n<li id=\"cite_note-Blood-1\"><span class=\"mw-cite-backlink\"><a href=\"#cite_ref-Blood_1-0\">\u2191</a></span> <span class=\"reference-text\">She must have at least been in her first year in <a href=\"/wiki/1995\" title=\"1995\">1995</a>.</span>\n</li>\n<li id=\"cite_note-2\"><span class=\"mw-cite-backlink\"><a href=\"#cite_ref-2\">\u2191</a></span> <span class=\"reference-text\"><a target=\"_blank\" rel=\"noreferrer noopener\" class=\"external text\" href=\"http://www.accio-quote.org/articles/2000/0700-swns-alfie.htm\">\"World Exclusive Interview with J K Rowling,\" <i>South West News Service</i>, 8 July 2000</a>  - \"Hogwarts just serves Britain and Ireland.\"</span>\n</li>\n<li id=\"cite_note-Pensieve-3\"><span class=\"mw-cite-backlink\">\u2191 <sup><a href=\"#cite_ref-Pensieve_3-0\">3.0</a></sup> <sup><a href=\"#cite_ref-Pensieve_3-1\">3.1</a></sup> <sup><a href=\"#cite_ref-Pensieve_3-2\">3.2</a></sup> <sup><a href=\"#cite_ref-Pensieve_3-3\">3.3</a></sup> <sup><a href=\"#cite_ref-Pensieve_3-4\">3.4</a></sup></span> <span class=\"reference-text\"><a target=\"_blank\" rel=\"noreferrer noopener\" class=\"external text\" href=\"http://thepensieve.org/HPMuseumEX/HPexhibition1.html\"><i>Harry Potter: The Exhibition</i> report</a> from ThePensieve.org</span>\n</li>\n<li id=\"cite_note-House-4\"><span class=\"mw-cite-backlink\"><a href=\"#cite_ref-House_4-0\">\u2191</a></span> <span class=\"reference-text\">In the <a href=\"/wiki/Harry_Potter_and_the_Order_of_the_Phoenix_(film)\" title=\"Harry Potter and the Order of the Phoenix (film)\">film adptation</a> of <i><a href=\"/wiki/Harry_Potter_and_the_Order_of_the_Phoenix\" title=\"Harry Potter and the Order of the Phoenix\">Harry Potter and the Order of the Phoenix</a></i>, she partcipated at D.A. meetings, meaning she was not in <a href=\"/wiki/Slytherin\" title=\"Slytherin\">Slytherin</a>, as no members from that house joined the group.</span>\n</li>\n</ol></div></div>\n<table style=\"text-align:center\" align=\"center\" class=\"toccolours\" width=\"90%\">\n\n<tbody><tr bgcolor=\"#white\">\n<th colspan=\"3\" style=\"background:#ccd;\"><a href=\"/wiki/Dumbledore%27s_Army\" title=\"Dumbledore&#39;s Army\">Dumbledore's Army</a>\n</th></tr>\n<tr>\n<th colspan=\"3\" style=\"font-size: 9pt\">Founders\n</th></tr>\n<tr>\n<td colspan=\"3\" style=\"font-size: 8pt\"><a href=\"/wiki/Harry_Potter\" title=\"Harry Potter\">Harry Potter</a> \u00b7 <a href=\"/wiki/Hermione_Granger\" title=\"Hermione Granger\">Hermione Granger</a> \u00b7 <a href=\"/wiki/Ronald_Weasley\" title=\"Ronald Weasley\">Ronald Weasley</a>\n</td></tr>\n<tr>\n<th colspan=\"3\" style=\"font-size: 9pt\">Leaders\n</th></tr>\n<tr>\n<td colspan=\"3\" style=\"font-size: 8pt\"><a href=\"/wiki/Harry_Potter\" title=\"Harry Potter\">Harry Potter</a> \u00b7 <a href=\"/wiki/Neville_Longbottom\" title=\"Neville Longbottom\">Neville Longbottom</a> \u00b7 <a href=\"/wiki/Luna_Lovegood\" title=\"Luna Lovegood\">Luna Lovegood</a> \u00b7 <a href=\"/wiki/Ginevra_Weasley\" title=\"Ginevra Weasley\">Ginny Weasley</a>\n</td></tr>\n<tr>\n<th colspan=\"3\" style=\"background-color: #dfdfdf; font-size: 9pt;\"><a href=\"/wiki/Category:Dumbledore%27s_Army\" title=\"Category:Dumbledore&#39;s Army\">Members</a>\n</th></tr>\n<tr>\n<th style=\"font-size: 9pt;border-bottom: 1pt solid #dfdfdf;\"><a href=\"https://static.wikia.nocookie.net/harrypotter/images/2/28/Gryffindor_ClearBG2.png/revision/latest?cb=20160702234105\" class=\"image\"><img alt=\"Gryffindor ClearBG2.png\" src=\"https://static.wikia.nocookie.net/harrypotter/images/2/28/Gryffindor_ClearBG2.png/revision/latest/scale-to-width-down/25?cb=20160702234105\" decoding=\"async\" width=\"25\" height=\"28\" data-image-name=\"Gryffindor ClearBG2.png\" data-image-key=\"Gryffindor_ClearBG2.png\" /></a> <a href=\"/wiki/Gryffindor\" title=\"Gryffindor\">Gryffindor</a>\n</th>\n<td style=\"font-size: 8pt;border-bottom: 1pt solid #dfdfdf;\"><a href=\"/wiki/Katie_Bell\" title=\"Katie Bell\">Katie Bell</a> \u00b7 <a href=\"/wiki/Lavender_Brown\" title=\"Lavender Brown\">Lavender Brown</a> \u00b7 <a href=\"/wiki/Colin_Creevey\" title=\"Colin Creevey\">Colin Creevey</a> \u00b7 <a href=\"/wiki/Dennis_Creevey\" title=\"Dennis Creevey\">Dennis Creevey</a> \u00b7 <a href=\"/wiki/Seamus_Finnigan\" title=\"Seamus Finnigan\">Seamus Finnigan</a> \u00b7 <a href=\"/wiki/Angelina_Johnson\" title=\"Angelina Johnson\">Angelina Johnson</a> \u00b7 <a href=\"/wiki/Lee_Jordan\" title=\"Lee Jordan\">Lee Jordan</a> \u00b7 <a href=\"/wiki/Parvati_Patil\" title=\"Parvati Patil\">Parvati Patil</a> \u00b7 <a href=\"/wiki/Alicia_Spinnet\" title=\"Alicia Spinnet\">Alicia Spinnet</a> \u00b7 <a href=\"/wiki/Dean_Thomas\" title=\"Dean Thomas\">Dean Thomas</a> \u00b7 <a href=\"/wiki/Romilda_Vane\" title=\"Romilda Vane\">Romilda Vane</a> \u00b7 <a href=\"/wiki/Fred_Weasley\" title=\"Fred Weasley\">Fred Weasley</a> \u00b7 <a href=\"/wiki/George_Weasley\" title=\"George Weasley\">George Weasley</a> \u00b7 <a href=\"/wiki/Nigel_Wolpert\" title=\"Nigel Wolpert\">Nigel Wolpert</a> \u00b7 <a href=\"/wiki/Unidentified_Gryffindor_member_of_Dumbledore%27s_Army\" title=\"Unidentified Gryffindor member of Dumbledore&#39;s Army\">Unidentified female</a>\n</td>\n<td rowspan=\"4\"><div class=\"center\"><div class=\"floatnone\"><a href=\"https://static.wikia.nocookie.net/harrypotter/images/7/74/Dumbledore_army.jpg/revision/latest?cb=20180813181134\" class=\"image\"><img alt=\"Dumbledore army.jpg\" src=\"data:image/gif;base64,R0lGODlhAQABAIABAAAAAP///yH5BAEAAAEALAAAAAABAAEAQAICTAEAOw%3D%3D\" decoding=\"async\" width=\"120\" height=\"115\" data-image-name=\"Dumbledore army.jpg\" data-image-key=\"Dumbledore_army.jpg\" data-src=\"https://static.wikia.nocookie.net/harrypotter/images/7/74/Dumbledore_army.jpg/revision/latest/scale-to-width-down/120?cb=20180813181134\" class=\"lazyload\" /></a></div></div>\n</td></tr>\n<tr>\n<th style=\"font-size: 9pt;border-bottom: 1pt solid #dfdfdf;\"><a href=\"https://static.wikia.nocookie.net/harrypotter/images/3/31/Ravenclaw_ClearBG2.png/revision/latest?cb=20160702233958\" class=\"image\"><img alt=\"Ravenclaw ClearBG2.png\" src=\"data:image/gif;base64,R0lGODlhAQABAIABAAAAAP///yH5BAEAAAEALAAAAAABAAEAQAICTAEAOw%3D%3D\" decoding=\"async\" width=\"25\" height=\"26\" data-image-name=\"Ravenclaw ClearBG2.png\" data-image-key=\"Ravenclaw_ClearBG2.png\" data-src=\"https://static.wikia.nocookie.net/harrypotter/images/3/31/Ravenclaw_ClearBG2.png/revision/latest/scale-to-width-down/25?cb=20160702233958\" class=\"lazyload\" /></a> <a href=\"/wiki/Ravenclaw\" title=\"Ravenclaw\">Ravenclaw</a>\n</th>\n<td style=\"font-size: 8pt;border-bottom: 1pt solid #dfdfdf\"><a href=\"/wiki/Terry_Boot\" title=\"Terry Boot\">Terry Boot</a> \u00b7 <a href=\"/wiki/Cho_Chang\" title=\"Cho Chang\">Cho Chang</a> \u00b7 <a href=\"/wiki/Michael_Corner\" title=\"Michael Corner\">Michael Corner</a> \u00b7 <a href=\"/wiki/Marietta_Edgecombe\" title=\"Marietta Edgecombe\">Marietta Edgecombe</a> \u00b7 <a href=\"/wiki/Anthony_Goldstein\" title=\"Anthony Goldstein\">Anthony Goldstein</a> \u00b7 <a href=\"/wiki/Padma_Patil\" title=\"Padma Patil\">Padma Patil</a> \u00b7 <a href=\"/wiki/Unidentified_Ravenclaw_member_of_Dumbledore%27s_Army\" title=\"Unidentified Ravenclaw member of Dumbledore&#39;s Army\">Unidentified male</a>\n</td></tr>\n<tr>\n<th style=\"font-size: 9pt;border-bottom: 1pt solid #dfdfdf;\"><a href=\"https://static.wikia.nocookie.net/harrypotter/images/8/8c/Hufflepuff_ClearBG2.png/revision/latest?cb=20160702234018\" class=\"image\"><img alt=\"Hufflepuff ClearBG2.png\" src=\"data:image/gif;base64,R0lGODlhAQABAIABAAAAAP///yH5BAEAAAEALAAAAAABAAEAQAICTAEAOw%3D%3D\" decoding=\"async\" width=\"25\" height=\"29\" data-image-name=\"Hufflepuff ClearBG2.png\" data-image-key=\"Hufflepuff_ClearBG2.png\" data-src=\"https://static.wikia.nocookie.net/harrypotter/images/8/8c/Hufflepuff_ClearBG2.png/revision/latest/scale-to-width-down/25?cb=20160702234018\" class=\"lazyload\" /></a> <a href=\"/wiki/Hufflepuff\" title=\"Hufflepuff\">Hufflepuff</a>\n</th>\n<td style=\"font-size: 8pt;border-bottom: 1pt solid #dfdfdf;\"><a href=\"/wiki/Hannah_Abbott\" title=\"Hannah Abbott\">Hannah Abbott</a> \u00b7 <a href=\"/wiki/Susan_Bones\" title=\"Susan Bones\">Susan Bones</a> \u00b7 <a href=\"/wiki/Justin_Finch-Fletchley\" title=\"Justin Finch-Fletchley\">Justin Finch-Fletchley</a> \u00b7 <a href=\"/wiki/Ernest_Macmillan\" title=\"Ernest Macmillan\">Ernie Macmillan</a> \u00b7 <a href=\"/wiki/Zacharias_Smith\" title=\"Zacharias Smith\">Zacharias Smith</a> \u00b7 <a href=\"/wiki/Leanne\" title=\"Leanne\">Leanne</a> \u00b7 <a href=\"/wiki/Unidentified_Hufflepuff_member_of_Dumbledore%27s_Army\" title=\"Unidentified Hufflepuff member of Dumbledore&#39;s Army\">Unidentified female</a>\n</td></tr>\n<tr>\n<th style=\"font-size: 9pt\" width=\"20%\">Unknown House\n</th>\n<td style=\"font-size: 8pt\"><a href=\"/wiki/Luca_Caruso_(wizard)\" title=\"Luca Caruso (wizard)\">Luca Caruso</a> \u00b7 <strong class=\"mw-selflink selflink\">Alice Tolipan</strong>\n</td></tr>\n<tr>\n<th colspan=\"3\" style=\"background-color: #dfdfdf; font-size: 9pt;\">Allies and other affiliations\n</th></tr>\n<tr>\n<td colspan=\"3\" style=\"font-size: 8pt\"><a href=\"/wiki/Order_of_the_Phoenix\" title=\"Order of the Phoenix\">Order of the Phoenix</a> \u00b7 <a href=\"/wiki/Category:Hogwarts_employees\" title=\"Category:Hogwarts employees\">Hogwarts staff</a> \u00b7 <a href=\"/wiki/Augusta_Longbottom\" title=\"Augusta Longbottom\">Augusta Longbottom</a> \u00b7 <a href=\"/wiki/Andromeda_Tonks\" title=\"Andromeda Tonks\">Andromeda Tonks</a> \u00b7 <a href=\"/wiki/Ted_Tonks\" class=\"mw-redirect\" title=\"Ted Tonks\">Ted Tonks</a> \u00b7 <a href=\"/wiki/Percy_Weasley\" title=\"Percy Weasley\">Percy Weasley</a> \u00b7 <a href=\"/wiki/Oliver_Wood\" title=\"Oliver Wood\">Oliver Wood</a> \u00b7 <a href=\"/wiki/Grawp\" title=\"Grawp\">Grawp</a> \u00b7 <a href=\"/wiki/Dobby\" title=\"Dobby\">Dobby</a> \u00b7 <a href=\"/wiki/Winky\" title=\"Winky\">Winky</a> \u00b7 <a href=\"/wiki/Hogwarts_house-elves\" title=\"Hogwarts house-elves\">Hogwarts house-elves</a> \u00b7 <a href=\"/wiki/Forbidden_Forest_Centaur_colony\" title=\"Forbidden Forest Centaur colony\">Forbidden Forest Centaur colony</a> \u00b7 <a href=\"/wiki/Hogwarts_Hippogriff_herd\" title=\"Hogwarts Hippogriff herd\">Hogwarts Hippogriff herd</a> \u00b7 <a href=\"/wiki/Ghost#House_ghosts\" title=\"Ghost\">Hogwarts Ghosts</a> \u00b7 <a href=\"/wiki/Category:Hogwarts_students\" title=\"Category:Hogwarts students\">Hogwarts students</a> \u00b7 <a href=\"/wiki/Hogwarts_Thestral_herd\" title=\"Hogwarts Thestral herd\">Hogwarts Thestral herd</a>\n</td></tr></tbody></table></div>"}]}}}}