{"batchcomplete": "", "warnings": {"main": {"*": "Subscribe to the mediawiki-api-announce mailing list at <https://lists.wikimedia.org/mailman/listinfo/mediawiki-api-announce> for notice of API deprecations and breaking changes."}, "revisions": {"*": "The parameter \"rvparse\" has been deprecated.\nBecause \"rvslots\" was not specified, a legacy format has been used for the output. This format is deprecated, and in the future the new format will always be used."}}, "query": {"normalized": [{"from": "Aliko_Okoye", "to": "Aliko Okoye"}], "pages": {"169797": {"pageid": 169797, "ns": 0, "title": "Aliko Okoye", "revisions": [{"*": "<div class=\"mw-parser-output\"><p>\n<aside role=\"region\" class=\"portable-infobox pi-background pi-theme-quidditch-player pi-layout-default\"><section class=\"pi-item pi-group pi-border-color\">\n\t\n<h2 class=\"pi-item pi-item-spacing pi-title\" data-source=\"name\">Aliko Okoye</h2>\n\n</section>\n<section class=\"pi-item pi-group pi-border-color\">\n\t<h2 class=\"pi-item pi-header pi-secondary-font pi-item-spacing pi-secondary-background\">Biographical information</h2>\n\n<div class=\"pi-item pi-data pi-item-spacing pi-border-color\" data-source=\"born\">\n\t\n\t\t<h3 class=\"pi-data-label pi-secondary-font\">Born</h3>\n\t\n\t<div class=\"pi-data-value pi-font\">after <a href=\"/wiki/1976\" title=\"1976\">1976</a><sup id=\"cite_ref-1\" class=\"reference\"><a href=\"#cite_note-1\">&#91;1&#93;</a></sup></div>\n</div>\n\n<div class=\"pi-item pi-data pi-item-spacing pi-border-color\" data-source=\"nationality\">\n\t\n\t\t<h3 class=\"pi-data-label pi-secondary-font\">Nationality</h3>\n\t\n\t<div class=\"pi-data-value pi-font\"><a href=\"/wiki/Nigeria\" title=\"Nigeria\">Nigerian</a></div>\n</div>\n\n<div class=\"pi-item pi-data pi-item-spacing pi-border-color\" data-source=\"title\">\n\t\n\t\t<h3 class=\"pi-data-label pi-secondary-font\">Title(s)</h3>\n\t\n\t<div class=\"pi-data-value pi-font\"><a href=\"/wiki/Beater\" title=\"Beater\">Beater</a></div>\n</div>\n\n</section>\n<section class=\"pi-item pi-group pi-border-color\">\n\t<h2 class=\"pi-item pi-header pi-secondary-font pi-item-spacing pi-secondary-background\">Physical information</h2>\n\n<div class=\"pi-item pi-data pi-item-spacing pi-border-color\" data-source=\"species\">\n\t\n\t\t<h3 class=\"pi-data-label pi-secondary-font\">Species</h3>\n\t\n\t<div class=\"pi-data-value pi-font\"><a href=\"/wiki/Human\" title=\"Human\">Human</a></div>\n</div>\n\n<div class=\"pi-item pi-data pi-item-spacing pi-border-color\" data-source=\"gender\">\n\t\n\t\t<h3 class=\"pi-data-label pi-secondary-font\">Gender</h3>\n\t\n\t<div class=\"pi-data-value pi-font\">Female</div>\n</div>\n\n</section>\n<section class=\"pi-item pi-group pi-border-color\">\n\t<h2 class=\"pi-item pi-header pi-secondary-font pi-item-spacing pi-secondary-background\">Affiliation</h2>\n\n<div class=\"pi-item pi-data pi-item-spacing pi-border-color\" data-source=\"job\">\n\t\n\t\t<h3 class=\"pi-data-label pi-secondary-font\">Occupation</h3>\n\t\n\t<div class=\"pi-data-value pi-font\"><a href=\"/wiki/Beater\" title=\"Beater\">Beater</a> for the <a href=\"/wiki/Nigerian_National_Quidditch_team\" title=\"Nigerian National Quidditch team\">Nigerian National Quidditch team</a></div>\n</div>\n\n<div class=\"pi-item pi-data pi-item-spacing pi-border-color\" data-source=\"loyalty\">\n\t\n\t\t<h3 class=\"pi-data-label pi-secondary-font\">Loyalty</h3>\n\t\n\t<div class=\"pi-data-value pi-font\"><a href=\"/wiki/Nigerian_National_Quidditch_team\" title=\"Nigerian National Quidditch team\">Nigerian National Quidditch team</a></div>\n</div>\n\n</section>\n<nav class=\"pi-navigation pi-item-spacing pi-secondary-background pi-secondary-font\"><small><a href=\"/wiki/Template:Individual_infobox\" title=\"Template:Individual infobox\">[Source]</a><span class=\"hidable-button\"></span></small></nav>\n</aside>\n\n</p>\n<div class=\"quote\">\n<dl><dd><span title=\"Source:&#160;Pottermore\">\"<i>In the early stages of the game Fijian Beaters Quintia Qarase and Narinder Singh lacked the ferocity of their Nigerian counterparts Aliko Okoye and Mercy Ojukwu.</i>\"</span></dd>\n<dd>&#8212;<a href=\"/wiki/Ginevra_Weasley\" title=\"Ginevra Weasley\">Ginny Potter</a>, \"<a href=\"/wiki/NIGERIA_VERSUS_FIJI\" title=\"NIGERIA VERSUS FIJI\">NIGERIA VERSUS FIJI</a>\" (<i><a href=\"/wiki/Daily_Prophet\" title=\"Daily Prophet\">Daily Prophet</a></i>, <a href=\"/wiki/14_May\" title=\"14 May\">14 May</a> <a href=\"/wiki/2014\" title=\"2014\">2014</a>).<sup class=\"noprint\"><a href=\"/wiki/Pottermore\" title=\"Pottermore\">[src]</a></sup></dd>\n<dd></dd></dl></div>\n<p><b>Aliko Okoye</b> was a <a href=\"/wiki/Nigeria\" title=\"Nigeria\">Nigerian</a> <a href=\"/wiki/Wizardkind\" title=\"Wizardkind\">witch</a> who played as a <a href=\"/wiki/Beater\" title=\"Beater\">Beater</a> for the <a href=\"/wiki/2014\" title=\"2014\">2014</a> <a href=\"/wiki/Nigerian_National_Quidditch_team\" title=\"Nigerian National Quidditch team\">Nigerian National Quidditch team</a>.\n</p>\n<h2><span class=\"mw-headline\" id=\"Biography\">Biography</span><span class=\"mw-editsection\"><span class=\"mw-editsection-bracket\">[</span><a href=\"/wiki/Aliko_Okoye?veaction=edit&amp;section=1\" class=\"mw-editsection-visualeditor\" title=\"Edit section: Biography\">edit</a><span class=\"mw-editsection-divider\"> | </span><a href=\"/wiki/Aliko_Okoye?action=edit&amp;section=1\" title=\"Edit section: Biography\"><svg class=\"wds-icon wds-icon-tiny section-edit-pencil-icon\"><use xlink:href=\"#wds-icons-pencil-tiny\"></use></svg>edit source</a><span class=\"mw-editsection-bracket\">]</span></span></h2>\n<p>During the second match of the <a href=\"/wiki/2014_Quidditch_World_Cup\" title=\"2014 Quidditch World Cup\">427th Quidditch World Cup</a>, against <a href=\"/wiki/Fijian_National_Quidditch_team\" title=\"Fijian National Quidditch team\">Fiji</a>, Okoye and her fellow Beater <a href=\"/wiki/Mercy_Ojukwu\" title=\"Mercy Ojukwu\">Mercy Ojukwu</a> were more \"ferocious\" than the Fijian Beaters, <a href=\"/wiki/Quintia_Qarase\" title=\"Quintia Qarase\">Quintia Qarase</a> and <a href=\"/wiki/Narinder_Singh\" title=\"Narinder Singh\">Narinder Singh</a>. This resulted in the <a href=\"/wiki/Bludger\" title=\"Bludger\">Bludgers</a> doing much harm to the Fijian <a href=\"/wiki/Chaser\" title=\"Chaser\">Chasers</a>, which contributed to that team's bruising defeat.<sup id=\"cite_ref-PM_2-0\" class=\"reference\"><a href=\"#cite_note-PM-2\">&#91;2&#93;</a></sup>\n</p><p>During the fourth quarter-final match, against <a href=\"/wiki/Japanese_National_Quidditch_team\" title=\"Japanese National Quidditch team\">Japan</a>, Okoye, along with fellow Beater <a href=\"/wiki/Mercy_Ojukwu\" title=\"Mercy Ojukwu\">Ojukwu</a>, put on a master class of Bludger work, as did rival Beaters <a href=\"/wiki/Shintaro_Shingo\" title=\"Shintaro Shingo\">Shingo</a> and <a href=\"/wiki/Masaki_Hongo\" title=\"Masaki Hongo\">Hongo</a>. It was for this reason that special <a href=\"/wiki/Quidditch\" title=\"Quidditch\">Quidditch</a> correspondent to the <i><a href=\"/wiki/Daily_Prophet\" title=\"Daily Prophet\">Daily Prophet</a></i> <a href=\"/wiki/Ginevra_Weasley\" title=\"Ginevra Weasley\">Ginny Potter</a> called the match the \"<i>Battle of the Beaters</i>\".<sup id=\"cite_ref-PM_2-1\" class=\"reference\"><a href=\"#cite_note-PM-2\">&#91;2&#93;</a></sup>\n</p>\n<h2><span class=\"mw-headline\" id=\"Appearances\">Appearances</span><span class=\"mw-editsection\"><span class=\"mw-editsection-bracket\">[</span><a href=\"/wiki/Aliko_Okoye?veaction=edit&amp;section=2\" class=\"mw-editsection-visualeditor\" title=\"Edit section: Appearances\">edit</a><span class=\"mw-editsection-divider\"> | </span><a href=\"/wiki/Aliko_Okoye?action=edit&amp;section=2\" title=\"Edit section: Appearances\"><svg class=\"wds-icon wds-icon-tiny section-edit-pencil-icon\"><use xlink:href=\"#wds-icons-pencil-tiny\"></use></svg>edit source</a><span class=\"mw-editsection-bracket\">]</span></span></h2>\n<ul><li><i><a href=\"/wiki/Pottermore\" title=\"Pottermore\">Pottermore</a></i> <small>(Mentioned only)</small></li></ul>\n<h2><span class=\"mw-headline\" id=\"Notes_and_references\">Notes and references</span><span class=\"mw-editsection\"><span class=\"mw-editsection-bracket\">[</span><a href=\"/wiki/Aliko_Okoye?veaction=edit&amp;section=3\" class=\"mw-editsection-visualeditor\" title=\"Edit section: Notes and references\">edit</a><span class=\"mw-editsection-divider\"> | </span><a href=\"/wiki/Aliko_Okoye?action=edit&amp;section=3\" title=\"Edit section: Notes and references\"><svg class=\"wds-icon wds-icon-tiny section-edit-pencil-icon\"><use xlink:href=\"#wds-icons-pencil-tiny\"></use></svg>edit source</a><span class=\"mw-editsection-bracket\">]</span></span></h2>\n<div class=\"references-small\">\n<div class=\"mw-references-wrap\"><ol class=\"references\">\n<li id=\"cite_note-1\"><span class=\"mw-cite-backlink\"><a href=\"#cite_ref-1\">\u2191</a></span> <span class=\"reference-text\">Viktor Krum, born 1976, was the oldest player at the 2014 Quidditch World Cup.</span>\n</li>\n<li id=\"cite_note-PM-2\"><span class=\"mw-cite-backlink\">\u2191 <sup><a href=\"#cite_ref-PM_2-0\">2.0</a></sup> <sup><a href=\"#cite_ref-PM_2-1\">2.1</a></sup></span> <span class=\"reference-text\"><a href=\"/wiki/NIGERIA_VERSUS_FIJI\" title=\"NIGERIA VERSUS FIJI\">NIGERIA VERSUS FIJI</a> (Archived from  <i><a href=\"/wiki/Pottermore\" title=\"Pottermore\">Pottermore</a></i>) <span class=\"error mw-ext-cite-error\" lang=\"en\" dir=\"ltr\">Cite error: Invalid <code>&lt;ref&gt;</code> tag; name \"PM\" defined multiple times with different content</span></span>\n</li>\n</ol></div></div>\n<p><br clear=\"all\" />\n</p>\n<table style=\"margin:0 auto; width: 90%; text-align:center;\" class=\"toccolours\" align=\"center\">\n\n<tbody><tr bgcolor=\"#white\">\n<th style=\"background:#ccd;\"><a href=\"/wiki/Quidditch\" title=\"Quidditch\">Quidditch</a> Positions\n</th></tr>\n<tr>\n<td><div class=\"center\"><div class=\"floatnone\"><a href=\"https://static.wikia.nocookie.net/harrypotter/images/a/a1/Golden-snitch-lrg.png/revision/latest?cb=20160731003110\" class=\"image\"><img alt=\"Golden-snitch-lrg.png\" src=\"https://static.wikia.nocookie.net/harrypotter/images/a/a1/Golden-snitch-lrg.png/revision/latest/scale-to-width-down/90?cb=20160731003110\" decoding=\"async\" width=\"90\" height=\"67\" data-image-name=\"Golden-snitch-lrg.png\" data-image-key=\"Golden-snitch-lrg.png\" /></a></div></div>\n</td></tr>\n<tr>\n<th width=\"100%\" style=\"background-color: #dfdfdf; font-size: 9pt;\"><a href=\"/wiki/Keeper\" title=\"Keeper\">Keeper</a>\n</th></tr>\n<tr>\n<td style=\"font-size: 8pt;\"><a href=\"/wiki/Raul_Almeida\" title=\"Raul Almeida\">Raul Almeida</a> &#183; <a href=\"/wiki/Ralph_Heidelberger\" title=\"Ralph Heidelberger\">Ralph Heidelberger</a> &#183; <a href=\"/wiki/Jonny_Nuhaka\" title=\"Jonny Nuhaka\">Jonny Nuhaka</a> &#183; <a href=\"/wiki/Lev_Zograf\" title=\"Lev Zograf\">Lev Zograf</a> &#183; <a href=\"/wiki/Denison_Frisby\" title=\"Denison Frisby\">Denison Frisby</a> &#183; <a href=\"/wiki/Bastien_Janvier\" title=\"Bastien Janvier\">Bastien Janvier</a> &#183; <a href=\"/wiki/Hermann_Wiel\" title=\"Hermann Wiel\">Hermann Wiel</a> &#183; <a href=\"/wiki/Barry_Ryan\" title=\"Barry Ryan\">Barry Ryan</a> &#183; <a href=\"/wiki/Tamotsu_Iwamoto\" title=\"Tamotsu Iwamoto\">Tamotsu Iwamoto</a> &#183; <a href=\"/wiki/Darren_O%27Hare\" title=\"Darren O&#39;Hare\">Darren O'Hare</a> &#183; <a href=\"/wiki/Martin_Helstrom\" title=\"Martin Helstrom\">Martin Helstrom</a> &#183; <a href=\"/wiki/Oliver_Wood\" title=\"Oliver Wood\">Oliver Wood</a> &#183; <a href=\"/wiki/Sendelina_de_la_Felino\" title=\"Sendelina de la Felino\">Sendelina de la Felino</a> &#183; <a href=\"/wiki/Merwyn_Finwick\" title=\"Merwyn Finwick\">Merwyn Finwick</a>  &#183;  <a href=\"/wiki/Parkin_(Keeper)\" title=\"Parkin (Keeper)\">Parkin</a> &#183; <a href=\"/wiki/Grenouille\" title=\"Grenouille\">Grenouille</a> &#183; <a href=\"/wiki/Kquewanda_Bailey\" title=\"Kquewanda Bailey\">Kquewanda Bailey</a> &#183; <a href=\"/wiki/Lenelle_Paraison\" title=\"Lenelle Paraison\">Lenelle Paraison</a>\n</td></tr>\n<tr>\n<th width=\"100%\" style=\"background-color: #dfdfdf; font-size: 9pt;\"><a href=\"/wiki/Chaser\" title=\"Chaser\">Chaser</a>\n</th></tr>\n<tr>\n<td style=\"font-size: 8pt;\"><a href=\"/wiki/Alejandra_Alonso\" title=\"Alejandra Alonso\">Alejandra Alonso</a> &#183; <a href=\"/wiki/Fernando_Diaz\" title=\"Fernando Diaz\">Fernando Diaz</a> &#183; <a href=\"/wiki/Gon%C3%A7alo_Flores\" title=\"Gon\u00e7alo Flores\">Gon\u00e7alo Flores</a> &#183; <a href=\"/wiki/Debbie_Muntz\" title=\"Debbie Muntz\">Debbie Muntz</a> &#183; <a href=\"/wiki/Gianni_Fedele\" title=\"Gianni Fedele\">Gianni Fedele</a> &#183; <a href=\"/wiki/Robert_Green\" title=\"Robert Green\">Robert Green</a> &#183; <a href=\"/wiki/Kenneth_Hastings\" title=\"Kenneth Hastings\">Kenneth Hastings</a> &#183; <a href=\"/wiki/Maria_Monteith\" title=\"Maria Monteith\">Maria Monteith</a> &#183; <a href=\"/wiki/Matthew_Echunga\" title=\"Matthew Echunga\">Matthew Echunga</a> &#183; <a href=\"/wiki/Unidentified_Ballycastle_Bats_Chaser\" title=\"Unidentified Ballycastle Bats Chaser\">Unidentified Ballycastle Bats Chaser</a> &#183; <a href=\"/wiki/Alexei_Levski\" title=\"Alexei Levski\">Alexei Levski</a> &#183; <a href=\"/wiki/Clara_Ivanova\" title=\"Clara Ivanova\">Clara Ivanova</a> &#183; <a href=\"/wiki/Vasily_Dimitrov\" title=\"Vasily Dimitrov\">Vasily Dimitrov</a> &#183; <a href=\"/wiki/Dragomir_Gorgovitch\" title=\"Dragomir Gorgovitch\">Dragomir Gorgovitch</a> &#183; <a href=\"/wiki/Avery_Hawksworth\" title=\"Avery Hawksworth\">Avery Hawksworth</a> &#183; <a href=\"/wiki/Edric_Vosper\" title=\"Edric Vosper\">Edric Vosper</a> &#183; <a href=\"/wiki/Keaton_Flitney\" title=\"Keaton Flitney\">Keaton Flitney</a> &#183; <a href=\"/wiki/Hildegarde_Lafarge\" title=\"Hildegarde Lafarge\">Hildegarde Lafarge</a> &#183; <a href=\"/wiki/Josephine_Marat\" title=\"Josephine Marat\">Josephine Marat</a> &#183; <a href=\"/wiki/Mathilde_Mallard\" title=\"Mathilde Mallard\">Mathilde Mallard</a> &#183; <a href=\"/wiki/Igor_Brand\" title=\"Igor Brand\">Igor Brand</a> &#183; <a href=\"/wiki/Kursten_Blijk\" title=\"Kursten Blijk\">Kursten Blijk</a> &#183; <a href=\"/wiki/Kurt_Todt\" title=\"Kurt Todt\">Kurt Todt</a> &#183; <a href=\"/wiki/Ginevra_Weasley\" title=\"Ginevra Weasley\">Ginny Weasley</a> &#183; <a href=\"/wiki/Wilda_Griffiths\" title=\"Wilda Griffiths\">Wilda Griffiths</a> &#183; <a href=\"/wiki/Moran\" title=\"Moran\">Moran</a> &#183; <a href=\"/wiki/Mullet\" title=\"Mullet\">Mullet</a> &#183; <a href=\"/wiki/Troy\" title=\"Troy\">Troy</a> &#183; <a href=\"/wiki/Noriyuki_Sato\" title=\"Noriyuki Sato\">Noriyuki Sato</a> &#183; <a href=\"/wiki/Ryotaro_Tanaka\" title=\"Ryotaro Tanaka\">Ryotaro Tanaka</a> &#183; <a href=\"/wiki/Yoshihiro_Suzuki\" title=\"Yoshihiro Suzuki\">Yoshihiro Suzuki</a> &#183; <a href=\"/wiki/Alasdair_Maddock\" title=\"Alasdair Maddock\">Alasdair Maddock</a> &#183; <a href=\"/wiki/Fabius_Watkins\" title=\"Fabius Watkins\">Fabius Watkins</a> &#183; <a href=\"/wiki/Lorre_Gustafson\" title=\"Lorre Gustafson\">Lorre Gustafson</a> &#183; <a href=\"/wiki/Olaf_Andersen\" title=\"Olaf Andersen\">Olaf Andersen</a> &#183; <a href=\"/wiki/Peter_Hansen\" title=\"Peter Hansen\">Peter Hansen</a> &#183; <a href=\"/wiki/Ladislaw_Zamojski\" title=\"Ladislaw Zamojski\">Ladislaw Zamojski</a> &#183; <a href=\"/wiki/Catriona_McCormack\" title=\"Catriona McCormack\">Catriona McCormack</a> &#183; <a href=\"/wiki/Ana_de_Lebron\" title=\"Ana de Lebron\">Ana de Lebron</a> &#183; <a href=\"/wiki/Carmen_Garcia\" title=\"Carmen Garcia\">Carmen Garcia</a> &#183; <a href=\"/wiki/Chavelle_Arbelo_Cartaya\" title=\"Chavelle Arbelo Cartaya\">Chavelle Arbelo Cartaya</a>  &#183;  <a href=\"/wiki/Joscelind_Wadcock\" title=\"Joscelind Wadcock\">Joscelind Wadcock</a>  &#183;  <a href=\"/wiki/Petrova_Porskoff\" title=\"Petrova Porskoff\">Petrova Porskoff</a>  &#183;  <a href=\"/wiki/Parkin_(Chaser_I)\" title=\"Parkin (Chaser I)\">Parkin (Chaser I)</a>  &#183;  <a href=\"/wiki/Parkin_(Chaser_II)\" title=\"Parkin (Chaser II)\">Parkin (Chaser II)</a>  &#183;  <a href=\"/wiki/Parkin_(Chaser_III)\" title=\"Parkin (Chaser III)\">Parkin (Chaser III)</a>  &#183;  <a href=\"/wiki/Gunhilda_Kneen\" title=\"Gunhilda Kneen\">Gunhilda Kneen</a>  &#183;  <a href=\"/wiki/Radulf\" title=\"Radulf\">Radulf</a>  &#183;  <a href=\"/wiki/Otmar_Frick\" title=\"Otmar Frick\">Otmar Frick</a>  &#183;  <a href=\"/wiki/Willi_Wenzel\" title=\"Willi Wenzel\">Willi Wenzel</a>  &#183;  <a href=\"/wiki/Quentin_Kowalski\" title=\"Quentin Kowalski\">Quentin Kowalski</a> &#183; <a href=\"/wiki/Clairvius_Hyppolite\" title=\"Clairvius Hyppolite\">Clairvius Hyppolite</a> &#183; <a href=\"/wiki/Elodie_Demb%C3%A9l%C3%A9\" title=\"Elodie Demb\u00e9l\u00e9\">Elodie Demb\u00e9l\u00e9</a>\n</td></tr>\n<tr>\n<th width=\"100%\" style=\"background-color: #dfdfdf; font-size: 9pt;\"><a href=\"/wiki/Beater\" title=\"Beater\">Beater</a>\n</th></tr>\n<tr>\n<td style=\"font-size: 8pt;\"><a href=\"/wiki/Carlos_Clodoaldo\" title=\"Carlos Clodoaldo\">Carlos Clodoaldo</a> &#183; <a href=\"/wiki/Rafael_Santos\" title=\"Rafael Santos\">Rafael Santos</a> &#183; <a href=\"/wiki/Greg_Ruczinski\" title=\"Greg Ruczinski\">Greg Ruczinski</a> &#183; <a href=\"/wiki/Troy_Duvall\" title=\"Troy Duvall\">Troy Duvall</a> &#183; <a href=\"/wiki/Kelly_Whakkaarangapawarau\" title=\"Kelly Whakkaarangapawarau\">Kelly Whakkaarangapawarau</a> &#183; <a href=\"/wiki/Kylie_Meadows\" title=\"Kylie Meadows\">Kylie Meadows</a> &#183; <a href=\"/wiki/Finbar_Quigley\" title=\"Finbar Quigley\">Finbar Quigley</a> &#183; <a href=\"/wiki/Ivan_Volkov\" title=\"Ivan Volkov\">Ivan Volkov</a> &#183; <a href=\"/wiki/Pyotr_Vulchanov\" title=\"Pyotr Vulchanov\">Pyotr Vulchanov</a> &#183; <a href=\"/wiki/Joey_Jenkins\" title=\"Joey Jenkins\">Joey Jenkins</a> &#183; <a href=\"/wiki/Dawn_Withey\" title=\"Dawn Withey\">Dawn Withey</a> &#183; <a href=\"/wiki/Indira_Choudry\" title=\"Indira Choudry\">Indira Choudry</a> &#183; <a href=\"/wiki/Karl_Broadmoor\" title=\"Karl Broadmoor\">Karl Broadmoor</a> &#183; <a href=\"/wiki/Kevin_Broadmoor\" title=\"Kevin Broadmoor\">Kevin Broadmoor</a> &#183; <a href=\"/wiki/Alain_Lacroix\" title=\"Alain Lacroix\">Alain Lacroix</a> &#183; <a href=\"/wiki/Ninon_Saucet\" title=\"Ninon Saucet\">Ninon Saucet</a> &#183; <a href=\"/wiki/Elena_Eldritch\" title=\"Elena Eldritch\">Elena Eldritch</a> &#183; <a href=\"/wiki/Glockenspieler\" class=\"mw-redirect\" title=\"Glockenspieler\">Glockenspieler</a> &#183; <a href=\"/wiki/Hesser\" class=\"mw-redirect\" title=\"Hesser\">Hesser</a> &#183; <a href=\"/wiki/Katrina_von_Glockenspieler\" title=\"Katrina von Glockenspieler\">Katrina von Glockenspieler</a> &#183; <a href=\"/wiki/Gwenog_Jones\" title=\"Gwenog Jones\">Gwenog Jones</a> &#183; <a href=\"/wiki/Connolly\" title=\"Connolly\">Connolly</a> &#183; <a href=\"/wiki/Quigley\" title=\"Quigley\">Quigley</a> &#183; <a href=\"/wiki/Minaka_Hirakata\" title=\"Minaka Hirakata\">Minaka Hirakata</a> &#183; <a href=\"/wiki/Keiko_Takahashi\" title=\"Keiko Takahashi\">Keiko Takahashi</a> &#183; <a href=\"/wiki/Asgard_Pettersson\" title=\"Asgard Pettersson\">Asgard Pettersson</a> &#183; <a href=\"/wiki/Asgeir_Knutsen\" title=\"Asgeir Knutsen\">Asgeir Knutsen</a> &#183; <a href=\"/wiki/Tiago_Montoya\" title=\"Tiago Montoya\">Tiago Montoya</a> &#183; <a href=\"/wiki/Dimitar_Draganov\" title=\"Dimitar Draganov\">Dimitar Draganov</a> &#183; <a href=\"/wiki/Vasco_Santini\" title=\"Vasco Santini\">Vasco Santini</a> &#183;  <a href=\"/wiki/Parkin_(Beater_I)\" title=\"Parkin (Beater I)\">Parkin (Beater I)</a> &#183; <a href=\"/wiki/Parkin_(Beater_II)\" title=\"Parkin (Beater II)\">Parkin (Beater II)</a> &#183; <a href=\"/wiki/Ludovic_Bagman\" title=\"Ludovic Bagman\">Ludo Bagman</a> &#183; <a href=\"/wiki/Quintia_Qarase\" title=\"Quintia Qarase\">Quintia Qarase</a> &#183; <a href=\"/wiki/Narinder_Singh\" title=\"Narinder Singh\">Narinder Singh</a> &#183; <a href=\"/wiki/Ugga\" title=\"Ugga\">Ugga</a> &#183; <a href=\"/wiki/Mercy_Ojukwu\" title=\"Mercy Ojukwu\">Mercy Ojukwu</a> &#183; <strong class=\"mw-selflink selflink\">Aliko Okoye</strong> &#183; <a href=\"/wiki/Jean-Baptiste_Bloncourt\" title=\"Jean-Baptiste Bloncourt\">Jean-Baptiste Bloncourt</a>\n</td></tr>\n<tr>\n<th width=\"100%\" style=\"background-color: #dfdfdf; font-size: 9pt;\"><a href=\"/wiki/Seeker\" title=\"Seeker\">Seeker</a>\n</th></tr>\n<tr>\n<td style=\"font-size: 8pt;\"><a href=\"/wiki/Tony_Silva\" title=\"Tony Silva\">Tony Silva</a> &#183; <a href=\"/wiki/Ariel_Singleton\" title=\"Ariel Singleton\">Ariel Singleton</a> &#183; <a href=\"/wiki/Maximus_Brankovitch_III\" title=\"Maximus Brankovitch III\">Maximus Brankovitch III</a> &#183; <a href=\"/wiki/Gregory_Cotton\" title=\"Gregory Cotton\">Gregory Cotton</a> &#183; <a href=\"/wiki/Lucy_Karoonda\" title=\"Lucy Karoonda\">Lucy Karoonda</a> &#183; <a href=\"/wiki/Viktor_Krum\" title=\"Viktor Krum\">Viktor Krum</a> &#183; <a href=\"/wiki/Galvin_Gudgeon\" title=\"Galvin Gudgeon\">Galvin Gudgeon</a> &#183; <a href=\"/wiki/Blythe_Parkin\" title=\"Blythe Parkin\">Blythe Parkin</a> &#183; <a href=\"/wiki/Roderick_Plumpton\" title=\"Roderick Plumpton\">Roderick Plumpton</a> &#183; <a href=\"/wiki/Cyb%C3%A8le_Peltier\" title=\"Cyb\u00e8le Peltier\">Cyb\u00e8le Peltier</a> &#183; <a href=\"/wiki/Konrad_Weiss\" title=\"Konrad Weiss\">Konrad Weiss</a> &#183; <a href=\"/wiki/Josef_Wronski\" title=\"Josef Wronski\">Josef Wronski</a> &#183; <a href=\"/wiki/Glynnis_Griffiths\" title=\"Glynnis Griffiths\">Glynnis Griffiths</a> &#183; <a href=\"/wiki/Aidan_Lynch\" title=\"Aidan Lynch\">Aidan Lynch</a> &#183; <a href=\"/wiki/Shizuka_Watanabe\" title=\"Shizuka Watanabe\">Shizuka Watanabe</a> &#183; <a href=\"/wiki/Eunice_Murray\" title=\"Eunice Murray\">Eunice Murray</a> &#183; <a href=\"/wiki/Lennox_Campbell\" title=\"Lennox Campbell\">Lennox Campbell</a> &#183; <a href=\"/wiki/Tina_Lundstrom\" title=\"Tina Lundstrom\">Tina Lundstrom</a> &#183; <a href=\"/wiki/Benjy_Williams\" title=\"Benjy Williams\">Benjy Williams</a> &#183; <a href=\"/wiki/Dougal_McBride\" title=\"Dougal McBride\">Dougal McBride</a> &#183; <a href=\"/wiki/Inigo_Fuente_Marrero\" title=\"Inigo Fuente Marrero\">Inigo Fuente Marrero</a> &#183; <a href=\"/wiki/Parkin_(Seeker)\" title=\"Parkin (Seeker)\">Parkin</a> &#183; <a href=\"/wiki/Joseph_Snuka\" title=\"Joseph Snuka\">Joseph Snuka</a> &#183; <a href=\"/wiki/Samuel_Equiano\" title=\"Samuel Equiano\">Samuel Equiano</a> &#183; <a href=\"/wiki/Bruno_Bruunhart\" title=\"Bruno Bruunhart\">Bruno Bruunhart</a>  &#183; <a href=\"/wiki/Jacques_Miskine\" title=\"Jacques Miskine\">Jacques Miskine</a> &#183; <a href=\"/wiki/Darius_Smackhammer\" title=\"Darius Smackhammer\">Darius Smackhammer</a> &#183; <a href=\"/wiki/Shanice_Higgins\" title=\"Shanice Higgins\">Shanice Higgins</a> &#183; <a href=\"/wiki/Sylvian_Jolicoeur\" title=\"Sylvian Jolicoeur\">Sylvian Jolicoeur</a> &#183; <a href=\"/wiki/Luciano_Volpi\" title=\"Luciano Volpi\">Luciano Volpi</a>\n</td></tr>\n<tr>\n<th width=\"100%\" style=\"background-color: #dfdfdf; font-size: 9pt;\">Unknown Position\n</th></tr>\n<tr>\n<td style=\"font-size: 8pt;\"><a href=\"/wiki/Arnold_Vogler\" title=\"Arnold Vogler\">Arnold Vogler</a>  &#183;  <a href=\"/wiki/Millie_Gudabi\" title=\"Millie Gudabi\">Millie Gudabi</a>  &#183;  <a href=\"/wiki/Goodwin_Kneen\" title=\"Goodwin Kneen\">Goodwin Kneen</a>  &#183;  <a href=\"/wiki/Dai_Llewellyn\" title=\"Dai Llewellyn\">Dai Llewellyn</a>  &#183; <a href=\"/wiki/Ethan_Parkin\" title=\"Ethan Parkin\">Ethan Parkin</a> &#183; <a href=\"/wiki/Gwenog\" title=\"Gwenog\">Gwenog</a>\n</td></tr></tbody></table></div>"}]}}}}