{"batchcomplete": "", "warnings": {"main": {"*": "Subscribe to the mediawiki-api-announce mailing list at <https://lists.wikimedia.org/mailman/listinfo/mediawiki-api-announce> for notice of API deprecations and breaking changes."}, "revisions": {"*": "The parameter \"rvparse\" has been deprecated.\nBecause \"rvslots\" was not specified, a legacy format has been used for the output. This format is deprecated, and in the future the new format will always be used."}}, "query": {"normalized": [{"from": "Alistair_Fidgen", "to": "Alistair Fidgen"}], "pages": {"211590": {"pageid": 211590, "ns": 0, "title": "Alistair Fidgen", "revisions": [{"*": "<div class=\"mw-parser-output\"><table class=\"notice metadata\" id=\"spoiler\" style=\"text-align: center; background: beige; margin: 1em 05%; padding: 0 1em; border: #a00 1px solid;\">\n\n<tbody><tr>\n<td><a href=\"https://static.wikia.nocookie.net/harrypotter/images/8/8c/Hogwarts_Mystery.jpeg/revision/latest?cb=20180504083359\" class=\"image\"><img alt=\"Hogwarts Mystery.jpeg\" src=\"https://static.wikia.nocookie.net/harrypotter/images/8/8c/Hogwarts_Mystery.jpeg/revision/latest/scale-to-width-down/175?cb=20180504083359\" decoding=\"async\" width=\"175\" height=\"77\" data-image-name=\"Hogwarts Mystery.jpeg\" data-image-key=\"Hogwarts_Mystery.jpeg\" /></a>\n</td>\n<td><b>Warning!</b>\n<p>At least some content in this article is derived from information featured in <i><a href=\"/wiki/Harry_Potter:_Hogwarts_Mystery\" title=\"Harry Potter: Hogwarts Mystery\">Harry Potter: Hogwarts Mystery</a></i>. Spoilers will be present within the article.\n</p>\n</td></tr></tbody></table>\n<p>\n<aside role=\"region\" class=\"portable-infobox pi-background pi-theme-wizard pi-layout-default\">\n<figure class=\"pi-item pi-image\" data-source=\"image\">\n\t<a href=\"https://static.wikia.nocookie.net/harrypotter/images/5/51/Alistair_Fidgen.jpg/revision/latest?cb=20180922024845\" class=\"image image-thumbnail\"\n\t   title=\"\">\n\t\t<img src=\"https://static.wikia.nocookie.net/harrypotter/images/5/51/Alistair_Fidgen.jpg/revision/latest/scale-to-width-down/350?cb=20180922024845\" srcset=\"https://static.wikia.nocookie.net/harrypotter/images/5/51/Alistair_Fidgen.jpg/revision/latest/scale-to-width-down/350?cb=20180922024845 1x, https://static.wikia.nocookie.net/harrypotter/images/5/51/Alistair_Fidgen.jpg/revision/latest/scale-to-width-down/699?cb=20180922024845 2x\" class=\"pi-image-thumbnail\" alt=\"\" width=\"270\" height=\"355\"\n\t\t     data-image-key=\"Alistair_Fidgen.jpg\" data-image-name=\"Alistair Fidgen.jpg\"/>\n\t\t\n\t</a>\n\t\n</figure>\n<section class=\"pi-item pi-group pi-border-color\">\n\t\n<h2 class=\"pi-item pi-item-spacing pi-title\" data-source=\"name\">Alistair Fidgen</h2>\n\n</section>\n<section class=\"pi-item pi-group pi-border-color\">\n\t<h2 class=\"pi-item pi-header pi-secondary-font pi-item-spacing pi-secondary-background\">Biographical information</h2>\n\n<div class=\"pi-item pi-data pi-item-spacing pi-border-color\" data-source=\"nationality\">\n\t\n\t\t<h3 class=\"pi-data-label pi-secondary-font\">Nationality</h3>\n\t\n\t<div class=\"pi-data-value pi-font\"><a href=\"/wiki/Great_Britain\" title=\"Great Britain\">British</a></div>\n</div>\n\n<div class=\"pi-item pi-data pi-item-spacing pi-border-color\" data-source=\"alias\">\n\t\n\t\t<h3 class=\"pi-data-label pi-secondary-font\">Also known as</h3>\n\t\n\t<div class=\"pi-data-value pi-font\">Old Al (by <a href=\"/wiki/Jae_Kim\" title=\"Jae Kim\">Jae Kim</a>)</div>\n</div>\n\n</section>\n<section class=\"pi-item pi-group pi-border-color\">\n\t<h2 class=\"pi-item pi-header pi-secondary-font pi-item-spacing pi-secondary-background\">Physical information</h2>\n\n<div class=\"pi-item pi-data pi-item-spacing pi-border-color\" data-source=\"species\">\n\t\n\t\t<h3 class=\"pi-data-label pi-secondary-font\">Species</h3>\n\t\n\t<div class=\"pi-data-value pi-font\"><a href=\"/wiki/Human\" title=\"Human\">Human</a></div>\n</div>\n\n<div class=\"pi-item pi-data pi-item-spacing pi-border-color\" data-source=\"gender\">\n\t\n\t\t<h3 class=\"pi-data-label pi-secondary-font\">Gender</h3>\n\t\n\t<div class=\"pi-data-value pi-font\">Male</div>\n</div>\n\n<div class=\"pi-item pi-data pi-item-spacing pi-border-color\" data-source=\"hair\">\n\t\n\t\t<h3 class=\"pi-data-label pi-secondary-font\">Hair colour</h3>\n\t\n\t<div class=\"pi-data-value pi-font\">Grey</div>\n</div>\n\n<div class=\"pi-item pi-data pi-item-spacing pi-border-color\" data-source=\"skin\">\n\t\n\t\t<h3 class=\"pi-data-label pi-secondary-font\">Skin colour</h3>\n\t\n\t<div class=\"pi-data-value pi-font\">White</div>\n</div>\n\n</section>\n<section class=\"pi-item pi-group pi-border-color\">\n\t<h2 class=\"pi-item pi-header pi-secondary-font pi-item-spacing pi-secondary-background\">Affiliation</h2>\n\n<div class=\"pi-item pi-data pi-item-spacing pi-border-color\" data-source=\"loyalty\">\n\t\n\t\t<h3 class=\"pi-data-label pi-secondary-font\">Loyalty</h3>\n\t\n\t<div class=\"pi-data-value pi-font\"><a href=\"/wiki/Knockturn_Alley\" title=\"Knockturn Alley\">Knockturn Alley</a></div>\n</div>\n\n</section>\n<nav class=\"pi-navigation pi-item-spacing pi-secondary-background pi-secondary-font\"><small><a href=\"/wiki/Template:Individual_infobox\" title=\"Template:Individual infobox\">[Source]</a><span class=\"hidable-button\"></span></small></nav>\n</aside>\n\n<b>Alistair Fidgen</b> was a <a href=\"/wiki/Great_Britain\" title=\"Great Britain\">British</a> <a href=\"/wiki/Wizardkind\" title=\"Wizardkind\">wizard</a>, who often patronised <a href=\"/wiki/Knockturn_Alley\" title=\"Knockturn Alley\">Knockturn Alley</a> in the <a href=\"/wiki/1980s\" title=\"1980s\">1980s</a>.\n</p>\n<div id=\"toc\" class=\"toc\"><input type=\"checkbox\" role=\"button\" id=\"toctogglecheckbox\" class=\"toctogglecheckbox\" style=\"display:none\" /><div class=\"toctitle\" lang=\"en\" dir=\"ltr\"><h2>Contents</h2><span class=\"toctogglespan\"><label class=\"toctogglelabel\" for=\"toctogglecheckbox\"></label></span></div>\n<ul>\n<li class=\"toclevel-1 tocsection-1\"><a href=\"#Biography\"><span class=\"tocnumber\">1</span> <span class=\"toctext\">Biography</span></a></li>\n<li class=\"toclevel-1 tocsection-2\"><a href=\"#Physical_appearance\"><span class=\"tocnumber\">2</span> <span class=\"toctext\">Physical appearance</span></a></li>\n<li class=\"toclevel-1 tocsection-3\"><a href=\"#Appearances\"><span class=\"tocnumber\">3</span> <span class=\"toctext\">Appearances</span></a></li>\n<li class=\"toclevel-1 tocsection-4\"><a href=\"#Notes_and_references\"><span class=\"tocnumber\">4</span> <span class=\"toctext\">Notes and references</span></a></li>\n</ul>\n</div>\n\n<h2><span class=\"mw-headline\" id=\"Biography\">Biography</span><span class=\"mw-editsection\"><span class=\"mw-editsection-bracket\">[</span><a href=\"/wiki/Alistair_Fidgen?veaction=edit&amp;section=1\" class=\"mw-editsection-visualeditor\" title=\"Edit section: Biography\">edit</a><span class=\"mw-editsection-divider\"> | </span><a href=\"/wiki/Alistair_Fidgen?action=edit&amp;section=1\" title=\"Edit section: Biography\"><svg class=\"wds-icon wds-icon-tiny section-edit-pencil-icon\"><use xlink:href=\"#wds-icons-pencil-tiny\"></use></svg>edit source</a><span class=\"mw-editsection-bracket\">]</span></span></h2>\n<p>Alistair got to know <a href=\"/wiki/Jacob_(Hogwarts_student)\" title=\"Jacob (Hogwarts student)\">Jacob</a> when the latter visited <a href=\"/wiki/Knockturn_Alley\" title=\"Knockturn Alley\">Knockturn Alley</a>. They had a deal where Jacob would give Alistair items from <a href=\"/wiki/Hogwarts_School_of_Witchcraft_and_Wizardry\" title=\"Hogwarts School of Witchcraft and Wizardry\">Hogwarts</a> to sell and Alistair helped Jacob search for a painting. The last time Alistair saw Jacob was at <a href=\"/wiki/The_White_Wyvern\" title=\"The White Wyvern\">The White Wyvern</a>, where he had found the painting. Alistair claimed Jacob \"was excited to finally solve some mystery, and said he wanted to thank me before 'meeting up with the others.'\"<sup id=\"cite_ref-Y5SQ_1-0\" class=\"reference\"><a href=\"#cite_note-Y5SQ-1\">&#91;1&#93;</a></sup> He also knew an individual from the <a href=\"/wiki/MacFusty_clan\" title=\"MacFusty clan\">MacFusty clan</a>, who, according to him, owed him a favour.<sup id=\"cite_ref-Y5SQ_1-1\" class=\"reference\"><a href=\"#cite_note-Y5SQ-1\">&#91;1&#93;</a></sup>\n</p><p>In <a href=\"/wiki/1988\" title=\"1988\">1988</a>, he met <a href=\"/wiki/Charles_Weasley\" title=\"Charles Weasley\">Charlie Weasley</a> and <a href=\"/wiki/Jacob%27s_sibling\" title=\"Jacob&#39;s sibling\">Jacob's sibling</a>, and offered to sell them an <a href=\"/wiki/Acromantula_egg\" title=\"Acromantula egg\">Acromantula egg</a>, which he claimed to be a <a href=\"/wiki/Dragon_egg\" title=\"Dragon egg\">dragon egg</a>, for 500 <a href=\"/wiki/Galleon\" title=\"Galleon\">galleons</a>. Seeing it as a scam, Jacob's sibling refused, but after offering information about Jacob in addition to the egg for 495 galleons, Jacob's sibling reluctantly agreed.<sup id=\"cite_ref-Y5SQ_1-2\" class=\"reference\"><a href=\"#cite_note-Y5SQ-1\">&#91;1&#93;</a></sup>\n</p><p>After Jacob's sibling and Charlie managed to get the money needed to buy the egg, the three met up in the <a href=\"/wiki/Forbidden_Forest\" title=\"Forbidden Forest\">Forbidden Forest</a>. Alistair gave the egg to the two before they paid, something he did not normally do. After he was paid, he allowed Jacob's sibling to ask one question about their brother. After answering, Alistair left, saying he did not want to be there when the egg hatched.<sup id=\"cite_ref-Y5SQ_1-3\" class=\"reference\"><a href=\"#cite_note-Y5SQ-1\">&#91;1&#93;</a></sup>\n</p><p>At some point, Alistair made a deal with <a href=\"/wiki/Jae_Kim\" title=\"Jae Kim\">Jae Kim</a> in which the latter would give him a <a href=\"/wiki/Love_Potion\" class=\"mw-redirect\" title=\"Love Potion\">Love Potion</a>. However, the Love Potion that Jae gave him turned out to be <a href=\"/wiki/Butterbeer\" title=\"Butterbeer\">Butterbeer</a>.<sup id=\"cite_ref-Y6CH10_2-0\" class=\"reference\"><a href=\"#cite_note-Y6CH10-2\">&#91;2&#93;</a></sup>\n</p><p>In around <a href=\"/wiki/1989\" title=\"1989\">1989</a>, Jae, Jacob's sibling and <a href=\"/wiki/Andre_Egwu\" title=\"Andre Egwu\">Andre Egwu</a> attempted to get an <a href=\"/wiki/Invisibility_cloak\" title=\"Invisibility cloak\">invisibility cloak</a> from him in exchange for a <a href=\"/wiki/Remembrall\" title=\"Remembrall\">Remembrall</a> and <a href=\"/wiki/Fireproof_sock\" title=\"Fireproof sock\">fireproof socks</a>. Alistair refused the offer due to the earlier bad experience with Jae, and instead attacked Jae. Jacob's sibling fought back by casting the <a href=\"/wiki/Bird-Conjuring_Charm\" title=\"Bird-Conjuring Charm\">Bird-Conjuring Charm</a> and defeating Alistair in a duel. After losing, he still refused to offer, but agreed to give his invisibility cloak if the students have him a real Love Potion.<sup id=\"cite_ref-Y6CH10_2-1\" class=\"reference\"><a href=\"#cite_note-Y6CH10-2\">&#91;2&#93;</a></sup>\n</p>\n<h2><span class=\"mw-headline\" id=\"Physical_appearance\">Physical appearance</span><span class=\"mw-editsection\"><span class=\"mw-editsection-bracket\">[</span><a href=\"/wiki/Alistair_Fidgen?veaction=edit&amp;section=2\" class=\"mw-editsection-visualeditor\" title=\"Edit section: Physical appearance\">edit</a><span class=\"mw-editsection-divider\"> | </span><a href=\"/wiki/Alistair_Fidgen?action=edit&amp;section=2\" title=\"Edit section: Physical appearance\"><svg class=\"wds-icon wds-icon-tiny section-edit-pencil-icon\"><use xlink:href=\"#wds-icons-pencil-tiny\"></use></svg>edit source</a><span class=\"mw-editsection-bracket\">]</span></span></h2>\n<p>Alistair had long grey hair and wore black robes.\n</p>\n<h2><span class=\"mw-headline\" id=\"Appearances\">Appearances</span><span class=\"mw-editsection\"><span class=\"mw-editsection-bracket\">[</span><a href=\"/wiki/Alistair_Fidgen?veaction=edit&amp;section=3\" class=\"mw-editsection-visualeditor\" title=\"Edit section: Appearances\">edit</a><span class=\"mw-editsection-divider\"> | </span><a href=\"/wiki/Alistair_Fidgen?action=edit&amp;section=3\" title=\"Edit section: Appearances\"><svg class=\"wds-icon wds-icon-tiny section-edit-pencil-icon\"><use xlink:href=\"#wds-icons-pencil-tiny\"></use></svg>edit source</a><span class=\"mw-editsection-bracket\">]</span></span></h2>\n<ul><li><i><a href=\"/wiki/Harry_Potter:_Hogwarts_Mystery\" title=\"Harry Potter: Hogwarts Mystery\">Harry Potter: Hogwarts Mystery</a></i> <small>(First appearance)</small></li></ul>\n<h2><span class=\"mw-headline\" id=\"Notes_and_references\">Notes and references</span><span class=\"mw-editsection\"><span class=\"mw-editsection-bracket\">[</span><a href=\"/wiki/Alistair_Fidgen?veaction=edit&amp;section=4\" class=\"mw-editsection-visualeditor\" title=\"Edit section: Notes and references\">edit</a><span class=\"mw-editsection-divider\"> | </span><a href=\"/wiki/Alistair_Fidgen?action=edit&amp;section=4\" title=\"Edit section: Notes and references\"><svg class=\"wds-icon wds-icon-tiny section-edit-pencil-icon\"><use xlink:href=\"#wds-icons-pencil-tiny\"></use></svg>edit source</a><span class=\"mw-editsection-bracket\">]</span></span></h2>\n<div class=\"references-small\">\n<div class=\"mw-references-wrap\"><ol class=\"references\">\n<li id=\"cite_note-Y5SQ-1\"><span class=\"mw-cite-backlink\">\u2191 <sup><a href=\"#cite_ref-Y5SQ_1-0\">1.0</a></sup> <sup><a href=\"#cite_ref-Y5SQ_1-1\">1.1</a></sup> <sup><a href=\"#cite_ref-Y5SQ_1-2\">1.2</a></sup> <sup><a href=\"#cite_ref-Y5SQ_1-3\">1.3</a></sup></span> <span class=\"reference-text\"><i><a href=\"/wiki/Harry_Potter:_Hogwarts_Mystery\" title=\"Harry Potter: Hogwarts Mystery\">Harry Potter: Hogwarts Mystery</a></i>, Year 5, Side Quest \"Egg Hunt\"</span>\n</li>\n<li id=\"cite_note-Y6CH10-2\"><span class=\"mw-cite-backlink\">\u2191 <sup><a href=\"#cite_ref-Y6CH10_2-0\">2.0</a></sup> <sup><a href=\"#cite_ref-Y6CH10_2-1\">2.1</a></sup></span> <span class=\"reference-text\"><i><a href=\"/wiki/Harry_Potter:_Hogwarts_Mystery\" title=\"Harry Potter: Hogwarts Mystery\">Harry Potter: Hogwarts Mystery</a></i>, Year 6, Chapter 10 (<i>Cloaks and Conflicts</i>)</span>\n</li>\n</ol></div></div></div>"}]}}}}