{"batchcomplete": "", "warnings": {"main": {"*": "Subscribe to the mediawiki-api-announce mailing list at <https://lists.wikimedia.org/mailman/listinfo/mediawiki-api-announce> for notice of API deprecations and breaking changes."}, "revisions": {"*": "The parameter \"rvparse\" has been deprecated.\nBecause \"rvslots\" was not specified, a legacy format has been used for the output. This format is deprecated, and in the future the new format will always be used."}}, "query": {"normalized": [{"from": "Alistaire_Ballcocke", "to": "Alistaire Ballcocke"}], "pages": {"147706": {"pageid": 147706, "ns": 0, "title": "Alistaire Ballcocke", "revisions": [{"*": "<div class=\"mw-parser-output\"><table class=\"notice metadata\" cellpadding=\"3px\" style=\"text-align: center; background: snow; border: #a00 1px solid; margin: 1em 10% 1em 10%;\">\n\n<tbody><tr>\n<td><a href=\"https://static.wikia.nocookie.net/harrypotter/images/1/1b/Harry_Potter_Half-Blood_Prince_Profile.JPG/revision/latest?cb=20200420031830\" class=\"image\"><img alt=\"Harry Potter Half-Blood Prince Profile.JPG\" src=\"https://static.wikia.nocookie.net/harrypotter/images/1/1b/Harry_Potter_Half-Blood_Prince_Profile.JPG/revision/latest/scale-to-width-down/60?cb=20200420031830\" decoding=\"async\" width=\"60\" height=\"98\" data-image-name=\"Harry Potter Half-Blood Prince Profile.JPG\" data-image-key=\"Harry_Potter_Half-Blood_Prince_Profile.JPG\" /></a>\n</td>\n<td><i><b>\"Harry, your eyesight really is awful.\"</b></i>\n<p>The title of this article is transcribed from an image. Due to several factors, including poor image quality and difficult-to-read fonts/handwriting, it may have been transcribed incorrectly. If you have a higher quality version of the <a href=\"/wiki/File:AlistaireBallcockeMap.jpg\" title=\"File:AlistaireBallcockeMap.jpg\">source image</a>, or a more accurate reading of the text, please visit this article's <a href=\"https://harrypotter.fandom.com/wiki/Talk:Alistaire_Ballcocke\" class=\"extiw\" title=\"en:Talk:Alistaire Ballcocke\">Talk Page</a>.\n</p>\n</td></tr></tbody></table>\n<div class=\"notice metadata\" id=\"spoiler\" style=\"text-align: center; background: #DCDCDC; margin: 1em 05%; padding: 0 1em; border: #696969 1px solid;\">\n<p><b>\"Point me!\"</b>\n</p>\nThis article is about <b>the wizard who appeared on the <a href=\"/wiki/Marauder%27s_Map\" title=\"Marauder&#39;s Map\">Marauder's Map</a></b>. You may be looking for <b><a href=\"/wiki/Alistair_Ballcocke\" title=\"Alistair Ballcocke\">Alistair Ballcocke</a></b>.</div>\n<p>\n<aside role=\"region\" class=\"portable-infobox pi-background pi-theme-wizard pi-layout-default\">\n<figure class=\"pi-item pi-image\" data-source=\"image\">\n\t<a href=\"https://static.wikia.nocookie.net/harrypotter/images/0/00/AlistaireBallcockeMap.jpg/revision/latest?cb=20120815011754\" class=\"image image-thumbnail\"\n\t   title=\"\">\n\t\t<img src=\"https://static.wikia.nocookie.net/harrypotter/images/0/00/AlistaireBallcockeMap.jpg/revision/latest/scale-to-width-down/282?cb=20120815011754\" srcset=\"https://static.wikia.nocookie.net/harrypotter/images/0/00/AlistaireBallcockeMap.jpg/revision/latest/scale-to-width-down/282?cb=20120815011754 1x, https://static.wikia.nocookie.net/harrypotter/images/0/00/AlistaireBallcockeMap.jpg/revision/latest/scale-to-width-down/564?cb=20120815011754 2x\" class=\"pi-image-thumbnail\" alt=\"\" width=\"270\" height=\"180\"\n\t\t     data-image-key=\"AlistaireBallcockeMap.jpg\" data-image-name=\"AlistaireBallcockeMap.jpg\"/>\n\t\t\n\t</a>\n\t\n</figure>\n<section class=\"pi-item pi-group pi-border-color\">\n\t\n<h2 class=\"pi-item pi-item-spacing pi-title\" data-source=\"name\">Alistaire Ballcocke</h2>\n\n</section>\n<section class=\"pi-item pi-group pi-border-color\">\n\t<h2 class=\"pi-item pi-header pi-secondary-font pi-item-spacing pi-secondary-background\">Physical information</h2>\n\n<div class=\"pi-item pi-data pi-item-spacing pi-border-color\" data-source=\"species\">\n\t\n\t\t<h3 class=\"pi-data-label pi-secondary-font\">Species</h3>\n\t\n\t<div class=\"pi-data-value pi-font\"><a href=\"/wiki/Human\" title=\"Human\">Human</a></div>\n</div>\n\n<div class=\"pi-item pi-data pi-item-spacing pi-border-color\" data-source=\"gender\">\n\t\n\t\t<h3 class=\"pi-data-label pi-secondary-font\">Gender</h3>\n\t\n\t<div class=\"pi-data-value pi-font\">Male</div>\n</div>\n\n</section>\n<section class=\"pi-item pi-group pi-border-color\">\n\t<h2 class=\"pi-item pi-header pi-secondary-font pi-item-spacing pi-secondary-background\">Relationship information</h2>\n\n<div class=\"pi-item pi-data pi-item-spacing pi-border-color\" data-source=\"family\">\n\t\n\t\t<h3 class=\"pi-data-label pi-secondary-font\">Family members</h3>\n\t\n\t<div class=\"pi-data-value pi-font\"><a href=\"/wiki/Alistair_Ballcocke\" title=\"Alistair Ballcocke\">Alistair Ballcocke</a> (possibly)</div>\n</div>\n\n</section>\n<nav class=\"pi-navigation pi-item-spacing pi-secondary-background pi-secondary-font\"><small><a href=\"/wiki/Template:Individual_infobox\" title=\"Template:Individual infobox\">[Source]</a><span class=\"hidable-button\"></span></small></nav>\n</aside>\n\n<b>Alistaire Ballcocke</b> was a <a href=\"/wiki/Wizardkind\" title=\"Wizardkind\">wizard</a> who appeared on the <a href=\"/wiki/Marauder%27s_Map\" title=\"Marauder&#39;s Map\">Marauder's Map</a> in the winter of <a href=\"/wiki/1993\" title=\"1993\">1993</a>.<sup id=\"cite_ref-1\" class=\"reference\"><a href=\"#cite_note-1\">&#91;1&#93;</a></sup>\n</p>\n<h2><span class=\"mw-headline\" id=\"Etymology\">Etymology</span><span class=\"mw-editsection\"><span class=\"mw-editsection-bracket\">[</span><a href=\"/wiki/Alistaire_Ballcocke?veaction=edit&amp;section=1\" class=\"mw-editsection-visualeditor\" title=\"Edit section: Etymology\">edit</a><span class=\"mw-editsection-divider\"> | </span><a href=\"/wiki/Alistaire_Ballcocke?action=edit&amp;section=1\" title=\"Edit section: Etymology\"><svg class=\"wds-icon wds-icon-tiny section-edit-pencil-icon\"><use xlink:href=\"#wds-icons-pencil-tiny\"></use></svg>edit source</a><span class=\"mw-editsection-bracket\">]</span></span></h2>\n<p><i>Ballcocke</i> is an alternate spelling of the English surname <i>Balcock</i>, which derives from the diminutive suffix -<i>cock</i> combined with either <i>Bald</i>, a pet form of the Germanic male given name <i>Baldwin</i>, or the Old English <i>beald</i> (\"brave,\" \"bold\").<sup id=\"cite_ref-2\" class=\"reference\"><a href=\"#cite_note-2\">&#91;2&#93;</a></sup> \n</p><p>A ballcock is a mechanism for filling water tanks (such as in flush toilets) designed to prevent overflow and backflow.<sup id=\"cite_ref-3\" class=\"reference\"><a href=\"#cite_note-3\">&#91;3&#93;</a></sup>\n</p>\n<h2><span class=\"mw-headline\" id=\"Behind_the_scenes\">Behind the scenes</span><span class=\"mw-editsection\"><span class=\"mw-editsection-bracket\">[</span><a href=\"/wiki/Alistaire_Ballcocke?veaction=edit&amp;section=2\" class=\"mw-editsection-visualeditor\" title=\"Edit section: Behind the scenes\">edit</a><span class=\"mw-editsection-divider\"> | </span><a href=\"/wiki/Alistaire_Ballcocke?action=edit&amp;section=2\" title=\"Edit section: Behind the scenes\"><svg class=\"wds-icon wds-icon-tiny section-edit-pencil-icon\"><use xlink:href=\"#wds-icons-pencil-tiny\"></use></svg>edit source</a><span class=\"mw-editsection-bracket\">]</span></span></h2>\n<ul><li>This character was presumably named after <a href=\"/wiki/Alastair_Bullock\" title=\"Alastair Bullock\">Alastair Bullock</a>, the assistant art director on the <a href=\"/wiki/Harry_Potter_and_the_Prisoner_of_Azkaban_(film)\" title=\"Harry Potter and the Prisoner of Azkaban (film)\">film adaptation</a> of <i><a href=\"/wiki/Harry_Potter_and_the_Prisoner_of_Azkaban\" title=\"Harry Potter and the Prisoner of Azkaban\">Harry Potter and the Prisoner of Azkaban</a></i>.</li></ul>\n<h2><span class=\"mw-headline\" id=\"Appearances\">Appearances</span><span class=\"mw-editsection\"><span class=\"mw-editsection-bracket\">[</span><a href=\"/wiki/Alistaire_Ballcocke?veaction=edit&amp;section=3\" class=\"mw-editsection-visualeditor\" title=\"Edit section: Appearances\">edit</a><span class=\"mw-editsection-divider\"> | </span><a href=\"/wiki/Alistaire_Ballcocke?action=edit&amp;section=3\" title=\"Edit section: Appearances\"><svg class=\"wds-icon wds-icon-tiny section-edit-pencil-icon\"><use xlink:href=\"#wds-icons-pencil-tiny\"></use></svg>edit source</a><span class=\"mw-editsection-bracket\">]</span></span></h2>\n<ul><li><i><a href=\"/wiki/Harry_Potter_and_the_Prisoner_of_Azkaban_(film)\" title=\"Harry Potter and the Prisoner of Azkaban (film)\">Harry Potter and the Prisoner of Azkaban (film)</a></i> <span class=\"template-c\">(Appears on Marauder's Map)</span></li></ul>\n<h2><span class=\"mw-headline\" id=\"Notes_and_references\">Notes and references</span><span class=\"mw-editsection\"><span class=\"mw-editsection-bracket\">[</span><a href=\"/wiki/Alistaire_Ballcocke?veaction=edit&amp;section=4\" class=\"mw-editsection-visualeditor\" title=\"Edit section: Notes and references\">edit</a><span class=\"mw-editsection-divider\"> | </span><a href=\"/wiki/Alistaire_Ballcocke?action=edit&amp;section=4\" title=\"Edit section: Notes and references\"><svg class=\"wds-icon wds-icon-tiny section-edit-pencil-icon\"><use xlink:href=\"#wds-icons-pencil-tiny\"></use></svg>edit source</a><span class=\"mw-editsection-bracket\">]</span></span></h2>\n<div class=\"references-small\">\n<div class=\"mw-references-wrap\"><ol class=\"references\">\n<li id=\"cite_note-1\"><span class=\"mw-cite-backlink\"><a href=\"#cite_ref-1\">\u2191</a></span> <span class=\"reference-text\"><i><a href=\"/wiki/Harry_Potter_and_the_Prisoner_of_Azkaban_(film)\" title=\"Harry Potter and the Prisoner of Azkaban (film)\">Harry Potter and the Prisoner of Azkaban (film)</a></i> (see <a href=\"/wiki/File:AlistaireBallcockeMap.jpg\" title=\"File:AlistaireBallcockeMap.jpg\">this image</a>)</span>\n</li>\n<li id=\"cite_note-2\"><span class=\"mw-cite-backlink\"><a href=\"#cite_ref-2\">\u2191</a></span> <span class=\"reference-text\"><a target=\"_blank\" rel=\"noreferrer noopener\" class=\"external text\" href=\"http://books.google.com/books?id=DDF3mn8473wC&amp;pg=PA161\"><i>A Dictionary of English Surnames</i></a> by P. H. Reaney and R. M. Wilson</span>\n</li>\n<li id=\"cite_note-3\"><span class=\"mw-cite-backlink\"><a href=\"#cite_ref-3\">\u2191</a></span> <span class=\"reference-text\">\"<a target=\"_blank\" rel=\"noreferrer noopener\" class=\"external text\" href=\"http://en.wikipedia.org/wiki/Ballcock\">Ballcock</a>\" on Wikipedia</span>\n</li>\n</ol></div></div></div>"}]}}}}