{"batchcomplete": "", "warnings": {"main": {"*": "Subscribe to the mediawiki-api-announce mailing list at <https://lists.wikimedia.org/mailman/listinfo/mediawiki-api-announce> for notice of API deprecations and breaking changes."}, "revisions": {"*": "The parameter \"rvparse\" has been deprecated.\nBecause \"rvslots\" was not specified, a legacy format has been used for the output. This format is deprecated, and in the future the new format will always be used."}}, "query": {"normalized": [{"from": "Altheda's_wand", "to": "Altheda's wand"}], "pages": {"22474": {"pageid": 22474, "ns": 0, "title": "Altheda's wand", "revisions": [{"*": "<div class=\"mw-parser-output\"><p>\n<aside role=\"region\" class=\"portable-infobox pi-background pi-theme-wand pi-layout-default\">\n<h2 class=\"pi-item pi-item-spacing pi-title\" data-source=\"name\">Altheda's wand</h2>\n<section class=\"pi-item pi-group pi-border-color\">\n\t<h2 class=\"pi-item pi-header pi-secondary-font pi-item-spacing pi-secondary-background\">Historical information</h2>\n\n<div class=\"pi-item pi-data pi-item-spacing pi-border-color\" data-source=\"masters\">\n\t\n\t\t<h3 class=\"pi-data-label pi-secondary-font\">Master(s)</h3>\n\t\n\t<div class=\"pi-data-value pi-font\"><ul><li><a href=\"/wiki/Altheda\" title=\"Altheda\">Altheda</a></li><li><a href=\"/wiki/Evil_sorcerer\" title=\"Evil sorcerer\">Evil Sorcerer</a> (possibly)</li></ul></div>\n</div>\n\n<div class=\"pi-item pi-data pi-item-spacing pi-border-color\" data-source=\"owners\">\n\t\n\t\t<h3 class=\"pi-data-label pi-secondary-font\">Owner(s)</h3>\n\t\n\t<div class=\"pi-data-value pi-font\"><ul><li>Altheda</li><li>Evil Sorcerer</li></ul></div>\n</div>\n\n</section>\n<nav class=\"pi-navigation pi-item-spacing pi-secondary-background pi-secondary-font\"><small><a href=\"/wiki/Template:Wand_infobox\" title=\"Template:Wand infobox\">[Source]</a><span class=\"hidable-button\"></span></small></nav>\n</aside>\n\n</p>\n<div class=\"quote\">\n<dl><dd><span title=\"Source:&#160;The Tales of Beedle the Bard (real)\">\"<i>The second, by name Altheda, had been robbed of her home, her gold and her wand by an evil sorcerer.</i>\"</span></dd>\n<dd>&#8212;<a href=\"/wiki/Beedle_the_Bard\" title=\"Beedle the Bard\">Beedle the Bard</a>, <i><a href=\"/wiki/The_Fountain_of_Fair_Fortune\" title=\"The Fountain of Fair Fortune\">The Fountain of Fair Fortune</a></i>.<sup class=\"noprint\"><a href=\"/wiki/The_Tales_of_Beedle_the_Bard_(real)\" title=\"The Tales of Beedle the Bard (real)\">[src]</a></sup></dd>\n<dd></dd></dl></div>\n<p>This is a fictional <b>wand</b> which belonged to <a href=\"/wiki/Altheda\" title=\"Altheda\">Altheda</a> from the wizarding fairytale <i><a href=\"/wiki/The_Fountain_of_Fair_Fortune\" title=\"The Fountain of Fair Fortune\">The Fountain of Fair Fortune</a></i> by fairy tale author <a href=\"/wiki/Beedle_the_Bard\" title=\"Beedle the Bard\">Beedle the Bard</a>. Materials and length of the wand are not known. It was stolen by an <a href=\"/wiki/Evil_sorcerer\" title=\"Evil sorcerer\">evil sorcerer</a> along with Altheda's home and money.<sup id=\"cite_ref-1\" class=\"reference\"><a href=\"#cite_note-1\">&#91;1&#93;</a></sup>\n</p>\n<h2><span class=\"mw-headline\" id=\"Appearances\">Appearances</span><span class=\"mw-editsection\"><span class=\"mw-editsection-bracket\">[</span><a href=\"/wiki/Altheda%27s_wand?veaction=edit&amp;section=1\" class=\"mw-editsection-visualeditor\" title=\"Edit section: Appearances\">edit</a><span class=\"mw-editsection-divider\"> | </span><a href=\"/wiki/Altheda%27s_wand?action=edit&amp;section=1\" title=\"Edit section: Appearances\"><svg class=\"wds-icon wds-icon-tiny section-edit-pencil-icon\"><use xlink:href=\"#wds-icons-pencil-tiny\"></use></svg>edit source</a><span class=\"mw-editsection-bracket\">]</span></span></h2>\n<ul><li><i><a href=\"/wiki/The_Tales_of_Beedle_the_Bard_(real)\" title=\"The Tales of Beedle the Bard (real)\">The Tales of Beedle the Bard</a></i> <small>(Mentioned only)</small></li></ul>\n<h2><span class=\"mw-headline\" id=\"Notes_and_references\">Notes and references</span><span class=\"mw-editsection\"><span class=\"mw-editsection-bracket\">[</span><a href=\"/wiki/Altheda%27s_wand?veaction=edit&amp;section=2\" class=\"mw-editsection-visualeditor\" title=\"Edit section: Notes and references\">edit</a><span class=\"mw-editsection-divider\"> | </span><a href=\"/wiki/Altheda%27s_wand?action=edit&amp;section=2\" title=\"Edit section: Notes and references\"><svg class=\"wds-icon wds-icon-tiny section-edit-pencil-icon\"><use xlink:href=\"#wds-icons-pencil-tiny\"></use></svg>edit source</a><span class=\"mw-editsection-bracket\">]</span></span></h2>\n<div class=\"references-small\">\n<div class=\"mw-references-wrap\"><ol class=\"references\">\n<li id=\"cite_note-1\"><span class=\"mw-cite-backlink\"><a href=\"#cite_ref-1\">\u2191</a></span> <span class=\"reference-text\"><i><a href=\"/wiki/The_Tales_of_Beedle_the_Bard_(real)\" title=\"The Tales of Beedle the Bard (real)\">The Tales of Beedle the Bard</a></i> - \"The Fountain of Fair Fortune\"</span>\n</li>\n</ol></div></div>\n<p><br clear=\"all\" />\n</p>\n<div class=\"NavFrame\" style=\"width: 100%; margin: 1px auto; align:center;\">\n<div class=\"NavHead\" style=\"background: #ccd\" align=\"center\"><i><b><a href=\"/wiki/The_Tales_of_Beedle_the_Bard\" title=\"The Tales of Beedle the Bard\">The Tales of Beedle the Bard</a></b></i></div>\n<div class=\"NavContent\">\n<table style=\"margin:0 auto; width: 100%; text-align:center;\" class=\"toccolours\" align=\"center\">\n\n<tbody><tr bgcolor=\"#white\">\n<td colspan=\"3\" width=\"100%\" style=\"background-color: #dfdfdf; font-size: 9pt;\"><center><b>By <a href=\"/wiki/Beedle_the_Bard\" title=\"Beedle the Bard\">Beedle the Bard</a></b></center>\n</td></tr>\n<tr>\n<td colspan=\"4\" style=\"font-size: 90%;\" align=\"center\"><a href=\"https://static.wikia.nocookie.net/harrypotter/images/6/6b/Tales_of_Beedle_the_Bard.png/revision/latest?cb=20161126064839\" class=\"image\"><img alt=\"Tales of Beedle the Bard.png\" src=\"https://static.wikia.nocookie.net/harrypotter/images/6/6b/Tales_of_Beedle_the_Bard.png/revision/latest/scale-to-width-down/120?cb=20161126064839\" decoding=\"async\" width=\"120\" height=\"143\" data-image-name=\"Tales of Beedle the Bard.png\" data-image-key=\"Tales_of_Beedle_the_Bard.png\" /></a>\n</td></tr>\n<tr>\n<td colspan=\"3\" width=\"100%\" style=\"background-color: #dfdfdf; font-size: 9pt;\"><center><b>Stories</b></center>\n</td></tr>\n<tr>\n<td colspan=\"3\" style=\"font-size: 8pt;\"><center>\n<p><i><a href=\"/wiki/Babbitty_Rabbitty_and_her_Cackling_Stump\" title=\"Babbitty Rabbitty and her Cackling Stump\">Babbitty Rabbitty and her Cackling Stump</a></i> &#183; \n<i><a href=\"/wiki/The_Fountain_of_Fair_Fortune\" title=\"The Fountain of Fair Fortune\">The Fountain of Fair Fortune</a></i> &#183; \n<i><a href=\"/wiki/The_Warlock%27s_Hairy_Heart\" title=\"The Warlock&#39;s Hairy Heart\">The Warlock's Hairy Heart</a></i> &#183; \n<i><a href=\"/wiki/The_Tale_of_the_Three_Brothers\" title=\"The Tale of the Three Brothers\">The Tale of the Three Brothers</a></i> &#183; \n<i><a href=\"/wiki/The_Wizard_and_the_Hopping_Pot\" title=\"The Wizard and the Hopping Pot\">The Wizard and the Hopping Pot</a></i>\n</p>\n</center>\n</td></tr>\n<tr>\n<td colspan=\"3\" width=\"100%\" style=\"background-color: #dfdfdf; font-size: 9pt;\"><center><b>Characters</b></center>\n</td></tr>\n<tr>\n<td colspan=\"3\" style=\"font-size: 8pt;\"><center>\n<p><a href=\"/wiki/Altheda\" title=\"Altheda\">Altheda</a> &#183; \n<a href=\"/wiki/Amata\" title=\"Amata\">Amata</a> &#183; \n<a href=\"/wiki/Amata%27s_lover\" title=\"Amata&#39;s lover\">Amata's lover</a> &#183; \n<a href=\"/wiki/Antioch_Peverell\" title=\"Antioch Peverell\">Antioch Peverell</a> &#183; \n<a href=\"/wiki/Antioch_Peverell%27s_enemy\" title=\"Antioch Peverell&#39;s enemy\">Antioch Peverell's enemy</a> &#183; \n<a href=\"/wiki/Antioch_Peverell%27s_killer\" title=\"Antioch Peverell&#39;s killer\">Antioch Peverell's killer</a> &#183; \n<a href=\"/wiki/Asha\" title=\"Asha\">Asha</a> &#183; \n<a href=\"/wiki/Babbitty\" class=\"mw-redirect\" title=\"Babbitty\">Babbitty</a> &#183; \n<a href=\"/wiki/Brigade_of_Witch-Hunters\" title=\"Brigade of Witch-Hunters\">Brigade of Witch-Hunters</a> &#183; \n<a href=\"/wiki/Cadmus_Peverell\" title=\"Cadmus Peverell\">Cadmus Peverell</a> &#183; \n<a href=\"/wiki/Cadmus_Peverell%27s_fianc%C3%A9e\" title=\"Cadmus Peverell&#39;s fianc\u00e9e\">Cadmus Peverell's fianc\u00e9e</a> &#183; \n<a href=\"/wiki/Captain_of_the_Brigade_of_Witch-Hunters\" title=\"Captain of the Brigade of Witch-Hunters\">Captain of the Brigade of Witch-Hunters</a> &#183; \n<a href=\"/wiki/Charlatan_(Babbitty_Rabbitty_and_her_Cackling_Stump)\" class=\"mw-redirect\" title=\"Charlatan (Babbitty Rabbitty and her Cackling Stump)\">Charlatan</a> &#183; \n<a href=\"/wiki/Death_(The_Tale_of_the_Three_Brothers)\" title=\"Death (The Tale of the Three Brothers)\">Death</a> &#183; \n<a href=\"/wiki/Evil_sorcerer_(The_Fountain_of_Fair_Fortune)\" class=\"mw-redirect\" title=\"Evil sorcerer (The Fountain of Fair Fortune)\">Evil Sorcerer</a> &#183; \n<a href=\"/wiki/Gigantic_white_worm\" title=\"Gigantic white worm\">Gigantic white worm</a> &#183; \n<a href=\"/wiki/Ignotus_Peverell\" title=\"Ignotus Peverell\">Ignotus Peverell</a> &#183; \n<a href=\"/wiki/Ignotus_Peverell%27s_son\" title=\"Ignotus Peverell&#39;s son\">Ignotus Peverell's son</a> &#183; \n<a href=\"/wiki/King_(Babbitty_Rabbitty_and_her_Cackling_Stump)\" title=\"King (Babbitty Rabbitty and her Cackling Stump)\">King</a> &#183; \n<a href=\"/wiki/Kinsfolk_(The_Warlock%27s_Hairy_Heart)\" class=\"mw-redirect\" title=\"Kinsfolk (The Warlock&#39;s Hairy Heart)\">Kinsfolk</a> &#183; \n<a href=\"/wiki/Maiden_(The_Warlock%27s_Hairy_Heart)\" class=\"mw-redirect\" title=\"Maiden (The Warlock&#39;s Hairy Heart)\">Maiden</a> &#183; \n<a href=\"/wiki/Old_man_(The_Wizard_and_the_Hopping_Pot)\" class=\"mw-redirect\" title=\"Old man (The Wizard and the Hopping Pot)\">Old man</a> &#183; \n<a href=\"/wiki/Old_man%27s_donkey\" title=\"Old man&#39;s donkey\">Old man's donkey</a> &#183; \n<a href=\"/wiki/Old_man%27s_family\" title=\"Old man&#39;s family\">Old man's family</a> &#183; \n<a href=\"/wiki/Peasant_woman_(The_Wizard_and_the_Hopping_Pot)\" class=\"mw-redirect\" title=\"Peasant woman (The Wizard and the Hopping Pot)\">Peasant woman</a> &#183; \n<a href=\"/wiki/Peasant_woman%27s_granddaughter_(The_Wizard_and_the_Hopping_Pot)\" class=\"mw-redirect\" title=\"Peasant woman&#39;s granddaughter (The Wizard and the Hopping Pot)\">Peasant woman's granddaughter</a> &#183; \n<a href=\"/wiki/Sabre\" title=\"Sabre\">Sabre</a> &#183; \n<a href=\"/wiki/Sir_Luckless\" title=\"Sir Luckless\">Sir Luckless</a> &#183; \n<a href=\"/wiki/Warlock_(The_Warlock%27s_Hairy_Heart)\" title=\"Warlock (The Warlock&#39;s Hairy Heart)\">Warlock</a> &#183; \n<a href=\"/wiki/The_Warlock%27s_friends_(The_Warlock%27s_Hairy_Heart)\" class=\"mw-redirect\" title=\"The Warlock&#39;s friends (The Warlock&#39;s Hairy Heart)\">The Warlock's friends</a> &#183; \n<a href=\"/wiki/Wizard_(The_Wizard_and_the_Hopping_Pot)\" title=\"Wizard (The Wizard and the Hopping Pot)\">Wizard</a> &#183; \n<a href=\"/wiki/Wizard%27s_father_(The_Wizard_and_the_Hopping_Pot)\" class=\"mw-redirect\" title=\"Wizard&#39;s father (The Wizard and the Hopping Pot)\">Wizard's father</a> &#183; \n<a href=\"/wiki/Young_woman_(The_Wizard_and_the_Hopping_Pot)\" class=\"mw-redirect\" title=\"Young woman (The Wizard and the Hopping Pot)\">Young woman</a> &#183; \n<a href=\"/wiki/Young_woman%27s_child_(The_Wizard_and_the_Hopping_Pot)\" class=\"mw-redirect\" title=\"Young woman&#39;s child (The Wizard and the Hopping Pot)\">Young woman's child</a>\n</p>\n</center>\n</td></tr>\n<tr>\n<td colspan=\"3\" width=\"100%\" style=\"background-color: #dfdfdf; font-size: 9pt;\"><center><b>Objects</b></center>\n</td></tr>\n<tr>\n<td colspan=\"3\" style=\"font-size: 8pt;\"><center>\n<p><a href=\"/wiki/Altheda%27s_potion\" title=\"Altheda&#39;s potion\">Altheda's potion</a> &#183; \n<strong class=\"mw-selflink selflink\">Altheda's wand</strong> &#183; \n<a href=\"/wiki/Cloak_of_Invisibility\" title=\"Cloak of Invisibility\">Cloak of Invisibility</a> &#183; \n<a href=\"/wiki/Creepers\" title=\"Creepers\">Creepers</a> &#183; \n<a href=\"/wiki/Crystal_casket\" title=\"Crystal casket\">Crystal casket</a> &#183; \n<a href=\"/wiki/Elder_Wand\" title=\"Elder Wand\">Elder Wand</a> &#183; \n<a href=\"/wiki/Enchanted_garden\" title=\"Enchanted garden\">Enchanted garden</a> &#183; \n<a href=\"/wiki/Fountain_(The_Fountain_of_Fair_Fortune)\" title=\"Fountain (The Fountain of Fair Fortune)\">Fountain</a> &#183; \n<a href=\"/wiki/Gold_statue_of_Babbitty\" title=\"Gold statue of Babbitty\">Gold statue of Babbitty</a> &#183; \n<a href=\"/wiki/Hairy_Heart\" title=\"Hairy Heart\">Hairy Heart</a> &#183; \n<a href=\"/wiki/The_Hopping_Pot\" title=\"The Hopping Pot\">The Hopping Pot</a> &#183; \n<a href=\"/wiki/Never-ending_hill\" title=\"Never-ending hill\">Never-ending hill</a> &#183; \n<a href=\"/wiki/Poisonous_toadstool\" title=\"Poisonous toadstool\">Poisonous toadstool</a> &#183; \n<a href=\"/wiki/Poultice_for_warts\" title=\"Poultice for warts\">Poultice for warts</a> &#183; \n<a href=\"/wiki/Resurrection_Stone\" title=\"Resurrection Stone\">Resurrection Stone</a> &#183; \n<a href=\"/wiki/Silver_chalice\" title=\"Silver chalice\">Silver chalice</a>\n</p>\n</center>\n</td></tr></tbody></table>\n</div>\n</div></div>"}]}}}}