{"batchcomplete": "", "warnings": {"main": {"*": "Subscribe to the mediawiki-api-announce mailing list at <https://lists.wikimedia.org/mailman/listinfo/mediawiki-api-announce> for notice of API deprecations and breaking changes."}, "revisions": {"*": "The parameter \"rvparse\" has been deprecated.\nBecause \"rvslots\" was not specified, a legacy format has been used for the output. This format is deprecated, and in the future the new format will always be used."}}, "query": {"normalized": [{"from": "Amelia_Bones", "to": "Amelia Bones"}], "pages": {"604": {"pageid": 604, "ns": 0, "title": "Amelia Bones", "revisions": [{"*": "<div class=\"mw-parser-output\"><table class=\"notice metadata\" id=\"spoiler\" style=\"text-align: center; background: beige; margin: 1em 05%; padding: 0 1em; border: #a00 1px solid;\">\n\n<tbody><tr>\n<td><a href=\"https://static.wikia.nocookie.net/harrypotter/images/e/ea/Wizards_Unite_logo.jpg/revision/latest?cb=20181114170049\" class=\"image\"><img alt=\"Wizards Unite logo.jpg\" src=\"https://static.wikia.nocookie.net/harrypotter/images/e/ea/Wizards_Unite_logo.jpg/revision/latest/scale-to-width-down/175?cb=20181114170049\" decoding=\"async\" width=\"175\" height=\"98\" data-image-name=\"Wizards Unite logo.jpg\" data-image-key=\"Wizards_Unite_logo.jpg\" /></a>\n</td>\n<td><b>Warning!</b>\n<p>At least some content in this article is derived from information featured in <i><a href=\"/wiki/Harry_Potter:_Wizards_Unite\" title=\"Harry Potter: Wizards Unite\">Harry Potter: Wizards Unite</a></i>. As such, spoilers will be present within the article.\n</p><p>For gameplay-specific information, please see the relevant article on <a href=\"https://harrypotterwizardsunite.fandom.com/wiki/Amelia_Bones\" class=\"extiw\" title=\"w:c:harrypotterwizardsunite:Amelia Bones\">the Harry Potter: Wizards Unite Wiki!</a>\n</p>\n</td></tr></tbody></table>\n<p>\n<aside role=\"region\" class=\"portable-infobox pi-background pi-theme-mom pi-layout-default\">\n<figure class=\"pi-item pi-image\" data-source=\"image\">\n\t<a href=\"https://static.wikia.nocookie.net/harrypotter/images/3/33/Amelia_Bones.jpg/revision/latest?cb=20100528134913\" class=\"image image-thumbnail\"\n\t   title=\"\">\n\t\t<img src=\"https://static.wikia.nocookie.net/harrypotter/images/3/33/Amelia_Bones.jpg/revision/latest/scale-to-width-down/350?cb=20100528134913\" srcset=\"https://static.wikia.nocookie.net/harrypotter/images/3/33/Amelia_Bones.jpg/revision/latest/scale-to-width-down/350?cb=20100528134913 1x, https://static.wikia.nocookie.net/harrypotter/images/3/33/Amelia_Bones.jpg/revision/latest/scale-to-width-down/700?cb=20100528134913 2x\" class=\"pi-image-thumbnail\" alt=\"\" width=\"270\" height=\"371\"\n\t\t     data-image-key=\"Amelia_Bones.jpg\" data-image-name=\"Amelia Bones.jpg\"/>\n\t\t\n\t</a>\n\t\n</figure>\n<section class=\"pi-item pi-group pi-border-color\">\n\t\n<h2 class=\"pi-item pi-item-spacing pi-title\" data-source=\"name\">Amelia Susan Bones</h2>\n\n</section>\n<section class=\"pi-item pi-group pi-border-color\">\n\t<h2 class=\"pi-item pi-header pi-secondary-font pi-item-spacing pi-secondary-background\">Biographical information</h2>\n\n<div class=\"pi-item pi-data pi-item-spacing pi-border-color\" data-source=\"born\">\n\t\n\t\t<h3 class=\"pi-data-label pi-secondary-font\">Born</h3>\n\t\n\t<div class=\"pi-data-value pi-font\">pre <a href=\"/wiki/12_August\" title=\"12 August\">12 August</a>, <a href=\"/wiki/1978\" title=\"1978\">1978</a><sup id=\"cite_ref-1\" class=\"reference\"><a href=\"#cite_note-1\">&#91;1&#93;</a></sup></div>\n</div>\n\n<div class=\"pi-item pi-data pi-item-spacing pi-border-color\" data-source=\"died\">\n\t\n\t\t<h3 class=\"pi-data-label pi-secondary-font\">Died</h3>\n\t\n\t<div class=\"pi-data-value pi-font\">Between the 8th and the 14th of July <a href=\"/wiki/1996\" title=\"1996\">1996</a><sup id=\"cite_ref-death_2-0\" class=\"reference\"><a href=\"#cite_note-death-2\">&#91;2&#93;</a></sup></div>\n</div>\n\n<div class=\"pi-item pi-data pi-item-spacing pi-border-color\" data-source=\"blood\">\n\t\n\t\t<h3 class=\"pi-data-label pi-secondary-font\">Blood status</h3>\n\t\n\t<div class=\"pi-data-value pi-font\"><a href=\"/wiki/Pure-blood\" title=\"Pure-blood\">Pure-blood</a> or <a href=\"/wiki/Half-blood\" title=\"Half-blood\">Half-blood</a><sup id=\"cite_ref-blood_3-0\" class=\"reference\"><a href=\"#cite_note-blood-3\">&#91;3&#93;</a></sup></div>\n</div>\n\n<div class=\"pi-item pi-data pi-item-spacing pi-border-color\" data-source=\"marital\">\n\t\n\t\t<h3 class=\"pi-data-label pi-secondary-font\">Marital status</h3>\n\t\n\t<div class=\"pi-data-value pi-font\">Single<sup id=\"cite_ref-HBP1_4-0\" class=\"reference\"><a href=\"#cite_note-HBP1-4\">&#91;4&#93;</a></sup></div>\n</div>\n\n<div class=\"pi-item pi-data pi-item-spacing pi-border-color\" data-source=\"nationality\">\n\t\n\t\t<h3 class=\"pi-data-label pi-secondary-font\">Nationality</h3>\n\t\n\t<div class=\"pi-data-value pi-font\"><a href=\"/wiki/Great_Britain\" title=\"Great Britain\">British</a><sup id=\"cite_ref-OOTP8_5-0\" class=\"reference\"><a href=\"#cite_note-OOTP8-5\">&#91;5&#93;</a></sup></div>\n</div>\n\n<div class=\"pi-item pi-data pi-item-spacing pi-border-color\" data-source=\"title\">\n\t\n\t\t<h3 class=\"pi-data-label pi-secondary-font\">Title(s)</h3>\n\t\n\t<div class=\"pi-data-value pi-font\"><a href=\"/wiki/Madam\" title=\"Madam\">Madam</a><sup id=\"cite_ref-OOTP8_5-1\" class=\"reference\"><a href=\"#cite_note-OOTP8-5\">&#91;5&#93;</a></sup></div>\n</div>\n\n</section>\n<section class=\"pi-item pi-group pi-border-color\">\n\t<h2 class=\"pi-item pi-header pi-secondary-font pi-item-spacing pi-secondary-background\">Physical information</h2>\n\n<div class=\"pi-item pi-data pi-item-spacing pi-border-color\" data-source=\"species\">\n\t\n\t\t<h3 class=\"pi-data-label pi-secondary-font\">Species</h3>\n\t\n\t<div class=\"pi-data-value pi-font\"><a href=\"/wiki/Human\" title=\"Human\">Human</a><sup id=\"cite_ref-OOTP8_5-2\" class=\"reference\"><a href=\"#cite_note-OOTP8-5\">&#91;5&#93;</a></sup></div>\n</div>\n\n<div class=\"pi-item pi-data pi-item-spacing pi-border-color\" data-source=\"gender\">\n\t\n\t\t<h3 class=\"pi-data-label pi-secondary-font\">Gender</h3>\n\t\n\t<div class=\"pi-data-value pi-font\">Female<sup id=\"cite_ref-OOTP8_5-3\" class=\"reference\"><a href=\"#cite_note-OOTP8-5\">&#91;5&#93;</a></sup></div>\n</div>\n\n<div class=\"pi-item pi-data pi-item-spacing pi-border-color\" data-source=\"hair\">\n\t\n\t\t<h3 class=\"pi-data-label pi-secondary-font\">Hair colour</h3>\n\t\n\t<div class=\"pi-data-value pi-font\">Grey, short<sup id=\"cite_ref-hair_6-0\" class=\"reference\"><a href=\"#cite_note-hair-6\">&#91;6&#93;</a></sup></div>\n</div>\n\n</section>\n<section class=\"pi-item pi-group pi-border-color\">\n\t<h2 class=\"pi-item pi-header pi-secondary-font pi-item-spacing pi-secondary-background\">Relationship information</h2>\n\n<div class=\"pi-item pi-data pi-item-spacing pi-border-color\" data-source=\"family\">\n\t\n\t\t<h3 class=\"pi-data-label pi-secondary-font\">Family members</h3>\n\t\n\t<div class=\"pi-data-value pi-font\"><ul><li><a href=\"/wiki/Amelia_Bones%27_father\" title=\"Amelia Bones&#039; father\">Mr Bones</a> (father) \u2020<sup id=\"cite_ref-OOTP25_7-0\" class=\"reference\"><a href=\"#cite_note-OOTP25-7\">&#91;7&#93;</a></sup></li><li><a href=\"/wiki/Amelia_Bones%27_mother\" title=\"Amelia Bones&#039; mother\">Mrs Bones</a> (mother) \u2020<sup id=\"cite_ref-OOTP25_7-1\" class=\"reference\"><a href=\"#cite_note-OOTP25-7\">&#91;7&#93;</a></sup></li><li><a href=\"/wiki/Edgar_Bones\" title=\"Edgar Bones\">Edgar Bones</a> (brother) \u2020<sup id=\"cite_ref-OOTP25_7-2\" class=\"reference\"><a href=\"#cite_note-OOTP25-7\">&#91;7&#93;</a></sup></li><li><a href=\"/wiki/Edgar_Bones%27_wife\" title=\"Edgar Bones&#039; wife\">Sister-in-law</a> \u2020<sup id=\"cite_ref-OOTP25_7-3\" class=\"reference\"><a href=\"#cite_note-OOTP25-7\">&#91;7&#93;</a></sup></li><li><a href=\"/wiki/Susan_Bones\" title=\"Susan Bones\">Susan Bones</a> (niece)<sup id=\"cite_ref-OOTP25_7-4\" class=\"reference\"><a href=\"#cite_note-OOTP25-7\">&#91;7&#93;</a></sup></li><li><a href=\"/wiki/Edgar_Bones%27_children\" title=\"Edgar Bones&#039; children\">nieces and nephews</a><sup id=\"cite_ref-OOTP25_7-5\" class=\"reference\"><a href=\"#cite_note-OOTP25-7\">&#91;7&#93;</a></sup></li></ul></div>\n</div>\n\n</section>\n<section class=\"pi-item pi-group pi-border-color\">\n\t<h2 class=\"pi-item pi-header pi-secondary-font pi-item-spacing pi-secondary-background\">Affiliation</h2>\n\n<div class=\"pi-item pi-data pi-item-spacing pi-border-color\" data-source=\"job\">\n\t\n\t\t<h3 class=\"pi-data-label pi-secondary-font\">Occupation</h3>\n\t\n\t<div class=\"pi-data-value pi-font\"><a href=\"/wiki/Head_of_Department\" title=\"Head of Department\">Head</a> of the <a href=\"/wiki/Department_of_Magical_Law_Enforcement\" title=\"Department of Magical Law Enforcement\">Department of Magical Law Enforcement</a><sup id=\"cite_ref-OOTP7_8-0\" class=\"reference\"><a href=\"#cite_note-OOTP7-8\">&#91;8&#93;</a></sup></div>\n</div>\n\n<div class=\"pi-item pi-data pi-item-spacing pi-border-color\" data-source=\"loyalty\">\n\t\n\t\t<h3 class=\"pi-data-label pi-secondary-font\">Loyalty</h3>\n\t\n\t<div class=\"pi-data-value pi-font\"><ul><li><a href=\"/wiki/Ministry_of_Magic\" title=\"Ministry of Magic\">Ministry of Magic</a><sup id=\"cite_ref-OOTP7_8-1\" class=\"reference\"><a href=\"#cite_note-OOTP7-8\">&#91;8&#93;</a></sup><ul><li><a href=\"/wiki/Department_of_Magical_Law_Enforcement\" title=\"Department of Magical Law Enforcement\">Department of Magical Law Enforcement</a><sup id=\"cite_ref-OOTP7_8-2\" class=\"reference\"><a href=\"#cite_note-OOTP7-8\">&#91;8&#93;</a></sup></li></ul></li><li><a href=\"/wiki/Wizengamot\" title=\"Wizengamot\">Wizengamot</a><sup id=\"cite_ref-OOTP8_5-4\" class=\"reference\"><a href=\"#cite_note-OOTP8-5\">&#91;5&#93;</a></sup></li><li><a href=\"/wiki/Order_of_the_Phoenix\" title=\"Order of the Phoenix\">Order of the Phoenix</a> <span class=\"template-c\">(indirectly)</span></li></ul></div>\n</div>\n\n</section>\n<nav class=\"pi-navigation pi-item-spacing pi-secondary-background pi-secondary-font\"><small><a href=\"/wiki/Template:Individual_infobox\" title=\"Template:Individual infobox\">[Source]</a><span class=\"hidable-button\"></span></small></nav>\n</aside>\n\n</p>\n<div class=\"quote\">\n<dl><dd><span title=\"Source:&#160;Harry Potter and the Order of the Phoenix\">\"<i>Amelia Bones is okay... she's fair, she'll hear you out</i>\"</span></dd>\n<dd>&#8212;<a href=\"/wiki/Nymphadora_Tonks\" title=\"Nymphadora Tonks\">Nymphadora Tonks</a> regarding Amelia's nature<sup class=\"noprint\"><a href=\"/wiki/Harry_Potter_and_the_Order_of_the_Phoenix\" title=\"Harry Potter and the Order of the Phoenix\">[src]</a></sup></dd>\n<dd></dd></dl></div>\n<p><b>Amelia Susan</b><sup id=\"cite_ref-OOTP8_5-5\" class=\"reference\"><a href=\"#cite_note-OOTP8-5\">&#91;5&#93;</a></sup><b> Bones</b> (d. mid-July, <a href=\"/wiki/1996\" title=\"1996\">1996</a>)<sup id=\"cite_ref-death_2-1\" class=\"reference\"><a href=\"#cite_note-death-2\">&#91;2&#93;</a></sup> was a <a href=\"/wiki/Great_Britain\" title=\"Great Britain\">British</a> <a href=\"/wiki/Wizardkind\" title=\"Wizardkind\">witch</a> and celebrated Head of the <a href=\"/wiki/Department_of_Magical_Law_Enforcement\" title=\"Department of Magical Law Enforcement\">Department of Magical Law Enforcement</a>.<sup id=\"cite_ref-OOTP7_8-3\" class=\"reference\"><a href=\"#cite_note-OOTP7-8\">&#91;8&#93;</a></sup> Born to <a href=\"/wiki/Amelia_Bones%27_father\" title=\"Amelia Bones&#39; father\">Mr</a>. and <a href=\"/wiki/Amelia_Bones%27_mother\" title=\"Amelia Bones&#39; mother\">Mrs Bones</a>, she likely attended <a href=\"/wiki/Hogwarts_School_of_Witchcraft_and_Wizardry\" title=\"Hogwarts School of Witchcraft and Wizardry\">Hogwarts School of Witchcraft and Wizardry</a> before joining the <a href=\"/wiki/British_Ministry_of_Magic\" title=\"British Ministry of Magic\">Ministry of Magic</a>.\n</p><p>Madam Bones, having a seat on the <a href=\"/wiki/Wizengamot\" title=\"Wizengamot\">Wizengamot</a>, presided over the <a href=\"/wiki/Disciplinary_hearing_of_Harry_Potter\" title=\"Disciplinary hearing of Harry Potter\">disciplinary hearing</a> of <a href=\"/wiki/Harry_Potter\" title=\"Harry Potter\">Harry Potter</a>. She was fair, unlike <a href=\"/wiki/Cornelius_Fudge\" title=\"Cornelius Fudge\">Cornelius Fudge</a>, the prosecutor, and was astounded and impressed by Harry's ability to conjure a corporeal <a href=\"/wiki/Patronus_Charm\" title=\"Patronus Charm\">Patronus</a>. She voted for the clearing of all of his charges and Harry was allowed to leave.<sup id=\"cite_ref-OOTP8_5-6\" class=\"reference\"><a href=\"#cite_note-OOTP8-5\">&#91;5&#93;</a></sup> A year after in the second week of July <a href=\"/wiki/1996\" title=\"1996\">1996</a>, Amelia was murdered, likely by Lord <a href=\"/wiki/Tom_Riddle\" title=\"Tom Riddle\">Voldemort</a>, though she put up a valiant fight.<sup id=\"cite_ref-HBP1_4-1\" class=\"reference\"><a href=\"#cite_note-HBP1-4\">&#91;4&#93;</a></sup>\n</p>\n<div id=\"toc\" class=\"toc\"><input type=\"checkbox\" role=\"button\" id=\"toctogglecheckbox\" class=\"toctogglecheckbox\" style=\"display:none\" /><div class=\"toctitle\" lang=\"en\" dir=\"ltr\"><h2>Contents</h2><span class=\"toctogglespan\"><label class=\"toctogglelabel\" for=\"toctogglecheckbox\"></label></span></div>\n<ul>\n<li class=\"toclevel-1 tocsection-1\"><a href=\"#Biography\"><span class=\"tocnumber\">1</span> <span class=\"toctext\">Biography</span></a>\n<ul>\n<li class=\"toclevel-2 tocsection-2\"><a href=\"#Early_life\"><span class=\"tocnumber\">1.1</span> <span class=\"toctext\">Early life</span></a></li>\n<li class=\"toclevel-2 tocsection-3\"><a href=\"#Department_of_Magical_Law_Enforcement\"><span class=\"tocnumber\">1.2</span> <span class=\"toctext\">Department of Magical Law Enforcement</span></a></li>\n<li class=\"toclevel-2 tocsection-4\"><a href=\"#Second_Wizarding_War_.281995-1996.29\"><span class=\"tocnumber\">1.3</span> <span class=\"toctext\">Second Wizarding War <span>(1995-1996)</span></span></a>\n<ul>\n<li class=\"toclevel-3 tocsection-5\"><a href=\"#Death\"><span class=\"tocnumber\">1.3.1</span> <span class=\"toctext\">Death</span></a></li>\n</ul>\n</li>\n<li class=\"toclevel-2 tocsection-6\"><a href=\"#The_Calamity\"><span class=\"tocnumber\">1.4</span> <span class=\"toctext\">The Calamity</span></a></li>\n</ul>\n</li>\n<li class=\"toclevel-1 tocsection-7\"><a href=\"#Physical_appearance\"><span class=\"tocnumber\">2</span> <span class=\"toctext\">Physical appearance</span></a></li>\n<li class=\"toclevel-1 tocsection-8\"><a href=\"#Personality_and_traits\"><span class=\"tocnumber\">3</span> <span class=\"toctext\">Personality and traits</span></a></li>\n<li class=\"toclevel-1 tocsection-9\"><a href=\"#Magical_abilities_and_skills\"><span class=\"tocnumber\">4</span> <span class=\"toctext\">Magical abilities and skills</span></a></li>\n<li class=\"toclevel-1 tocsection-10\"><a href=\"#Relationships\"><span class=\"tocnumber\">5</span> <span class=\"toctext\">Relationships</span></a>\n<ul>\n<li class=\"toclevel-2 tocsection-11\"><a href=\"#Family\"><span class=\"tocnumber\">5.1</span> <span class=\"toctext\">Family</span></a></li>\n<li class=\"toclevel-2 tocsection-12\"><a href=\"#Coworkers\"><span class=\"tocnumber\">5.2</span> <span class=\"toctext\">Coworkers</span></a></li>\n<li class=\"toclevel-2 tocsection-13\"><a href=\"#Albus_Dumbledore\"><span class=\"tocnumber\">5.3</span> <span class=\"toctext\">Albus Dumbledore</span></a></li>\n<li class=\"toclevel-2 tocsection-14\"><a href=\"#Harry_Potter\"><span class=\"tocnumber\">5.4</span> <span class=\"toctext\">Harry Potter</span></a></li>\n</ul>\n</li>\n<li class=\"toclevel-1 tocsection-15\"><a href=\"#Etymology\"><span class=\"tocnumber\">6</span> <span class=\"toctext\">Etymology</span></a></li>\n<li class=\"toclevel-1 tocsection-16\"><a href=\"#Behind_the_scenes\"><span class=\"tocnumber\">7</span> <span class=\"toctext\">Behind the scenes</span></a></li>\n<li class=\"toclevel-1 tocsection-17\"><a href=\"#Appearances\"><span class=\"tocnumber\">8</span> <span class=\"toctext\">Appearances</span></a></li>\n<li class=\"toclevel-1 tocsection-18\"><a href=\"#Notes_and_references\"><span class=\"tocnumber\">9</span> <span class=\"toctext\">Notes and references</span></a></li>\n</ul>\n</div>\n\n<h2><span class=\"mw-headline\" id=\"Biography\">Biography</span><span class=\"mw-editsection\"><span class=\"mw-editsection-bracket\">[</span><a href=\"/wiki/Amelia_Bones?veaction=edit&amp;section=1\" class=\"mw-editsection-visualeditor\" title=\"Edit section: Biography\">edit</a><span class=\"mw-editsection-divider\"> | </span><a href=\"/wiki/Amelia_Bones?action=edit&amp;section=1\" title=\"Edit section: Biography\"><svg class=\"wds-icon wds-icon-tiny section-edit-pencil-icon\"><use xlink:href=\"#wds-icons-pencil-tiny\"></use></svg>edit source</a><span class=\"mw-editsection-bracket\">]</span></span></h2>\n<h3><span class=\"mw-headline\" id=\"Early_life\">Early life</span><span class=\"mw-editsection\"><span class=\"mw-editsection-bracket\">[</span><a href=\"/wiki/Amelia_Bones?veaction=edit&amp;section=2\" class=\"mw-editsection-visualeditor\" title=\"Edit section: Early life\">edit</a><span class=\"mw-editsection-divider\"> | </span><a href=\"/wiki/Amelia_Bones?action=edit&amp;section=2\" title=\"Edit section: Early life\"><svg class=\"wds-icon wds-icon-tiny section-edit-pencil-icon\"><use xlink:href=\"#wds-icons-pencil-tiny\"></use></svg>edit source</a><span class=\"mw-editsection-bracket\">]</span></span></h3>\n<p>Little is known about Amelia's early life, other than that the <a href=\"/wiki/First_Wizarding_War\" title=\"First Wizarding War\">First Wizarding War</a> took a heavy toll on her family: her <a href=\"/wiki/Amelia_Bones%27_father\" title=\"Amelia Bones&#39; father\">father</a> and <a href=\"/wiki/Amelia_Bones%27_mother\" title=\"Amelia Bones&#39; mother\">mother</a> were killed by <a href=\"/wiki/Tom_Riddle\" title=\"Tom Riddle\">Lord Voldemort</a><sup id=\"cite_ref-9\" class=\"reference\"><a href=\"#cite_note-9\">&#91;9&#93;</a></sup>: Amelia's brother <a href=\"/wiki/Edgar_Bones\" title=\"Edgar Bones\">Edgar</a>, a member of the <a href=\"/wiki/Order_of_the_Phoenix\" title=\"Order of the Phoenix\">Order of the Phoenix</a>, <a href=\"/wiki/Edgar_Bones%27_wife\" title=\"Edgar Bones&#39; wife\">his wife</a>, and <a href=\"/wiki/Edgar_Bones%27s_children\" class=\"mw-redirect\" title=\"Edgar Bones&#39;s children\">their children</a> were murdered by <a href=\"/wiki/Death_Eaters\" title=\"Death Eaters\">Death Eaters</a>.<sup id=\"cite_ref-OOTP25_7-6\" class=\"reference\"><a href=\"#cite_note-OOTP25-7\">&#91;7&#93;</a></sup> She had at least one surviving sibling, however, as she and Edgar shared a niece, <a href=\"/wiki/Susan_Bones\" title=\"Susan Bones\">Susan</a>, who was born to another brother. As she was a partial namesake of her niece, it is likely that she was close to that brother. It is also likely <a href=\"/wiki/Hogwarts_School_of_Witchcraft_and_Wizardry\" title=\"Hogwarts School of Witchcraft and Wizardry\">Hogwarts School of Witchcraft and Wizardry</a> during her youth, although the nature of her education is unknown.\n</p>\n<h3><span class=\"mw-headline\" id=\"Department_of_Magical_Law_Enforcement\">Department of Magical Law Enforcement</span><span class=\"mw-editsection\"><span class=\"mw-editsection-bracket\">[</span><a href=\"/wiki/Amelia_Bones?veaction=edit&amp;section=3\" class=\"mw-editsection-visualeditor\" title=\"Edit section: Department of Magical Law Enforcement\">edit</a><span class=\"mw-editsection-divider\"> | </span><a href=\"/wiki/Amelia_Bones?action=edit&amp;section=3\" title=\"Edit section: Department of Magical Law Enforcement\"><svg class=\"wds-icon wds-icon-tiny section-edit-pencil-icon\"><use xlink:href=\"#wds-icons-pencil-tiny\"></use></svg>edit source</a><span class=\"mw-editsection-bracket\">]</span></span></h3>\n<p>Sometime after her schooling, Amelia joined the <a href=\"/wiki/British_Ministry_of_Magic\" title=\"British Ministry of Magic\">Ministry of Magic</a> and was there-on known as \"Madam Bones\". She became the Head of the <a href=\"/wiki/Department_of_Magical_Law_Enforcement\" title=\"Department of Magical Law Enforcement\">Department of Magical Law Enforcement</a> and had a seat on the <a href=\"/wiki/Wizengamot\" title=\"Wizengamot\">Wizengamot</a>.<sup id=\"cite_ref-OOTP7_8-4\" class=\"reference\"><a href=\"#cite_note-OOTP7-8\">&#91;8&#93;</a></sup><sup id=\"cite_ref-OOTP8_5-7\" class=\"reference\"><a href=\"#cite_note-OOTP8-5\">&#91;5&#93;</a></sup>\n</p>\n<h3><span id=\"Second_Wizarding_War_(1995-1996)\"></span><span class=\"mw-headline\" id=\"Second_Wizarding_War_.281995-1996.29\">Second Wizarding War <span class=\"template-c\">(1995-1996)</span></span><span class=\"mw-editsection\"><span class=\"mw-editsection-bracket\">[</span><a href=\"/wiki/Amelia_Bones?veaction=edit&amp;section=4\" class=\"mw-editsection-visualeditor\" title=\"Edit section: Second Wizarding War (1995-1996)\">edit</a><span class=\"mw-editsection-divider\"> | </span><a href=\"/wiki/Amelia_Bones?action=edit&amp;section=4\" title=\"Edit section: Second Wizarding War (1995-1996)\"><svg class=\"wds-icon wds-icon-tiny section-edit-pencil-icon\"><use xlink:href=\"#wds-icons-pencil-tiny\"></use></svg>edit source</a><span class=\"mw-editsection-bracket\">]</span></span></h3>\n<div class=\"quote\">\n<dl><dd><span title=\"Source:&#160;Harry Potter and the Order of the Phoenix (video game)\">\"<i>My father reckons your aunt's a troublemaker, someone will teach her a lesson!</i>\"</span></dd>\n<dd>&#8212;<a href=\"/wiki/Gregory_Goyle\" title=\"Gregory Goyle\">Gregory Goyle</a> foreshadows what happens to Amelia<sup class=\"noprint\"><a href=\"/wiki/Harry_Potter_and_the_Order_of_the_Phoenix_(video_game)\" title=\"Harry Potter and the Order of the Phoenix (video game)\">[src]</a></sup></dd>\n<dd></dd></dl></div>\n<p>Respected and celebrated by most, the <a href=\"/wiki/Goyle\" title=\"Goyle\">father</a> of <a href=\"/wiki/Gregory_Goyle\" title=\"Gregory Goyle\">Gregory Goyle</a> called her a \"<i>troublemaker</i>\" and that someone should teach her a lesson,<sup id=\"cite_ref-OOTPG_10-0\" class=\"reference\"><a href=\"#cite_note-OOTPG-10\">&#91;10&#93;</a></sup> presumably disliking her due to her unbiasedness and his association with the <a href=\"/wiki/Death_Eaters\" title=\"Death Eaters\">Death Eaters</a>.\n</p>\n<figure class=\"thumb tleft show-info-icon\" style=\"width: 252px\"> \t<a href=\"https://static.wikia.nocookie.net/harrypotter/images/e/ea/Bones_at_hearing.jpg/revision/latest?cb=20160607182621\" class=\"image\"><img alt=\"\" src=\"https://static.wikia.nocookie.net/harrypotter/images/e/ea/Bones_at_hearing.jpg/revision/latest/scale-to-width-down/250?cb=20160607182621\" decoding=\"async\" width=\"250\" height=\"110\" class=\"thumbimage\" data-image-name=\"Bones at hearing.jpg\" data-image-key=\"Bones_at_hearing.jpg\" /></a> \t \t<figcaption class=\"thumbcaption\"> \t\t \t\t\t<a href=\"/wiki/File:Bones_at_hearing.jpg\" class=\"info-icon\"><svg><use xlink:href=\"#wds-icons-info-small\"></use></svg></a> \t\t \t\t \t\t \t\t\t<p class=\"caption\">Amelia at <a href=\"/wiki/Harry_Potter\" title=\"Harry Potter\">Harry Potter</a>'s disciplinary hearing</p> \t\t \t</figcaption> </figure>\n<p>Madam Bones sat on the <a href=\"/wiki/Wizengamot\" title=\"Wizengamot\">Wizengamot</a> and presided over Harry Potter's <a href=\"/wiki/Disciplinary_hearing_of_Harry_Potter\" title=\"Disciplinary hearing of Harry Potter\">disciplinary hearing</a> in 1995, which was initially supposed to take place in her office but was instead moved to Courtroom Ten in the depths of the Ministry. There, she sat on the bench along with <a href=\"/wiki/Cornelius_Fudge\" title=\"Cornelius Fudge\">Cornelius Fudge</a> and <a href=\"/wiki/Dolores_Umbridge\" title=\"Dolores Umbridge\">Dolores Umbridge</a> who acted as \"Interrogators\". <a href=\"/wiki/Albus_Dumbledore\" title=\"Albus Dumbledore\">Albus Dumbledore</a> was the \"witness for the defence\". Despite poor treatment of Harry by Fudge, Madam Bones managed to keep the trial fairly unbiased and in defiance of Fudge's recent threats to fire anybody loyal or friendly to Dumbledore, allowed him to speak.<sup id=\"cite_ref-OOTP8_5-8\" class=\"reference\"><a href=\"#cite_note-OOTP8-5\">&#91;5&#93;</a></sup>\n</p><p>She also confirmed that under the rules laid down by her department, the accused had the right to provide witnesses and evidence in their defence and to use magic in front of Muggles if circumstances threatened the safety of all present, something which Fudge was actively trying to deny. Thanks to this, Harry was found innocent by a large majority of the court, including Madam Bones herself. During the trial, Madam Bones expressed admiration for Harry's ability to produce a corporeal <a href=\"/wiki/Patronus_Charm\" title=\"Patronus Charm\">Patronus</a> at such a young age, and believed <a href=\"/wiki/Arabella_Figg\" title=\"Arabella Figg\">Arabella Figg</a>'s testimony when Fudge stubbornly didn't.<sup id=\"cite_ref-OOTP8_5-9\" class=\"reference\"><a href=\"#cite_note-OOTP8-5\">&#91;5&#93;</a></sup>\n</p>\n<h4><span class=\"mw-headline\" id=\"Death\">Death</span><span class=\"mw-editsection\"><span class=\"mw-editsection-bracket\">[</span><a href=\"/wiki/Amelia_Bones?veaction=edit&amp;section=5\" class=\"mw-editsection-visualeditor\" title=\"Edit section: Death\">edit</a><span class=\"mw-editsection-divider\"> | </span><a href=\"/wiki/Amelia_Bones?action=edit&amp;section=5\" title=\"Edit section: Death\"><svg class=\"wds-icon wds-icon-tiny section-edit-pencil-icon\"><use xlink:href=\"#wds-icons-pencil-tiny\"></use></svg>edit source</a><span class=\"mw-editsection-bracket\">]</span></span></h4>\n<div class=\"quote\">\n<dl><dd><span title=\"Source:&#160;Harry Potter and the Half-Blood Prince (video game)\"><b>Girl 1</b>: \"<i>Did you hear about her aunt? Poor Susan.</i>\"</span></dd>\n<dd><b>Girl 2</b>: \"<i>Yes, it's awful, I didn't want to leave my family behind this summer.</i>\"</dd>\n<dd>&#8212; Two students mentioning Amelia and <a href=\"/wiki/Susan_Bones\" title=\"Susan Bones\">Susan Bones</a><sup class=\"noprint\"><a href=\"/wiki/Harry_Potter_and_the_Half-Blood_Prince_(video_game)\" title=\"Harry Potter and the Half-Blood Prince (video game)\">[src]</a></sup></dd></dl>\n</div>\n<figure class=\"thumb tright show-info-icon\" style=\"width: 227px\"> \t<a href=\"https://static.wikia.nocookie.net/harrypotter/images/d/d8/DailyProphetAmeliaBones.png/revision/latest?cb=20160815192140\" class=\"image\"><img alt=\"\" src=\"https://static.wikia.nocookie.net/harrypotter/images/d/d8/DailyProphetAmeliaBones.png/revision/latest/scale-to-width-down/225?cb=20160815192140\" decoding=\"async\" width=\"225\" height=\"168\" class=\"thumbimage\" data-image-name=\"DailyProphetAmeliaBones.png\" data-image-key=\"DailyProphetAmeliaBones.png\" /></a> \t \t<figcaption class=\"thumbcaption\"> \t\t \t\t\t<a href=\"/wiki/File:DailyProphetAmeliaBones.png\" class=\"info-icon\"><svg><use xlink:href=\"#wds-icons-info-small\"></use></svg></a> \t\t \t\t \t\t \t\t\t<p class=\"caption\">A 1996 <i><a href=\"/wiki/Daily_Prophet\" title=\"Daily Prophet\">Daily Prophet</a></i> article: \"<i>Amelia Bones found murdered at her home\"</i></p> \t\t \t</figcaption> </figure>\n<p>Amelia was murdered during the second week of July in the <a href=\"/wiki/1996\" title=\"1996\">1996</a> summer holiday,<sup id=\"cite_ref-death_2-2\" class=\"reference\"><a href=\"#cite_note-death-2\">&#91;2&#93;</a></sup> presumably for her anti-<a href=\"/wiki/Tom_Riddle\" title=\"Tom Riddle\">Voldemort</a> activities, in her own home. In the opinion of Fudge, who had recently been dismissed as <a href=\"/wiki/Minister_for_Magic\" title=\"Minister for Magic\">Minister for Magic</a>, she had likely been murdered by Voldemort himself, as she was known to be a very skilled witch and all the evidence left proved that considerable effort was required to kill her. Her murder was also reported in the Muggle newspapers, the nature of which baffled Muggle police officers as she was murdered in a room which was locked from the inside; only the <a href=\"/wiki/British_Prime_Minister_in_1996\" title=\"British Prime Minister in 1996\">Muggle Prime Minister</a> was notified by Fudge the true reason of her demise.<sup id=\"cite_ref-HBP1_4-2\" class=\"reference\"><a href=\"#cite_note-HBP1-4\">&#91;4&#93;</a></sup> Afterward, some members of the <a href=\"/wiki/Order_of_the_Phoenix\" title=\"Order of the Phoenix\">Order of the Phoenix</a> referred to her as one of the greatest witches of her time, and that her absence would be keenly felt by many.<sup id=\"cite_ref-HBP4_11-0\" class=\"reference\"><a href=\"#cite_note-HBP4-11\">&#91;11&#93;</a></sup>\n</p><p><a href=\"/wiki/Pius_Thicknesse\" title=\"Pius Thicknesse\">Pius Thicknesse</a> replaced Madam Bones as Head of the <a href=\"/wiki/Department_of_Magical_Law_Enforcement\" title=\"Department of Magical Law Enforcement\">Department of Magical Law Enforcement</a> after her death.<sup id=\"cite_ref-HBP1_4-3\" class=\"reference\"><a href=\"#cite_note-HBP1-4\">&#91;4&#93;</a></sup>\n</p><p>It is possible that she was targeted by Voldemort as she was seen as a likely replacement for Fudge after his removal (the position of Head of the Department of Magical Law Enforcement is often used as a stepping stone to the Ministership) and would have been impossible to manipulate or control in that regard. Another possibility would be that she was acknowledged to be one of the greatest and most powerful witches of her time, and therefore Voldemort would certainly have regarded her as a significant threat.\n</p>\n<h3><span class=\"mw-headline\" id=\"The_Calamity\">The Calamity</span><span class=\"mw-editsection\"><span class=\"mw-editsection-bracket\">[</span><a href=\"/wiki/Amelia_Bones?veaction=edit&amp;section=6\" class=\"mw-editsection-visualeditor\" title=\"Edit section: The Calamity\">edit</a><span class=\"mw-editsection-divider\"> | </span><a href=\"/wiki/Amelia_Bones?action=edit&amp;section=6\" title=\"Edit section: The Calamity\"><svg class=\"wds-icon wds-icon-tiny section-edit-pencil-icon\"><use xlink:href=\"#wds-icons-pencil-tiny\"></use></svg>edit source</a><span class=\"mw-editsection-bracket\">]</span></span></h3>\n<p>During the 2010s, Madam Bones appeared as a <a href=\"/wiki/Foundable\" title=\"Foundable\">Foundable</a> during the <a href=\"/wiki/Calamity\" title=\"Calamity\">Calamity</a>. Volunteer members of the <a href=\"/wiki/Statute_of_Secrecy_Task_Force\" title=\"Statute of Secrecy Task Force\">Statute of Secrecy Task Force</a> were able to free her, allowing Madam Bones to return to her original time.<sup id=\"cite_ref-WU_12-0\" class=\"reference\"><a href=\"#cite_note-WU-12\">&#91;12&#93;</a></sup>\n</p>\n<h2><span class=\"mw-headline\" id=\"Physical_appearance\">Physical appearance</span><span class=\"mw-editsection\"><span class=\"mw-editsection-bracket\">[</span><a href=\"/wiki/Amelia_Bones?veaction=edit&amp;section=7\" class=\"mw-editsection-visualeditor\" title=\"Edit section: Physical appearance\">edit</a><span class=\"mw-editsection-divider\"> | </span><a href=\"/wiki/Amelia_Bones?action=edit&amp;section=7\" title=\"Edit section: Physical appearance\"><svg class=\"wds-icon wds-icon-tiny section-edit-pencil-icon\"><use xlink:href=\"#wds-icons-pencil-tiny\"></use></svg>edit source</a><span class=\"mw-editsection-bracket\">]</span></span></h2>\n<p>Amelia Bones was described as being a square-jawed witch with close-cropped grey hair and a monocle. This gave her an appearance of being a serious person, which matched her personality perfectly. She also had a loud, booming voice.<sup id=\"cite_ref-OOTP8_5-10\" class=\"reference\"><a href=\"#cite_note-OOTP8-5\">&#91;5&#93;</a></sup>\n</p>\n<h2><span class=\"mw-headline\" id=\"Personality_and_traits\">Personality and traits</span><span class=\"mw-editsection\"><span class=\"mw-editsection-bracket\">[</span><a href=\"/wiki/Amelia_Bones?veaction=edit&amp;section=8\" class=\"mw-editsection-visualeditor\" title=\"Edit section: Personality and traits\">edit</a><span class=\"mw-editsection-divider\"> | </span><a href=\"/wiki/Amelia_Bones?action=edit&amp;section=8\" title=\"Edit section: Personality and traits\"><svg class=\"wds-icon wds-icon-tiny section-edit-pencil-icon\"><use xlink:href=\"#wds-icons-pencil-tiny\"></use></svg>edit source</a><span class=\"mw-editsection-bracket\">]</span></span></h2>\n<p>Amelia Bones was a serious, but fair person who did not overlook obvious points. She gave <a href=\"/wiki/Harry_Potter\" title=\"Harry Potter\">Harry Potter</a> and Mrs Figg a chance to testify, and was also one to be impressed with remarkable feats, given her admiration of Harry's production of a corporeal <a href=\"/wiki/Patronus_Charm\" title=\"Patronus Charm\">Patronus</a> at such a young age. Unbiased and firm, she did not cave into Fudge's intimidation and corrupt authority, and even openly expressed her friendliness with Arthur Weasley, a known supporter of Dumbledore and Harry, even in Fudge's presence, whereas many other coworkers avoided him out of fear of the Minister threatening to fire anyone in league with them.<sup id=\"cite_ref-OOTP8_5-11\" class=\"reference\"><a href=\"#cite_note-OOTP8-5\">&#91;5&#93;</a></sup>\n</p><p>Besides this, Amelia was a courageous woman, putting up a valiant fight against Voldemort himself despite knowing that she would more than likely perish, though she was ultimately killed.<sup id=\"cite_ref-HBP1_4-4\" class=\"reference\"><a href=\"#cite_note-HBP1-4\">&#91;4&#93;</a></sup> It is also very likely that she was kind, given the fact that <a href=\"/wiki/Susan_Bones\" title=\"Susan Bones\">Susan Bones</a>, her niece, was upset when she died.\n</p>\n<h2><span class=\"mw-headline\" id=\"Magical_abilities_and_skills\">Magical abilities and skills</span><span class=\"mw-editsection\"><span class=\"mw-editsection-bracket\">[</span><a href=\"/wiki/Amelia_Bones?veaction=edit&amp;section=9\" class=\"mw-editsection-visualeditor\" title=\"Edit section: Magical abilities and skills\">edit</a><span class=\"mw-editsection-divider\"> | </span><a href=\"/wiki/Amelia_Bones?action=edit&amp;section=9\" title=\"Edit section: Magical abilities and skills\"><svg class=\"wds-icon wds-icon-tiny section-edit-pencil-icon\"><use xlink:href=\"#wds-icons-pencil-tiny\"></use></svg>edit source</a><span class=\"mw-editsection-bracket\">]</span></span></h2>\n<div class=\"quote\">\n<dl><dd><span title=\"Source:&#160;Harry Potter and the Half-Blood Prince\">\"<i>A terrible loss. She was a great witch.</i>\"</span></dd>\n<dd>&#8212;Albus Dumbledore expressing the loss of Amelia Bones<sup class=\"noprint\"><a href=\"/wiki/Harry_Potter_and_the_Half-Blood_Prince\" title=\"Harry Potter and the Half-Blood Prince\">[src]</a></sup></dd>\n<dd></dd></dl></div>\n<ul><li><b><a href=\"/wiki/Magic\" title=\"Magic\">Magical</a> mastery</b>: Amelia was a very talented and competent witch, respected for her magical talent by <a href=\"/wiki/Albus_Dumbledore\" title=\"Albus Dumbledore\">Albus Dumbledore</a> himself, arguably the greatest sorcerer of the age.<sup id=\"cite_ref-HBP4_11-1\" class=\"reference\"><a href=\"#cite_note-HBP4-11\">&#91;11&#93;</a></sup> Amelia was powerful enough to be considered a threat by <a href=\"/wiki/Tom_Riddle\" title=\"Tom Riddle\">Voldemort</a> himself, who felt he had to be the one to kill her, further commenting on her powerful magical ability. Her death, like the death of fellow witch <a href=\"/wiki/Emmeline_Vance\" title=\"Emmeline Vance\">Emmeline Vance</a>, was a terrible blow.</li>\n<li><b><a href=\"/wiki/Duelling\" title=\"Duelling\">Duelling</a></b>: Amelia was a highly skilled duellist, being able to hold her own against <a href=\"/wiki/Tom_Riddle\" title=\"Tom Riddle\">Lord Voldemort</a> himself for a while when he arrived to murder her. Fudge also confirmed that she was a very gifted witch, and the evidence showed that she had put up a good fight.<sup id=\"cite_ref-HBP1_4-5\" class=\"reference\"><a href=\"#cite_note-HBP1-4\">&#91;4&#93;</a></sup></li></ul>\n<h2><span class=\"mw-headline\" id=\"Relationships\">Relationships</span><span class=\"mw-editsection\"><span class=\"mw-editsection-bracket\">[</span><a href=\"/wiki/Amelia_Bones?veaction=edit&amp;section=10\" class=\"mw-editsection-visualeditor\" title=\"Edit section: Relationships\">edit</a><span class=\"mw-editsection-divider\"> | </span><a href=\"/wiki/Amelia_Bones?action=edit&amp;section=10\" title=\"Edit section: Relationships\"><svg class=\"wds-icon wds-icon-tiny section-edit-pencil-icon\"><use xlink:href=\"#wds-icons-pencil-tiny\"></use></svg>edit source</a><span class=\"mw-editsection-bracket\">]</span></span></h2>\n<h3><span class=\"mw-headline\" id=\"Family\">Family</span><span class=\"mw-editsection\"><span class=\"mw-editsection-bracket\">[</span><a href=\"/wiki/Amelia_Bones?veaction=edit&amp;section=11\" class=\"mw-editsection-visualeditor\" title=\"Edit section: Family\">edit</a><span class=\"mw-editsection-divider\"> | </span><a href=\"/wiki/Amelia_Bones?action=edit&amp;section=11\" title=\"Edit section: Family\"><svg class=\"wds-icon wds-icon-tiny section-edit-pencil-icon\"><use xlink:href=\"#wds-icons-pencil-tiny\"></use></svg>edit source</a><span class=\"mw-editsection-bracket\">]</span></span></h3>\n<div class=\"quote\">\n<dl><dd><span title=\"Source:&#160;Harry Potter and the Order of the Phoenix\">\"<i>She\u2019s my auntie, I\u2019m Susan Bones. She told me about your hearing. So \u2014 is it really true? You make a stag Patronus?</i>\"</span></dd>\n<dd>&#8212;Susan Bones regarding her aunt to Harry Potter<sup class=\"noprint\"><a href=\"/wiki/Harry_Potter_and_the_Order_of_the_Phoenix\" title=\"Harry Potter and the Order of the Phoenix\">[src]</a></sup></dd>\n<dd></dd></dl></div>\n<p>Amelia was a member of the Bones family, a family of many great witches and wizards. The Bones family supported the <a href=\"/wiki/Order_of_the_Phoenix\" title=\"Order of the Phoenix\">Order of the Phoenix</a> during the <a href=\"/wiki/First_Wizarding_War\" title=\"First Wizarding War\">First Wizarding War</a>. Their support of the Order was the reason why the most of them were murdered by Lord Voldemort or his Death Eaters.<sup id=\"cite_ref-OOTP25_7-7\" class=\"reference\"><a href=\"#cite_note-OOTP25-7\">&#91;7&#93;</a></sup>\n</p><p>Amelia had at least one unknown sibling and one brother <a href=\"/wiki/Edgar_Bones\" title=\"Edgar Bones\">Edgar</a>. Edgar had a wife and children, but were all murdered by <a href=\"/wiki/Death_Eaters\" title=\"Death Eaters\">Death Eaters</a> during the <a href=\"/wiki/First_Wizarding_War\" title=\"First Wizarding War\">First Wizarding War</a>,  along with Amelia's parents. Her surviving sibling had at least one child, her niece <a href=\"/wiki/Susan_Bones\" title=\"Susan Bones\">Susan</a>. They seemed to have a close relationship, as Susan was distraught over her death in the summer of <a href=\"/wiki/1996\" title=\"1996\">1996</a>. Amelia was single and had no children.<sup id=\"cite_ref-HBP1_4-6\" class=\"reference\"><a href=\"#cite_note-HBP1-4\">&#91;4&#93;</a></sup>\n</p>\n<h3><span class=\"mw-headline\" id=\"Coworkers\">Coworkers</span><span class=\"mw-editsection\"><span class=\"mw-editsection-bracket\">[</span><a href=\"/wiki/Amelia_Bones?veaction=edit&amp;section=12\" class=\"mw-editsection-visualeditor\" title=\"Edit section: Coworkers\">edit</a><span class=\"mw-editsection-divider\"> | </span><a href=\"/wiki/Amelia_Bones?action=edit&amp;section=12\" title=\"Edit section: Coworkers\"><svg class=\"wds-icon wds-icon-tiny section-edit-pencil-icon\"><use xlink:href=\"#wds-icons-pencil-tiny\"></use></svg>edit source</a><span class=\"mw-editsection-bracket\">]</span></span></h3>\n<p>Amelia commanded great respect from her fellow coworkers at the <a href=\"/wiki/British_Ministry_of_Magic\" title=\"British Ministry of Magic\">Ministry of Magic</a>, and she respected them in return. During <a href=\"/wiki/Cornelius_Fudge\" title=\"Cornelius Fudge\">Cornelius Fudge</a>'s <a href=\"/wiki/Campaign_to_discredit_Albus_Dumbledore_and_Harry_Potter\" title=\"Campaign to discredit Albus Dumbledore and Harry Potter\">campaign to discredit Albus Dumbledore and Harry Potter</a>, in which he ensured anyone who affiliated themselves with either of the two would be dismissed, Amelia remained fair during the <a href=\"/wiki/Disciplinary_hearing_of_Harry_Potter\" title=\"Disciplinary hearing of Harry Potter\">disciplinary hearing of Harry Potter</a>, and followed Dumbledore's opinion of following the proper protocols, while accepting <a href=\"/wiki/Arabella_Figg\" title=\"Arabella Figg\">Arabella Figg</a>'s testimony without bias. She also remained in friendly terms with <a href=\"/wiki/Arthur_Weasley\" title=\"Arthur Weasley\">Arthur Weasley</a>, a known supporter of Dumbledore and Harry, and did not let Fudge's tyrannical bias distort her job, which Fudge could not seem to circumvent.<sup id=\"cite_ref-OOTP8_5-12\" class=\"reference\"><a href=\"#cite_note-OOTP8-5\">&#91;5&#93;</a></sup> When she died in battle against <a href=\"/wiki/Tom_Riddle\" title=\"Tom Riddle\">Lord Voldemort</a>, Fudge sadly regarded her death as tragic.<sup id=\"cite_ref-HBP1_4-7\" class=\"reference\"><a href=\"#cite_note-HBP1-4\">&#91;4&#93;</a></sup>\n</p>\n<h3><span class=\"mw-headline\" id=\"Albus_Dumbledore\">Albus Dumbledore</span><span class=\"mw-editsection\"><span class=\"mw-editsection-bracket\">[</span><a href=\"/wiki/Amelia_Bones?veaction=edit&amp;section=13\" class=\"mw-editsection-visualeditor\" title=\"Edit section: Albus Dumbledore\">edit</a><span class=\"mw-editsection-divider\"> | </span><a href=\"/wiki/Amelia_Bones?action=edit&amp;section=13\" title=\"Edit section: Albus Dumbledore\"><svg class=\"wds-icon wds-icon-tiny section-edit-pencil-icon\"><use xlink:href=\"#wds-icons-pencil-tiny\"></use></svg>edit source</a><span class=\"mw-editsection-bracket\">]</span></span></h3>\n<p>Amelia's effectiveness and unbiased personality has earned the respect of <a href=\"/wiki/Albus_Dumbledore\" title=\"Albus Dumbledore\">Albus Dumbledore</a>. During the hearing, he appealed to her to follow the protocols of the Wizengamot, in which she agreed, and she permitted him to speak in Harry's defence and bring in witnesses.<sup id=\"cite_ref-OOTP8_5-13\" class=\"reference\"><a href=\"#cite_note-OOTP8-5\">&#91;5&#93;</a></sup> When Amelia was murdered the following year, Albus noted she was a great witch, and mourned her loss deeply.<sup id=\"cite_ref-HBP4_11-2\" class=\"reference\"><a href=\"#cite_note-HBP4-11\">&#91;11&#93;</a></sup>\n</p>\n<h3><span class=\"mw-headline\" id=\"Harry_Potter\">Harry Potter</span><span class=\"mw-editsection\"><span class=\"mw-editsection-bracket\">[</span><a href=\"/wiki/Amelia_Bones?veaction=edit&amp;section=14\" class=\"mw-editsection-visualeditor\" title=\"Edit section: Harry Potter\">edit</a><span class=\"mw-editsection-divider\"> | </span><a href=\"/wiki/Amelia_Bones?action=edit&amp;section=14\" title=\"Edit section: Harry Potter\"><svg class=\"wds-icon wds-icon-tiny section-edit-pencil-icon\"><use xlink:href=\"#wds-icons-pencil-tiny\"></use></svg>edit source</a><span class=\"mw-editsection-bracket\">]</span></span></h3>\n<div class=\"quote\">\n<dl><dd><span title=\"Source:&#160;Harry Potter and the Order of the Phoenix\">\"<i>Impressive. A true Patronus at that age... very impressive indeed.</i>\"</span></dd>\n<dd>&#8212;Amelia impressed by Harry's ability to conjure a corporeal Patronus<sup class=\"noprint\"><a href=\"/wiki/Harry_Potter_and_the_Order_of_the_Phoenix\" title=\"Harry Potter and the Order of the Phoenix\">[src]</a></sup></dd>\n<dd></dd></dl></div>\n<p>During a disciplinary hearing, <a href=\"/wiki/Harry_Potter\" title=\"Harry Potter\">Harry Potter</a> was tried unfairly by the corrupt Minister Fudge. However, Amelia managed to keep the court back on track, permitting Harry to explain his reasons for breaking the <a href=\"/wiki/Decree_for_the_Reasonable_Restriction_of_Underage_Sorcery\" title=\"Decree for the Reasonable Restriction of Underage Sorcery\">Decree for the Reasonable Restriction of Underage Sorcery</a>.<sup id=\"cite_ref-OOTP8_5-14\" class=\"reference\"><a href=\"#cite_note-OOTP8-5\">&#91;5&#93;</a></sup> \n</p><p>Amelia also questioned him about his <a href=\"/wiki/Patronus_Charm\" title=\"Patronus Charm\">Patronus</a> and was very impressed that a fifteen-year old had managed to achieve a corporeal form, even extending this complimentary information with her niece. It was due to Madam Bones' fairness and impressiveness that Harry was correctly acquitted, and he came to respect her for it.<sup id=\"cite_ref-OOTP8_5-15\" class=\"reference\"><a href=\"#cite_note-OOTP8-5\">&#91;5&#93;</a></sup> When he read of her death the following year, Harry was saddened. Harry later avenged Amelia when he killed Voldemort at the <a href=\"/wiki/Battle_of_Hogwarts\" title=\"Battle of Hogwarts\">Battle of Hogwarts</a>.\n</p>\n<h2><span class=\"mw-headline\" id=\"Etymology\">Etymology</span><span class=\"mw-editsection\"><span class=\"mw-editsection-bracket\">[</span><a href=\"/wiki/Amelia_Bones?veaction=edit&amp;section=15\" class=\"mw-editsection-visualeditor\" title=\"Edit section: Etymology\">edit</a><span class=\"mw-editsection-divider\"> | </span><a href=\"/wiki/Amelia_Bones?action=edit&amp;section=15\" title=\"Edit section: Etymology\"><svg class=\"wds-icon wds-icon-tiny section-edit-pencil-icon\"><use xlink:href=\"#wds-icons-pencil-tiny\"></use></svg>edit source</a><span class=\"mw-editsection-bracket\">]</span></span></h2>\n<p>Amelia is a female given name. It is a variant of Amalia, derived from the Germanic word amal meaning \"work\" and means \"industrious\" and \"fertile\". The diminutive is usually Amy, Lia, Mia, Mel, or Mimi.\n</p><p>Etymologists believe that the name Amelia/Amalia is unrelated to the Latin gens name Aemilia, which was translated into English as Emily. Equivalents of Aemilia/Emily in romance languages do sound similar to Amelia (e.g. Italian Emilia) but have a different origin from this Germanic name.\n</p>\n<h2><span class=\"mw-headline\" id=\"Behind_the_scenes\">Behind the scenes</span><span class=\"mw-editsection\"><span class=\"mw-editsection-bracket\">[</span><a href=\"/wiki/Amelia_Bones?veaction=edit&amp;section=16\" class=\"mw-editsection-visualeditor\" title=\"Edit section: Behind the scenes\">edit</a><span class=\"mw-editsection-divider\"> | </span><a href=\"/wiki/Amelia_Bones?action=edit&amp;section=16\" title=\"Edit section: Behind the scenes\"><svg class=\"wds-icon wds-icon-tiny section-edit-pencil-icon\"><use xlink:href=\"#wds-icons-pencil-tiny\"></use></svg>edit source</a><span class=\"mw-editsection-bracket\">]</span></span></h2>\n<ul><li>Amelia Bones is portrayed by <a href=\"/wiki/Sian_Thomas\" title=\"Sian Thomas\">Sian Thomas</a> in the <a href=\"/wiki/Harry_Potter_(film_series)\" title=\"Harry Potter (film series)\">film adaptations</a> of <i><a href=\"/wiki/Harry_Potter_and_the_Order_of_the_Phoenix\" title=\"Harry Potter and the Order of the Phoenix\">Harry Potter and the Order of the Phoenix</a></i>, <i><a href=\"/wiki/Harry_Potter_and_the_Half-Blood_Prince\" title=\"Harry Potter and the Half-Blood Prince\">Harry Potter and the Half-Blood Prince</a></i> and <i><a href=\"/wiki/Harry_Potter_and_the_Deathly_Hallows:_Part_1\" title=\"Harry Potter and the Deathly Hallows: Part 1\">Part 1</a></i> of <i><a href=\"/wiki/Harry_Potter_and_the_Deathly_Hallows\" title=\"Harry Potter and the Deathly Hallows\">Harry Potter and the Deathly Hallows</a></i>.</li>\n<li>In the film, Amelia was killed during the Christmas Holidays, as shown in the newspaper when <a href=\"/wiki/Hermione_Granger\" title=\"Hermione Granger\">Hermione</a> and <a href=\"/wiki/Harry_Potter\" title=\"Harry Potter\">Harry</a> returned to school, rather than over the summer.</li>\n<li>In the books, she is known to wear a monocle, whereas in the films her eyes have nothing on them.</li>\n<li>In an early script for the <a href=\"/wiki/Harry_Potter_and_the_Order_of_the_Phoenix_(film)\" title=\"Harry Potter and the Order of the Phoenix (film)\">film adaptation</a> of <i><a href=\"/wiki/Harry_Potter_and_the_Order_of_the_Phoenix\" title=\"Harry Potter and the Order of the Phoenix\">Harry Potter and the Order of the Phoenix</a></i>, Amelia is incorrectly referred to by the name of her niece, Susan.<sup id=\"cite_ref-13\" class=\"reference\"><a href=\"#cite_note-13\">&#91;13&#93;</a></sup></li></ul>\n<h2><span class=\"mw-headline\" id=\"Appearances\">Appearances</span><span class=\"mw-editsection\"><span class=\"mw-editsection-bracket\">[</span><a href=\"/wiki/Amelia_Bones?veaction=edit&amp;section=17\" class=\"mw-editsection-visualeditor\" title=\"Edit section: Appearances\">edit</a><span class=\"mw-editsection-divider\"> | </span><a href=\"/wiki/Amelia_Bones?action=edit&amp;section=17\" title=\"Edit section: Appearances\"><svg class=\"wds-icon wds-icon-tiny section-edit-pencil-icon\"><use xlink:href=\"#wds-icons-pencil-tiny\"></use></svg>edit source</a><span class=\"mw-editsection-bracket\">]</span></span></h2>\n<div class=\"noprint\" style=\"float: right; clear: right; margin-top: 2px; margin-left: 2px; margin-bottom: 2px; background-color: #D8E9FC; text-align: left; font-size: 90%; width: 250px;\"><span class=\"rtop\" style=\"\"><span class=\"r1\" style=\"background: #D8E9FC\"></span><span class=\"r2\" style=\"background: #D8E9FC\"></span><span class=\"r3\" style=\"background: #D8E9FC\"></span><span class=\"r4\" style=\"background: #D8E9FC\"></span></span><div style=\"float:left; margin-left: 5px;\"><a href=\"https://static.wikia.nocookie.net/harrypotter/images/b/bc/Wiki.png/revision/latest?cb=20091217124448\" class=\"image\"><img alt=\"Wiki.png\" src=\"data:image/gif;base64,R0lGODlhAQABAIABAAAAAP///yH5BAEAAAEALAAAAAABAAEAQAICTAEAOw%3D%3D\" decoding=\"async\" width=\"35\" height=\"21\" data-image-name=\"Wiki.png\" data-image-key=\"Wiki.png\" data-src=\"https://static.wikia.nocookie.net/harrypotter/images/b/bc/Wiki.png/revision/latest/scale-to-width-down/35?cb=20091217124448\" class=\"lazyload\" /></a></div><div style=\"margin-left:50px\">The Harry Potter Wiki has 10 images related to <i><b><a href=\"/wiki/Category:Images_of_Amelia_Bones\" title=\"Category:Images of Amelia Bones\">Amelia Bones</a></b></i>.</div><span class=\"content-bg rbottom\" style=\"\"><span class=\"r4\" style=\"background: #D8E9FC\"></span><span class=\"r3\" style=\"background: #D8E9FC\"></span><span class=\"r2\" style=\"background: #D8E9FC\"></span><span class=\"r1\" style=\"background: #D8E9FC\"></span></span></div>\n<figure class=\"thumb tright show-info-icon\" style=\"width: 182px\"> \t<a href=\"https://static.wikia.nocookie.net/harrypotter/images/a/ad/Amelia_Bones_WU.png/revision/latest?cb=20200824184257\" class=\"image\"><img alt=\"\" src=\"data:image/gif;base64,R0lGODlhAQABAIABAAAAAP///yH5BAEAAAEALAAAAAABAAEAQAICTAEAOw%3D%3D\" decoding=\"async\" width=\"180\" height=\"180\" class=\"thumbimage lazyload\" data-image-name=\"Amelia Bones WU.png\" data-image-key=\"Amelia_Bones_WU.png\" data-src=\"https://static.wikia.nocookie.net/harrypotter/images/a/ad/Amelia_Bones_WU.png/revision/latest/scale-to-width-down/180?cb=20200824184257\" /></a> \t<noscript><a href=\"https://static.wikia.nocookie.net/harrypotter/images/a/ad/Amelia_Bones_WU.png/revision/latest?cb=20200824184257\" class=\"image\"><img alt=\"\" src=\"https://static.wikia.nocookie.net/harrypotter/images/a/ad/Amelia_Bones_WU.png/revision/latest/scale-to-width-down/180?cb=20200824184257\" decoding=\"async\" width=\"180\" height=\"180\" class=\"thumbimage\" data-image-name=\"Amelia Bones WU.png\" data-image-key=\"Amelia_Bones_WU.png\" data-src=\"https://static.wikia.nocookie.net/harrypotter/images/a/ad/Amelia_Bones_WU.png/revision/latest/scale-to-width-down/180?cb=20200824184257\" /></a></noscript> \t<figcaption class=\"thumbcaption\"> \t\t \t\t\t<a href=\"/wiki/File:Amelia_Bones_WU.png\" class=\"info-icon\"><svg><use xlink:href=\"#wds-icons-info-small\"></use></svg></a> \t\t \t\t \t\t \t\t\t<p class=\"caption\">Madam Bones as seen in <i><a href=\"/wiki/Harry_Potter:_Wizards_Unite\" title=\"Harry Potter: Wizards Unite\">Harry Potter: Wizards Unite</a></i></p> \t\t \t</figcaption> </figure>\n<ul><li><i><a href=\"/wiki/Harry_Potter_and_the_Order_of_the_Phoenix\" title=\"Harry Potter and the Order of the Phoenix\">Harry Potter and the Order of the Phoenix</a></i> <small>(First appearance)</small></li>\n<li><i><a href=\"/wiki/Harry_Potter_and_the_Order_of_the_Phoenix_(film)\" title=\"Harry Potter and the Order of the Phoenix (film)\">Harry Potter and the Order of the Phoenix (film)</a></i></li>\n<li><i><a href=\"/wiki/Harry_Potter_and_the_Half-Blood_Prince\" title=\"Harry Potter and the Half-Blood Prince\">Harry Potter and the Half-Blood Prince</a></i> <small>(Mentioned only)</small> <span class=\"template-c\">(Seen on the Daily Prophet)</span></li>\n<li><i><a href=\"/wiki/Harry_Potter_and_the_Half-Blood_Prince_(film)\" title=\"Harry Potter and the Half-Blood Prince (film)\">Harry Potter and the Half-Blood Prince (film)</a></i> <span class=\"template-c\">(Seen on the Daily Prophet)</span></li>\n<li><i><a href=\"/wiki/Harry_Potter_and_the_Half-Blood_Prince_(video_game)\" title=\"Harry Potter and the Half-Blood Prince (video game)\">Harry Potter and the Half-Blood Prince (video game)</a></i> <small>(Mentioned only)</small> <span class=\"template-c\">(Not by name)</span></li>\n<li><i><a href=\"/wiki/Harry_Potter_and_the_Deathly_Hallows:_Part_1\" title=\"Harry Potter and the Deathly Hallows: Part 1\">Harry Potter and the Deathly Hallows: Part 1</a></i> <span class=\"template-c\">(Seen on the Daily Prophet)</span></li>\n<li><i><a href=\"/wiki/Pottermore\" title=\"Pottermore\">Pottermore</a></i> <small>(Mentioned only)</small></li>\n<li><i><a href=\"/wiki/Wizarding_World_(website)\" title=\"Wizarding World (website)\">Wizarding World</a></i> <small>(Mentioned only)</small></li>\n<li><i><a href=\"/wiki/Harry_Potter:_Wizards_Unite\" title=\"Harry Potter: Wizards Unite\">Harry Potter: Wizards Unite</a></i></li></ul>\n<h2><span class=\"mw-headline\" id=\"Notes_and_references\">Notes and references</span><span class=\"mw-editsection\"><span class=\"mw-editsection-bracket\">[</span><a href=\"/wiki/Amelia_Bones?veaction=edit&amp;section=18\" class=\"mw-editsection-visualeditor\" title=\"Edit section: Notes and references\">edit</a><span class=\"mw-editsection-divider\"> | </span><a href=\"/wiki/Amelia_Bones?action=edit&amp;section=18\" title=\"Edit section: Notes and references\"><svg class=\"wds-icon wds-icon-tiny section-edit-pencil-icon\"><use xlink:href=\"#wds-icons-pencil-tiny\"></use></svg>edit source</a><span class=\"mw-editsection-bracket\">]</span></span></h2>\n<div class=\"references-small\">\n<div class=\"mw-references-wrap mw-references-columns\"><ol class=\"references\">\n<li id=\"cite_note-1\"><span class=\"mw-cite-backlink\"><a href=\"#cite_ref-1\">\u2191</a></span> <span class=\"reference-text\">Susan was named after Amelia, meaning that Amelia was alive by 1979. However, being born in 1979 would make Amelia only 16 and not old enough to sit on the Wizengamot, meaning she had to be at least 17, meaning her birthdate could be no later than August 1978 as Harry's trial was on 12 August, 1995.</span>\n</li>\n<li id=\"cite_note-death-2\"><span class=\"mw-cite-backlink\">\u2191 <sup><a href=\"#cite_ref-death_2-0\">2.0</a></sup> <sup><a href=\"#cite_ref-death_2-1\">2.1</a></sup> <sup><a href=\"#cite_ref-death_2-2\">2.2</a></sup></span> <span class=\"reference-text\"><i><a href=\"/wiki/Harry_Potter_and_the_Half-Blood_Prince\" title=\"Harry Potter and the Half-Blood Prince\">Harry Potter and the Half-Blood Prince</a></i>, Chapter 1 (<i>The Other Minister</i>) - \"Even the weather was dismal; all this chilly mist in the middle of July....\" [...] \u201cWhat a week, what a week . . .\u201d \u201cHad a bad one too, have you?\u201d asked the Prime Minister stiffly, hoping to convey by this that he had quite enough on his plate already without any extra helpings from Fudge. \u201cYes, of course,\u201d said Fudge, rubbing his eyes wearily and looking morosely at the Prime Minister. \u201cI\u2019ve been having the same week you have, Prime Minister. The Brockdale Bridge ... the Bones and Vance murders ... not to mention the ruckus in the West Country ...\u201d</span>\n</li>\n<li id=\"cite_note-blood-3\"><span class=\"mw-cite-backlink\"><a href=\"#cite_ref-blood_3-0\">\u2191</a></span> <span class=\"reference-text\">The <a href=\"/wiki/Bones_family\" title=\"Bones family\">Bones family</a> were a <a href=\"/wiki/Wizardkind\" title=\"Wizardkind\">wizarding</a> family. Rubeus Hagrid told Harry Potter that Amelia's parents were among the wizards killed by Lord Voldemort himself. It's unknown if she had Muggle heritage from her grandparents' generation.</span>\n</li>\n<li id=\"cite_note-HBP1-4\"><span class=\"mw-cite-backlink\">\u2191 <sup><a href=\"#cite_ref-HBP1_4-0\">4.0</a></sup> <sup><a href=\"#cite_ref-HBP1_4-1\">4.1</a></sup> <sup><a href=\"#cite_ref-HBP1_4-2\">4.2</a></sup> <sup><a href=\"#cite_ref-HBP1_4-3\">4.3</a></sup> <sup><a href=\"#cite_ref-HBP1_4-4\">4.4</a></sup> <sup><a href=\"#cite_ref-HBP1_4-5\">4.5</a></sup> <sup><a href=\"#cite_ref-HBP1_4-6\">4.6</a></sup> <sup><a href=\"#cite_ref-HBP1_4-7\">4.7</a></sup></span> <span class=\"reference-text\"><i><a href=\"/wiki/Harry_Potter_and_the_Half-Blood_Prince\" title=\"Harry Potter and the Half-Blood Prince\">Harry Potter and the Half-Blood Prince</a></i>, Chapter 1 (<i>The Other Minister</i>)</span>\n</li>\n<li id=\"cite_note-OOTP8-5\"><span class=\"mw-cite-backlink\">\u2191 <sup><a href=\"#cite_ref-OOTP8_5-0\">5.00</a></sup> <sup><a href=\"#cite_ref-OOTP8_5-1\">5.01</a></sup> <sup><a href=\"#cite_ref-OOTP8_5-2\">5.02</a></sup> <sup><a href=\"#cite_ref-OOTP8_5-3\">5.03</a></sup> <sup><a href=\"#cite_ref-OOTP8_5-4\">5.04</a></sup> <sup><a href=\"#cite_ref-OOTP8_5-5\">5.05</a></sup> <sup><a href=\"#cite_ref-OOTP8_5-6\">5.06</a></sup> <sup><a href=\"#cite_ref-OOTP8_5-7\">5.07</a></sup> <sup><a href=\"#cite_ref-OOTP8_5-8\">5.08</a></sup> <sup><a href=\"#cite_ref-OOTP8_5-9\">5.09</a></sup> <sup><a href=\"#cite_ref-OOTP8_5-10\">5.10</a></sup> <sup><a href=\"#cite_ref-OOTP8_5-11\">5.11</a></sup> <sup><a href=\"#cite_ref-OOTP8_5-12\">5.12</a></sup> <sup><a href=\"#cite_ref-OOTP8_5-13\">5.13</a></sup> <sup><a href=\"#cite_ref-OOTP8_5-14\">5.14</a></sup> <sup><a href=\"#cite_ref-OOTP8_5-15\">5.15</a></sup></span> <span class=\"reference-text\"><i><a href=\"/wiki/Harry_Potter_and_the_Order_of_the_Phoenix\" title=\"Harry Potter and the Order of the Phoenix\">Harry Potter and the Order of the Phoenix</a></i>, Chapter 8 (<i>The Hearing</i>)</span>\n</li>\n<li id=\"cite_note-hair-6\"><span class=\"mw-cite-backlink\"><a href=\"#cite_ref-hair_6-0\">\u2191</a></span> <span class=\"reference-text\"><i><a href=\"/wiki/Harry_Potter_and_the_Order_of_the_Phoenix\" title=\"Harry Potter and the Order of the Phoenix\">Harry Potter and the Order of the Phoenix</a></i>, Chapter 8 (<i>The Hearing</i>) - \"A broad, square-jawed witch with very short grey hair sat on Fudge\u2019s left;\"</span>\n</li>\n<li id=\"cite_note-OOTP25-7\"><span class=\"mw-cite-backlink\">\u2191 <sup><a href=\"#cite_ref-OOTP25_7-0\">7.0</a></sup> <sup><a href=\"#cite_ref-OOTP25_7-1\">7.1</a></sup> <sup><a href=\"#cite_ref-OOTP25_7-2\">7.2</a></sup> <sup><a href=\"#cite_ref-OOTP25_7-3\">7.3</a></sup> <sup><a href=\"#cite_ref-OOTP25_7-4\">7.4</a></sup> <sup><a href=\"#cite_ref-OOTP25_7-5\">7.5</a></sup> <sup><a href=\"#cite_ref-OOTP25_7-6\">7.6</a></sup> <sup><a href=\"#cite_ref-OOTP25_7-7\">7.7</a></sup></span> <span class=\"reference-text\"><i><a href=\"/wiki/Harry_Potter_and_the_Order_of_the_Phoenix\" title=\"Harry Potter and the Order of the Phoenix\">Harry Potter and the Order of the Phoenix</a></i>, Chapter 25 (<i>The Beetle at Bay</i>)</span>\n</li>\n<li id=\"cite_note-OOTP7-8\"><span class=\"mw-cite-backlink\">\u2191 <sup><a href=\"#cite_ref-OOTP7_8-0\">8.0</a></sup> <sup><a href=\"#cite_ref-OOTP7_8-1\">8.1</a></sup> <sup><a href=\"#cite_ref-OOTP7_8-2\">8.2</a></sup> <sup><a href=\"#cite_ref-OOTP7_8-3\">8.3</a></sup> <sup><a href=\"#cite_ref-OOTP7_8-4\">8.4</a></sup></span> <span class=\"reference-text\"><i><a href=\"/wiki/Harry_Potter_and_the_Order_of_the_Phoenix\" title=\"Harry Potter and the Order of the Phoenix\">Harry Potter and the Order of the Phoenix</a></i>, Chapter 7 (<i>The Ministry of Magic</i>)</span>\n</li>\n<li id=\"cite_note-9\"><span class=\"mw-cite-backlink\"><a href=\"#cite_ref-9\">\u2191</a></span> <span class=\"reference-text\"><a target=\"_blank\" rel=\"noreferrer noopener\" class=\"external text\" href=\"http://www.accio-quote.org/articles/2000/1000-livechat-barnesnoble.html\">20 October, 2000 chat with J.K. Rowling</a> at <a target=\"_blank\" rel=\"noreferrer noopener\" class=\"external text\" href=\"http://www.accio-quote.org\">Accio Quote!</a></span>\n</li>\n<li id=\"cite_note-OOTPG-10\"><span class=\"mw-cite-backlink\"><a href=\"#cite_ref-OOTPG_10-0\">\u2191</a></span> <span class=\"reference-text\"><i><a href=\"/wiki/Harry_Potter_and_the_Order_of_the_Phoenix_(video_game)\" title=\"Harry Potter and the Order of the Phoenix (video game)\">Harry Potter and the Order of the Phoenix (video game)</a></i></span>\n</li>\n<li id=\"cite_note-HBP4-11\"><span class=\"mw-cite-backlink\">\u2191 <sup><a href=\"#cite_ref-HBP4_11-0\">11.0</a></sup> <sup><a href=\"#cite_ref-HBP4_11-1\">11.1</a></sup> <sup><a href=\"#cite_ref-HBP4_11-2\">11.2</a></sup></span> <span class=\"reference-text\"><i><a href=\"/wiki/Harry_Potter_and_the_Half-Blood_Prince\" title=\"Harry Potter and the Half-Blood Prince\">Harry Potter and the Half-Blood Prince</a></i>, Chapter 4 (<i>Horace Slughorn</i>)</span>\n</li>\n<li id=\"cite_note-WU-12\"><span class=\"mw-cite-backlink\"><a href=\"#cite_ref-WU_12-0\">\u2191</a></span> <span class=\"reference-text\"><i><a href=\"/wiki/Harry_Potter:_Wizards_Unite\" title=\"Harry Potter: Wizards Unite\">Harry Potter: Wizards Unite</a></i></span>\n</li>\n<li id=\"cite_note-13\"><span class=\"mw-cite-backlink\"><a href=\"#cite_ref-13\">\u2191</a></span> <span class=\"reference-text\"><a target=\"_blank\" rel=\"noreferrer noopener\" class=\"external text\" href=\"http://atrossbooks.com/wp-content/uploads/2011/03/Harry-Potter-and-the-Order-of-the-Phoenix-2nd-draft.pdf\"><i>Harry Potter and the Order of the Phoenix</i> - Second Draft</a></span>\n</li>\n</ol></div></div>\n<table cellpadding=\"0\" cellspacing=\"0\" class=\"noprint hidable\" style=\"background: #f9f9f9; clear: both; margin: auto\">\n\n<tbody><tr>\n<td>\n<table class=\"navbox hidable-content\" border=\"0\" cellpadding=\"4\" cellspacing=\"0\" style=\"background: transparent\">\n\n<tbody><tr style=\"text-align: center;\">\n<td width=\"30%\">Preceded by:<br /><b>Unknown, eventually <a href=\"/wiki/Bartemius_Crouch_Senior\" title=\"Bartemius Crouch Senior\">Bartemius Crouch Snr</a></b>\n</td>\n<td width=\"40%\"><b>Head of the <a href=\"/wiki/Department_of_Magical_Law_Enforcement\" title=\"Department of Magical Law Enforcement\">Department of Magical Law Enforcement</a></b><br />?-<a href=\"/wiki/1996\" title=\"1996\">1996</a>\n</td>\n<td width=\"30%\">Succeeded by:<br /><b><a href=\"/wiki/Pius_Thicknesse\" title=\"Pius Thicknesse\">Pius Thicknesse</a></b>\n</td></tr></tbody></table>\n</td></tr>\n<tr>\n<td style=\"text-align: center\"><span class=\"hidable-button\"></span>\n</td></tr></tbody></table>\n<div style=\"clear: both\"></div>\n<p><br clear=\"all\" />\n</p>\n<table style=\"margin:0 auto; text-align: center;\" align=\"center\" class=\"toccolours\" width=\"100%\">\n\n<tbody><tr bgcolor=\"#white\">\n<th style=\"background:#ccd;\"><a href=\"/wiki/Department_of_Magical_Law_Enforcement\" title=\"Department of Magical Law Enforcement\">Department of Magical Law Enforcement</a> employees\n</th></tr>\n<tr>\n<td><div class=\"center\"><div class=\"floatnone\"><a href=\"https://static.wikia.nocookie.net/harrypotter/images/a/ae/Department_of_Magical_Law_Enforcement_logo.png/revision/latest?cb=20180709035704\" class=\"image\"><img alt=\"Department of Magical Law Enforcement logo.png\" src=\"data:image/gif;base64,R0lGODlhAQABAIABAAAAAP///yH5BAEAAAEALAAAAAABAAEAQAICTAEAOw%3D%3D\" decoding=\"async\" width=\"85\" height=\"89\" data-image-name=\"Department of Magical Law Enforcement logo.png\" data-image-key=\"Department_of_Magical_Law_Enforcement_logo.png\" data-src=\"https://static.wikia.nocookie.net/harrypotter/images/a/ae/Department_of_Magical_Law_Enforcement_logo.png/revision/latest/scale-to-width-down/85?cb=20180709035704\" class=\"lazyload\" /></a></div></div>\n</td></tr>\n<tr>\n<th style=\"background-color: #dfdfdf; font-size: 8pt;\">Heads of Department\n</th></tr>\n<tr>\n<td style=\"font-size: 8pt;\"><a href=\"/wiki/Justus_Pilliwickle\" title=\"Justus Pilliwickle\">Justus Pilliwickle</a> \u00b7 <a href=\"/wiki/Torquil_Travers\" title=\"Torquil Travers\">Torquil Travers</a> \u00b7 <a href=\"/wiki/Bartemius_Crouch_Senior\" title=\"Bartemius Crouch Senior\">Bartemius Crouch Senior</a> \u00b7 <strong class=\"mw-selflink selflink\">Amelia Bones</strong> \u00b7 <a href=\"/wiki/Pius_Thicknesse\" title=\"Pius Thicknesse\">Pius Thicknesse</a> \u00b7 <a href=\"/wiki/Corban_Yaxley\" title=\"Corban Yaxley\">Corban Yaxley</a> \u00b7 <a href=\"/wiki/Harry_Potter\" title=\"Harry Potter\">Harry Potter</a>\n</td></tr>\n<tr>\n<th style=\"background-color: #dfdfdf; font-size: 8pt;\"><a href=\"/wiki/Auror_Office\" title=\"Auror Office\">Auror Office</a>\n</th></tr>\n<tr>\n<td style=\"font-size: 8pt;\"><b>Heads</b>: <a href=\"/wiki/Theseus_Scamander\" title=\"Theseus Scamander\">Theseus Scamander</a> \u00b7 <a href=\"/wiki/Rufus_Scrimgeour\" title=\"Rufus Scrimgeour\">Rufus Scrimgeour</a> \u00b7 <a href=\"/wiki/Gawain_Robards\" title=\"Gawain Robards\">Gawain Robards</a> \u00b7 <a href=\"/wiki/Harry_Potter\" title=\"Harry Potter\">Harry Potter</a>\n<hr />\n</td></tr>\n<tr>\n<td style=\"font-size: 8pt;\"><a href=\"/wiki/Mordecai_Berrycloth\" title=\"Mordecai Berrycloth\">Mordecai Berrycloth</a> \u00b7 <a href=\"/wiki/John_Dawlish\" title=\"John Dawlish\">John Dawlish</a> \u00b7 <a href=\"/wiki/Dorian_Fungbury\" title=\"Dorian Fungbury\">Dorian Fungbury</a> \u00b7 <a href=\"/wiki/Alice_Longbottom\" title=\"Alice Longbottom\">Alice Longbottom</a> \u00b7 <a href=\"/wiki/Frank_Longbottom\" title=\"Frank Longbottom\">Frank Longbottom</a> \u00b7 <a href=\"/wiki/Neville_Longbottom\" title=\"Neville Longbottom\">Neville Longbottom</a> \u00b7 <a href=\"/wiki/Alastor_Moody\" title=\"Alastor Moody\">Alastor Moody</a> \u00b7 <a href=\"/wiki/Proudfoot\" title=\"Proudfoot\">Proudfoot</a> \u00b7 <a href=\"/wiki/Savage\" title=\"Savage\">Savage</a> \u00b7 <a href=\"/wiki/Kingsley_Shacklebolt\" title=\"Kingsley Shacklebolt\">Kingsley Shacklebolt</a> \u00b7 <a href=\"/wiki/Nymphadora_Tonks\" title=\"Nymphadora Tonks\">Nymphadora Tonks</a> \u00b7 <a href=\"/wiki/Ronald_Weasley\" title=\"Ronald Weasley\">Ronald Weasley</a> \u00b7 <a href=\"/wiki/Williamson\" title=\"Williamson\">Williamson</a> \u00b7 <a href=\"/wiki/Unidentified_Aurors\" title=\"Unidentified Aurors\">Unidentified Aurors</a> \u00b7 <a href=\"/wiki/Unidentified_male_Auror_at_Hogwarts\" title=\"Unidentified male Auror at Hogwarts\">Unidentified male Auror at Hogwarts</a> \u00b7 <a href=\"/wiki/Unidentified_Aurors_stationed_at_the_Great_Hall\" title=\"Unidentified Aurors stationed at the Great Hall\">3 Unidentified Aurors at Hogwarts</a> \u00b7 <a href=\"/wiki/Director_of_the_Investigation_Department_No._61042\" title=\"Director of the Investigation Department No. 61042\">Director of the Investigation Department No. 61042</a>\n</td></tr>\n<tr>\n<th style=\"background-color: #dfdfdf; font-size: 8pt;\"><a href=\"/wiki/Improper_Use_of_Magic_Office\" title=\"Improper Use of Magic Office\">Improper Use of Magic Office</a>\n</th></tr>\n<tr>\n<td style=\"font-size: 8pt;\"><b>Heads</b>: <a href=\"/wiki/Travers\" title=\"Travers\">Travers</a> \u00b7 <a href=\"/wiki/Dolores_Umbridge\" title=\"Dolores Umbridge\">Dolores Umbridge</a>\n<hr />\n</td></tr>\n<tr>\n<td style=\"font-size: 8pt;\"><a href=\"/wiki/Mafalda_Hopkirk\" title=\"Mafalda Hopkirk\">Mafalda Hopkirk</a> \u00b7 <a href=\"/wiki/Honoria%27s_fianc%C3%A9\" title=\"Honoria&#39;s fianc\u00e9\">Honoria's fianc\u00e9</a> \u00b7 <a href=\"/wiki/Mafalda_Hopkirk%27s_Ministerial_Superior\" title=\"Mafalda Hopkirk&#39;s Ministerial Superior\">Mafalda Hopkirk's Ministerial Superior</a> \u00b7 <a href=\"/wiki/Rufus_Fudge\" title=\"Rufus Fudge\">Rufus Fudge</a> \u00b7 <a href=\"/wiki/Orabella_Nuttley\" title=\"Orabella Nuttley\">Orabella Nuttley</a> \u00b7 <a href=\"/wiki/Chester_Davies\" title=\"Chester Davies\">Chester Davies</a>\n</td></tr>\n<tr>\n<th style=\"background-color: #dfdfdf; font-size: 8pt;\">Other Personnel\n</th></tr>\n<tr>\n<td style=\"font-size: 8pt;\"><a href=\"/wiki/Leta_Lestrange\" title=\"Leta Lestrange\">Leta Lestrange</a> \u00b7 <a href=\"/wiki/Minerva_McGonagall\" title=\"Minerva McGonagall\">Minerva McGonagall</a> \u00b7 <a href=\"/wiki/Elphinstone_Urquart\" title=\"Elphinstone Urquart\">Elphinstone Urquart</a> \u00b7 <a href=\"/wiki/Alastor_Gumboil\" title=\"Alastor Gumboil\">Alastor Gumboil</a> \u00b7 <a href=\"/wiki/Arnold_Peasegood\" title=\"Arnold Peasegood\">Arnold Peasegood</a> \u00b7 <a href=\"/wiki/Arthur_Weasley\" title=\"Arthur Weasley\">Arthur Weasley</a> \u00b7 <a href=\"/wiki/Perkins\" title=\"Perkins\">Perkins</a> \u00b7 <a href=\"/wiki/Cerberus_Langarm\" title=\"Cerberus Langarm\">Cerberus Langarm</a> \u00b7 <a href=\"/wiki/Hermione_Granger\" title=\"Hermione Granger\">Hermione Granger</a> \u00b7 <a href=\"/wiki/Bob_Ogden\" title=\"Bob Ogden\">Bob Ogden</a> \u00b7 <a href=\"/wiki/Tulip_Karasu%27s_mother\" title=\"Tulip Karasu&#39;s mother\">Tulip Karasu's mother</a> \u00b7 <a href=\"/wiki/Tulip_Karasu%27s_father\" title=\"Tulip Karasu&#39;s father\">Tulip Karasu's father</a> \u00b7 <a href=\"/wiki/Dempster_Wiggleswade\" title=\"Dempster Wiggleswade\">Dempster Wiggleswade</a> \u00b7 <a href=\"/wiki/Arthur_Weasley%27s_ten_unidentified_subordinates\" title=\"Arthur Weasley&#39;s ten unidentified subordinates\">Arthur Weasley's ten subordinates</a>\n</td></tr></tbody></table>\n<p><br clear=\"all\" />\n</p>\n<table style=\"margin:0 auto\" align=\"center\" class=\"toccolours\" width=\"90%\">\n\n<tbody><tr bgcolor=\"#white\">\n<th colspan=\"3\" style=\"background:#ccd;\"><center><b>Level 10 employees</b></center>\n</th></tr>\n<tr>\n<td colspan=\"3\" width=\"45%\" style=\"background-color: #dfdfdf; font-size: 8pt;\"><center><b><a href=\"/wiki/Wizengamot\" title=\"Wizengamot\">Wizengamot</a> members</b></center>\n</td></tr>\n<tr>\n<td colspan=\"3\" style=\"font-size: 8pt;\"><center><strong class=\"mw-selflink selflink\">Amelia Bones</strong> &#183; <a href=\"/wiki/Elphias_Doge\" title=\"Elphias Doge\">Elphias Doge</a>  &#183; <a href=\"/wiki/Albus_Dumbledore\" title=\"Albus Dumbledore\">Albus Dumbledore</a> &#183; <a href=\"/wiki/Cornelius_Fudge\" title=\"Cornelius Fudge\">Cornelius Fudge</a> &#183; <a href=\"/wiki/Griselda_Marchbanks\" title=\"Griselda Marchbanks\">Griselda Marchbanks</a> &#183; <a href=\"/wiki/Tiberius_Ogden\" title=\"Tiberius Ogden\">Tiberius Ogden</a> &#183; <a href=\"/wiki/Ralston_Potter\" title=\"Ralston Potter\">Ralston Potter</a> &#183; <a href=\"/wiki/Henry_Potter\" title=\"Henry Potter\">Henry Potter</a> &#183; <a href=\"/wiki/Dolores_Umbridge\" title=\"Dolores Umbridge\">Dolores Umbridge</a> &#183; <a href=\"/wiki/Unidentified_two_elderly_Wizengamot_witches\" title=\"Unidentified two elderly Wizengamot witches\">Two elderly witches</a> &#183; <a href=\"/wiki/Unidentified_dumpy_Wizengamot_member_with_a_large_black_moustache\" title=\"Unidentified dumpy Wizengamot member with a large black moustache\">Dumpy, heavily-moustached wizard</a> &#183; <a href=\"/wiki/Unidentified_frizzy-haired_Wizengamot_member\" title=\"Unidentified frizzy-haired Wizengamot member\">Frizzy-haired witch</a></center>\n</td></tr>\n<tr>\n<td colspan=\"3\" width=\"45%\" style=\"background-color: #dfdfdf; font-size: 8pt;\"><center><b><a href=\"/wiki/Council_of_Magical_Law\" title=\"Council of Magical Law\">Council of Magical Law</a> members</b></center>\n</td></tr>\n<tr>\n<td colspan=\"3\" style=\"font-size: 8pt;\"><center><a href=\"/wiki/Albus_Dumbledore\" title=\"Albus Dumbledore\">Albus Dumbledore</a> &#183; <a href=\"/wiki/Alastor_Moody\" title=\"Alastor Moody\">Alastor Moody</a> &#183; <a href=\"/wiki/Bartemius_Crouch_Senior\" title=\"Bartemius Crouch Senior\">Bartemius Crouch Senior</a> &#183; <a href=\"/wiki/Unidentified_female_Council_of_Magical_Law_juror\" title=\"Unidentified female Council of Magical Law juror\">Female juror</a> &#183; <a href=\"/wiki/Unidentified_Council_of_Magical_Law_member\" title=\"Unidentified Council of Magical Law member\">Male member</a>  &#183; <a href=\"/wiki/Unidentified_Council_of_Magical_Law_clerk\" title=\"Unidentified Council of Magical Law clerk\">Clerk</a></center>\n</td></tr>\n<tr>\n<td colspan=\"3\" width=\"45%\" style=\"background-color: #dfdfdf; font-size: 8pt;\"><center><b><a href=\"/wiki/Muggle-Born_Registration_Commission\" title=\"Muggle-Born Registration Commission\">Muggle-Born Registration Commission</a> members</b></center>\n</td></tr>\n<tr>\n<td colspan=\"3\" style=\"font-size: 8pt;\"><center><a href=\"/wiki/Dolores_Umbridge\" title=\"Dolores Umbridge\">Dolores Umbridge</a> &#183; <a href=\"/wiki/Yaxley\" class=\"mw-redirect\" title=\"Yaxley\">Yaxley</a></center>\n</td></tr></tbody></table></div>"}]}}}}