{"batchcomplete": "", "warnings": {"main": {"*": "Subscribe to the mediawiki-api-announce mailing list at <https://lists.wikimedia.org/mailman/listinfo/mediawiki-api-announce> for notice of API deprecations and breaking changes."}, "revisions": {"*": "The parameter \"rvparse\" has been deprecated.\nBecause \"rvslots\" was not specified, a legacy format has been used for the output. This format is deprecated, and in the future the new format will always be used."}}, "query": {"normalized": [{"from": "Amy_Benson", "to": "Amy Benson"}], "pages": {"3233": {"pageid": 3233, "ns": 0, "title": "Amy Benson", "revisions": [{"*": "<div class=\"mw-parser-output\"><div class=\"notice metadata\" id=\"spoiler\" style=\"text-align: center; background: #DCDCDC; margin: 1em 05%; padding: 0 1em; border: #696969 1px solid;\">\n<p><b>\"Point me!\"</b>\n</p>\nThis article is about <b>the Muggle girl</b>. You may be looking for <b><a href=\"/wiki/Amy_(disambiguation)\" title=\"Amy (disambiguation)\">another Amy</a></b>.</div>\n<p>\n<aside role=\"region\" class=\"portable-infobox pi-background pi-theme-muggle pi-layout-default\"><section class=\"pi-item pi-group pi-border-color\">\n\t\n<h2 class=\"pi-item pi-item-spacing pi-title\" data-source=\"name\">Amy Benson</h2>\n\n</section>\n<section class=\"pi-item pi-group pi-border-color\">\n\t<h2 class=\"pi-item pi-header pi-secondary-font pi-item-spacing pi-secondary-background\">Biographical information</h2>\n\n<div class=\"pi-item pi-data pi-item-spacing pi-border-color\" data-source=\"blood\">\n\t\n\t\t<h3 class=\"pi-data-label pi-secondary-font\">Blood status</h3>\n\t\n\t<div class=\"pi-data-value pi-font\"><a href=\"/wiki/Non-magic_people\" title=\"Non-magic people\">Muggle</a></div>\n</div>\n\n</section>\n<section class=\"pi-item pi-group pi-border-color\">\n\t<h2 class=\"pi-item pi-header pi-secondary-font pi-item-spacing pi-secondary-background\">Physical information</h2>\n\n<div class=\"pi-item pi-data pi-item-spacing pi-border-color\" data-source=\"species\">\n\t\n\t\t<h3 class=\"pi-data-label pi-secondary-font\">Species</h3>\n\t\n\t<div class=\"pi-data-value pi-font\"><a href=\"/wiki/Human\" title=\"Human\">Human</a></div>\n</div>\n\n<div class=\"pi-item pi-data pi-item-spacing pi-border-color\" data-source=\"gender\">\n\t\n\t\t<h3 class=\"pi-data-label pi-secondary-font\">Gender</h3>\n\t\n\t<div class=\"pi-data-value pi-font\">Female</div>\n</div>\n\n</section>\n<section class=\"pi-item pi-group pi-border-color\">\n\t<h2 class=\"pi-item pi-header pi-secondary-font pi-item-spacing pi-secondary-background\">Affiliation</h2>\n\n<div class=\"pi-item pi-data pi-item-spacing pi-border-color\" data-source=\"loyalty\">\n\t\n\t\t<h3 class=\"pi-data-label pi-secondary-font\">Loyalty</h3>\n\t\n\t<div class=\"pi-data-value pi-font\"><a href=\"/wiki/Wool%27s_Orphanage\" title=\"Wool&#039;s Orphanage\">Wool's Orphanage</a></div>\n</div>\n\n</section>\n<nav class=\"pi-navigation pi-item-spacing pi-secondary-background pi-secondary-font\"><small><a href=\"/wiki/Template:Individual_infobox\" title=\"Template:Individual infobox\">[Source]</a><span class=\"hidable-button\"></span></small></nav>\n</aside>\n\n</p>\n<div class=\"quote\">\n<dl><dd><span title=\"Source:&#160;Harry Potter and the Half-Blood Prince\">\"<i>They were funny... Never the same again.</i>\"</span></dd>\n<dd>&#8212;<a href=\"/wiki/Cole\" title=\"Cole\">Mrs Cole</a> to <a href=\"/wiki/Albus_Dumbledore\" title=\"Albus Dumbledore\">Albus Dumbledore</a><sup class=\"noprint\"><a href=\"/wiki/Harry_Potter_and_the_Half-Blood_Prince\" title=\"Harry Potter and the Half-Blood Prince\">[src]</a></sup></dd>\n<dd></dd></dl></div>\n<p><b>Amy Benson</b> was a resident at <a href=\"/wiki/Wool%27s_Orphanage\" title=\"Wool&#39;s Orphanage\">Wool's Orphanage</a>, where <a href=\"/wiki/Tom_Riddle\" title=\"Tom Riddle\">Tom Riddle</a> also resided as a child, from his birth on <a href=\"/wiki/31_December\" title=\"31 December\">31 December</a>, <a href=\"/wiki/1926\" title=\"1926\">1926</a> to sometime before <a href=\"/wiki/1_September\" title=\"1 September\">1 September</a>, <a href=\"/wiki/1938\" title=\"1938\">1938</a>.<sup id=\"cite_ref-HBP13_1-0\" class=\"reference\"><a href=\"#cite_note-HBP13-1\">&#91;1&#93;</a></sup>\n</p>\n<div id=\"toc\" class=\"toc\"><input type=\"checkbox\" role=\"button\" id=\"toctogglecheckbox\" class=\"toctogglecheckbox\" style=\"display:none\" /><div class=\"toctitle\" lang=\"en\" dir=\"ltr\"><h2>Contents</h2><span class=\"toctogglespan\"><label class=\"toctogglelabel\" for=\"toctogglecheckbox\"></label></span></div>\n<ul>\n<li class=\"toclevel-1 tocsection-1\"><a href=\"#Biography\"><span class=\"tocnumber\">1</span> <span class=\"toctext\">Biography</span></a></li>\n<li class=\"toclevel-1 tocsection-2\"><a href=\"#Etymology\"><span class=\"tocnumber\">2</span> <span class=\"toctext\">Etymology</span></a></li>\n<li class=\"toclevel-1 tocsection-3\"><a href=\"#Behind_the_scenes\"><span class=\"tocnumber\">3</span> <span class=\"toctext\">Behind the scenes</span></a></li>\n<li class=\"toclevel-1 tocsection-4\"><a href=\"#Appearances\"><span class=\"tocnumber\">4</span> <span class=\"toctext\">Appearances</span></a></li>\n<li class=\"toclevel-1 tocsection-5\"><a href=\"#Notes_and_references\"><span class=\"tocnumber\">5</span> <span class=\"toctext\">Notes and references</span></a></li>\n</ul>\n</div>\n\n<h2><span class=\"mw-headline\" id=\"Biography\">Biography</span><span class=\"mw-editsection\"><span class=\"mw-editsection-bracket\">[</span><a href=\"/wiki/Amy_Benson?veaction=edit&amp;section=1\" class=\"mw-editsection-visualeditor\" title=\"Edit section: Biography\">edit</a><span class=\"mw-editsection-divider\"> | </span><a href=\"/wiki/Amy_Benson?action=edit&amp;section=1\" title=\"Edit section: Biography\"><svg class=\"wds-icon wds-icon-tiny section-edit-pencil-icon\"><use xlink:href=\"#wds-icons-pencil-tiny\"></use></svg>edit source</a><span class=\"mw-editsection-bracket\">]</span></span></h2>\n<p>Tom took her, along with <a href=\"/wiki/Dennis_Bishop\" title=\"Dennis Bishop\">Dennis Bishop</a>, to a <a href=\"/wiki/The_Cave\" title=\"The Cave\">cave</a> near the spot, where the orphanage kids were taken on a trip. After the trip inside the cave, she and Dennis did not act the same and seemed strange. Tom seemed to have done something so terrible inside the cave that the two orphans were frightened into silence.<sup id=\"cite_ref-HBP13_1-1\" class=\"reference\"><a href=\"#cite_note-HBP13-1\">&#91;1&#93;</a></sup>\n</p>\n<h2><span class=\"mw-headline\" id=\"Etymology\">Etymology</span><span class=\"mw-editsection\"><span class=\"mw-editsection-bracket\">[</span><a href=\"/wiki/Amy_Benson?veaction=edit&amp;section=2\" class=\"mw-editsection-visualeditor\" title=\"Edit section: Etymology\">edit</a><span class=\"mw-editsection-divider\"> | </span><a href=\"/wiki/Amy_Benson?action=edit&amp;section=2\" title=\"Edit section: Etymology\"><svg class=\"wds-icon wds-icon-tiny section-edit-pencil-icon\"><use xlink:href=\"#wds-icons-pencil-tiny\"></use></svg>edit source</a><span class=\"mw-editsection-bracket\">]</span></span></h2>\n<p>The name \"Amy\" is the English form of the Old French name Am\u00e9e meaning \"beloved\" (modern French aim\u00e9e), a vernacular form of the Latin <a href=\"/wiki/Amata\" title=\"Amata\">Amata</a>.\n</p>\n<h2><span class=\"mw-headline\" id=\"Behind_the_scenes\">Behind the scenes</span><span class=\"mw-editsection\"><span class=\"mw-editsection-bracket\">[</span><a href=\"/wiki/Amy_Benson?veaction=edit&amp;section=3\" class=\"mw-editsection-visualeditor\" title=\"Edit section: Behind the scenes\">edit</a><span class=\"mw-editsection-divider\"> | </span><a href=\"/wiki/Amy_Benson?action=edit&amp;section=3\" title=\"Edit section: Behind the scenes\"><svg class=\"wds-icon wds-icon-tiny section-edit-pencil-icon\"><use xlink:href=\"#wds-icons-pencil-tiny\"></use></svg>edit source</a><span class=\"mw-editsection-bracket\">]</span></span></h2>\n<ul><li>In a deleted scene from the <a href=\"/wiki/Harry_Potter_and_the_Half-Blood_Prince_(film)\" title=\"Harry Potter and the Half-Blood Prince (film)\">film adaptation</a> of <i><a href=\"/wiki/Harry_Potter_and_the_Half-Blood_Prince\" title=\"Harry Potter and the Half-Blood Prince\">Harry Potter and the Half-Blood Prince</a></i>, <a href=\"/wiki/Albus_Dumbledore\" title=\"Albus Dumbledore\">Albus Dumbledore</a> stated that the children taken to the cave were Tom Riddle's \"fellow students\". This could imply that they were also students at <a href=\"/wiki/Hogwarts_School_of_Witchcraft_and_Wizardry\" title=\"Hogwarts School of Witchcraft and Wizardry\">Hogwarts School of Witchcraft and Wizardry</a>, but it is more likely that Tom attended another Muggle school with them for their early education, as indeed the orphanage, in place of parents, would be legally obliged to ensure they all did, from five years of age, in accordance with the Elementary Education Act 1880.</li></ul>\n<h2><span class=\"mw-headline\" id=\"Appearances\">Appearances</span><span class=\"mw-editsection\"><span class=\"mw-editsection-bracket\">[</span><a href=\"/wiki/Amy_Benson?veaction=edit&amp;section=4\" class=\"mw-editsection-visualeditor\" title=\"Edit section: Appearances\">edit</a><span class=\"mw-editsection-divider\"> | </span><a href=\"/wiki/Amy_Benson?action=edit&amp;section=4\" title=\"Edit section: Appearances\"><svg class=\"wds-icon wds-icon-tiny section-edit-pencil-icon\"><use xlink:href=\"#wds-icons-pencil-tiny\"></use></svg>edit source</a><span class=\"mw-editsection-bracket\">]</span></span></h2>\n<ul><li><i><a href=\"/wiki/Harry_Potter_and_the_Half-Blood_Prince\" title=\"Harry Potter and the Half-Blood Prince\">Harry Potter and the Half-Blood Prince</a></i> <small>(First mentioned)</small></li>\n<li><i><a href=\"/wiki/Harry_Potter_and_the_Half-Blood_Prince_(film)\" title=\"Harry Potter and the Half-Blood Prince (film)\">Harry Potter and the Half-Blood Prince (film)</a></i> <span class=\"template-c\">(Deleted scene)</span> <small>(Mentioned only)</small></li></ul>\n<h2><span class=\"mw-headline\" id=\"Notes_and_references\">Notes and references</span><span class=\"mw-editsection\"><span class=\"mw-editsection-bracket\">[</span><a href=\"/wiki/Amy_Benson?veaction=edit&amp;section=5\" class=\"mw-editsection-visualeditor\" title=\"Edit section: Notes and references\">edit</a><span class=\"mw-editsection-divider\"> | </span><a href=\"/wiki/Amy_Benson?action=edit&amp;section=5\" title=\"Edit section: Notes and references\"><svg class=\"wds-icon wds-icon-tiny section-edit-pencil-icon\"><use xlink:href=\"#wds-icons-pencil-tiny\"></use></svg>edit source</a><span class=\"mw-editsection-bracket\">]</span></span></h2>\n<div class=\"references-small\">\n<div class=\"mw-references-wrap\"><ol class=\"references\">\n<li id=\"cite_note-HBP13-1\"><span class=\"mw-cite-backlink\">\u2191 <sup><a href=\"#cite_ref-HBP13_1-0\">1.0</a></sup> <sup><a href=\"#cite_ref-HBP13_1-1\">1.1</a></sup></span> <span class=\"reference-text\"><i><a href=\"/wiki/Harry_Potter_and_the_Half-Blood_Prince\" title=\"Harry Potter and the Half-Blood Prince\">Harry Potter and the Half-Blood Prince</a></i>, Chapter 13 (<i>The Secret Riddle</i>)</span>\n</li>\n</ol></div></div></div>"}]}}}}