{"batchcomplete": "", "warnings": {"main": {"*": "Subscribe to the mediawiki-api-announce mailing list at <https://lists.wikimedia.org/mailman/listinfo/mediawiki-api-announce> for notice of API deprecations and breaking changes."}, "revisions": {"*": "The parameter \"rvparse\" has been deprecated.\nBecause \"rvslots\" was not specified, a legacy format has been used for the output. This format is deprecated, and in the future the new format will always be used."}}, "query": {"pages": {"190392": {"pageid": 190392, "ns": 0, "title": "Angel", "revisions": [{"*": "<div class=\"mw-parser-output\"><div class=\"notice metadata\" id=\"spoiler\" style=\"text-align: center; background: #DCDCDC; margin: 1em 05%; padding: 0 1em; border: #696969 1px solid;\">\n<p><b>\"Point me!\"</b>\n</p>\nThis article is about <b>the spiritual being</b>. You may be looking for <b><a href=\"/wiki/Angel_(pub)\" title=\"Angel (pub)\">the pub</a></b>.</div><p>An <b>angel</b> was a spiritual being believed to be messengers and warriors of <a href=\"/wiki/God\" title=\"God\">God</a> in by certain religions, including <a href=\"/wiki/Judaism\" title=\"Judaism\">Judaism</a>, <a href=\"/wiki/Christianity\" title=\"Christianity\">Christianity</a>, and <a href=\"/wiki/Islam\" title=\"Islam\">Islam</a>.<sup id=\"cite_ref-wikipedia_1-0\" class=\"reference\"><a href=\"#cite_note-wikipedia-1\">&#91;1&#93;</a></sup>\n</p><h2><span class=\"mw-headline\" id=\"History\">History</span><span class=\"mw-editsection\"><span class=\"mw-editsection-bracket\">[</span><a href=\"/wiki/Angel?veaction=edit&amp;section=1\" class=\"mw-editsection-visualeditor\" title=\"Edit section: History\">edit</a><span class=\"mw-editsection-divider\"> | </span><a href=\"/wiki/Angel?action=edit&amp;section=1\" title=\"Edit section: History\"><svg class=\"wds-icon wds-icon-tiny section-edit-pencil-icon\"><use xlink:href=\"#wds-icons-pencil-tiny\"></use></svg>edit source</a><span class=\"mw-editsection-bracket\">]</span></span></h2>\n<p>The book <i><a href=\"/wiki/The_Hierarchie_of_the_Blessed_Angells\" title=\"The Hierarchie of the Blessed Angells\">The Hierarchie of the Blessed Angells</a></i>, written by <a href=\"http://en.wikipedia.org/wiki/Thomas_Heywood\" class=\"extiw\" title=\"wikipedia:Thomas Heywood\">Thomas Heywood</a> and published in <a href=\"/wiki/1635\" class=\"mw-redirect\" title=\"1635\">1635</a>, detailed the <a href=\"http://en.wikipedia.org/wiki/Christian_angelic_hierarchy\" class=\"extiw\" title=\"wikipedia:Christian angelic hierarchy\">hierarchy</a> of angels accepted in Christian belief at the time, including their names, orders, and offices.<sup id=\"cite_ref-wikipedia2_2-0\" class=\"reference\"><a href=\"#cite_note-wikipedia2-2\">&#91;2&#93;</a></sup><sup id=\"cite_ref-HPLE_3-0\" class=\"reference\"><a href=\"#cite_note-HPLE-3\">&#91;3&#93;</a></sup> It also related the story of how <a href=\"/wiki/Devil\" title=\"Devil\">Lucifer</a> and other wicked angels were cast out of heaven.<sup id=\"cite_ref-HPLE_3-1\" class=\"reference\"><a href=\"#cite_note-HPLE-3\">&#91;3&#93;</a></sup>\n</p><p><a href=\"/wiki/Petunia_Dursley\" title=\"Petunia Dursley\">Petunia Dursley</a> frequently stated that her son, <a href=\"/wiki/Dudley_Dursley\" title=\"Dudley Dursley\">Dudley</a>, looked like a \"baby angel\" when he was a child.<sup id=\"cite_ref-PS2_4-0\" class=\"reference\"><a href=\"#cite_note-PS2-4\">&#91;4&#93;</a></sup>\n</p>\n<h2><span class=\"mw-headline\" id=\"Appearances\">Appearances</span><span class=\"mw-editsection\"><span class=\"mw-editsection-bracket\">[</span><a href=\"/wiki/Angel?veaction=edit&amp;section=2\" class=\"mw-editsection-visualeditor\" title=\"Edit section: Appearances\">edit</a><span class=\"mw-editsection-divider\"> | </span><a href=\"/wiki/Angel?action=edit&amp;section=2\" title=\"Edit section: Appearances\"><svg class=\"wds-icon wds-icon-tiny section-edit-pencil-icon\"><use xlink:href=\"#wds-icons-pencil-tiny\"></use></svg>edit source</a><span class=\"mw-editsection-bracket\">]</span></span></h2>\n<ul><li><i><a href=\"/wiki/Harry_Potter_and_the_Philosopher%27s_Stone\" title=\"Harry Potter and the Philosopher&#39;s Stone\">Harry Potter and the Philosopher's Stone</a></i> <small>(First mentioned)</small></li>\n<li><a href=\"/wiki/Harry_Potter_films\" class=\"mw-redirect\" title=\"Harry Potter films\"><i>Harry Potter</i> films</a> <span class=\"template-c\">(Mentioned on book cover)</span></li></ul>\n<h2><span class=\"mw-headline\" id=\"Notes_and_references\">Notes and references</span><span class=\"mw-editsection\"><span class=\"mw-editsection-bracket\">[</span><a href=\"/wiki/Angel?veaction=edit&amp;section=3\" class=\"mw-editsection-visualeditor\" title=\"Edit section: Notes and references\">edit</a><span class=\"mw-editsection-divider\"> | </span><a href=\"/wiki/Angel?action=edit&amp;section=3\" title=\"Edit section: Notes and references\"><svg class=\"wds-icon wds-icon-tiny section-edit-pencil-icon\"><use xlink:href=\"#wds-icons-pencil-tiny\"></use></svg>edit source</a><span class=\"mw-editsection-bracket\">]</span></span></h2>\n<div class=\"references-small\">\n<div class=\"mw-references-wrap\"><ol class=\"references\">\n<li id=\"cite_note-wikipedia-1\"><span class=\"mw-cite-backlink\"><a href=\"#cite_ref-wikipedia_1-0\">\u2191</a></span> <span class=\"reference-text\">\"<a href=\"http://en.wikipedia.org/wiki/Angel\" class=\"extiw\" title=\"wikipedia:Angel\">Angel</a>\" on Wikipedia</span>\n</li>\n<li id=\"cite_note-wikipedia2-2\"><span class=\"mw-cite-backlink\"><a href=\"#cite_ref-wikipedia2_2-0\">\u2191</a></span> <span class=\"reference-text\">\"<a target=\"_blank\" rel=\"noreferrer noopener\" class=\"external text\" href=\"https://en.wikipedia.org/wiki/Thomas_Heywood\">Thomas Heywood</a>\" on Wikipedia</span>\n</li>\n<li id=\"cite_note-HPLE-3\"><span class=\"mw-cite-backlink\">\u2191 <sup><a href=\"#cite_ref-HPLE_3-0\">3.0</a></sup> <sup><a href=\"#cite_ref-HPLE_3-1\">3.1</a></sup></span> <span class=\"reference-text\"><i><a href=\"/wiki/Harry_Potter_Limited_Edition\" title=\"Harry Potter Limited Edition\">Harry Potter Limited Edition</a></i>&#160;- <i><a href=\"/wiki/A_Guide_to_the_Graphic_Arts_Department:_Posters,_Prints,_and_Publications_from_the_Harry_Potter_Films\" title=\"A Guide to the Graphic Arts Department: Posters, Prints, and Publications from the Harry Potter Films\">A Guide to the Graphic Arts Department: Posters, Prints, and Publications from the Harry Potter Films</a></i> (see <a href=\"/wiki/File:The_Hierarchie_of_the_blessed_Angells.jpg\" title=\"File:The Hierarchie of the blessed Angells.jpg\">this image</a>)</span>\n</li>\n<li id=\"cite_note-PS2-4\"><span class=\"mw-cite-backlink\"><a href=\"#cite_ref-PS2_4-0\">\u2191</a></span> <span class=\"reference-text\"><i><a href=\"/wiki/Harry_Potter_and_the_Philosopher%27s_Stone\" title=\"Harry Potter and the Philosopher&#39;s Stone\">Harry Potter and the Philosopher's Stone</a></i>, Chapter 2 (<i>The Vanishing Glass</i>)</span>\n</li>\n</ol></div></div></div>"}]}}}}