{"batchcomplete": "", "warnings": {"main": {"*": "Subscribe to the mediawiki-api-announce mailing list at <https://lists.wikimedia.org/mailman/listinfo/mediawiki-api-announce> for notice of API deprecations and breaking changes."}, "revisions": {"*": "The parameter \"rvparse\" has been deprecated.\nBecause \"rvslots\" was not specified, a legacy format has been used for the output. This format is deprecated, and in the future the new format will always be used."}}, "query": {"normalized": [{"from": "Angelo_Benitez", "to": "Angelo Benitez"}], "pages": {"193045": {"pageid": 193045, "ns": 0, "title": "Angelo Benitez", "revisions": [{"*": "<div class=\"mw-parser-output\"><p>\n<aside role=\"region\" class=\"portable-infobox pi-background pi-theme-muggle pi-layout-default\"><section class=\"pi-item pi-group pi-border-color\">\n\t\n<h2 class=\"pi-item pi-item-spacing pi-title\" data-source=\"name\">Angelo Benitez</h2>\n\n</section>\n<section class=\"pi-item pi-group pi-border-color\">\n\t<h2 class=\"pi-item pi-header pi-secondary-font pi-item-spacing pi-secondary-background\">Biographical information</h2>\n\n<div class=\"pi-item pi-data pi-item-spacing pi-border-color\" data-source=\"blood\">\n\t\n\t\t<h3 class=\"pi-data-label pi-secondary-font\">Blood status</h3>\n\t\n\t<div class=\"pi-data-value pi-font\"><a href=\"/wiki/Muggle\" class=\"mw-redirect\" title=\"Muggle\">No-Maj</a></div>\n</div>\n\n</section>\n<section class=\"pi-item pi-group pi-border-color\">\n\t<h2 class=\"pi-item pi-header pi-secondary-font pi-item-spacing pi-secondary-background\">Physical information</h2>\n\n<div class=\"pi-item pi-data pi-item-spacing pi-border-color\" data-source=\"species\">\n\t\n\t\t<h3 class=\"pi-data-label pi-secondary-font\">Species</h3>\n\t\n\t<div class=\"pi-data-value pi-font\">Human</div>\n</div>\n\n<div class=\"pi-item pi-data pi-item-spacing pi-border-color\" data-source=\"gender\">\n\t\n\t\t<h3 class=\"pi-data-label pi-secondary-font\">Gender</h3>\n\t\n\t<div class=\"pi-data-value pi-font\">Male</div>\n</div>\n\n</section>\n<section class=\"pi-item pi-group pi-border-color\">\n\t<h2 class=\"pi-item pi-header pi-secondary-font pi-item-spacing pi-secondary-background\">Affiliation</h2>\n\n<div class=\"pi-item pi-data pi-item-spacing pi-border-color\" data-source=\"job\">\n\t\n\t\t<h3 class=\"pi-data-label pi-secondary-font\">Occupation</h3>\n\t\n\t<div class=\"pi-data-value pi-font\">Actor</div>\n</div>\n\n</section>\n<nav class=\"pi-navigation pi-item-spacing pi-secondary-background pi-secondary-font\"><small><a href=\"/wiki/Template:Individual_infobox\" title=\"Template:Individual infobox\">[Source]</a><span class=\"hidable-button\"></span></small></nav>\n</aside>\n\n<b>Angelo Benitez</b> was a <a href=\"/wiki/Muggle\" class=\"mw-redirect\" title=\"Muggle\">No-Maj</a> actor in the early <a href=\"/wiki/20th_century\" title=\"20th century\">20th century</a>.<sup id=\"cite_ref-poster_1-0\" class=\"reference\"><a href=\"#cite_note-poster-1\">&#91;1&#93;</a></sup><sup id=\"cite_ref-neonsign_2-0\" class=\"reference\"><a href=\"#cite_note-neonsign-2\">&#91;2&#93;</a></sup> \n</p><p>He starred in a production of the musical <i><a href=\"/wiki/Two_to_Tango\" title=\"Two to Tango\">Two to Tango</a></i> that was staged at <a href=\"/wiki/The_Kingly_Court\" title=\"The Kingly Court\">The Kingly Court</a> in <a href=\"/wiki/Times_Square\" title=\"Times Square\">Times Square</a> in <a href=\"/wiki/New_York\" title=\"New York\">New York</a> in <a href=\"/wiki/1926\" title=\"1926\">1926</a>.<sup id=\"cite_ref-poster_1-1\" class=\"reference\"><a href=\"#cite_note-poster-1\">&#91;1&#93;</a></sup><sup id=\"cite_ref-neonsign_2-1\" class=\"reference\"><a href=\"#cite_note-neonsign-2\">&#91;2&#93;</a></sup>\n</p>\n<h2><span class=\"mw-headline\" id=\"Appearances\">Appearances</span><span class=\"mw-editsection\"><span class=\"mw-editsection-bracket\">[</span><a href=\"/wiki/Angelo_Benitez?veaction=edit&amp;section=1\" class=\"mw-editsection-visualeditor\" title=\"Edit section: Appearances\">edit</a><span class=\"mw-editsection-divider\"> | </span><a href=\"/wiki/Angelo_Benitez?action=edit&amp;section=1\" title=\"Edit section: Appearances\"><svg class=\"wds-icon wds-icon-tiny section-edit-pencil-icon\"><use xlink:href=\"#wds-icons-pencil-tiny\"></use></svg>edit source</a><span class=\"mw-editsection-bracket\">]</span></span></h2>\n<ul><li><i><a href=\"/wiki/Fantastic_Beasts_and_Where_to_Find_Them_(film)\" title=\"Fantastic Beasts and Where to Find Them (film)\">Fantastic Beasts and Where to Find Them (film)</a></i> <span class=\"template-c\">(Mentioned on a poster and sign)</span></li></ul>\n<h2><span class=\"mw-headline\" id=\"Notes_and_references\">Notes and references</span><span class=\"mw-editsection\"><span class=\"mw-editsection-bracket\">[</span><a href=\"/wiki/Angelo_Benitez?veaction=edit&amp;section=2\" class=\"mw-editsection-visualeditor\" title=\"Edit section: Notes and references\">edit</a><span class=\"mw-editsection-divider\"> | </span><a href=\"/wiki/Angelo_Benitez?action=edit&amp;section=2\" title=\"Edit section: Notes and references\"><svg class=\"wds-icon wds-icon-tiny section-edit-pencil-icon\"><use xlink:href=\"#wds-icons-pencil-tiny\"></use></svg>edit source</a><span class=\"mw-editsection-bracket\">]</span></span></h2>\n<div class=\"references-small\">\n<div class=\"mw-references-wrap\"><ol class=\"references\">\n<li id=\"cite_note-poster-1\"><span class=\"mw-cite-backlink\">\u2191 <sup><a href=\"#cite_ref-poster_1-0\">1.0</a></sup> <sup><a href=\"#cite_ref-poster_1-1\">1.1</a></sup></span> <span class=\"reference-text\"><i><a href=\"/wiki/Fantastic_Beasts_and_Where_to_Find_Them_(film)\" title=\"Fantastic Beasts and Where to Find Them (film)\">Fantastic Beasts and Where to Find Them (film)</a></i> (see <a href=\"/wiki/File:Two_to_Tango.png\" title=\"File:Two to Tango.png\">this image</a>)</span>\n</li>\n<li id=\"cite_note-neonsign-2\"><span class=\"mw-cite-backlink\">\u2191 <sup><a href=\"#cite_ref-neonsign_2-0\">2.0</a></sup> <sup><a href=\"#cite_ref-neonsign_2-1\">2.1</a></sup></span> <span class=\"reference-text\"><i><a href=\"/wiki/Fantastic_Beasts_and_Where_to_Find_Them_(film)\" title=\"Fantastic Beasts and Where to Find Them (film)\">Fantastic Beasts and Where to Find Them (film)</a></i> (see <a href=\"/wiki/File:OrpheumNewYork.jpg\" title=\"File:OrpheumNewYork.jpg\">this image</a>)</span>\n</li>\n</ol></div></div></div>"}]}}}}