{"batchcomplete": "", "warnings": {"main": {"*": "Subscribe to the mediawiki-api-announce mailing list at <https://lists.wikimedia.org/mailman/listinfo/mediawiki-api-announce> for notice of API deprecations and breaking changes."}, "revisions": {"*": "The parameter \"rvparse\" has been deprecated.\nBecause \"rvslots\" was not specified, a legacy format has been used for the output. This format is deprecated, and in the future the new format will always be used."}}, "query": {"normalized": [{"from": "Angelica_Cole", "to": "Angelica Cole"}], "pages": {"205897": {"pageid": 205897, "ns": 0, "title": "Angelica Cole", "revisions": [{"*": "<div class=\"mw-parser-output\"><table class=\"notice metadata\" id=\"spoiler\" style=\"text-align: center; background: beige; margin: 1em 05%; padding: 0 1em; border: #a00 1px solid;\">\n\n<tbody><tr>\n<td><a href=\"https://static.wikia.nocookie.net/harrypotter/images/8/8c/Hogwarts_Mystery.jpeg/revision/latest?cb=20180504083359\" class=\"image\"><img alt=\"Hogwarts Mystery.jpeg\" src=\"https://static.wikia.nocookie.net/harrypotter/images/8/8c/Hogwarts_Mystery.jpeg/revision/latest/scale-to-width-down/175?cb=20180504083359\" decoding=\"async\" width=\"175\" height=\"77\" data-image-name=\"Hogwarts Mystery.jpeg\" data-image-key=\"Hogwarts_Mystery.jpeg\" /></a>\n</td>\n<td><b>Warning!</b>\n<p>At least some content in this article is derived from information featured in <i><a href=\"/wiki/Harry_Potter:_Hogwarts_Mystery\" title=\"Harry Potter: Hogwarts Mystery\">Harry Potter: Hogwarts Mystery</a></i>. Spoilers will be present within the article.\n</p>\n</td></tr></tbody></table>\n<p>\n<aside role=\"region\" class=\"portable-infobox pi-background pi-theme-gryffindor pi-layout-default\">\n<figure class=\"pi-item pi-image\" data-source=\"image\">\n\t<a href=\"https://static.wikia.nocookie.net/harrypotter/images/0/03/Angelica_Cole.png/revision/latest?cb=20180128193315\" class=\"image image-thumbnail\"\n\t   title=\"\">\n\t\t<img src=\"https://static.wikia.nocookie.net/harrypotter/images/0/03/Angelica_Cole.png/revision/latest/scale-to-width-down/350?cb=20180128193315\" srcset=\"https://static.wikia.nocookie.net/harrypotter/images/0/03/Angelica_Cole.png/revision/latest/scale-to-width-down/350?cb=20180128193315 1x, https://static.wikia.nocookie.net/harrypotter/images/0/03/Angelica_Cole.png/revision/latest/scale-to-width-down/699?cb=20180128193315 2x\" class=\"pi-image-thumbnail\" alt=\"\" width=\"270\" height=\"307\"\n\t\t     data-image-key=\"Angelica_Cole.png\" data-image-name=\"Angelica Cole.png\"/>\n\t\t\n\t</a>\n\t\n</figure>\n<section class=\"pi-item pi-group pi-border-color\">\n\t\n<h2 class=\"pi-item pi-item-spacing pi-title\" data-source=\"name\">Angelica Cole</h2>\n\n</section>\n<section class=\"pi-item pi-group pi-border-color\">\n\t<h2 class=\"pi-item pi-header pi-secondary-font pi-item-spacing pi-secondary-background\">Biographical information</h2>\n\n<div class=\"pi-item pi-data pi-item-spacing pi-border-color\" data-source=\"born\">\n\t\n\t\t<h3 class=\"pi-data-label pi-secondary-font\">Born</h3>\n\t\n\t<div class=\"pi-data-value pi-font\">Between <a href=\"/wiki/1_September\" title=\"1 September\">1 September</a> <a href=\"/wiki/1968\" title=\"1968\">1968</a> and <a href=\"/wiki/31_August\" title=\"31 August\">31 August</a> <a href=\"/wiki/1969\" title=\"1969\">1969</a><sup id=\"cite_ref-age_1-0\" class=\"reference\"><a href=\"#cite_note-age-1\">&#91;1&#93;</a></sup></div>\n</div>\n\n<div class=\"pi-item pi-data pi-item-spacing pi-border-color\" data-source=\"nationality\">\n\t\n\t\t<h3 class=\"pi-data-label pi-secondary-font\">Nationality</h3>\n\t\n\t<div class=\"pi-data-value pi-font\"><a href=\"/wiki/Great_Britain\" title=\"Great Britain\">British</a> or <a href=\"/wiki/Ireland\" title=\"Ireland\">Irish</a><sup id=\"cite_ref-2\" class=\"reference\"><a href=\"#cite_note-2\">&#91;2&#93;</a></sup></div>\n</div>\n\n<div class=\"pi-item pi-data pi-item-spacing pi-border-color\" data-source=\"title\">\n\t\n\t\t<h3 class=\"pi-data-label pi-secondary-font\">Title(s)</h3>\n\t\n\t<div class=\"pi-data-value pi-font\"><ul><li><a href=\"/wiki/Prefect\" title=\"Prefect\">Prefect</a></li><li><a href=\"/wiki/Quidditch_Captain#Hogwarts_Quidditch_Captains\" title=\"Quidditch Captain\">Quidditch Captain</a><sup id=\"cite_ref-Y3SQ_3-0\" class=\"reference\"><a href=\"#cite_note-Y3SQ-3\">&#91;3&#93;</a></sup></li></ul></div>\n</div>\n\n</section>\n<section class=\"pi-item pi-group pi-border-color\">\n\t<h2 class=\"pi-item pi-header pi-secondary-font pi-item-spacing pi-secondary-background\">Physical information</h2>\n\n<div class=\"pi-item pi-data pi-item-spacing pi-border-color\" data-source=\"species\">\n\t\n\t\t<h3 class=\"pi-data-label pi-secondary-font\">Species</h3>\n\t\n\t<div class=\"pi-data-value pi-font\"><a href=\"/wiki/Human\" title=\"Human\">Human</a></div>\n</div>\n\n<div class=\"pi-item pi-data pi-item-spacing pi-border-color\" data-source=\"gender\">\n\t\n\t\t<h3 class=\"pi-data-label pi-secondary-font\">Gender</h3>\n\t\n\t<div class=\"pi-data-value pi-font\">Female</div>\n</div>\n\n<div class=\"pi-item pi-data pi-item-spacing pi-border-color\" data-source=\"hair\">\n\t\n\t\t<h3 class=\"pi-data-label pi-secondary-font\">Hair colour</h3>\n\t\n\t<div class=\"pi-data-value pi-font\">Brown</div>\n</div>\n\n<div class=\"pi-item pi-data pi-item-spacing pi-border-color\" data-source=\"eyes\">\n\t\n\t\t<h3 class=\"pi-data-label pi-secondary-font\">Eye colour</h3>\n\t\n\t<div class=\"pi-data-value pi-font\">Brown</div>\n</div>\n\n<div class=\"pi-item pi-data pi-item-spacing pi-border-color\" data-source=\"skin\">\n\t\n\t\t<h3 class=\"pi-data-label pi-secondary-font\">Skin colour</h3>\n\t\n\t<div class=\"pi-data-value pi-font\">Dark</div>\n</div>\n\n</section>\n<section class=\"pi-item pi-group pi-border-color\">\n\t<h2 class=\"pi-item pi-header pi-secondary-font pi-item-spacing pi-secondary-background\">Relationship information</h2>\n\n<div class=\"pi-item pi-data pi-item-spacing pi-border-color\" data-source=\"family\">\n\t\n\t\t<h3 class=\"pi-data-label pi-secondary-font\">Family members</h3>\n\t\n\t<div class=\"pi-data-value pi-font\"><a href=\"/wiki/Cole_family\" title=\"Cole family\">Cole family</a></div>\n</div>\n\n</section>\n<section class=\"pi-item pi-group pi-border-color\">\n\t<h2 class=\"pi-item pi-header pi-secondary-font pi-item-spacing pi-secondary-background\">Affiliation</h2>\n\n<div class=\"pi-item pi-data pi-item-spacing pi-border-color\" data-source=\"job\">\n\t\n\t\t<h3 class=\"pi-data-label pi-secondary-font\">Occupation</h3>\n\t\n\t<div class=\"pi-data-value pi-font\"><a href=\"/wiki/Security_troll\" title=\"Security troll\">Security troll</a> Trainer</div>\n</div>\n\n<div class=\"pi-item pi-data pi-item-spacing pi-border-color\" data-source=\"house\">\n\t\n\t\t<h3 class=\"pi-data-label pi-secondary-font\">House</h3>\n\t\n\t<div class=\"pi-data-value pi-font\"><a href=\"/wiki/Gryffindor\" title=\"Gryffindor\">Gryffindor</a></div>\n</div>\n\n<div class=\"pi-item pi-data pi-item-spacing pi-border-color\" data-source=\"loyalty\">\n\t\n\t\t<h3 class=\"pi-data-label pi-secondary-font\">Loyalty</h3>\n\t\n\t<div class=\"pi-data-value pi-font\"><ul><li><a href=\"/wiki/Hogwarts_School_of_Witchcraft_and_Wizardry\" title=\"Hogwarts School of Witchcraft and Wizardry\">Hogwarts School of Witchcraft and Wizardry</a><ul><li><a href=\"/wiki/Gryffindor\" title=\"Gryffindor\">Gryffindor</a><ul><li><a href=\"/wiki/Gryffindor_Quidditch_team\" title=\"Gryffindor Quidditch team\">Gryffindor Quidditch team</a></li></ul></li></ul></li><li><a href=\"/wiki/Cole_family\" title=\"Cole family\">Cole family</a></li></ul></div>\n</div>\n\n</section>\n<nav class=\"pi-navigation pi-item-spacing pi-secondary-background pi-secondary-font\"><small><a href=\"/wiki/Template:Individual_infobox\" title=\"Template:Individual infobox\">[Source]</a><span class=\"hidable-button\"></span></small></nav>\n</aside>\n\n<b>Angelica Cole</b> was a <a href=\"/wiki/Wizardkind\" title=\"Wizardkind\">witch</a> who began attending <a href=\"/wiki/Hogwarts_School_of_Witchcraft_and_Wizardry\" title=\"Hogwarts School of Witchcraft and Wizardry\">Hogwarts School of Witchcraft and Wizardry</a> in <a href=\"/wiki/1980\" title=\"1980\">1980</a><sup id=\"cite_ref-age_1-1\" class=\"reference\"><a href=\"#cite_note-age-1\">&#91;1&#93;</a></sup><sup id=\"cite_ref-graduation_4-0\" class=\"reference\"><a href=\"#cite_note-graduation-4\">&#91;4&#93;</a></sup> and was <a href=\"/wiki/Sorting_ceremony\" title=\"Sorting ceremony\">Sorted</a> into <a href=\"/wiki/Gryffindor\" title=\"Gryffindor\">Gryffindor</a>. In <a href=\"/wiki/1984\" title=\"1984\">1984</a>, she was made a <a href=\"/wiki/Prefect\" title=\"Prefect\">Prefect</a>, and was responsible for watching over the <a href=\"/wiki/First_year\" title=\"First year\">first years</a>.<sup id=\"cite_ref-5\" class=\"reference\"><a href=\"#cite_note-5\">&#91;5&#93;</a></sup>\n</p><p>Angelica was still at Hogwarts the following two years and graduated in <a href=\"/wiki/1987\" title=\"1987\">1987</a>.<sup id=\"cite_ref-graduation_4-1\" class=\"reference\"><a href=\"#cite_note-graduation-4\">&#91;4&#93;</a></sup>\n</p>\n<div id=\"toc\" class=\"toc\"><input type=\"checkbox\" role=\"button\" id=\"toctogglecheckbox\" class=\"toctogglecheckbox\" style=\"display:none\" /><div class=\"toctitle\" lang=\"en\" dir=\"ltr\"><h2>Contents</h2><span class=\"toctogglespan\"><label class=\"toctogglelabel\" for=\"toctogglecheckbox\"></label></span></div>\n<ul>\n<li class=\"toclevel-1 tocsection-1\"><a href=\"#Biography\"><span class=\"tocnumber\">1</span> <span class=\"toctext\">Biography</span></a>\n<ul>\n<li class=\"toclevel-2 tocsection-2\"><a href=\"#Hogwarts_years_.281980.E2.80.931987.29\"><span class=\"tocnumber\">1.1</span> <span class=\"toctext\">Hogwarts years <span>(1980\u20131987)</span></span></a></li>\n<li class=\"toclevel-2 tocsection-3\"><a href=\"#After_Hogwarts_.281987.E2.80.93.29\"><span class=\"tocnumber\">1.2</span> <span class=\"toctext\">After Hogwarts <span>(1987\u2013)</span></span></a></li>\n</ul>\n</li>\n<li class=\"toclevel-1 tocsection-4\"><a href=\"#Behind_the_scenes\"><span class=\"tocnumber\">2</span> <span class=\"toctext\">Behind the scenes</span></a></li>\n<li class=\"toclevel-1 tocsection-5\"><a href=\"#Appearances\"><span class=\"tocnumber\">3</span> <span class=\"toctext\">Appearances</span></a></li>\n<li class=\"toclevel-1 tocsection-6\"><a href=\"#Notes_and_references\"><span class=\"tocnumber\">4</span> <span class=\"toctext\">Notes and references</span></a></li>\n</ul>\n</div>\n\n<h2><span class=\"mw-headline\" id=\"Biography\">Biography</span><span class=\"mw-editsection\"><span class=\"mw-editsection-bracket\">[</span><a href=\"/wiki/Angelica_Cole?veaction=edit&amp;section=1\" class=\"mw-editsection-visualeditor\" title=\"Edit section: Biography\">edit</a><span class=\"mw-editsection-divider\"> | </span><a href=\"/wiki/Angelica_Cole?action=edit&amp;section=1\" title=\"Edit section: Biography\"><svg class=\"wds-icon wds-icon-tiny section-edit-pencil-icon\"><use xlink:href=\"#wds-icons-pencil-tiny\"></use></svg>edit source</a><span class=\"mw-editsection-bracket\">]</span></span></h2>\n<h3><span id=\"Hogwarts_years_(1980\u20131987)\"></span><span class=\"mw-headline\" id=\"Hogwarts_years_.281980.E2.80.931987.29\">Hogwarts years <span class=\"template-c\">(1980\u20131987)</span></span><span class=\"mw-editsection\"><span class=\"mw-editsection-bracket\">[</span><a href=\"/wiki/Angelica_Cole?veaction=edit&amp;section=2\" class=\"mw-editsection-visualeditor\" title=\"Edit section: Hogwarts years (1980\u20131987)\">edit</a><span class=\"mw-editsection-divider\"> | </span><a href=\"/wiki/Angelica_Cole?action=edit&amp;section=2\" title=\"Edit section: Hogwarts years (1980\u20131987)\"><svg class=\"wds-icon wds-icon-tiny section-edit-pencil-icon\"><use xlink:href=\"#wds-icons-pencil-tiny\"></use></svg>edit source</a><span class=\"mw-editsection-bracket\">]</span></span></h3>\n<p>Angelica became a Prefect in <a href=\"/wiki/1984\" title=\"1984\">1984</a>. She also became the <a href=\"/wiki/Quidditch_Captain#Hogwarts_Quidditch_Captains\" title=\"Quidditch Captain\">captain</a> of the <a href=\"/wiki/Gryffindor_Quidditch_team\" title=\"Gryffindor Quidditch team\">Gryffindor Quidditch team</a>.<sup id=\"cite_ref-Y3SQ_3-1\" class=\"reference\"><a href=\"#cite_note-Y3SQ-3\">&#91;3&#93;</a></sup>\n</p><p>In the <a href=\"/wiki/1986%E2%80%931987_school_year\" title=\"1986\u20131987 school year\">1986\u20131987 school year</a>,<sup id=\"cite_ref-Y3SQTwitter_6-0\" class=\"reference\"><a href=\"#cite_note-Y3SQTwitter-6\">&#91;6&#93;</a></sup> she met up with <a href=\"/wiki/Jacob%27s_sibling\" title=\"Jacob&#39;s sibling\">Jacob's sibling</a> and <a href=\"/wiki/Nicholas_de_Mimsy-Porpington\" title=\"Nicholas de Mimsy-Porpington\">Nicholas de Mimsy-Porpington</a>. She revealed that she had always liked <a href=\"/wiki/Jacob_(Hogwarts_student)\" title=\"Jacob (Hogwarts student)\">Jacob</a>.<sup id=\"cite_ref-Y3SQ_3-2\" class=\"reference\"><a href=\"#cite_note-Y3SQ-3\">&#91;3&#93;</a></sup>\n</p><p>She graduated from Hogwarts in <a href=\"/wiki/1987\" title=\"1987\">1987</a>, and went on to join the <a href=\"/wiki/British_Ministry_of_Magic\" title=\"British Ministry of Magic\">Ministry</a>.<sup id=\"cite_ref-graduation_4-2\" class=\"reference\"><a href=\"#cite_note-graduation-4\">&#91;4&#93;</a></sup><sup id=\"cite_ref-7\" class=\"reference\"><a href=\"#cite_note-7\">&#91;7&#93;</a></sup>\n</p>\n<h3><span id=\"After_Hogwarts_(1987\u2013)\"></span><span class=\"mw-headline\" id=\"After_Hogwarts_.281987.E2.80.93.29\">After Hogwarts <span class=\"template-c\">(1987\u2013)</span></span><span class=\"mw-editsection\"><span class=\"mw-editsection-bracket\">[</span><a href=\"/wiki/Angelica_Cole?veaction=edit&amp;section=3\" class=\"mw-editsection-visualeditor\" title=\"Edit section: After Hogwarts (1987\u2013)\">edit</a><span class=\"mw-editsection-divider\"> | </span><a href=\"/wiki/Angelica_Cole?action=edit&amp;section=3\" title=\"Edit section: After Hogwarts (1987\u2013)\"><svg class=\"wds-icon wds-icon-tiny section-edit-pencil-icon\"><use xlink:href=\"#wds-icons-pencil-tiny\"></use></svg>edit source</a><span class=\"mw-editsection-bracket\">]</span></span></h3>\n<div class=\"quote\">\n<dl><dd><span title=\"Source:&#160;Harry Potter: Hogwarts Mystery\">\"<i>I'm a Security Troll Trainer. It's difficult work, but I like the challenge.</i>\"</span></dd>\n<dd>&#8212;Angelica Cole<sup class=\"noprint\"><a href=\"/wiki/Harry_Potter:_Hogwarts_Mystery\" title=\"Harry Potter: Hogwarts Mystery\">[src]</a></sup></dd>\n<dd></dd></dl></div>\n<p>After Hogwarts, Angelica was employed training <a href=\"/wiki/Security_troll\" title=\"Security troll\">Security trolls</a>.<sup id=\"cite_ref-Y5SQ_8-0\" class=\"reference\"><a href=\"#cite_note-Y5SQ-8\">&#91;8&#93;</a></sup>\n</p>\n<figure class=\"thumb tleft show-info-icon\" style=\"width: 182px\"> \t<a href=\"https://static.wikia.nocookie.net/harrypotter/images/f/f1/Prefect_Convention.jpg/revision/latest?cb=20201103031412\" class=\"image\"><img alt=\"\" src=\"https://static.wikia.nocookie.net/harrypotter/images/f/f1/Prefect_Convention.jpg/revision/latest/scale-to-width-down/180?cb=20201103031412\" decoding=\"async\" width=\"180\" height=\"73\" class=\"thumbimage\" data-image-name=\"Prefect Convention.jpg\" data-image-key=\"Prefect_Convention.jpg\" /></a> \t \t<figcaption class=\"thumbcaption\"> \t\t \t\t\t<a href=\"/wiki/File:Prefect_Convention.jpg\" class=\"info-icon\"><svg><use xlink:href=\"#wds-icons-info-small\"></use></svg></a> \t\t \t\t \t\t \t\t\t<p class=\"caption\">Angelica meeting up with some other Prefects</p> \t\t \t</figcaption> </figure>\n<p>In <a href=\"/wiki/September\" title=\"September\">September</a> <a href=\"/wiki/1988\" title=\"1988\">1988</a>, she met up in the <a href=\"/wiki/Three_Broomsticks_Inn\" title=\"Three Broomsticks Inn\">Three Broomsticks Inn</a> with other former Prefects <a href=\"/wiki/Chester_Davies\" title=\"Chester Davies\">Chester Davies</a>, <a href=\"/wiki/Jane_Court\" title=\"Jane Court\">Jane Court</a> and <a href=\"/wiki/Felix_Rosier\" title=\"Felix Rosier\">Felix Rosier</a>, as well as <a href=\"/wiki/Head_Boy_or_Girl\" title=\"Head Boy or Girl\">Head Boy</a> <a href=\"/wiki/William_Weasley\" title=\"William Weasley\">William Weasley</a> and Prefects at the time like <a href=\"/wiki/Charles_Weasley\" title=\"Charles Weasley\">Charlie Weasley</a> and <a href=\"/wiki/Jacob%27s_sibling\" title=\"Jacob&#39;s sibling\">Jacob's sibling</a>.<sup id=\"cite_ref-Y5SQ_8-1\" class=\"reference\"><a href=\"#cite_note-Y5SQ-8\">&#91;8&#93;</a></sup> At the end of the school year, in the summer of <a href=\"/wiki/1989\" title=\"1989\">1989</a>, she attended Bill Weasley's graduation celebration in the same location.<sup id=\"cite_ref-9\" class=\"reference\"><a href=\"#cite_note-9\">&#91;9&#93;</a></sup>\n</p>\n<h2><span class=\"mw-headline\" id=\"Behind_the_scenes\">Behind the scenes</span><span class=\"mw-editsection\"><span class=\"mw-editsection-bracket\">[</span><a href=\"/wiki/Angelica_Cole?veaction=edit&amp;section=4\" class=\"mw-editsection-visualeditor\" title=\"Edit section: Behind the scenes\">edit</a><span class=\"mw-editsection-divider\"> | </span><a href=\"/wiki/Angelica_Cole?action=edit&amp;section=4\" title=\"Edit section: Behind the scenes\"><svg class=\"wds-icon wds-icon-tiny section-edit-pencil-icon\"><use xlink:href=\"#wds-icons-pencil-tiny\"></use></svg>edit source</a><span class=\"mw-editsection-bracket\">]</span></span></h2>\n<ul><li>In <i><a href=\"/wiki/Harry_Potter:_Hogwarts_Mystery\" title=\"Harry Potter: Hogwarts Mystery\">Harry Potter: Hogwarts Mystery</a></i>, given the fact that she left the <a href=\"/wiki/Gryffindor_vs._Slytherin_Quidditch_match_(1985)\" class=\"mw-redirect\" title=\"Gryffindor vs. Slytherin Quidditch match (1985)\">Gryffindor vs. Slytherin</a> match early in her sixth year (for <a href=\"/wiki/Ravenclaw\" title=\"Ravenclaw\">Ravenclaw</a> and <a href=\"/wiki/Slytherin\" title=\"Slytherin\">Slytherin</a> players),<sup id=\"cite_ref-10\" class=\"reference\"><a href=\"#cite_note-10\">&#91;10&#93;</a></sup> it is possible she only became a regular on the Gryffindor Quidditch team in her <a href=\"/wiki/Seventh_year\" title=\"Seventh year\">seventh year</a>, during which she was the team's Captain. This would not be the only case of a new player becoming Quidditch Captain, as it was the case with <a href=\"/wiki/Urquhart\" title=\"Urquhart\">Urquhart</a> and the <a href=\"/wiki/Slytherin_Quidditch_team\" title=\"Slytherin Quidditch team\">Slytherin Quidditch team</a> in the <a href=\"/wiki/1996%E2%80%931997_school_year\" title=\"1996\u20131997 school year\">1996\u20131997 school year</a>.<sup id=\"cite_ref-11\" class=\"reference\"><a href=\"#cite_note-11\">&#91;11&#93;</a></sup></li></ul>\n<h2><span class=\"mw-headline\" id=\"Appearances\">Appearances</span><span class=\"mw-editsection\"><span class=\"mw-editsection-bracket\">[</span><a href=\"/wiki/Angelica_Cole?veaction=edit&amp;section=5\" class=\"mw-editsection-visualeditor\" title=\"Edit section: Appearances\">edit</a><span class=\"mw-editsection-divider\"> | </span><a href=\"/wiki/Angelica_Cole?action=edit&amp;section=5\" title=\"Edit section: Appearances\"><svg class=\"wds-icon wds-icon-tiny section-edit-pencil-icon\"><use xlink:href=\"#wds-icons-pencil-tiny\"></use></svg>edit source</a><span class=\"mw-editsection-bracket\">]</span></span></h2>\n<div class=\"noprint\" style=\"float: right; clear: right; margin-top: 2px; margin-left: 2px; margin-bottom: 2px; background-color: #D8E9FC; text-align: left; font-size: 90%; width: 250px;\"><span class=\"rtop\" style=\"\"><span class=\"r1\" style=\"background: #D8E9FC\"></span><span class=\"r2\" style=\"background: #D8E9FC\"></span><span class=\"r3\" style=\"background: #D8E9FC\"></span><span class=\"r4\" style=\"background: #D8E9FC\"></span></span><div style=\"float:left; margin-left: 5px;\"><a href=\"https://static.wikia.nocookie.net/harrypotter/images/b/bc/Wiki.png/revision/latest?cb=20091217124448\" class=\"image\"><img alt=\"Wiki.png\" src=\"https://static.wikia.nocookie.net/harrypotter/images/b/bc/Wiki.png/revision/latest/scale-to-width-down/35?cb=20091217124448\" decoding=\"async\" width=\"35\" height=\"21\" data-image-name=\"Wiki.png\" data-image-key=\"Wiki.png\" /></a></div><div style=\"margin-left:50px\">The Harry Potter Wiki has 3 images related to <i><b><a href=\"/wiki/Category:Images_of_Angelica_Cole\" title=\"Category:Images of Angelica Cole\">Angelica Cole</a></b></i>.</div><span class=\"content-bg rbottom\" style=\"\"><span class=\"r4\" style=\"background: #D8E9FC\"></span><span class=\"r3\" style=\"background: #D8E9FC\"></span><span class=\"r2\" style=\"background: #D8E9FC\"></span><span class=\"r1\" style=\"background: #D8E9FC\"></span></span></div>\n<ul><li><i><a href=\"/wiki/Harry_Potter:_Hogwarts_Mystery\" title=\"Harry Potter: Hogwarts Mystery\">Harry Potter: Hogwarts Mystery</a></i> <small>(First appearance)</small></li></ul>\n<h2><span class=\"mw-headline\" id=\"Notes_and_references\">Notes and references</span><span class=\"mw-editsection\"><span class=\"mw-editsection-bracket\">[</span><a href=\"/wiki/Angelica_Cole?veaction=edit&amp;section=6\" class=\"mw-editsection-visualeditor\" title=\"Edit section: Notes and references\">edit</a><span class=\"mw-editsection-divider\"> | </span><a href=\"/wiki/Angelica_Cole?action=edit&amp;section=6\" title=\"Edit section: Notes and references\"><svg class=\"wds-icon wds-icon-tiny section-edit-pencil-icon\"><use xlink:href=\"#wds-icons-pencil-tiny\"></use></svg>edit source</a><span class=\"mw-editsection-bracket\">]</span></span></h2>\n<div class=\"references-small\">\n<div class=\"mw-references-wrap mw-references-columns\"><ol class=\"references\">\n<li id=\"cite_note-age-1\"><span class=\"mw-cite-backlink\">\u2191 <sup><a href=\"#cite_ref-age_1-0\">1.0</a></sup> <sup><a href=\"#cite_ref-age_1-1\">1.1</a></sup></span> <span class=\"reference-text\"><i><a href=\"/wiki/Harry_Potter:_Hogwarts_Mystery\" title=\"Harry Potter: Hogwarts Mystery\">Harry Potter: Hogwarts Mystery</a></i>, Year 3, Side Quest \"Farewell My Prefect\" <span class=\"template-c\">(info revealed to <a href=\"/wiki/Gryffindor\" title=\"Gryffindor\">Gryffindor</a> players)</span></span>\n</li>\n<li id=\"cite_note-2\"><span class=\"mw-cite-backlink\"><a href=\"#cite_ref-2\">\u2191</a></span> <span class=\"reference-text\"><a target=\"_blank\" rel=\"noreferrer noopener\" class=\"external text\" href=\"http://www.accio-quote.org/articles/2000/0700-swns-alfie.htm\">\"World Exclusive Interview with J K Rowling,\" <i>South West News Service</i>, 8 July 2000</a>  - \"Hogwarts just serves Britain and Ireland.\"</span>\n</li>\n<li id=\"cite_note-Y3SQ-3\"><span class=\"mw-cite-backlink\">\u2191 <sup><a href=\"#cite_ref-Y3SQ_3-0\">3.0</a></sup> <sup><a href=\"#cite_ref-Y3SQ_3-1\">3.1</a></sup> <sup><a href=\"#cite_ref-Y3SQ_3-2\">3.2</a></sup></span> <span class=\"reference-text\"><i><a href=\"/wiki/Harry_Potter:_Hogwarts_Mystery\" title=\"Harry Potter: Hogwarts Mystery\">Harry Potter: Hogwarts Mystery</a></i>, Year 3, Side Quest \"Nearly Headless Nick\"</span>\n</li>\n<li id=\"cite_note-graduation-4\"><span class=\"mw-cite-backlink\">\u2191 <sup><a href=\"#cite_ref-graduation_4-0\">4.0</a></sup> <sup><a href=\"#cite_ref-graduation_4-1\">4.1</a></sup> <sup><a href=\"#cite_ref-graduation_4-2\">4.2</a></sup></span> <span class=\"reference-text\"><a target=\"_blank\" rel=\"noreferrer noopener\" class=\"external text\" href=\"https://.twitter.com/themattlondon/status/1005427171459026945\">For wiki clarity: Angelica, Chester, Jane, and Felix all entered Hogwarts Sept 1st 1980 and graduated Spring 1987.</a> by <a target=\"_blank\" rel=\"noreferrer noopener\" class=\"external text\" href=\"https://.twitter.com/themattlondon\">Matt London on Twitter</a></span>\n</li>\n<li id=\"cite_note-5\"><span class=\"mw-cite-backlink\"><a href=\"#cite_ref-5\">\u2191</a></span> <span class=\"reference-text\"><i><a href=\"/wiki/Harry_Potter:_Hogwarts_Mystery\" title=\"Harry Potter: Hogwarts Mystery\">Harry Potter: Hogwarts Mystery</a></i>, Year 1, Chapter 3 (<i>Dealing With Trouble</i>) <span class=\"template-c\">(info revealed to <a href=\"/wiki/Gryffindor\" title=\"Gryffindor\">Gryffindor</a> players)</span></span>\n</li>\n<li id=\"cite_note-Y3SQTwitter-6\"><span class=\"mw-cite-backlink\"><a href=\"#cite_ref-Y3SQTwitter_6-0\">\u2191</a></span> <span class=\"reference-text\"><a target=\"_blank\" rel=\"noreferrer noopener\" class=\"external text\" href=\"https://twitter.com/themattlondon/status/1005426309185630208\">Yes we wrote the NHNick quest to add more Year 3 story. It is set during Year 3. Once a side quest spawns we don\u2019t despawn it. That may cause continuity breaks (eg Ben missing and in common room) but getting to play the quests is more important.</a> by <a target=\"_blank\" rel=\"noreferrer noopener\" class=\"external text\" href=\"https://.twitter.com/themattlondon\">Matt London on Twitter</a></span>\n</li>\n<li id=\"cite_note-7\"><span class=\"mw-cite-backlink\"><a href=\"#cite_ref-7\">\u2191</a></span> <span class=\"reference-text\"><i><a href=\"/wiki/Harry_Potter:_Hogwarts_Mystery\" title=\"Harry Potter: Hogwarts Mystery\">Harry Potter: Hogwarts Mystery</a></i>, Year 4, Side Quest \"Become a Prefect!\"</span>\n</li>\n<li id=\"cite_note-Y5SQ-8\"><span class=\"mw-cite-backlink\">\u2191 <sup><a href=\"#cite_ref-Y5SQ_8-0\">8.0</a></sup> <sup><a href=\"#cite_ref-Y5SQ_8-1\">8.1</a></sup></span> <span class=\"reference-text\"><i><a href=\"/wiki/Harry_Potter:_Hogwarts_Mystery\" title=\"Harry Potter: Hogwarts Mystery\">Harry Potter: Hogwarts Mystery</a></i>, Year 5, Side Quest \"Yer a Prefect\"</span>\n</li>\n<li id=\"cite_note-9\"><span class=\"mw-cite-backlink\"><a href=\"#cite_ref-9\">\u2191</a></span> <span class=\"reference-text\"><i><a href=\"/wiki/Harry_Potter:_Hogwarts_Mystery\" title=\"Harry Potter: Hogwarts Mystery\">Harry Potter: Hogwarts Mystery</a></i>, Year 5, Chapter 33 (<i>Bye-Bye Bill</i>)</span>\n</li>\n<li id=\"cite_note-10\"><span class=\"mw-cite-backlink\"><a href=\"#cite_ref-10\">\u2191</a></span> <span class=\"reference-text\"><i><a href=\"/wiki/Harry_Potter:_Hogwarts_Mystery\" title=\"Harry Potter: Hogwarts Mystery\">Harry Potter: Hogwarts Mystery</a></i>, Year 2, Chapter 3 (<i>The Black Quill</i>) <span class=\"template-c\">(scenario only available for Slytherin or Ravenclaw players)</span></span>\n</li>\n<li id=\"cite_note-11\"><span class=\"mw-cite-backlink\"><a href=\"#cite_ref-11\">\u2191</a></span> <span class=\"reference-text\"><i><a href=\"/wiki/Harry_Potter_and_the_Half-Blood_Prince\" title=\"Harry Potter and the Half-Blood Prince\">Harry Potter and the Half-Blood Prince</a></i>, Chapter 14 (<i>Felix Felicis</i>)</span>\n</li>\n</ol></div></div>\n<table cellpadding=\"0\" cellspacing=\"0\" class=\"noprint hidable\" style=\"background: #f9f9f9; clear: both; margin: auto\">\n\n<tbody><tr>\n<td>\n<table class=\"navbox hidable-content\" border=\"0\" cellpadding=\"4\" cellspacing=\"0\" style=\"background: transparent\">\n\n<tbody><tr style=\"text-align: center;\">\n<td width=\"30%\">Preceded by:<br /><b>Unknown, eventually<br /><a href=\"/wiki/Sophia_Prickett\" title=\"Sophia Prickett\">Sophia Prickett</a></b>\n</td>\n<td width=\"40%\"><b>Captain of the <a href=\"/wiki/Gryffindor_Quidditch_team\" title=\"Gryffindor Quidditch team\">Gryffindor Quidditch team</a></b><br />Unknown\u2013<a href=\"/wiki/1987\" title=\"1987\">1987</a>\n</td>\n<td width=\"30%\">Succeeded by:<br /><b>Unknown, eventually<br /><a href=\"/wiki/Charles_Weasley\" title=\"Charles Weasley\">Charles Weasley</a></b>\n</td></tr>\n<tr style=\"text-align: center;\">\n<td width=\"30%\">Preceded by:<br /><b>Unknown, eventually<br /><a href=\"/wiki/Minerva_McGonagall\" title=\"Minerva McGonagall\">Minerva McGonagall</a></b>\n</td>\n<td width=\"40%\"><b><a href=\"/wiki/Prefect#Gryffindor\" title=\"Prefect\">Female prefect of Gryffindor House</a><br />(along with two other female Gryffindors in different years taking the post)</b><br /><a href=\"/wiki/1984\" title=\"1984\">1984</a>\u2013<a href=\"/wiki/1987\" title=\"1987\">1987</a>\n</td>\n<td width=\"30%\">Succeeded by:<br /><b>Unknown, eventually <a href=\"/wiki/Unidentified_Gryffindor_prefect\" title=\"Unidentified Gryffindor prefect\">unidentified Prefect</a></b>\n</td></tr></tbody></table>\n</td></tr>\n<tr>\n<td style=\"text-align: center\"><span class=\"hidable-button\"></span>\n</td></tr></tbody></table>\n<div style=\"clear: both\"></div>\n<p><br clear=\"all\" />\n</p>\n<table style=\"margin:0 auto; width: 90%; text-align:center;\" class=\"toccolours\" align=\"center\">\n\n<tbody><tr bgcolor=\"#white\">\n<th style=\"background:#ccd;\"><a href=\"/wiki/Quidditch\" title=\"Quidditch\">Quidditch</a> Positions at <a href=\"/wiki/Hogwarts_School_of_Witchcraft_and_Wizardry\" title=\"Hogwarts School of Witchcraft and Wizardry\">Hogwarts</a>\n</th></tr>\n<tr>\n<td><div class=\"center\"><div class=\"floatnone\"><a href=\"https://static.wikia.nocookie.net/harrypotter/images/a/a1/Golden-snitch-lrg.png/revision/latest?cb=20160731003110\" class=\"image\"><img alt=\"Golden-snitch-lrg.png\" src=\"data:image/gif;base64,R0lGODlhAQABAIABAAAAAP///yH5BAEAAAEALAAAAAABAAEAQAICTAEAOw%3D%3D\" decoding=\"async\" width=\"90\" height=\"67\" data-image-name=\"Golden-snitch-lrg.png\" data-image-key=\"Golden-snitch-lrg.png\" data-src=\"https://static.wikia.nocookie.net/harrypotter/images/a/a1/Golden-snitch-lrg.png/revision/latest/scale-to-width-down/90?cb=20160731003110\" class=\"lazyload\" /></a></div></div>\n</td></tr>\n<tr>\n<th style=\"background-color: #dfdfdf; font-size: 9pt;\"><a href=\"/wiki/Hogwarts_Quidditch_Captain\" class=\"mw-redirect\" title=\"Hogwarts Quidditch Captain\">Captains</a>\n</th></tr>\n<tr>\n<td style=\"font-size: 8pt;\"><a href=\"/wiki/Astrix_Alixan\" title=\"Astrix Alixan\">Astrix Alixan</a> \u00b7 <a href=\"/wiki/Filemina_Alchin\" title=\"Filemina Alchin\">Filemina Alchin</a> \u00b7 <a href=\"/wiki/Orion_Amari\" title=\"Orion Amari\">Orion Amari</a> \u00b7 <a href=\"/wiki/Angelina_Appleby\" title=\"Angelina Appleby\">Angelina Appleby</a> \u00b7 <a href=\"/wiki/Oona_Ballington\" title=\"Oona Ballington\">Oona Ballington</a> \u00b7 <a href=\"/wiki/Hugh_Biggs\" title=\"Hugh Biggs\">Hugh Biggs</a> \u00b7 <a href=\"/wiki/Richard_Carter\" title=\"Richard Carter\">Richard Carter</a> \u00b7 <strong class=\"mw-selflink selflink\">Angelica Cole</strong> \u00b7 <a href=\"/wiki/Concepta_Battista\" title=\"Concepta Battista\">Concepta Battista</a> \u00b7 <a href=\"/wiki/Stuart_Craggy\" title=\"Stuart Craggy\">Stuart Craggy</a> \u00b7 <a href=\"/wiki/Winky_Crockett_(Slytherin)\" title=\"Winky Crockett (Slytherin)\">Winky Crockett</a> \u00b7 <a href=\"/wiki/Roger_Davies\" title=\"Roger Davies\">Roger Davies</a> \u00b7 <a href=\"/wiki/Cedric_Diggory\" title=\"Cedric Diggory\">Cedric Diggory</a> \u00b7 <a href=\"/wiki/Marcus_Flint\" title=\"Marcus Flint\">Marcus Flint</a> \u00b7 <a href=\"/wiki/Hamish_Frater\" title=\"Hamish Frater\">Hamish Frater</a> \u00b7 <a href=\"/wiki/Stephen_Gould\" title=\"Stephen Gould\">Stephen Gould</a> \u00b7 <a href=\"/wiki/David_Hamblin\" title=\"David Hamblin\">David Hamblin</a> \u00b7 <a href=\"/wiki/Natalie_Holkham\" title=\"Natalie Holkham\">Natalie Holkham</a> \u00b7 <a href=\"/wiki/Jody_Jacknife\" title=\"Jody Jacknife\">Jody Jacknife</a> \u00b7 <a href=\"/wiki/Angelina_Johnson\" title=\"Angelina Johnson\">Angelina Johnson</a> \u00b7 <a href=\"/wiki/Jo_King_(Slytherin)\" title=\"Jo King (Slytherin)\">Jo King</a> \u00b7 <a href=\"/wiki/Neil_Lament\" title=\"Neil Lament\">Neil Lament</a> \u00b7 <a href=\"/wiki/Steve_Laughalot\" title=\"Steve Laughalot\">Steve Laughalot</a> \u00b7 <a href=\"/wiki/Graham_Montague\" title=\"Graham Montague\">Graham Montague</a> \u00b7 <a href=\"/wiki/Mark_Overcliff\" title=\"Mark Overcliff\">Mark Overcliff</a> \u00b7 <a href=\"/wiki/Andrew_Snowy_Owl_(Slytherin)\" title=\"Andrew Snowy Owl (Slytherin)\">Andrew Snowy Owl</a> \u00b7 <a href=\"/wiki/Harry_Potter\" title=\"Harry Potter\">Harry Potter</a> \u00b7 <a href=\"/wiki/Isobel_McGonagall\" class=\"mw-redirect\" title=\"Isobel McGonagall\">Isobel Ross</a> \u00b7 <a href=\"/wiki/Ashley_Sanders\" title=\"Ashley Sanders\">Ashley Sanders</a> \u00b7 <a href=\"/wiki/Lucinda_Talkalot\" title=\"Lucinda Talkalot\">Lucinda Talkalot</a> \u00b7 <a href=\"/wiki/Urquhart\" title=\"Urquhart\">Urquhart</a> \u00b7 <a href=\"/wiki/Emma_Vanity_(Slytherin)\" title=\"Emma Vanity (Slytherin)\">Emma Vanity</a> \u00b7 <a href=\"/wiki/Charles_Weasley\" title=\"Charles Weasley\">Charlie Weasley</a> \u00b7 <a href=\"/wiki/Rufus_Winickus\" title=\"Rufus Winickus\">Rufus Winickus</a> \u00b7 <a href=\"/wiki/Oliver_Wood\" title=\"Oliver Wood\">Oliver Wood</a>\n</td></tr>\n<tr>\n<th style=\"background-color: #dfdfdf; font-size: 9pt;\"><a href=\"/wiki/Keeper\" title=\"Keeper\">Keepers</a>\n</th></tr>\n<tr>\n<td style=\"font-size: 8pt;\"><a href=\"/wiki/Kevin_Bletchley\" title=\"Kevin Bletchley\">Kevin Bletchley</a> \u00b7 <a href=\"/wiki/Miles_Bletchley\" title=\"Miles Bletchley\">Miles Bletchley</a> \u00b7 <a href=\"/wiki/Brennan_Doyle\" title=\"Brennan Doyle\">Brennan Doyle</a> \u00b7 <a href=\"/wiki/Andre_Egwu\" title=\"Andre Egwu\">Andre Egwu</a> \u00b7 <a href=\"/wiki/Herbert_Fleet\" title=\"Herbert Fleet\">Herbert Fleet</a> \u00b7 <a href=\"/wiki/Geoffrey_Hooper\" title=\"Geoffrey Hooper\">Geoffrey Hooper</a> \u00b7 <a href=\"/wiki/Cormac_McLaggen\" title=\"Cormac McLaggen\">Cormac McLaggen</a> \u00b7 <a href=\"/wiki/Grant_Page\" title=\"Grant Page\">Grant Page</a> \u00b7 <a href=\"/wiki/Ronald_Weasley\" title=\"Ronald Weasley\">Ron Weasley</a> \u00b7 <a href=\"/wiki/Oliver_Wood\" title=\"Oliver Wood\">Oliver Wood</a> \u00b7 <a href=\"/wiki/Unidentified_Gryffindor_Keeper\" title=\"Unidentified Gryffindor Keeper\">Unidentified Gryffindor Keeper</a> \u00b7 <a href=\"/wiki/Unidentified_Keeper\" title=\"Unidentified Keeper\">Unidentified Keeper</a> \u00b7 <a href=\"/wiki/Unidentified_Slytherin_Keeper\" title=\"Unidentified Slytherin Keeper\">Unidentified Slytherin Keeper</a>\n</td></tr>\n<tr>\n<th style=\"background-color: #dfdfdf; font-size: 9pt;\"><a href=\"/wiki/Chaser\" title=\"Chaser\">Chasers</a>\n</th></tr>\n<tr>\n<td style=\"font-size: 8pt;\"><a href=\"/wiki/Tamsin_Applebee\" title=\"Tamsin Applebee\">Tamsin Applebee</a> \u00b7 <a href=\"/wiki/Katie_Bell\" title=\"Katie Bell\">Katie Bell</a> \u00b7 <a href=\"/wiki/Bradley\" title=\"Bradley\">Bradley</a> \u00b7 <a href=\"/wiki/Randolph_Burrow\" title=\"Randolph Burrow\">Randolph Burrow</a> \u00b7 <a href=\"/wiki/Cadwallader\" title=\"Cadwallader\">Cadwallader</a> \u00b7 <a href=\"/wiki/Chambers\" title=\"Chambers\">Chambers</a> \u00b7 <a href=\"/wiki/Roger_Davies\" title=\"Roger Davies\">Roger Davies</a> \u00b7 <a href=\"/wiki/Eekins\" title=\"Eekins\">Eekins</a> \u00b7 <a href=\"/wiki/Marcus_Flint\" title=\"Marcus Flint\">Marcus Flint</a> \u00b7 <a href=\"/wiki/Jarrett\" title=\"Jarrett\">Jarrett</a> \u00b7 <a href=\"/wiki/Angelina_Johnson\" title=\"Angelina Johnson\">Angelina Johnson</a> \u00b7 <a href=\"/wiki/Heidi_Macavoy\" title=\"Heidi Macavoy\">Heidi Macavoy</a> \u00b7 <a href=\"/wiki/Graham_Montague\" title=\"Graham Montague\">Graham Montague</a> \u00b7 <a href=\"/wiki/Skye_Parkin\" title=\"Skye Parkin\">Skye Parkin</a> \u00b7 <a href=\"/wiki/James_Potter_I\" title=\"James Potter I\">James Potter</a> \u00b7 <a href=\"/wiki/Malcolm_Preece\" title=\"Malcolm Preece\">Malcolm Preece</a> \u00b7 <a href=\"/wiki/Adrian_Pucey\" title=\"Adrian Pucey\">Adrian Pucey</a> \u00b7 <a href=\"/wiki/Demelza_Robins\" title=\"Demelza Robins\">Demelza Robins</a> \u00b7 <a href=\"/wiki/Zacharias_Smith\" title=\"Zacharias Smith\">Zacharias Smith</a> \u00b7 <a href=\"/wiki/Alicia_Spinnet\" title=\"Alicia Spinnet\">Alicia Spinnet</a> \u00b7 <a href=\"/wiki/Jeremy_Stretton\" title=\"Jeremy Stretton\">Jeremy Stretton</a> \u00b7 <a href=\"/wiki/Dean_Thomas\" title=\"Dean Thomas\">Dean Thomas</a> \u00b7 <a href=\"/wiki/Urquhart\" title=\"Urquhart\">Urquhart</a> \u00b7 <a href=\"/wiki/Vaisey\" title=\"Vaisey\">Vaisey</a> \u00b7 <a href=\"/wiki/Cassius_Warrington\" title=\"Cassius Warrington\">Cassius Warrington</a> \u00b7 <a href=\"/wiki/Ginevra_Weasley\" title=\"Ginevra Weasley\">Ginny Weasley</a> \u00b7 <a href=\"/wiki/Rose_Granger-Weasley\" title=\"Rose Granger-Weasley\">Rose Granger-Weasley</a> \u00b7 <a href=\"/wiki/Blaise_Zabini\" title=\"Blaise Zabini\">Blaise Zabini</a> \u00b7 <a href=\"/wiki/Unidentified_Gryffindor_chaser_(I)\" title=\"Unidentified Gryffindor chaser (I)\">Unidentified Gryffindor chaser (I)</a> \u00b7 <a href=\"/wiki/Unidentified_Gryffindor_chaser_(II)\" title=\"Unidentified Gryffindor chaser (II)\">Unidentified Gryffindor chaser (II)</a> \u00b7 <a href=\"/wiki/Unidentified_Gryffindor_chaser_(III)\" title=\"Unidentified Gryffindor chaser (III)\">Unidentified Gryffindor chaser (III)</a> \u00b7 <a href=\"/wiki/Unidentified_Gryffindor_chaser_(IV)\" title=\"Unidentified Gryffindor chaser (IV)\">Unidentified Gryffindor chaser (IV)</a> \u00b7 <a href=\"/wiki/Unidentified_Chaser\" title=\"Unidentified Chaser\">Unidentified Chaser</a> \u00b7 <a href=\"/wiki/Unidentified_fourth_year_Chaser\" title=\"Unidentified fourth year Chaser\">Unidentified fourth year Chaser</a>\n</td></tr>\n<tr>\n<th style=\"background-color: #dfdfdf; font-size: 9pt;\"><a href=\"/wiki/Beater\" title=\"Beater\">Beaters</a>\n</th></tr>\n<tr>\n<td style=\"font-size: 8pt;\"><a href=\"/wiki/Bean\" title=\"Bean\">Bean</a> \u00b7 <a href=\"/wiki/Lucian_Bole\" title=\"Lucian Bole\">Lucian Bole</a> \u00b7 <a href=\"/wiki/Ritchie_Coote\" title=\"Ritchie Coote\">Ritchie Coote</a> \u00b7 <a href=\"/wiki/Vincent_Crabbe\" title=\"Vincent Crabbe\">Vincent Crabbe</a> \u00b7 <a href=\"/wiki/Peregrine_Derrick\" title=\"Peregrine Derrick\">Peregrine Derrick</a> \u00b7 <a href=\"/wiki/Dobbin\" title=\"Dobbin\">Dobbin</a> \u00b7 <a href=\"/wiki/Gregory_Goyle\" title=\"Gregory Goyle\">Gregory Goyle</a> \u00b7 <a href=\"/wiki/Duncan_Inglebee\" title=\"Duncan Inglebee\">Duncan Inglebee</a> \u00b7 <a href=\"/wiki/Andrew_Kirke\" title=\"Andrew Kirke\">Andrew Kirke</a> \u00b7 <a href=\"/wiki/Michael_McManus\" title=\"Michael McManus\">Michael McManus</a> \u00b7 <a href=\"/wiki/Maxine_O%27Flaherty\" title=\"Maxine O&#39;Flaherty\">Maxine O'Flaherty</a> \u00b7 <a href=\"/wiki/Jimmy_Peakes\" title=\"Jimmy Peakes\">Jimmy Peakes</a> \u00b7 <a href=\"/wiki/Erika_Rath\" title=\"Erika Rath\">Erika Rath</a> \u00b7 <a href=\"/wiki/Anthony_Rickett\" title=\"Anthony Rickett\">Anthony Rickett</a> \u00b7 <a href=\"/wiki/Jason_Samuels\" title=\"Jason Samuels\">Jason Samuels</a> \u00b7 <a href=\"/wiki/Jack_Sloper\" title=\"Jack Sloper\">Jack Sloper</a> \u00b7 <a href=\"/wiki/Fred_Weasley\" title=\"Fred Weasley\">Fred Weasley</a> \u00b7 <a href=\"/wiki/George_Weasley\" title=\"George Weasley\">George Weasley</a> \u00b7 <a href=\"/wiki/Unidentified_Beater\" title=\"Unidentified Beater\">Unidentified Beater</a> \u00b7 <a href=\"/wiki/Unidentified_Gryffindor_beater\" title=\"Unidentified Gryffindor beater\">Unidentified Gryffindor beater</a> \u00b7 <a href=\"/wiki/Unidentified_Slytherin_Beater\" title=\"Unidentified Slytherin Beater\">Unidentified Slytherin Beater</a> \u00b7 <a href=\"/wiki/Unidentified_Slytherin_Beater_(II)\" title=\"Unidentified Slytherin Beater (II)\">Unidentified Slytherin Beater (II)</a>\n</td></tr>\n<tr>\n<th style=\"background-color: #dfdfdf; font-size: 9pt;\"><a href=\"/wiki/Seeker\" title=\"Seeker\">Seekers</a>\n</th></tr>\n<tr>\n<td style=\"font-size: 8pt;\"><a href=\"/wiki/Regulus_Black\" title=\"Regulus Black\">Regulus Black</a> \u00b7 <a href=\"/wiki/Cho_Chang\" title=\"Cho Chang\">Cho Chang</a> \u00b7 <a href=\"/wiki/Cedric_Diggory\" title=\"Cedric Diggory\">Cedric Diggory</a> \u00b7 <a href=\"/wiki/Harper\" title=\"Harper\">Harper</a> \u00b7 <a href=\"/wiki/Terence_Higgs\" title=\"Terence Higgs\">Terence Higgs</a> \u00b7 <a href=\"/wiki/Gilderoy_Lockhart\" title=\"Gilderoy Lockhart\">Gilderoy Lockhart</a> \u00b7 <a href=\"/wiki/Draco_Malfoy\" title=\"Draco Malfoy\">Draco Malfoy</a> \u00b7 <a href=\"/wiki/Harry_Potter\" title=\"Harry Potter\">Harry Potter</a> \u00b7 <a href=\"/wiki/Summerby\" title=\"Summerby\">Summerby</a> \u00b7 <a href=\"/wiki/Charles_Weasley\" title=\"Charles Weasley\">Charlie Weasley</a> \u00b7 <a href=\"/wiki/Ginevra_Weasley\" title=\"Ginevra Weasley\">Ginny Weasley</a> \u00b7 <a href=\"/wiki/Unidentified_Gryffindor_seeker\" title=\"Unidentified Gryffindor seeker\">Unidentified Gryffindor seeker</a> \u00b7 <a href=\"/wiki/Unidentified_Ravenclaw_Seeker\" title=\"Unidentified Ravenclaw Seeker\">Unidentified Ravenclaw Seeker</a> \u00b7 <a href=\"/wiki/Unidentified_Ravenclaw_Substitute_Seeker\" title=\"Unidentified Ravenclaw Substitute Seeker\">Unidentified Ravenclaw Substitute Seeker</a> \u00b7 <a href=\"/wiki/Unidentified_Hufflepuff_Seeker\" title=\"Unidentified Hufflepuff Seeker\">Unidentified Hufflepuff Seeker</a> \u00b7 <a href=\"/wiki/Unidentified_Seeker\" title=\"Unidentified Seeker\">Unidentified Seeker</a>\n</td></tr>\n<tr>\n<th style=\"background-color: #dfdfdf; font-size: 9pt;\">Unknown Positions\n</th></tr>\n<tr>\n<td style=\"font-size: 8pt;\"><a href=\"/wiki/Vicky_Bishopper\" title=\"Vicky Bishopper\">Vicky Bishopper</a> \u00b7 <strong class=\"mw-selflink selflink\">Angelica Cole</strong> \u00b7 <a href=\"/wiki/Robin_Higgy\" title=\"Robin Higgy\">Robin Higgy</a> \u00b7 <a href=\"/wiki/R._King\" class=\"mw-redirect\" title=\"R. King\">R. King</a> \u00b7 <a href=\"/wiki/M._G._McGonagall\" title=\"M. G. McGonagall\">M. G. McGonagall</a> \u00b7 <a href=\"/wiki/Katie_Rayknolls\" title=\"Katie Rayknolls\">Katie Rayknolls</a>\n</td></tr>\n<tr>\n<th style=\"background-color: #dfdfdf; font-size: 9pt;\">Possible Players\n</th></tr>\n<tr>\n<td style=\"font-size: 8pt;\"><a href=\"/wiki/Christian_Alexander\" title=\"Christian Alexander\">Christian Alexander</a> \u00b7 <a href=\"/wiki/Brandon_Angel\" title=\"Brandon Angel\">Brandon Angel</a> \u00b7 <a href=\"/wiki/Jada_Angela\" title=\"Jada Angela\">Jada Angela</a> \u00b7 <a href=\"/wiki/Owen_Anthony\" title=\"Owen Anthony\">Owen Anthony</a> \u00b7 <a href=\"/wiki/Tanner_Van_Burm\" title=\"Tanner Van Burm\">Tanner Van Burm</a> \u00b7 <a href=\"/wiki/Haley_Dakota\" title=\"Haley Dakota\">Haley Dakota</a> \u00b7 <a href=\"/wiki/Jennifer_Dawn\" title=\"Jennifer Dawn\">Jennifer Dawn</a> \u00b7 <a href=\"/wiki/Fay_Dunbar\" title=\"Fay Dunbar\">Fay Dunbar</a> \u00b7 <a href=\"/wiki/Riley_Frazer\" title=\"Riley Frazer\">Riley Frazer</a> \u00b7 <a href=\"/wiki/Ethan_Gerard\" title=\"Ethan Gerard\">Ethan Gerard</a> \u00b7 <a href=\"/wiki/Ryan_Henry\" title=\"Ryan Henry\">Ryan Henry</a> \u00b7 <a href=\"/wiki/Erica_J.\" title=\"Erica J.\">Erica J.</a> \u00b7 <a href=\"/wiki/Ella_Jo\" title=\"Ella Jo\">Ella Jo</a> \u00b7 <a href=\"/wiki/Timothy_Justin\" title=\"Timothy Justin\">Timothy Justin</a> \u00b7 <a href=\"/wiki/Sage_Kelleen\" title=\"Sage Kelleen\">Sage Kelleen</a> \u00b7 <a href=\"/wiki/Luisa\" title=\"Luisa\">Luisa</a> \u00b7 <a href=\"/wiki/Trinity_Lynn\" title=\"Trinity Lynn\">Trinity Lynn</a> \u00b7 <a href=\"/wiki/Trev_Mallory\" title=\"Trev Mallory\">Trev Mallory</a> \u00b7 <a href=\"/wiki/Alexis_Marie\" title=\"Alexis Marie\">Alexis Marie</a> \u00b7 <a href=\"/wiki/Gianna_Grace_Marie\" title=\"Gianna Grace Marie\">Gianna Grace Marie</a> \u00b7 <a href=\"/wiki/Abigail_Nicola\" title=\"Abigail Nicola\">Abigail Nicola</a> \u00b7 <a href=\"/wiki/Amber_Noel\" title=\"Amber Noel\">Amber Noel</a> \u00b7 <a href=\"/wiki/Phelan_Noel\" title=\"Phelan Noel\">Phelan Noel</a> \u00b7 <a href=\"/wiki/Remy_Olivier\" title=\"Remy Olivier\">Remy Olivier</a> \u00b7 <a href=\"/wiki/Jackson_Sheppard\" title=\"Jackson Sheppard\">Jackson Sheppard</a> \u00b7 <a href=\"/wiki/Richard_Sky\" title=\"Richard Sky\">Richard Sky</a> \u00b7 <a href=\"/wiki/Emily_Taylor\" title=\"Emily Taylor\">Emily Taylor</a> \u00b7 <a href=\"/wiki/Alexander_William\" title=\"Alexander William\">Alexander William</a>\n</td></tr></tbody></table>\n<p><br clear=\"all\" />\n</p>\n<table style=\"margin:0 auto; width: 90%; text-align:center;\" class=\"toccolours\" align=\"center\">\n\n<tbody><tr bgcolor=\"#white\">\n<th style=\"background:#ccd;\"><a href=\"/wiki/Hogwarts_School_of_Witchcraft_and_Wizardry\" title=\"Hogwarts School of Witchcraft and Wizardry\">Hogwarts School of Witchcraft and Wizardry</a>\n</th></tr>\n<tr>\n<td><div class=\"center\"><div class=\"floatnone\"><a href=\"https://static.wikia.nocookie.net/harrypotter/images/a/ae/Hogwartscrest.png/revision/latest?cb=20110806202805\" class=\"image\"><img alt=\"Hogwartscrest.png\" src=\"data:image/gif;base64,R0lGODlhAQABAIABAAAAAP///yH5BAEAAAEALAAAAAABAAEAQAICTAEAOw%3D%3D\" decoding=\"async\" width=\"90\" height=\"91\" data-image-name=\"Hogwartscrest.png\" data-image-key=\"Hogwartscrest.png\" data-src=\"https://static.wikia.nocookie.net/harrypotter/images/a/ae/Hogwartscrest.png/revision/latest/scale-to-width-down/90?cb=20110806202805\" class=\"lazyload\" /></a></div></div>\n</td></tr>\n<tr>\n<th style=\"background-color: #dfdfdf;\"><a href=\"/wiki/Head_Boy_or_Girl\" title=\"Head Boy or Girl\">Head Boys and Girls</a>\n</th></tr>\n<tr>\n<td style=\"font-size: 8pt;\"><a href=\"/wiki/Albus_Dumbledore\" title=\"Albus Dumbledore\">Albus Dumbledore</a> \u00b7 <a href=\"/wiki/Tom_Riddle\" title=\"Tom Riddle\">Tom Riddle</a> \u00b7 <a href=\"/wiki/Minerva_McGonagall\" title=\"Minerva McGonagall\">Minerva McGonagall</a> \u00b7 <a href=\"/wiki/James_Potter_I\" title=\"James Potter I\">James Potter</a> \u00b7 <a href=\"/wiki/Lily_Evans\" class=\"mw-redirect\" title=\"Lily Evans\">Lily Evans</a> \u00b7 <a href=\"/wiki/William_Weasley\" title=\"William Weasley\">Bill Weasley</a> \u00b7 <a href=\"/wiki/Percy_Weasley\" title=\"Percy Weasley\">Percy Weasley</a> \u00b7 <a href=\"/wiki/Edward_Lupin\" title=\"Edward Lupin\">Teddy Lupin</a>\n</td></tr>\n<tr>\n<th style=\"background-color: #dfdfdf;\"><a href=\"/wiki/Prefect\" title=\"Prefect\">Prefects</a>\n</th></tr>\n<tr>\n<td style=\"font-size: 8pt;\"><a href=\"/wiki/Hannah_Abbott\" title=\"Hannah Abbott\">Hannah Abbott</a> \u00b7 <a href=\"/wiki/Penelope_Clearwater\" title=\"Penelope Clearwater\">Penelope Clearwater</a> \u00b7 <strong class=\"mw-selflink selflink\">Angelica Cole</strong> \u00b7 <a href=\"/wiki/Jane_Court\" title=\"Jane Court\">Jane Court</a> \u00b7 <a href=\"/wiki/Chester_Davies\" title=\"Chester Davies\">Chester Davies</a> \u00b7 <a href=\"/wiki/Cedric_Diggory\" title=\"Cedric Diggory\">Cedric Diggory</a> \u00b7 <a href=\"/wiki/Albus_Dumbledore\" title=\"Albus Dumbledore\">Albus Dumbledore</a> \u00b7 <a href=\"/wiki/Gemma_Farley\" title=\"Gemma Farley\">Gemma Farley</a> \u00b7 <a href=\"/wiki/Jake_Flinton\" title=\"Jake Flinton\">Jake Flinton</a> \u00b7 <a href=\"/wiki/Anthony_Goldstein\" title=\"Anthony Goldstein\">Anthony Goldstein</a> \u00b7 <a href=\"/wiki/Hermione_Granger\" title=\"Hermione Granger\">Hermione Granger</a> \u00b7 <a href=\"/wiki/Nicolas_Grimmett\" title=\"Nicolas Grimmett\">Nicolas Grimmett</a> \u00b7 <a href=\"/wiki/Robert_Hawking\" title=\"Robert Hawking\">Robert Hawking</a> \u00b7 <a href=\"/wiki/Robert_Hilliard\" title=\"Robert Hilliard\">Robert Hilliard</a> \u00b7 <a href=\"/wiki/Remus_Lupin\" title=\"Remus Lupin\">Remus Lupin</a> \u00b7 <a href=\"/wiki/Ernest_Macmillan\" title=\"Ernest Macmillan\">Ernie Macmillan</a> \u00b7 <a href=\"/wiki/Draco_Malfoy\" title=\"Draco Malfoy\">Draco Malfoy</a> \u00b7 <a href=\"/wiki/Lucius_Malfoy\" title=\"Lucius Malfoy\">Lucius Malfoy</a> \u00b7 <a href=\"/wiki/Minerva_McGonagall\" title=\"Minerva McGonagall\">Minerva McGonagall</a> \u00b7 <a href=\"/wiki/Cyril_Meakin\" title=\"Cyril Meakin\">Cyril Meakin</a> \u00b7 <a href=\"/wiki/Eric_Murley\" title=\"Eric Murley\">Eric Murley</a> \u00b7 <a href=\"/wiki/Pansy_Parkinson\" title=\"Pansy Parkinson\">Pansy Parkinson</a> \u00b7 <a href=\"/wiki/Padma_Patil\" title=\"Padma Patil\">Padma Patil</a> \u00b7 <a href=\"/wiki/Damian_Perriss\" title=\"Damian Perriss\">Damian Perriss</a> \u00b7 <a href=\"/wiki/Tom_Riddle\" title=\"Tom Riddle\">Tom Riddle</a> \u00b7 <a href=\"/wiki/Felix_Rosier\" title=\"Felix Rosier\">Felix Rosier</a> \u00b7 <a href=\"/wiki/Edmund_Spiers\" title=\"Edmund Spiers\">Edmund Spiers</a> \u00b7 <a href=\"/wiki/Jonathan_Spratt\" title=\"Jonathan Spratt\">Jonathan Spratt</a> \u00b7 <a href=\"/wiki/Kevin_Sterndale\" title=\"Kevin Sterndale\">Kevin Sterndale</a> \u00b7 <a href=\"/wiki/Terry_Strickland\" title=\"Terry Strickland\">Terry Strickland</a> \u00b7 <a href=\"/wiki/Marcus_Turner\" title=\"Marcus Turner\">Marcus Turner</a> \u00b7 <a href=\"/wiki/Gabriel_Truman\" title=\"Gabriel Truman\">Gabriel Truman</a> \u00b7 <a href=\"/wiki/William_Weasley\" title=\"William Weasley\">Bill Weasley</a> \u00b7 <a href=\"/wiki/Charles_Weasley\" title=\"Charles Weasley\">Charlie Weasley</a> \u00b7 <a href=\"/wiki/Percy_Weasley\" title=\"Percy Weasley\">Percy Weasley</a> \u00b7 <a href=\"/wiki/Ronald_Weasley\" title=\"Ronald Weasley\">Ron Weasley</a> \u00b7 <a href=\"/wiki/Ryan_Westrup\" title=\"Ryan Westrup\">Ryan Westrup</a> \u00b7 <a href=\"/wiki/Mervyn_Wynch\" title=\"Mervyn Wynch\">Mervyn Wynch</a> \u00b7 <a href=\"/wiki/Entrance_Hall_Gryffindor_prefect\" title=\"Entrance Hall Gryffindor prefect\">Unidentified Gryffindor Prefect (I)</a> \u00b7 <a href=\"/wiki/Unidentified_Gryffindor_prefect\" title=\"Unidentified Gryffindor prefect\">Unidentified Gryffindor Prefect (II)</a> \u00b7 <a href=\"/wiki/Unidentified_Ravenclaw_prefect\" title=\"Unidentified Ravenclaw prefect\">Unidentified Ravenclaw Prefect (I)</a> \u00b7 <a href=\"/wiki/Unidentified_Ravenclaw_prefect_(II)\" title=\"Unidentified Ravenclaw prefect (II)\">Unidentified Ravenclaw Prefect (II)</a> \u00b7 <a href=\"/wiki/Third_Floor_Corridor_Slytherin_prefect\" title=\"Third Floor Corridor Slytherin prefect\">Unidentified Slytherin Prefect (I)</a> \u00b7 <a href=\"/wiki/Dungeon_Corridor_Slytherin_prefect_(I)\" title=\"Dungeon Corridor Slytherin prefect (I)\">Unidentified Slytherin Prefect (II)</a> \u00b7 <a href=\"/wiki/Dungeon_Corridor_Slytherin_prefect_(II)\" title=\"Dungeon Corridor Slytherin prefect (II)\">Unidentified Slytherin Prefect (III)</a>\n</td></tr></tbody></table></div>"}]}}}}