{"batchcomplete": "", "warnings": {"main": {"*": "Subscribe to the mediawiki-api-announce mailing list at <https://lists.wikimedia.org/mailman/listinfo/mediawiki-api-announce> for notice of API deprecations and breaking changes."}, "revisions": {"*": "The parameter \"rvparse\" has been deprecated.\nBecause \"rvslots\" was not specified, a legacy format has been used for the output. This format is deprecated, and in the future the new format will always be used."}}, "query": {"normalized": [{"from": "Anji_Oliver", "to": "Anji Oliver"}], "pages": {"156445": {"pageid": 156445, "ns": 0, "title": "Anji Oliver", "revisions": [{"*": "<div class=\"mw-parser-output\"><p>\n<aside role=\"region\" class=\"portable-infobox pi-background pi-theme-muggle pi-layout-default\"><section class=\"pi-item pi-group pi-border-color\">\n\t\n<h2 class=\"pi-item pi-item-spacing pi-title\" data-source=\"name\">Anji Oliver</h2>\n\n</section>\n<section class=\"pi-item pi-group pi-border-color\">\n\t<h2 class=\"pi-item pi-header pi-secondary-font pi-item-spacing pi-secondary-background\">Biographical information</h2>\n\n<div class=\"pi-item pi-data pi-item-spacing pi-border-color\" data-source=\"blood\">\n\t\n\t\t<h3 class=\"pi-data-label pi-secondary-font\">Blood status</h3>\n\t\n\t<div class=\"pi-data-value pi-font\"><a href=\"/wiki/Non-magic_people\" title=\"Non-magic people\">Muggle</a></div>\n</div>\n\n</section>\n<section class=\"pi-item pi-group pi-border-color\">\n\t<h2 class=\"pi-item pi-header pi-secondary-font pi-item-spacing pi-secondary-background\">Physical information</h2>\n\n<div class=\"pi-item pi-data pi-item-spacing pi-border-color\" data-source=\"species\">\n\t\n\t\t<h3 class=\"pi-data-label pi-secondary-font\">Species</h3>\n\t\n\t<div class=\"pi-data-value pi-font\"><a href=\"/wiki/Human\" title=\"Human\">Human</a></div>\n</div>\n\n<div class=\"pi-item pi-data pi-item-spacing pi-border-color\" data-source=\"gender\">\n\t\n\t\t<h3 class=\"pi-data-label pi-secondary-font\">Gender</h3>\n\t\n\t<div class=\"pi-data-value pi-font\">Female</div>\n</div>\n\n</section>\n<nav class=\"pi-navigation pi-item-spacing pi-secondary-background pi-secondary-font\"><small><a href=\"/wiki/Template:Individual_infobox\" title=\"Template:Individual infobox\">[Source]</a><span class=\"hidable-button\"></span></small></nav>\n</aside>\n\n</p>\n<div class=\"quote\">\n<dl><dd><span title=\"Source:&#160;Harry Potter Limited Edition\">\"<i>Amateur footage has not yielded any likely suspects. Anji Oliver, of Ilford, Essex filmed the devastation on her mobile phone. Her footage clearly shows each blast, but close examination of her video appears to show the blast being fired onto the bridge, as opposed to explosive devices placed on the bridge. But the multiple blasts come from different directions, and no source can be identified.</i>\"</span></dd>\n<dd>&#8212;<a href=\"/wiki/Jamie_Wolpert_(in-universe)\" title=\"Jamie Wolpert (in-universe)\">Jamie Wolpert</a>, \"<a href=\"/wiki/Millennium_Bridge\" title=\"Millennium Bridge\">Bridge disaster</a> hits London\" in <i><a href=\"/wiki/The_Guardian\" title=\"The Guardian\">The Guardian</a></i> (July, <a href=\"/wiki/1996\" title=\"1996\">1996</a>)<sup class=\"noprint\"><a href=\"/wiki/Harry_Potter_Limited_Edition\" title=\"Harry Potter Limited Edition\">[src]</a></sup></dd>\n<dd></dd></dl></div>\n<p><b>Anji Oliver</b> was a <a href=\"/wiki/Non-magic_people\" title=\"Non-magic people\">Muggle</a> from <a href=\"/wiki/Ilford\" title=\"Ilford\">Ilford</a> in <a href=\"/wiki/Essex\" title=\"Essex\">Essex</a>, who witnessed the <a href=\"/wiki/Millennium_Bridge\" title=\"Millennium Bridge\">Millennium Bridge</a> disaster in <a href=\"/wiki/1996\" title=\"1996\">1996</a> and managed to film it on her <a href=\"/wiki/Mobile_phone\" title=\"Mobile phone\">mobile phone</a>. Her footage showed blasts being fired onto the bridge, from multiple directions, with no identifiable source.<sup id=\"cite_ref-HPLE_1-0\" class=\"reference\"><a href=\"#cite_note-HPLE-1\">&#91;1&#93;</a></sup>\n</p>\n<h2><span class=\"mw-headline\" id=\"Behind_the_scenes\">Behind the scenes</span><span class=\"mw-editsection\"><span class=\"mw-editsection-bracket\">[</span><a href=\"/wiki/Anji_Oliver?veaction=edit&amp;section=1\" class=\"mw-editsection-visualeditor\" title=\"Edit section: Behind the scenes\">edit</a><span class=\"mw-editsection-divider\"> | </span><a href=\"/wiki/Anji_Oliver?action=edit&amp;section=1\" title=\"Edit section: Behind the scenes\"><svg class=\"wds-icon wds-icon-tiny section-edit-pencil-icon\"><use xlink:href=\"#wds-icons-pencil-tiny\"></use></svg>edit source</a><span class=\"mw-editsection-bracket\">]</span></span></h2>\n<ul><li>This character was named after <a class=\"new\" title=\"Anji Oliver (real-world) (page does not exist)\" rel=\"nofollow\" data-uncrawlable-url=\"L3dpa2kvQW5qaV9PbGl2ZXJfKHJlYWwtd29ybGQpP2FjdGlvbj1lZGl0JnJlZGxpbms9MQ==\">Anji Oliver</a>, who worked as a producer coordinator on <i><a href=\"/wiki/Harry_Potter_and_the_Half-Blood_Prince_(film)\" title=\"Harry Potter and the Half-Blood Prince (film)\">Harry Potter and the Half-Blood Prince</a></i>, <i><a href=\"/wiki/Harry_Potter_and_the_Deathly_Hallows:_Part_1\" title=\"Harry Potter and the Deathly Hallows: Part 1\">Harry Potter and the Deathly Hallows: Part 1</a></i>, and <i><a href=\"/wiki/Harry_Potter_and_the_Deathly_Hallows:_Part_2\" title=\"Harry Potter and the Deathly Hallows: Part 2\">Harry Potter and the Deathly Hallows: Part 2</a></i>.<sup id=\"cite_ref-2\" class=\"reference\"><a href=\"#cite_note-2\">&#91;2&#93;</a></sup></li></ul>\n<h2><span class=\"mw-headline\" id=\"Appearances\">Appearances</span><span class=\"mw-editsection\"><span class=\"mw-editsection-bracket\">[</span><a href=\"/wiki/Anji_Oliver?veaction=edit&amp;section=2\" class=\"mw-editsection-visualeditor\" title=\"Edit section: Appearances\">edit</a><span class=\"mw-editsection-divider\"> | </span><a href=\"/wiki/Anji_Oliver?action=edit&amp;section=2\" title=\"Edit section: Appearances\"><svg class=\"wds-icon wds-icon-tiny section-edit-pencil-icon\"><use xlink:href=\"#wds-icons-pencil-tiny\"></use></svg>edit source</a><span class=\"mw-editsection-bracket\">]</span></span></h2>\n<ul><li><i><a href=\"/wiki/Harry_Potter_and_the_Half-Blood_Prince_(film)\" title=\"Harry Potter and the Half-Blood Prince (film)\">Harry Potter and the Half-Blood Prince (film)</a></i> <small>(Mentioned only)</small></li>\n<li><i><a href=\"/wiki/Harry_Potter_Limited_Edition\" title=\"Harry Potter Limited Edition\">Harry Potter Limited Edition</a></i> <small>(Mentioned only)</small></li></ul>\n<h2><span class=\"mw-headline\" id=\"Notes_and_references\">Notes and references</span><span class=\"mw-editsection\"><span class=\"mw-editsection-bracket\">[</span><a href=\"/wiki/Anji_Oliver?veaction=edit&amp;section=3\" class=\"mw-editsection-visualeditor\" title=\"Edit section: Notes and references\">edit</a><span class=\"mw-editsection-divider\"> | </span><a href=\"/wiki/Anji_Oliver?action=edit&amp;section=3\" title=\"Edit section: Notes and references\"><svg class=\"wds-icon wds-icon-tiny section-edit-pencil-icon\"><use xlink:href=\"#wds-icons-pencil-tiny\"></use></svg>edit source</a><span class=\"mw-editsection-bracket\">]</span></span></h2>\n<div class=\"references-small\">\n<div class=\"mw-references-wrap\"><ol class=\"references\">\n<li id=\"cite_note-HPLE-1\"><span class=\"mw-cite-backlink\"><a href=\"#cite_ref-HPLE_1-0\">\u2191</a></span> <span class=\"reference-text\"><i><a href=\"/wiki/Harry_Potter_Limited_Edition\" title=\"Harry Potter Limited Edition\">Harry Potter Limited Edition</a></i>&#160;- <i><a href=\"/wiki/A_Guide_to_the_Graphic_Arts_Department:_Posters,_Prints,_and_Publications_from_the_Harry_Potter_Films\" title=\"A Guide to the Graphic Arts Department: Posters, Prints, and Publications from the Harry Potter Films\">A Guide to the Graphic Arts Department: Posters, Prints, and Publications from the Harry Potter Films</a></i> (see <a href=\"/wiki/File:TheGuardian.png\" title=\"File:TheGuardian.png\">this image</a>)</span>\n</li>\n<li id=\"cite_note-2\"><span class=\"mw-cite-backlink\"><a href=\"#cite_ref-2\">\u2191</a></span> <span class=\"reference-text\">\"<a target=\"_blank\" rel=\"noreferrer noopener\" class=\"external text\" href=\"http://www.imdb.com/name/nm1301467/\">Anji Oliver</a>\" on IMDb</span>\n</li>\n</ol></div></div></div>"}]}}}}