{"batchcomplete": "", "warnings": {"main": {"*": "Subscribe to the mediawiki-api-announce mailing list at <https://lists.wikimedia.org/mailman/listinfo/mediawiki-api-announce> for notice of API deprecations and breaking changes."}, "revisions": {"*": "The parameter \"rvparse\" has been deprecated.\nBecause \"rvslots\" was not specified, a legacy format has been used for the output. This format is deprecated, and in the future the new format will always be used."}}, "query": {"normalized": [{"from": "Announcer_at_Henry_Shaw_Junior's_fundraising_dinner", "to": "Announcer at Henry Shaw Junior's fundraising dinner"}], "pages": {"212487": {"pageid": 212487, "ns": 0, "title": "Announcer at Henry Shaw Junior's fundraising dinner", "revisions": [{"*": "<div class=\"mw-parser-output\"><p>\n<aside role=\"region\" class=\"portable-infobox pi-background pi-theme-muggle pi-layout-default\">\n<figure class=\"pi-item pi-image\" data-source=\"image\">\n\t<a href=\"https://static.wikia.nocookie.net/harrypotter/images/5/53/Announcer.jpg/revision/latest?cb=20181029195301\" class=\"image image-thumbnail\"\n\t   title=\"\">\n\t\t<img src=\"https://static.wikia.nocookie.net/harrypotter/images/5/53/Announcer.jpg/revision/latest/scale-to-width-down/344?cb=20181029195301\" srcset=\"https://static.wikia.nocookie.net/harrypotter/images/5/53/Announcer.jpg/revision/latest/scale-to-width-down/344?cb=20181029195301 1x, https://static.wikia.nocookie.net/harrypotter/images/5/53/Announcer.jpg/revision/latest/scale-to-width-down/687?cb=20181029195301 2x\" class=\"pi-image-thumbnail\" alt=\"\" width=\"270\" height=\"393\"\n\t\t     data-image-key=\"Announcer.jpg\" data-image-name=\"Announcer.jpg\"/>\n\t\t\n\t</a>\n\t\n</figure>\n<section class=\"pi-item pi-group pi-border-color\">\n\t\n<h2 class=\"pi-item pi-item-spacing pi-title\" data-source=\"name\">Announcer at Henry Shaw Junior's fundraising dinner</h2>\n\n</section>\n<section class=\"pi-item pi-group pi-border-color\">\n\t<h2 class=\"pi-item pi-header pi-secondary-font pi-item-spacing pi-secondary-background\">Biographical information</h2>\n\n<div class=\"pi-item pi-data pi-item-spacing pi-border-color\" data-source=\"blood\">\n\t\n\t\t<h3 class=\"pi-data-label pi-secondary-font\">Blood status</h3>\n\t\n\t<div class=\"pi-data-value pi-font\"><a href=\"/wiki/Non-magic_people\" title=\"Non-magic people\">No-Maj</a></div>\n</div>\n\n<div class=\"pi-item pi-data pi-item-spacing pi-border-color\" data-source=\"nationality\">\n\t\n\t\t<h3 class=\"pi-data-label pi-secondary-font\">Nationality</h3>\n\t\n\t<div class=\"pi-data-value pi-font\"><a href=\"/wiki/United_States_of_America\" title=\"United States of America\">American</a></div>\n</div>\n\n</section>\n<section class=\"pi-item pi-group pi-border-color\">\n\t<h2 class=\"pi-item pi-header pi-secondary-font pi-item-spacing pi-secondary-background\">Physical information</h2>\n\n<div class=\"pi-item pi-data pi-item-spacing pi-border-color\" data-source=\"species\">\n\t\n\t\t<h3 class=\"pi-data-label pi-secondary-font\">Species</h3>\n\t\n\t<div class=\"pi-data-value pi-font\"><a href=\"/wiki/Human\" title=\"Human\">Human</a></div>\n</div>\n\n<div class=\"pi-item pi-data pi-item-spacing pi-border-color\" data-source=\"gender\">\n\t\n\t\t<h3 class=\"pi-data-label pi-secondary-font\">Gender</h3>\n\t\n\t<div class=\"pi-data-value pi-font\">Male</div>\n</div>\n\n<div class=\"pi-item pi-data pi-item-spacing pi-border-color\" data-source=\"skin\">\n\t\n\t\t<h3 class=\"pi-data-label pi-secondary-font\">Skin colour</h3>\n\t\n\t<div class=\"pi-data-value pi-font\">White</div>\n</div>\n\n</section>\n<section class=\"pi-item pi-group pi-border-color\">\n\t<h2 class=\"pi-item pi-header pi-secondary-font pi-item-spacing pi-secondary-background\">Affiliation</h2>\n\n<div class=\"pi-item pi-data pi-item-spacing pi-border-color\" data-source=\"job\">\n\t\n\t\t<h3 class=\"pi-data-label pi-secondary-font\">Occupation</h3>\n\t\n\t<div class=\"pi-data-value pi-font\">Announcer</div>\n</div>\n\n<div class=\"pi-item pi-data pi-item-spacing pi-border-color\" data-source=\"loyalty\">\n\t\n\t\t<h3 class=\"pi-data-label pi-secondary-font\">Loyalty</h3>\n\t\n\t<div class=\"pi-data-value pi-font\"><a href=\"/wiki/Henry_Shaw_Junior\" title=\"Henry Shaw Junior\">Henry Shaw Junior</a></div>\n</div>\n\n</section>\n<nav class=\"pi-navigation pi-item-spacing pi-secondary-background pi-secondary-font\"><small><a href=\"/wiki/Template:Individual_infobox\" title=\"Template:Individual infobox\">[Source]</a><span class=\"hidable-button\"></span></small></nav>\n</aside>\nThis <b>individual</b> was an <a href=\"/wiki/United_States_of_America\" title=\"United States of America\">American</a> <a href=\"/wiki/Muggle\" class=\"mw-redirect\" title=\"Muggle\">No-Maj</a> who worked as an announcer for the election of <a href=\"/wiki/Henry_Shaw_Junior\" title=\"Henry Shaw Junior\">Henry Shaw Junior</a> in <a href=\"/wiki/1926\" title=\"1926\">1926</a>.<sup id=\"cite_ref-FBS_1-0\" class=\"reference\"><a href=\"#cite_note-FBS-1\">&#91;1&#93;</a></sup>\n</p>\n<div id=\"toc\" class=\"toc\"><input type=\"checkbox\" role=\"button\" id=\"toctogglecheckbox\" class=\"toctogglecheckbox\" style=\"display:none\" /><div class=\"toctitle\" lang=\"en\" dir=\"ltr\"><h2>Contents</h2><span class=\"toctogglespan\"><label class=\"toctogglelabel\" for=\"toctogglecheckbox\"></label></span></div>\n<ul>\n<li class=\"toclevel-1 tocsection-1\"><a href=\"#Biography\"><span class=\"tocnumber\">1</span> <span class=\"toctext\">Biography</span></a></li>\n<li class=\"toclevel-1 tocsection-2\"><a href=\"#Behind_the_scenes\"><span class=\"tocnumber\">2</span> <span class=\"toctext\">Behind the scenes</span></a></li>\n<li class=\"toclevel-1 tocsection-3\"><a href=\"#Appearances\"><span class=\"tocnumber\">3</span> <span class=\"toctext\">Appearances</span></a></li>\n<li class=\"toclevel-1 tocsection-4\"><a href=\"#Notes_and_references\"><span class=\"tocnumber\">4</span> <span class=\"toctext\">Notes and references</span></a></li>\n</ul>\n</div>\n\n<h2><span class=\"mw-headline\" id=\"Biography\">Biography</span><span class=\"mw-editsection\"><span class=\"mw-editsection-bracket\">[</span><a href=\"/wiki/Announcer_at_Henry_Shaw_Junior%27s_fundraising_dinner?veaction=edit&amp;section=1\" class=\"mw-editsection-visualeditor\" title=\"Edit section: Biography\">edit</a><span class=\"mw-editsection-divider\"> | </span><a href=\"/wiki/Announcer_at_Henry_Shaw_Junior%27s_fundraising_dinner?action=edit&amp;section=1\" title=\"Edit section: Biography\"><svg class=\"wds-icon wds-icon-tiny section-edit-pencil-icon\"><use xlink:href=\"#wds-icons-pencil-tiny\"></use></svg>edit source</a><span class=\"mw-editsection-bracket\">]</span></span></h2>\n<p>This individual was the announcer for the election of <a href=\"/wiki/Henry_Shaw_Junior\" title=\"Henry Shaw Junior\">Henry Shaw Junior</a> at his <a href=\"/wiki/Fundraising_Dinner_for_the_Re-election_of_Senator_Henry_Shaw\" title=\"Fundraising Dinner for the Re-election of Senator Henry Shaw\">Fundraising Dinner</a> in <a href=\"/wiki/1926\" title=\"1926\">1926</a>. Not longer having announced Shaw during his speech, Shaw was attacked and murdered by the rogue <a href=\"/wiki/Obscurial\" title=\"Obscurial\">Obscurial</a> form of <a href=\"/wiki/Credence_Barebone\" title=\"Credence Barebone\">Credence Barebone</a>, which we would have witnessed, much to the horror and shock at everyone present.<sup id=\"cite_ref-FBS_1-1\" class=\"reference\"><a href=\"#cite_note-FBS-1\">&#91;1&#93;</a></sup>\n</p>\n<h2><span class=\"mw-headline\" id=\"Behind_the_scenes\">Behind the scenes</span><span class=\"mw-editsection\"><span class=\"mw-editsection-bracket\">[</span><a href=\"/wiki/Announcer_at_Henry_Shaw_Junior%27s_fundraising_dinner?veaction=edit&amp;section=2\" class=\"mw-editsection-visualeditor\" title=\"Edit section: Behind the scenes\">edit</a><span class=\"mw-editsection-divider\"> | </span><a href=\"/wiki/Announcer_at_Henry_Shaw_Junior%27s_fundraising_dinner?action=edit&amp;section=2\" title=\"Edit section: Behind the scenes\"><svg class=\"wds-icon wds-icon-tiny section-edit-pencil-icon\"><use xlink:href=\"#wds-icons-pencil-tiny\"></use></svg>edit source</a><span class=\"mw-editsection-bracket\">]</span></span></h2>\n<p>The Announcer was portrayed by <a href=\"/wiki/Todd_Boyce\" title=\"Todd Boyce\">Todd Boyce</a> in <i><a href=\"/wiki/Fantastic_Beasts_and_Where_to_Find_Them_(film)\" title=\"Fantastic Beasts and Where to Find Them (film)\">Fantastic Beasts and Where to Find Them</a></i>.\n</p>\n<h2><span class=\"mw-headline\" id=\"Appearances\">Appearances</span><span class=\"mw-editsection\"><span class=\"mw-editsection-bracket\">[</span><a href=\"/wiki/Announcer_at_Henry_Shaw_Junior%27s_fundraising_dinner?veaction=edit&amp;section=3\" class=\"mw-editsection-visualeditor\" title=\"Edit section: Appearances\">edit</a><span class=\"mw-editsection-divider\"> | </span><a href=\"/wiki/Announcer_at_Henry_Shaw_Junior%27s_fundraising_dinner?action=edit&amp;section=3\" title=\"Edit section: Appearances\"><svg class=\"wds-icon wds-icon-tiny section-edit-pencil-icon\"><use xlink:href=\"#wds-icons-pencil-tiny\"></use></svg>edit source</a><span class=\"mw-editsection-bracket\">]</span></span></h2>\n<ul><li><i><a href=\"/wiki/Fantastic_Beasts_and_Where_to_Find_Them:_The_Original_Screenplay\" title=\"Fantastic Beasts and Where to Find Them: The Original Screenplay\">Fantastic Beasts and Where to Find Them: The Original Screenplay</a></i> <small>(First appearance)</small></li>\n<li><i><a href=\"/wiki/Fantastic_Beasts_and_Where_to_Find_Them_(film)\" title=\"Fantastic Beasts and Where to Find Them (film)\">Fantastic Beasts and Where to Find Them (film)</a></i></li></ul>\n<h2><span class=\"mw-headline\" id=\"Notes_and_references\">Notes and references</span><span class=\"mw-editsection\"><span class=\"mw-editsection-bracket\">[</span><a href=\"/wiki/Announcer_at_Henry_Shaw_Junior%27s_fundraising_dinner?veaction=edit&amp;section=4\" class=\"mw-editsection-visualeditor\" title=\"Edit section: Notes and references\">edit</a><span class=\"mw-editsection-divider\"> | </span><a href=\"/wiki/Announcer_at_Henry_Shaw_Junior%27s_fundraising_dinner?action=edit&amp;section=4\" title=\"Edit section: Notes and references\"><svg class=\"wds-icon wds-icon-tiny section-edit-pencil-icon\"><use xlink:href=\"#wds-icons-pencil-tiny\"></use></svg>edit source</a><span class=\"mw-editsection-bracket\">]</span></span></h2>\n<div class=\"references-small\">\n<div class=\"mw-references-wrap\"><ol class=\"references\">\n<li id=\"cite_note-FBS-1\"><span class=\"mw-cite-backlink\">\u2191 <sup><a href=\"#cite_ref-FBS_1-0\">1.0</a></sup> <sup><a href=\"#cite_ref-FBS_1-1\">1.1</a></sup></span> <span class=\"reference-text\"><i><a href=\"/wiki/Fantastic_Beasts_and_Where_to_Find_Them:_The_Original_Screenplay\" title=\"Fantastic Beasts and Where to Find Them: The Original Screenplay\">Fantastic Beasts and Where to Find Them: The Original Screenplay</a></i></span>\n</li>\n</ol></div></div></div>"}]}}}}