{"batchcomplete": "", "warnings": {"main": {"*": "Subscribe to the mediawiki-api-announce mailing list at <https://lists.wikimedia.org/mailman/listinfo/mediawiki-api-announce> for notice of API deprecations and breaking changes."}, "revisions": {"*": "The parameter \"rvparse\" has been deprecated.\nBecause \"rvslots\" was not specified, a legacy format has been used for the output. This format is deprecated, and in the future the new format will always be used."}}, "query": {"normalized": [{"from": "Anthony_Rickett", "to": "Anthony Rickett"}], "pages": {"7041": {"pageid": 7041, "ns": 0, "title": "Anthony Rickett", "revisions": [{"*": "<div class=\"mw-parser-output\"><table class=\"notice metadata\" cellpadding=\"3px\" style=\"text-align: center; background: snow; border: #a00 1px solid; margin: 1em 10% 1em 10%;\">\n\n<tbody><tr>\n<td><div class=\"floatleft\"><a href=\"https://static.wikia.nocookie.net/harrypotter/images/1/13/Erised.PNG/revision/latest?cb=20060611045014\" class=\"image\"><img alt=\"Erised.PNG\" src=\"https://static.wikia.nocookie.net/harrypotter/images/1/13/Erised.PNG/revision/latest/scale-to-width-down/30?cb=20060611045014\" decoding=\"async\" width=\"30\" height=\"63\" data-image-name=\"Erised.PNG\" data-image-key=\"Erised.PNG\" /></a></div>\n</td>\n<td><i><b>\"I show not your face but your heart's desire.\"</b></i>\n<p>This page \"shows not\" an image, but just a written article. Please help the <a href=\"/wiki/Harry_Potter_Wiki:Introduction\" title=\"Harry Potter Wiki:Introduction\">Harry Potter Wiki</a> by <a href=\"/wiki/Special:Upload\" title=\"Special:Upload\">uploading</a> and adding an image to this article and then removing this template.\n</p>\n</td></tr></tbody></table>\n<p>\n<aside role=\"region\" class=\"portable-infobox pi-background pi-theme-hufflepuff pi-layout-default\"><section class=\"pi-item pi-group pi-border-color\">\n\t\n<h2 class=\"pi-item pi-item-spacing pi-title\" data-source=\"name\">Anthony Rickett</h2>\n\n</section>\n<section class=\"pi-item pi-group pi-border-color\">\n\t<h2 class=\"pi-item pi-header pi-secondary-font pi-item-spacing pi-secondary-background\">Biographical information</h2>\n\n<div class=\"pi-item pi-data pi-item-spacing pi-border-color\" data-source=\"born\">\n\t\n\t\t<h3 class=\"pi-data-label pi-secondary-font\">Born</h3>\n\t\n\t<div class=\"pi-data-value pi-font\"><a href=\"/wiki/31_August\" title=\"31 August\">31 August</a> <a href=\"/wiki/1982\" title=\"1982\">1982</a> or earlier</div>\n</div>\n\n<div class=\"pi-item pi-data pi-item-spacing pi-border-color\" data-source=\"nationality\">\n\t\n\t\t<h3 class=\"pi-data-label pi-secondary-font\">Nationality</h3>\n\t\n\t<div class=\"pi-data-value pi-font\"><a href=\"/wiki/Great_Britain\" title=\"Great Britain\">British</a> or <a href=\"/wiki/Ireland\" title=\"Ireland\">Irish</a><sup id=\"cite_ref-1\" class=\"reference\"><a href=\"#cite_note-1\">&#91;1&#93;</a></sup></div>\n</div>\n\n<div class=\"pi-item pi-data pi-item-spacing pi-border-color\" data-source=\"title\">\n\t\n\t\t<h3 class=\"pi-data-label pi-secondary-font\">Title(s)</h3>\n\t\n\t<div class=\"pi-data-value pi-font\"><a href=\"/wiki/Beater\" title=\"Beater\">Beater</a><sup id=\"cite_ref-QWC_2-0\" class=\"reference\"><a href=\"#cite_note-QWC-2\">&#91;2&#93;</a></sup></div>\n</div>\n\n</section>\n<section class=\"pi-item pi-group pi-border-color\">\n\t<h2 class=\"pi-item pi-header pi-secondary-font pi-item-spacing pi-secondary-background\">Physical information</h2>\n\n<div class=\"pi-item pi-data pi-item-spacing pi-border-color\" data-source=\"species\">\n\t\n\t\t<h3 class=\"pi-data-label pi-secondary-font\">Species</h3>\n\t\n\t<div class=\"pi-data-value pi-font\"><a href=\"/wiki/Human\" title=\"Human\">Human</a><sup id=\"cite_ref-QWC_2-1\" class=\"reference\"><a href=\"#cite_note-QWC-2\">&#91;2&#93;</a></sup></div>\n</div>\n\n<div class=\"pi-item pi-data pi-item-spacing pi-border-color\" data-source=\"gender\">\n\t\n\t\t<h3 class=\"pi-data-label pi-secondary-font\">Gender</h3>\n\t\n\t<div class=\"pi-data-value pi-font\">Male<sup id=\"cite_ref-QWC_2-2\" class=\"reference\"><a href=\"#cite_note-QWC-2\">&#91;2&#93;</a></sup></div>\n</div>\n\n<div class=\"pi-item pi-data pi-item-spacing pi-border-color\" data-source=\"skin\">\n\t\n\t\t<h3 class=\"pi-data-label pi-secondary-font\">Skin colour</h3>\n\t\n\t<div class=\"pi-data-value pi-font\">Fair<sup id=\"cite_ref-QWC_2-3\" class=\"reference\"><a href=\"#cite_note-QWC-2\">&#91;2&#93;</a></sup></div>\n</div>\n\n</section>\n<section class=\"pi-item pi-group pi-border-color\">\n\t<h2 class=\"pi-item pi-header pi-secondary-font pi-item-spacing pi-secondary-background\">Affiliation</h2>\n\n<div class=\"pi-item pi-data pi-item-spacing pi-border-color\" data-source=\"house\">\n\t\n\t\t<h3 class=\"pi-data-label pi-secondary-font\">House</h3>\n\t\n\t<div class=\"pi-data-value pi-font\"><a href=\"/wiki/Hufflepuff\" title=\"Hufflepuff\">Hufflepuff</a><sup id=\"cite_ref-QWC_2-4\" class=\"reference\"><a href=\"#cite_note-QWC-2\">&#91;2&#93;</a></sup></div>\n</div>\n\n<div class=\"pi-item pi-data pi-item-spacing pi-border-color\" data-source=\"loyalty\">\n\t\n\t\t<h3 class=\"pi-data-label pi-secondary-font\">Loyalty</h3>\n\t\n\t<div class=\"pi-data-value pi-font\"><ul><li><a href=\"/wiki/Hogwarts_School_of_Witchcraft_and_Wizardry\" title=\"Hogwarts School of Witchcraft and Wizardry\">Hogwarts School of Witchcraft and Wizardry</a><sup id=\"cite_ref-QWC_2-5\" class=\"reference\"><a href=\"#cite_note-QWC-2\">&#91;2&#93;</a></sup><ul><li><a href=\"/wiki/Hufflepuff\" title=\"Hufflepuff\">Hufflepuff</a><sup id=\"cite_ref-QWC_2-6\" class=\"reference\"><a href=\"#cite_note-QWC-2\">&#91;2&#93;</a></sup></li><li><a href=\"/wiki/Hufflepuff_Quidditch_team\" title=\"Hufflepuff Quidditch team\">Hufflepuff Quidditch team</a><sup id=\"cite_ref-QWC_2-7\" class=\"reference\"><a href=\"#cite_note-QWC-2\">&#91;2&#93;</a></sup></li></ul></li></ul></div>\n</div>\n\n</section>\n<nav class=\"pi-navigation pi-item-spacing pi-secondary-background pi-secondary-font\"><small><a href=\"/wiki/Template:Individual_infobox\" title=\"Template:Individual infobox\">[Source]</a><span class=\"hidable-button\"></span></small></nav>\n</aside>\n\n<b>Anthony Rickett</b> was a <a href=\"/wiki/Wizardkind\" title=\"Wizardkind\">wizard</a> and <a href=\"/wiki/Hufflepuff\" title=\"Hufflepuff\">Hufflepuff</a> student in <a href=\"/wiki/Hogwarts_School_of_Witchcraft_and_Wizardry\" title=\"Hogwarts School of Witchcraft and Wizardry\">Hogwarts School of Witchcraft and Wizardry</a> during the <a href=\"/wiki/1990s\" title=\"1990s\">1990s</a>. He played as a <a href=\"/wiki/Beater\" title=\"Beater\">Beater</a> on the <a href=\"/wiki/Hufflepuff_Quidditch_team\" title=\"Hufflepuff Quidditch team\">Hufflepuff Quidditch team</a> when it was captained by <a href=\"/wiki/Cedric_Diggory\" title=\"Cedric Diggory\">Cedric Diggory</a>.<sup id=\"cite_ref-QWC_2-8\" class=\"reference\"><a href=\"#cite_note-QWC-2\">&#91;2&#93;</a></sup>\n</p>\n<h2><span class=\"mw-headline\" id=\"Etymology\">Etymology</span><span class=\"mw-editsection\"><span class=\"mw-editsection-bracket\">[</span><a href=\"/wiki/Anthony_Rickett?veaction=edit&amp;section=1\" class=\"mw-editsection-visualeditor\" title=\"Edit section: Etymology\">edit</a><span class=\"mw-editsection-divider\"> | </span><a href=\"/wiki/Anthony_Rickett?action=edit&amp;section=1\" title=\"Edit section: Etymology\"><svg class=\"wds-icon wds-icon-tiny section-edit-pencil-icon\"><use xlink:href=\"#wds-icons-pencil-tiny\"></use></svg>edit source</a><span class=\"mw-editsection-bracket\">]</span></span></h2>\n<p>The name \"Anthony\" is the English form of the Roman family name Antonius, which is of unknown Etruscan origin. The most notable member of the Roman family was the general Marcus Antonius (called Mark Antony in English), who for a period in the 1st century BC ruled the Roman Empire jointly with Augustus. When their relationship turned sour, he and his mistress Cleopatra were attacked and forced to commit suicide, as related in Shakespeare's tragedy <i>Antony and Cleopatra</i> (1606).\n</p>\n<h2><span class=\"mw-headline\" id=\"Appearances\">Appearances</span><span class=\"mw-editsection\"><span class=\"mw-editsection-bracket\">[</span><a href=\"/wiki/Anthony_Rickett?veaction=edit&amp;section=2\" class=\"mw-editsection-visualeditor\" title=\"Edit section: Appearances\">edit</a><span class=\"mw-editsection-divider\"> | </span><a href=\"/wiki/Anthony_Rickett?action=edit&amp;section=2\" title=\"Edit section: Appearances\"><svg class=\"wds-icon wds-icon-tiny section-edit-pencil-icon\"><use xlink:href=\"#wds-icons-pencil-tiny\"></use></svg>edit source</a><span class=\"mw-editsection-bracket\">]</span></span></h2>\n<ul><li><i><a href=\"/wiki/Harry_Potter:_Quidditch_World_Cup\" title=\"Harry Potter: Quidditch World Cup\">Harry Potter: Quidditch World Cup</a></i> <small>(First appearance)</small></li></ul>\n<h2><span class=\"mw-headline\" id=\"Notes_and_references\">Notes and references</span><span class=\"mw-editsection\"><span class=\"mw-editsection-bracket\">[</span><a href=\"/wiki/Anthony_Rickett?veaction=edit&amp;section=3\" class=\"mw-editsection-visualeditor\" title=\"Edit section: Notes and references\">edit</a><span class=\"mw-editsection-divider\"> | </span><a href=\"/wiki/Anthony_Rickett?action=edit&amp;section=3\" title=\"Edit section: Notes and references\"><svg class=\"wds-icon wds-icon-tiny section-edit-pencil-icon\"><use xlink:href=\"#wds-icons-pencil-tiny\"></use></svg>edit source</a><span class=\"mw-editsection-bracket\">]</span></span></h2>\n<div class=\"references-small\">\n<div class=\"mw-references-wrap\"><ol class=\"references\">\n<li id=\"cite_note-1\"><span class=\"mw-cite-backlink\"><a href=\"#cite_ref-1\">\u2191</a></span> <span class=\"reference-text\"><a target=\"_blank\" rel=\"noreferrer noopener\" class=\"external text\" href=\"http://www.accio-quote.org/articles/2000/0700-swns-alfie.htm\">\"World Exclusive Interview with J K Rowling,\" <i>South West News Service</i>, 8 July 2000</a>  - \"Hogwarts just serves Britain and Ireland.\"</span>\n</li>\n<li id=\"cite_note-QWC-2\"><span class=\"mw-cite-backlink\">\u2191 <sup><a href=\"#cite_ref-QWC_2-0\">2.0</a></sup> <sup><a href=\"#cite_ref-QWC_2-1\">2.1</a></sup> <sup><a href=\"#cite_ref-QWC_2-2\">2.2</a></sup> <sup><a href=\"#cite_ref-QWC_2-3\">2.3</a></sup> <sup><a href=\"#cite_ref-QWC_2-4\">2.4</a></sup> <sup><a href=\"#cite_ref-QWC_2-5\">2.5</a></sup> <sup><a href=\"#cite_ref-QWC_2-6\">2.6</a></sup> <sup><a href=\"#cite_ref-QWC_2-7\">2.7</a></sup> <sup><a href=\"#cite_ref-QWC_2-8\">2.8</a></sup></span> <span class=\"reference-text\"><i><a href=\"/wiki/Harry_Potter:_Quidditch_World_Cup\" title=\"Harry Potter: Quidditch World Cup\">Harry Potter: Quidditch World Cup</a></i></span>\n</li>\n</ol></div></div>\n<p><br clear=\"all\" />\n</p>\n<table style=\"margin:0 auto; width: 90%; text-align:center;\" class=\"toccolours\" align=\"center\">\n\n<tbody><tr bgcolor=\"#white\">\n<th style=\"background:#ccd;\"><a href=\"/wiki/Quidditch\" title=\"Quidditch\">Quidditch</a> Positions at <a href=\"/wiki/Hogwarts_School_of_Witchcraft_and_Wizardry\" title=\"Hogwarts School of Witchcraft and Wizardry\">Hogwarts</a>\n</th></tr>\n<tr>\n<td><div class=\"center\"><div class=\"floatnone\"><a href=\"https://static.wikia.nocookie.net/harrypotter/images/a/a1/Golden-snitch-lrg.png/revision/latest?cb=20160731003110\" class=\"image\"><img alt=\"Golden-snitch-lrg.png\" src=\"https://static.wikia.nocookie.net/harrypotter/images/a/a1/Golden-snitch-lrg.png/revision/latest/scale-to-width-down/90?cb=20160731003110\" decoding=\"async\" width=\"90\" height=\"67\" data-image-name=\"Golden-snitch-lrg.png\" data-image-key=\"Golden-snitch-lrg.png\" /></a></div></div>\n</td></tr>\n<tr>\n<th style=\"background-color: #dfdfdf; font-size: 9pt;\"><a href=\"/wiki/Hogwarts_Quidditch_Captain\" class=\"mw-redirect\" title=\"Hogwarts Quidditch Captain\">Captains</a>\n</th></tr>\n<tr>\n<td style=\"font-size: 8pt;\"><a href=\"/wiki/Astrix_Alixan\" title=\"Astrix Alixan\">Astrix Alixan</a> \u00b7 <a href=\"/wiki/Filemina_Alchin\" title=\"Filemina Alchin\">Filemina Alchin</a> \u00b7 <a href=\"/wiki/Orion_Amari\" title=\"Orion Amari\">Orion Amari</a> \u00b7 <a href=\"/wiki/Angelina_Appleby\" title=\"Angelina Appleby\">Angelina Appleby</a> \u00b7 <a href=\"/wiki/Oona_Ballington\" title=\"Oona Ballington\">Oona Ballington</a> \u00b7 <a href=\"/wiki/Hugh_Biggs\" title=\"Hugh Biggs\">Hugh Biggs</a> \u00b7 <a href=\"/wiki/Richard_Carter\" title=\"Richard Carter\">Richard Carter</a> \u00b7 <a href=\"/wiki/Angelica_Cole\" title=\"Angelica Cole\">Angelica Cole</a> \u00b7 <a href=\"/wiki/Concepta_Battista\" title=\"Concepta Battista\">Concepta Battista</a> \u00b7 <a href=\"/wiki/Stuart_Craggy\" title=\"Stuart Craggy\">Stuart Craggy</a> \u00b7 <a href=\"/wiki/Winky_Crockett_(Slytherin)\" title=\"Winky Crockett (Slytherin)\">Winky Crockett</a> \u00b7 <a href=\"/wiki/Roger_Davies\" title=\"Roger Davies\">Roger Davies</a> \u00b7 <a href=\"/wiki/Cedric_Diggory\" title=\"Cedric Diggory\">Cedric Diggory</a> \u00b7 <a href=\"/wiki/Marcus_Flint\" title=\"Marcus Flint\">Marcus Flint</a> \u00b7 <a href=\"/wiki/Hamish_Frater\" title=\"Hamish Frater\">Hamish Frater</a> \u00b7 <a href=\"/wiki/Stephen_Gould\" title=\"Stephen Gould\">Stephen Gould</a> \u00b7 <a href=\"/wiki/David_Hamblin\" title=\"David Hamblin\">David Hamblin</a> \u00b7 <a href=\"/wiki/Natalie_Holkham\" title=\"Natalie Holkham\">Natalie Holkham</a> \u00b7 <a href=\"/wiki/Jody_Jacknife\" title=\"Jody Jacknife\">Jody Jacknife</a> \u00b7 <a href=\"/wiki/Angelina_Johnson\" title=\"Angelina Johnson\">Angelina Johnson</a> \u00b7 <a href=\"/wiki/Jo_King_(Slytherin)\" title=\"Jo King (Slytherin)\">Jo King</a> \u00b7 <a href=\"/wiki/Neil_Lament\" title=\"Neil Lament\">Neil Lament</a> \u00b7 <a href=\"/wiki/Steve_Laughalot\" title=\"Steve Laughalot\">Steve Laughalot</a> \u00b7 <a href=\"/wiki/Graham_Montague\" title=\"Graham Montague\">Graham Montague</a> \u00b7 <a href=\"/wiki/Mark_Overcliff\" title=\"Mark Overcliff\">Mark Overcliff</a> \u00b7 <a href=\"/wiki/Andrew_Snowy_Owl_(Slytherin)\" title=\"Andrew Snowy Owl (Slytherin)\">Andrew Snowy Owl</a> \u00b7 <a href=\"/wiki/Harry_Potter\" title=\"Harry Potter\">Harry Potter</a> \u00b7 <a href=\"/wiki/Isobel_McGonagall\" class=\"mw-redirect\" title=\"Isobel McGonagall\">Isobel Ross</a> \u00b7 <a href=\"/wiki/Ashley_Sanders\" title=\"Ashley Sanders\">Ashley Sanders</a> \u00b7 <a href=\"/wiki/Lucinda_Talkalot\" title=\"Lucinda Talkalot\">Lucinda Talkalot</a> \u00b7 <a href=\"/wiki/Urquhart\" title=\"Urquhart\">Urquhart</a> \u00b7 <a href=\"/wiki/Emma_Vanity_(Slytherin)\" title=\"Emma Vanity (Slytherin)\">Emma Vanity</a> \u00b7 <a href=\"/wiki/Charles_Weasley\" title=\"Charles Weasley\">Charlie Weasley</a> \u00b7 <a href=\"/wiki/Rufus_Winickus\" title=\"Rufus Winickus\">Rufus Winickus</a> \u00b7 <a href=\"/wiki/Oliver_Wood\" title=\"Oliver Wood\">Oliver Wood</a>\n</td></tr>\n<tr>\n<th style=\"background-color: #dfdfdf; font-size: 9pt;\"><a href=\"/wiki/Keeper\" title=\"Keeper\">Keepers</a>\n</th></tr>\n<tr>\n<td style=\"font-size: 8pt;\"><a href=\"/wiki/Kevin_Bletchley\" title=\"Kevin Bletchley\">Kevin Bletchley</a> \u00b7 <a href=\"/wiki/Miles_Bletchley\" title=\"Miles Bletchley\">Miles Bletchley</a> \u00b7 <a href=\"/wiki/Brennan_Doyle\" title=\"Brennan Doyle\">Brennan Doyle</a> \u00b7 <a href=\"/wiki/Andre_Egwu\" title=\"Andre Egwu\">Andre Egwu</a> \u00b7 <a href=\"/wiki/Herbert_Fleet\" title=\"Herbert Fleet\">Herbert Fleet</a> \u00b7 <a href=\"/wiki/Geoffrey_Hooper\" title=\"Geoffrey Hooper\">Geoffrey Hooper</a> \u00b7 <a href=\"/wiki/Cormac_McLaggen\" title=\"Cormac McLaggen\">Cormac McLaggen</a> \u00b7 <a href=\"/wiki/Grant_Page\" title=\"Grant Page\">Grant Page</a> \u00b7 <a href=\"/wiki/Ronald_Weasley\" title=\"Ronald Weasley\">Ron Weasley</a> \u00b7 <a href=\"/wiki/Oliver_Wood\" title=\"Oliver Wood\">Oliver Wood</a> \u00b7 <a href=\"/wiki/Unidentified_Gryffindor_Keeper\" title=\"Unidentified Gryffindor Keeper\">Unidentified Gryffindor Keeper</a> \u00b7 <a href=\"/wiki/Unidentified_Keeper\" title=\"Unidentified Keeper\">Unidentified Keeper</a> \u00b7 <a href=\"/wiki/Unidentified_Slytherin_Keeper\" title=\"Unidentified Slytherin Keeper\">Unidentified Slytherin Keeper</a>\n</td></tr>\n<tr>\n<th style=\"background-color: #dfdfdf; font-size: 9pt;\"><a href=\"/wiki/Chaser\" title=\"Chaser\">Chasers</a>\n</th></tr>\n<tr>\n<td style=\"font-size: 8pt;\"><a href=\"/wiki/Tamsin_Applebee\" title=\"Tamsin Applebee\">Tamsin Applebee</a> \u00b7 <a href=\"/wiki/Katie_Bell\" title=\"Katie Bell\">Katie Bell</a> \u00b7 <a href=\"/wiki/Bradley\" title=\"Bradley\">Bradley</a> \u00b7 <a href=\"/wiki/Randolph_Burrow\" title=\"Randolph Burrow\">Randolph Burrow</a> \u00b7 <a href=\"/wiki/Cadwallader\" title=\"Cadwallader\">Cadwallader</a> \u00b7 <a href=\"/wiki/Chambers\" title=\"Chambers\">Chambers</a> \u00b7 <a href=\"/wiki/Roger_Davies\" title=\"Roger Davies\">Roger Davies</a> \u00b7 <a href=\"/wiki/Eekins\" title=\"Eekins\">Eekins</a> \u00b7 <a href=\"/wiki/Marcus_Flint\" title=\"Marcus Flint\">Marcus Flint</a> \u00b7 <a href=\"/wiki/Jarrett\" title=\"Jarrett\">Jarrett</a> \u00b7 <a href=\"/wiki/Angelina_Johnson\" title=\"Angelina Johnson\">Angelina Johnson</a> \u00b7 <a href=\"/wiki/Heidi_Macavoy\" title=\"Heidi Macavoy\">Heidi Macavoy</a> \u00b7 <a href=\"/wiki/Graham_Montague\" title=\"Graham Montague\">Graham Montague</a> \u00b7 <a href=\"/wiki/Skye_Parkin\" title=\"Skye Parkin\">Skye Parkin</a> \u00b7 <a href=\"/wiki/James_Potter_I\" title=\"James Potter I\">James Potter</a> \u00b7 <a href=\"/wiki/Malcolm_Preece\" title=\"Malcolm Preece\">Malcolm Preece</a> \u00b7 <a href=\"/wiki/Adrian_Pucey\" title=\"Adrian Pucey\">Adrian Pucey</a> \u00b7 <a href=\"/wiki/Demelza_Robins\" title=\"Demelza Robins\">Demelza Robins</a> \u00b7 <a href=\"/wiki/Zacharias_Smith\" title=\"Zacharias Smith\">Zacharias Smith</a> \u00b7 <a href=\"/wiki/Alicia_Spinnet\" title=\"Alicia Spinnet\">Alicia Spinnet</a> \u00b7 <a href=\"/wiki/Jeremy_Stretton\" title=\"Jeremy Stretton\">Jeremy Stretton</a> \u00b7 <a href=\"/wiki/Dean_Thomas\" title=\"Dean Thomas\">Dean Thomas</a> \u00b7 <a href=\"/wiki/Urquhart\" title=\"Urquhart\">Urquhart</a> \u00b7 <a href=\"/wiki/Vaisey\" title=\"Vaisey\">Vaisey</a> \u00b7 <a href=\"/wiki/Cassius_Warrington\" title=\"Cassius Warrington\">Cassius Warrington</a> \u00b7 <a href=\"/wiki/Ginevra_Weasley\" title=\"Ginevra Weasley\">Ginny Weasley</a> \u00b7 <a href=\"/wiki/Rose_Granger-Weasley\" title=\"Rose Granger-Weasley\">Rose Granger-Weasley</a> \u00b7 <a href=\"/wiki/Blaise_Zabini\" title=\"Blaise Zabini\">Blaise Zabini</a> \u00b7 <a href=\"/wiki/Unidentified_Gryffindor_chaser_(I)\" title=\"Unidentified Gryffindor chaser (I)\">Unidentified Gryffindor chaser (I)</a> \u00b7 <a href=\"/wiki/Unidentified_Gryffindor_chaser_(II)\" title=\"Unidentified Gryffindor chaser (II)\">Unidentified Gryffindor chaser (II)</a> \u00b7 <a href=\"/wiki/Unidentified_Gryffindor_chaser_(III)\" title=\"Unidentified Gryffindor chaser (III)\">Unidentified Gryffindor chaser (III)</a> \u00b7 <a href=\"/wiki/Unidentified_Gryffindor_chaser_(IV)\" title=\"Unidentified Gryffindor chaser (IV)\">Unidentified Gryffindor chaser (IV)</a> \u00b7 <a href=\"/wiki/Unidentified_Chaser\" title=\"Unidentified Chaser\">Unidentified Chaser</a> \u00b7 <a href=\"/wiki/Unidentified_fourth_year_Chaser\" title=\"Unidentified fourth year Chaser\">Unidentified fourth year Chaser</a>\n</td></tr>\n<tr>\n<th style=\"background-color: #dfdfdf; font-size: 9pt;\"><a href=\"/wiki/Beater\" title=\"Beater\">Beaters</a>\n</th></tr>\n<tr>\n<td style=\"font-size: 8pt;\"><a href=\"/wiki/Bean\" title=\"Bean\">Bean</a> \u00b7 <a href=\"/wiki/Lucian_Bole\" title=\"Lucian Bole\">Lucian Bole</a> \u00b7 <a href=\"/wiki/Ritchie_Coote\" title=\"Ritchie Coote\">Ritchie Coote</a> \u00b7 <a href=\"/wiki/Vincent_Crabbe\" title=\"Vincent Crabbe\">Vincent Crabbe</a> \u00b7 <a href=\"/wiki/Peregrine_Derrick\" title=\"Peregrine Derrick\">Peregrine Derrick</a> \u00b7 <a href=\"/wiki/Dobbin\" title=\"Dobbin\">Dobbin</a> \u00b7 <a href=\"/wiki/Gregory_Goyle\" title=\"Gregory Goyle\">Gregory Goyle</a> \u00b7 <a href=\"/wiki/Duncan_Inglebee\" title=\"Duncan Inglebee\">Duncan Inglebee</a> \u00b7 <a href=\"/wiki/Andrew_Kirke\" title=\"Andrew Kirke\">Andrew Kirke</a> \u00b7 <a href=\"/wiki/Michael_McManus\" title=\"Michael McManus\">Michael McManus</a> \u00b7 <a href=\"/wiki/Maxine_O%27Flaherty\" title=\"Maxine O&#39;Flaherty\">Maxine O'Flaherty</a> \u00b7 <a href=\"/wiki/Jimmy_Peakes\" title=\"Jimmy Peakes\">Jimmy Peakes</a> \u00b7 <a href=\"/wiki/Erika_Rath\" title=\"Erika Rath\">Erika Rath</a> \u00b7 <strong class=\"mw-selflink selflink\">Anthony Rickett</strong> \u00b7 <a href=\"/wiki/Jason_Samuels\" title=\"Jason Samuels\">Jason Samuels</a> \u00b7 <a href=\"/wiki/Jack_Sloper\" title=\"Jack Sloper\">Jack Sloper</a> \u00b7 <a href=\"/wiki/Fred_Weasley\" title=\"Fred Weasley\">Fred Weasley</a> \u00b7 <a href=\"/wiki/George_Weasley\" title=\"George Weasley\">George Weasley</a> \u00b7 <a href=\"/wiki/Unidentified_Beater\" title=\"Unidentified Beater\">Unidentified Beater</a> \u00b7 <a href=\"/wiki/Unidentified_Gryffindor_beater\" title=\"Unidentified Gryffindor beater\">Unidentified Gryffindor beater</a> \u00b7 <a href=\"/wiki/Unidentified_Slytherin_Beater\" title=\"Unidentified Slytherin Beater\">Unidentified Slytherin Beater</a> \u00b7 <a href=\"/wiki/Unidentified_Slytherin_Beater_(II)\" title=\"Unidentified Slytherin Beater (II)\">Unidentified Slytherin Beater (II)</a>\n</td></tr>\n<tr>\n<th style=\"background-color: #dfdfdf; font-size: 9pt;\"><a href=\"/wiki/Seeker\" title=\"Seeker\">Seekers</a>\n</th></tr>\n<tr>\n<td style=\"font-size: 8pt;\"><a href=\"/wiki/Regulus_Black\" title=\"Regulus Black\">Regulus Black</a> \u00b7 <a href=\"/wiki/Cho_Chang\" title=\"Cho Chang\">Cho Chang</a> \u00b7 <a href=\"/wiki/Cedric_Diggory\" title=\"Cedric Diggory\">Cedric Diggory</a> \u00b7 <a href=\"/wiki/Harper\" title=\"Harper\">Harper</a> \u00b7 <a href=\"/wiki/Terence_Higgs\" title=\"Terence Higgs\">Terence Higgs</a> \u00b7 <a href=\"/wiki/Gilderoy_Lockhart\" title=\"Gilderoy Lockhart\">Gilderoy Lockhart</a> \u00b7 <a href=\"/wiki/Draco_Malfoy\" title=\"Draco Malfoy\">Draco Malfoy</a> \u00b7 <a href=\"/wiki/Harry_Potter\" title=\"Harry Potter\">Harry Potter</a> \u00b7 <a href=\"/wiki/Summerby\" title=\"Summerby\">Summerby</a> \u00b7 <a href=\"/wiki/Charles_Weasley\" title=\"Charles Weasley\">Charlie Weasley</a> \u00b7 <a href=\"/wiki/Ginevra_Weasley\" title=\"Ginevra Weasley\">Ginny Weasley</a> \u00b7 <a href=\"/wiki/Unidentified_Gryffindor_seeker\" title=\"Unidentified Gryffindor seeker\">Unidentified Gryffindor seeker</a> \u00b7 <a href=\"/wiki/Unidentified_Ravenclaw_Seeker\" title=\"Unidentified Ravenclaw Seeker\">Unidentified Ravenclaw Seeker</a> \u00b7 <a href=\"/wiki/Unidentified_Ravenclaw_Substitute_Seeker\" title=\"Unidentified Ravenclaw Substitute Seeker\">Unidentified Ravenclaw Substitute Seeker</a> \u00b7 <a href=\"/wiki/Unidentified_Hufflepuff_Seeker\" title=\"Unidentified Hufflepuff Seeker\">Unidentified Hufflepuff Seeker</a> \u00b7 <a href=\"/wiki/Unidentified_Seeker\" title=\"Unidentified Seeker\">Unidentified Seeker</a>\n</td></tr>\n<tr>\n<th style=\"background-color: #dfdfdf; font-size: 9pt;\">Unknown Positions\n</th></tr>\n<tr>\n<td style=\"font-size: 8pt;\"><a href=\"/wiki/Vicky_Bishopper\" title=\"Vicky Bishopper\">Vicky Bishopper</a> \u00b7 <a href=\"/wiki/Angelica_Cole\" title=\"Angelica Cole\">Angelica Cole</a> \u00b7 <a href=\"/wiki/Robin_Higgy\" title=\"Robin Higgy\">Robin Higgy</a> \u00b7 <a href=\"/wiki/R._King\" class=\"mw-redirect\" title=\"R. King\">R. King</a> \u00b7 <a href=\"/wiki/M._G._McGonagall\" title=\"M. G. McGonagall\">M. G. McGonagall</a> \u00b7 <a href=\"/wiki/Katie_Rayknolls\" title=\"Katie Rayknolls\">Katie Rayknolls</a>\n</td></tr>\n<tr>\n<th style=\"background-color: #dfdfdf; font-size: 9pt;\">Possible Players\n</th></tr>\n<tr>\n<td style=\"font-size: 8pt;\"><a href=\"/wiki/Christian_Alexander\" title=\"Christian Alexander\">Christian Alexander</a> \u00b7 <a href=\"/wiki/Brandon_Angel\" title=\"Brandon Angel\">Brandon Angel</a> \u00b7 <a href=\"/wiki/Jada_Angela\" title=\"Jada Angela\">Jada Angela</a> \u00b7 <a href=\"/wiki/Owen_Anthony\" title=\"Owen Anthony\">Owen Anthony</a> \u00b7 <a href=\"/wiki/Tanner_Van_Burm\" title=\"Tanner Van Burm\">Tanner Van Burm</a> \u00b7 <a href=\"/wiki/Haley_Dakota\" title=\"Haley Dakota\">Haley Dakota</a> \u00b7 <a href=\"/wiki/Jennifer_Dawn\" title=\"Jennifer Dawn\">Jennifer Dawn</a> \u00b7 <a href=\"/wiki/Fay_Dunbar\" title=\"Fay Dunbar\">Fay Dunbar</a> \u00b7 <a href=\"/wiki/Riley_Frazer\" title=\"Riley Frazer\">Riley Frazer</a> \u00b7 <a href=\"/wiki/Ethan_Gerard\" title=\"Ethan Gerard\">Ethan Gerard</a> \u00b7 <a href=\"/wiki/Ryan_Henry\" title=\"Ryan Henry\">Ryan Henry</a> \u00b7 <a href=\"/wiki/Erica_J.\" title=\"Erica J.\">Erica J.</a> \u00b7 <a href=\"/wiki/Ella_Jo\" title=\"Ella Jo\">Ella Jo</a> \u00b7 <a href=\"/wiki/Timothy_Justin\" title=\"Timothy Justin\">Timothy Justin</a> \u00b7 <a href=\"/wiki/Sage_Kelleen\" title=\"Sage Kelleen\">Sage Kelleen</a> \u00b7 <a href=\"/wiki/Luisa\" title=\"Luisa\">Luisa</a> \u00b7 <a href=\"/wiki/Trinity_Lynn\" title=\"Trinity Lynn\">Trinity Lynn</a> \u00b7 <a href=\"/wiki/Trev_Mallory\" title=\"Trev Mallory\">Trev Mallory</a> \u00b7 <a href=\"/wiki/Alexis_Marie\" title=\"Alexis Marie\">Alexis Marie</a> \u00b7 <a href=\"/wiki/Gianna_Grace_Marie\" title=\"Gianna Grace Marie\">Gianna Grace Marie</a> \u00b7 <a href=\"/wiki/Abigail_Nicola\" title=\"Abigail Nicola\">Abigail Nicola</a> \u00b7 <a href=\"/wiki/Amber_Noel\" title=\"Amber Noel\">Amber Noel</a> \u00b7 <a href=\"/wiki/Phelan_Noel\" title=\"Phelan Noel\">Phelan Noel</a> \u00b7 <a href=\"/wiki/Remy_Olivier\" title=\"Remy Olivier\">Remy Olivier</a> \u00b7 <a href=\"/wiki/Jackson_Sheppard\" title=\"Jackson Sheppard\">Jackson Sheppard</a> \u00b7 <a href=\"/wiki/Richard_Sky\" title=\"Richard Sky\">Richard Sky</a> \u00b7 <a href=\"/wiki/Emily_Taylor\" title=\"Emily Taylor\">Emily Taylor</a> \u00b7 <a href=\"/wiki/Alexander_William\" title=\"Alexander William\">Alexander William</a>\n</td></tr></tbody></table></div>"}]}}}}