{"batchcomplete": "", "warnings": {"main": {"*": "Subscribe to the mediawiki-api-announce mailing list at <https://lists.wikimedia.org/mailman/listinfo/mediawiki-api-announce> for notice of API deprecations and breaking changes."}, "revisions": {"*": "The parameter \"rvparse\" has been deprecated.\nBecause \"rvslots\" was not specified, a legacy format has been used for the output. This format is deprecated, and in the future the new format will always be used."}}, "query": {"normalized": [{"from": "Antioch_Peverell's_enemy", "to": "Antioch Peverell's enemy"}], "pages": {"93998": {"pageid": 93998, "ns": 0, "title": "Antioch Peverell's enemy", "revisions": [{"*": "<div class=\"mw-parser-output\"><table class=\"notice metadata\" cellpadding=\"3px\" style=\"text-align: center; background: snow; border: #a00 1px solid; margin: 1em 10% 1em 10%;\">\n\n<tbody><tr>\n<td><a href=\"https://static.wikia.nocookie.net/harrypotter/images/1/11/Hermione_Granger_%28HBP_promo%29_5.jpg/revision/latest?cb=20090817203540\" class=\"image\"><img alt=\"Hermione Granger (HBP promo) 5.jpg\" src=\"https://static.wikia.nocookie.net/harrypotter/images/1/11/Hermione_Granger_%28HBP_promo%29_5.jpg/revision/latest/scale-to-width-down/60?cb=20090817203540\" decoding=\"async\" width=\"60\" height=\"80\" data-image-name=\"Hermione Granger (HBP promo) 5.jpg\" data-image-key=\"Hermione_Granger_(HBP_promo)_5.jpg\" /></a>\n</td>\n<td><i><b>\"Are you a wizard or not?\"</b></i>\n<p>The title of this article is conjectural.  Although it is based on <a href=\"/wiki/Canon\" title=\"Canon\">canonical information</a>, the actual name is a conjecture and may be supplanted at any time by additional information released from canonical sources.  If this occurs, please move this page to the appropriate title.\n</p>\n</td></tr></tbody></table>\n<p>\n<aside role=\"region\" class=\"portable-infobox pi-background pi-theme-wizard pi-layout-default\">\n<figure class=\"pi-item pi-image\" data-source=\"image\">\n\t<a href=\"https://static.wikia.nocookie.net/harrypotter/images/6/6b/Antioch%27s_enemy.jpg/revision/latest?cb=20110613230428\" class=\"image image-thumbnail\"\n\t   title=\"\">\n\t\t<img src=\"https://static.wikia.nocookie.net/harrypotter/images/6/6b/Antioch%27s_enemy.jpg/revision/latest/scale-to-width-down/350?cb=20110613230428\" srcset=\"https://static.wikia.nocookie.net/harrypotter/images/6/6b/Antioch%27s_enemy.jpg/revision/latest/scale-to-width-down/350?cb=20110613230428 1x, https://static.wikia.nocookie.net/harrypotter/images/6/6b/Antioch%27s_enemy.jpg/revision/latest/scale-to-width-down/699?cb=20110613230428 2x\" class=\"pi-image-thumbnail\" alt=\"\" width=\"270\" height=\"146\"\n\t\t     data-image-key=\"Antioch%27s_enemy.jpg\" data-image-name=\"Antioch&#039;s enemy.jpg\"/>\n\t\t\n\t</a>\n\t\n</figure>\n<section class=\"pi-item pi-group pi-border-color\">\n\t\n<h2 class=\"pi-item pi-item-spacing pi-title\" data-source=\"name\">Antioch Peverell's victim</h2>\n\n</section>\n<section class=\"pi-item pi-group pi-border-color\">\n\t<h2 class=\"pi-item pi-header pi-secondary-font pi-item-spacing pi-secondary-background\">Biographical information</h2>\n\n<div class=\"pi-item pi-data pi-item-spacing pi-border-color\" data-source=\"died\">\n\t\n\t\t<h3 class=\"pi-data-label pi-secondary-font\">Died</h3>\n\t\n\t<div class=\"pi-data-value pi-font\">Between <a href=\"/wiki/12_July\" title=\"12 July\">12 July</a>, <a href=\"/wiki/1214\" class=\"mw-redirect\" title=\"1214\">1214</a> and <a href=\"/wiki/18_May\" title=\"18 May\">18 May</a>, <a href=\"/wiki/1291\" class=\"mw-redirect\" title=\"1291\">1291</a></div>\n</div>\n\n</section>\n<section class=\"pi-item pi-group pi-border-color\">\n\t<h2 class=\"pi-item pi-header pi-secondary-font pi-item-spacing pi-secondary-background\">Physical information</h2>\n\n<div class=\"pi-item pi-data pi-item-spacing pi-border-color\" data-source=\"species\">\n\t\n\t\t<h3 class=\"pi-data-label pi-secondary-font\">Species</h3>\n\t\n\t<div class=\"pi-data-value pi-font\"><a href=\"/wiki/Human\" title=\"Human\">Human</a><sup id=\"cite_ref-TBB_1-0\" class=\"reference\"><a href=\"#cite_note-TBB-1\">&#91;1&#93;</a></sup></div>\n</div>\n\n<div class=\"pi-item pi-data pi-item-spacing pi-border-color\" data-source=\"gender\">\n\t\n\t\t<h3 class=\"pi-data-label pi-secondary-font\">Gender</h3>\n\t\n\t<div class=\"pi-data-value pi-font\">Male<sup id=\"cite_ref-TBB_1-1\" class=\"reference\"><a href=\"#cite_note-TBB-1\">&#91;1&#93;</a></sup></div>\n</div>\n\n</section>\n<section class=\"pi-item pi-group pi-border-color\">\n\t<h2 class=\"pi-item pi-header pi-secondary-font pi-item-spacing pi-secondary-background\">Magical characteristics</h2>\n\n<div class=\"pi-item pi-data pi-item-spacing pi-border-color\" data-source=\"wand\">\n\t\n\t\t<h3 class=\"pi-data-label pi-secondary-font\">Wand</h3>\n\t\n\t<div class=\"pi-data-value pi-font\">Unknown length, wood and core<sup id=\"cite_ref-TBB_1-2\" class=\"reference\"><a href=\"#cite_note-TBB-1\">&#91;1&#93;</a></sup></div>\n</div>\n\n</section>\n<nav class=\"pi-navigation pi-item-spacing pi-secondary-background pi-secondary-font\"><small><a href=\"/wiki/Template:Individual_infobox\" title=\"Template:Individual infobox\">[Source]</a><span class=\"hidable-button\"></span></small></nav>\n</aside>\n\n</p>\n<div class=\"quote\">\n<dl><dd><span title=\"Source:&#160;The Tales of Beedle the Bard (real)\">\"<i>The first brother travelled on for a week or more, and reaching a distant village, he sought out a fellow wizard with whom he had a quarrel. Naturally, with the Elder Wand as his weapon, he could not fail to win the duel that followed. Leaving his enemy dead upon the floor, the oldest brother proceeded to an inn, where he boasted loudly of the powerful wand he had snatched from Death himself, and of how it made him invincible.</i>\"</span></dd>\n<dd>&#8212;<a href=\"/wiki/Beedle_the_Bard\" title=\"Beedle the Bard\">Beedle the Bard</a>, <i><a href=\"/wiki/The_Tale_of_the_Three_Brothers\" title=\"The Tale of the Three Brothers\">The Tale of the Three Brothers</a></i>.<sup class=\"noprint\"><a href=\"/wiki/The_Tales_of_Beedle_the_Bard_(real)\" title=\"The Tales of Beedle the Bard (real)\">[src]</a></sup></dd>\n<dd></dd></dl></div>\n<p>This <b>man</b> (fl. <a href=\"/wiki/13th_century\" title=\"13th century\">13th century</a>) was a <a href=\"/wiki/Wizardkind\" title=\"Wizardkind\">wizard</a> with whom <a href=\"/wiki/Antioch_Peverell\" title=\"Antioch Peverell\">Antioch Peverell</a> had a quarrel.<sup id=\"cite_ref-TBB_1-3\" class=\"reference\"><a href=\"#cite_note-TBB-1\">&#91;1&#93;</a></sup>\n</p>\n<figure class=\"thumb tleft show-info-icon\" style=\"width: 202px\"> \t<a href=\"https://static.wikia.nocookie.net/harrypotter/images/d/d2/Antioch_kills.jpg/revision/latest?cb=20110613230231\" class=\"image\"><img alt=\"\" src=\"https://static.wikia.nocookie.net/harrypotter/images/d/d2/Antioch_kills.jpg/revision/latest/scale-to-width-down/200?cb=20110613230231\" decoding=\"async\" width=\"200\" height=\"146\" class=\"thumbimage\" data-image-name=\"Antioch kills.jpg\" data-image-key=\"Antioch_kills.jpg\" /></a> \t \t<figcaption class=\"thumbcaption\"> \t\t \t\t\t<a href=\"/wiki/File:Antioch_kills.jpg\" class=\"info-icon\"><svg><use xlink:href=\"#wds-icons-info-small\"></use></svg></a> \t\t \t\t \t\t \t\t\t<p class=\"caption\"><a href=\"/wiki/Antioch_Peverell\" title=\"Antioch Peverell\">Antioch</a> killing this wizard in a <a href=\"/wiki/Duelling\" title=\"Duelling\">duel</a></p> \t\t \t</figcaption> </figure>\n<p>When Antioch obtained his <a href=\"/wiki/Elder_Wand\" title=\"Elder Wand\">unbeatable wand</a>, he killed this wizard in a <a href=\"/wiki/Duel_between_Antioch_Peverell_and_his_enemy\" title=\"Duel between Antioch Peverell and his enemy\">duel</a> and later went into an inn, where he boasted about his powerful wand. <a href=\"/wiki/Antioch_Peverell\" title=\"Antioch Peverell\">Peverell</a>, while sleeping \"wine-sodden\", had his wand stolen and his throat slit by a <a href=\"/wiki/Antioch_Peverell%27s_killer\" title=\"Antioch Peverell&#39;s killer\">thief</a>.<sup id=\"cite_ref-TBB_1-4\" class=\"reference\"><a href=\"#cite_note-TBB-1\">&#91;1&#93;</a></sup>\n</p>\n<h2><span class=\"mw-headline\" id=\"Appearances\">Appearances</span><span class=\"mw-editsection\"><span class=\"mw-editsection-bracket\">[</span><a href=\"/wiki/Antioch_Peverell%27s_enemy?veaction=edit&amp;section=1\" class=\"mw-editsection-visualeditor\" title=\"Edit section: Appearances\">edit</a><span class=\"mw-editsection-divider\"> | </span><a href=\"/wiki/Antioch_Peverell%27s_enemy?action=edit&amp;section=1\" title=\"Edit section: Appearances\"><svg class=\"wds-icon wds-icon-tiny section-edit-pencil-icon\"><use xlink:href=\"#wds-icons-pencil-tiny\"></use></svg>edit source</a><span class=\"mw-editsection-bracket\">]</span></span></h2>\n<ul><li><i><a href=\"/wiki/Harry_Potter_and_the_Deathly_Hallows\" title=\"Harry Potter and the Deathly Hallows\">Harry Potter and the Deathly Hallows</a></i> <small>(First mentioned)</small></li>\n<li><i><a href=\"/wiki/Harry_Potter_and_the_Deathly_Hallows:_Part_1\" title=\"Harry Potter and the Deathly Hallows: Part 1\">Harry Potter and the Deathly Hallows: Part 1</a></i> <small>(First appearance)</small> <small>(Appears in flashback(s))</small></li>\n<li><i><a href=\"/wiki/Harry_Potter_and_the_Deathly_Hallows:_Part_1_(video_game)\" title=\"Harry Potter and the Deathly Hallows: Part 1 (video game)\">Harry Potter and the Deathly Hallows: Part 1 (video game)</a></i> <small>(Appears in flashback(s))</small></li>\n<li><i><a href=\"/wiki/The_Tales_of_Beedle_the_Bard_(real)\" title=\"The Tales of Beedle the Bard (real)\">The Tales of Beedle the Bard</a></i> <small>(Mentioned only)</small></li></ul>\n<h2><span class=\"mw-headline\" id=\"Notes_and_references\">Notes and references</span><span class=\"mw-editsection\"><span class=\"mw-editsection-bracket\">[</span><a href=\"/wiki/Antioch_Peverell%27s_enemy?veaction=edit&amp;section=2\" class=\"mw-editsection-visualeditor\" title=\"Edit section: Notes and references\">edit</a><span class=\"mw-editsection-divider\"> | </span><a href=\"/wiki/Antioch_Peverell%27s_enemy?action=edit&amp;section=2\" title=\"Edit section: Notes and references\"><svg class=\"wds-icon wds-icon-tiny section-edit-pencil-icon\"><use xlink:href=\"#wds-icons-pencil-tiny\"></use></svg>edit source</a><span class=\"mw-editsection-bracket\">]</span></span></h2>\n<div class=\"references-small\">\n<div class=\"mw-references-wrap\"><ol class=\"references\">\n<li id=\"cite_note-TBB-1\"><span class=\"mw-cite-backlink\">\u2191 <sup><a href=\"#cite_ref-TBB_1-0\">1.0</a></sup> <sup><a href=\"#cite_ref-TBB_1-1\">1.1</a></sup> <sup><a href=\"#cite_ref-TBB_1-2\">1.2</a></sup> <sup><a href=\"#cite_ref-TBB_1-3\">1.3</a></sup> <sup><a href=\"#cite_ref-TBB_1-4\">1.4</a></sup></span> <span class=\"reference-text\"><i><a href=\"/wiki/The_Tales_of_Beedle_the_Bard_(real)\" title=\"The Tales of Beedle the Bard (real)\">The Tales of Beedle the Bard</a></i></span>\n</li>\n</ol></div></div></div>"}]}}}}