{"batchcomplete": "", "warnings": {"main": {"*": "Subscribe to the mediawiki-api-announce mailing list at <https://lists.wikimedia.org/mailman/listinfo/mediawiki-api-announce> for notice of API deprecations and breaking changes."}, "revisions": {"*": "The parameter \"rvparse\" has been deprecated.\nBecause \"rvslots\" was not specified, a legacy format has been used for the output. This format is deprecated, and in the future the new format will always be used."}}, "query": {"normalized": [{"from": "Applewood_and_dragon_heartstring_wand", "to": "Applewood and dragon heartstring wand"}], "pages": {"205914": {"pageid": 205914, "ns": 0, "title": "Applewood and dragon heartstring wand", "revisions": [{"*": "<div class=\"mw-parser-output\"><table class=\"notice metadata\" id=\"spoiler\" style=\"text-align: center; background: beige; margin: 1em 05%; padding: 0 1em; border: #a00 1px solid;\">\n\n<tbody><tr>\n<td><a href=\"https://static.wikia.nocookie.net/harrypotter/images/8/8c/Hogwarts_Mystery.jpeg/revision/latest?cb=20180504083359\" class=\"image\"><img alt=\"Hogwarts Mystery.jpeg\" src=\"https://static.wikia.nocookie.net/harrypotter/images/8/8c/Hogwarts_Mystery.jpeg/revision/latest/scale-to-width-down/175?cb=20180504083359\" decoding=\"async\" width=\"175\" height=\"77\" data-image-name=\"Hogwarts Mystery.jpeg\" data-image-key=\"Hogwarts_Mystery.jpeg\" /></a>\n</td>\n<td><b>Warning!</b>\n<p>At least some content in this article is derived from information featured in <i><a href=\"/wiki/Harry_Potter:_Hogwarts_Mystery\" title=\"Harry Potter: Hogwarts Mystery\">Harry Potter: Hogwarts Mystery</a></i>. Spoilers will be present within the article.\n</p>\n</td></tr></tbody></table>\n<p>\n<aside role=\"region\" class=\"portable-infobox pi-background pi-theme-wand pi-layout-default\">\n<figure class=\"pi-item pi-image\" data-source=\"image\">\n\t<a href=\"https://static.wikia.nocookie.net/harrypotter/images/9/9f/ApplewoodWand.png/revision/latest?cb=20180203010724\" class=\"image image-thumbnail\"\n\t   title=\"\">\n\t\t<img src=\"https://static.wikia.nocookie.net/harrypotter/images/9/9f/ApplewoodWand.png/revision/latest/scale-to-width-down/350?cb=20180203010724\" srcset=\"https://static.wikia.nocookie.net/harrypotter/images/9/9f/ApplewoodWand.png/revision/latest/scale-to-width-down/350?cb=20180203010724 1x, https://static.wikia.nocookie.net/harrypotter/images/9/9f/ApplewoodWand.png/revision/latest/scale-to-width-down/699?cb=20180203010724 2x\" class=\"pi-image-thumbnail\" alt=\"\" width=\"270\" height=\"253\"\n\t\t     data-image-key=\"ApplewoodWand.png\" data-image-name=\"ApplewoodWand.png\"/>\n\t\t\n\t</a>\n\t\n</figure>\n\n<h2 class=\"pi-item pi-item-spacing pi-title\" data-source=\"name\">Applewood and dragon heartstring wand</h2>\n<section class=\"pi-item pi-group pi-border-color\">\n\t<h2 class=\"pi-item pi-header pi-secondary-font pi-item-spacing pi-secondary-background\">Historical information</h2>\n\n<div class=\"pi-item pi-data pi-item-spacing pi-border-color\" data-source=\"manufacturer\">\n\t\n\t\t<h3 class=\"pi-data-label pi-secondary-font\">Manufacturer</h3>\n\t\n\t<div class=\"pi-data-value pi-font\"><a href=\"/wiki/Garrick_Ollivander\" title=\"Garrick Ollivander\">Garrick Ollivander</a></div>\n</div>\n\n<div class=\"pi-item pi-data pi-item-spacing pi-border-color\" data-source=\"made\">\n\t\n\t\t<h3 class=\"pi-data-label pi-secondary-font\">Made</h3>\n\t\n\t<div class=\"pi-data-value pi-font\"><a href=\"/wiki/1984\" title=\"1984\">1984</a> or earlier</div>\n</div>\n\n</section>\n<section class=\"pi-item pi-group pi-border-color\">\n\t<h2 class=\"pi-item pi-header pi-secondary-font pi-item-spacing pi-secondary-background\">Material information</h2>\n\n<div class=\"pi-item pi-data pi-item-spacing pi-border-color\" data-source=\"wood\">\n\t\n\t\t<h3 class=\"pi-data-label pi-secondary-font\">Wood</h3>\n\t\n\t<div class=\"pi-data-value pi-font\"><a href=\"/wiki/Apple_(tree)\" title=\"Apple (tree)\">Apple</a><sup id=\"cite_ref-HM11_1-0\" class=\"reference\"><a href=\"#cite_note-HM11-1\">&#91;1&#93;</a></sup></div>\n</div>\n\n<div class=\"pi-item pi-data pi-item-spacing pi-border-color\" data-source=\"core\">\n\t\n\t\t<h3 class=\"pi-data-label pi-secondary-font\">Core</h3>\n\t\n\t<div class=\"pi-data-value pi-font\"><a href=\"/wiki/Dragon_heartstring\" title=\"Dragon heartstring\">Dragon heartstring</a><sup id=\"cite_ref-HM11_1-1\" class=\"reference\"><a href=\"#cite_note-HM11-1\">&#91;1&#93;</a></sup></div>\n</div>\n\n<div class=\"pi-item pi-data pi-item-spacing pi-border-color\" data-source=\"length\">\n\t\n\t\t<h3 class=\"pi-data-label pi-secondary-font\">Length</h3>\n\t\n\t<div class=\"pi-data-value pi-font\">Nine inches<sup id=\"cite_ref-HM11_1-2\" class=\"reference\"><a href=\"#cite_note-HM11-1\">&#91;1&#93;</a></sup></div>\n</div>\n\n<div class=\"pi-item pi-data pi-item-spacing pi-border-color\" data-source=\"characteristics\">\n\t\n\t\t<h3 class=\"pi-data-label pi-secondary-font\">Characteristics</h3>\n\t\n\t<div class=\"pi-data-value pi-font\">Rigid<sup id=\"cite_ref-HM11_1-3\" class=\"reference\"><a href=\"#cite_note-HM11-1\">&#91;1&#93;</a></sup></div>\n</div>\n\n</section>\n<nav class=\"pi-navigation pi-item-spacing pi-secondary-background pi-secondary-font\"><small><a href=\"/wiki/Template:Wand_infobox\" title=\"Template:Wand infobox\">[Source]</a><span class=\"hidable-button\"></span></small></nav>\n</aside>\n\n</p>\n<div class=\"quote\">\n<dl><dd><span title=\"Source:&#160;Harry Potter: Hogwarts Mystery\">\"<i>Hello... Garrick Ollivander is my name. Here to receive your first wand, yes? I have just the thing. Applewood wand, dragon heartstring core, nine inches, rigid. Go on. Give it a twirl!</i>\"</span></dd>\n<dd>&#8212;<a href=\"/wiki/Jacob%27s_sibling\" title=\"Jacob&#39;s sibling\">Jacob's sibling</a> meets <a href=\"/wiki/Garrick_Ollivander\" title=\"Garrick Ollivander\">Garrick Ollivander</a><sup class=\"noprint\"><a href=\"/wiki/Harry_Potter:_Hogwarts_Mystery\" title=\"Harry Potter: Hogwarts Mystery\">[src]</a></sup></dd>\n<dd></dd></dl></div>\n<p>This <b><a href=\"/wiki/Wand\" title=\"Wand\">wand</a></b> was made of <a href=\"/wiki/Apple_(tree)\" title=\"Apple (tree)\">applewood</a>, and had a <a href=\"/wiki/Dragon_heartstring\" title=\"Dragon heartstring\">dragon heartstring</a> core. It was made by <a href=\"/wiki/Garrick_Ollivander\" title=\"Garrick Ollivander\">Garrick Ollivander</a> at some point in <a href=\"/wiki/1984\" title=\"1984\">1984</a> or earlier. It was tried out by <a href=\"/wiki/Jacob%27s_sibling\" title=\"Jacob&#39;s sibling\">Jacob's sibling</a>, though it did not choose them.<sup id=\"cite_ref-HM11_1-4\" class=\"reference\"><a href=\"#cite_note-HM11-1\">&#91;1&#93;</a></sup>\n</p>\n<h2><span class=\"mw-headline\" id=\"Appearances\">Appearances</span><span class=\"mw-editsection\"><span class=\"mw-editsection-bracket\">[</span><a href=\"/wiki/Applewood_and_dragon_heartstring_wand?veaction=edit&amp;section=1\" class=\"mw-editsection-visualeditor\" title=\"Edit section: Appearances\">edit</a><span class=\"mw-editsection-divider\"> | </span><a href=\"/wiki/Applewood_and_dragon_heartstring_wand?action=edit&amp;section=1\" title=\"Edit section: Appearances\"><svg class=\"wds-icon wds-icon-tiny section-edit-pencil-icon\"><use xlink:href=\"#wds-icons-pencil-tiny\"></use></svg>edit source</a><span class=\"mw-editsection-bracket\">]</span></span></h2>\n<ul><li><i><a href=\"/wiki/Harry_Potter:_Hogwarts_Mystery\" title=\"Harry Potter: Hogwarts Mystery\">Harry Potter: Hogwarts Mystery</a></i> <small>(First appearance)</small></li></ul>\n<h2><span class=\"mw-headline\" id=\"Notes_and_references\">Notes and references</span><span class=\"mw-editsection\"><span class=\"mw-editsection-bracket\">[</span><a href=\"/wiki/Applewood_and_dragon_heartstring_wand?veaction=edit&amp;section=2\" class=\"mw-editsection-visualeditor\" title=\"Edit section: Notes and references\">edit</a><span class=\"mw-editsection-divider\"> | </span><a href=\"/wiki/Applewood_and_dragon_heartstring_wand?action=edit&amp;section=2\" title=\"Edit section: Notes and references\"><svg class=\"wds-icon wds-icon-tiny section-edit-pencil-icon\"><use xlink:href=\"#wds-icons-pencil-tiny\"></use></svg>edit source</a><span class=\"mw-editsection-bracket\">]</span></span></h2>\n<div class=\"references-small\">\n<div class=\"mw-references-wrap\"><ol class=\"references\">\n<li id=\"cite_note-HM11-1\"><span class=\"mw-cite-backlink\">\u2191 <sup><a href=\"#cite_ref-HM11_1-0\">1.0</a></sup> <sup><a href=\"#cite_ref-HM11_1-1\">1.1</a></sup> <sup><a href=\"#cite_ref-HM11_1-2\">1.2</a></sup> <sup><a href=\"#cite_ref-HM11_1-3\">1.3</a></sup> <sup><a href=\"#cite_ref-HM11_1-4\">1.4</a></sup></span> <span class=\"reference-text\"><i><a href=\"/wiki/Harry_Potter:_Hogwarts_Mystery\" title=\"Harry Potter: Hogwarts Mystery\">Harry Potter: Hogwarts Mystery</a></i>, Year 1, Chapter 1 (<i>Your Journey Begins</i>)</span>\n</li>\n</ol></div></div></div>"}]}}}}