{"batchcomplete": "", "warnings": {"main": {"*": "Subscribe to the mediawiki-api-announce mailing list at <https://lists.wikimedia.org/mailman/listinfo/mediawiki-api-announce> for notice of API deprecations and breaking changes."}, "revisions": {"*": "The parameter \"rvparse\" has been deprecated.\nBecause \"rvslots\" was not specified, a legacy format has been used for the output. This format is deprecated, and in the future the new format will always be used."}}, "query": {"normalized": [{"from": "Aravind_C.", "to": "Aravind C."}], "pages": {"210748": {"pageid": 210748, "ns": 0, "title": "Aravind C.", "revisions": [{"*": "<div class=\"mw-parser-output\"><table class=\"notice metadata\" cellpadding=\"3px\" style=\"text-align: center; background: snow; border: #a00 1px solid; margin: 1em 10% 1em 10%;\">\n\n<tbody><tr>\n<td><a href=\"https://static.wikia.nocookie.net/harrypotter/images/1/1b/Harry_Potter_Half-Blood_Prince_Profile.JPG/revision/latest?cb=20200420031830\" class=\"image\"><img alt=\"Harry Potter Half-Blood Prince Profile.JPG\" src=\"https://static.wikia.nocookie.net/harrypotter/images/1/1b/Harry_Potter_Half-Blood_Prince_Profile.JPG/revision/latest/scale-to-width-down/60?cb=20200420031830\" decoding=\"async\" width=\"60\" height=\"98\" data-image-name=\"Harry Potter Half-Blood Prince Profile.JPG\" data-image-key=\"Harry_Potter_Half-Blood_Prince_Profile.JPG\" /></a>\n</td>\n<td><i><b>\"Harry, your eyesight really is awful.\"</b></i>\n<p>The title of this article is transcribed from an image. Due to several factors, including poor image quality and difficult-to-read fonts/handwriting, it may have been transcribed incorrectly. If you have a higher quality version of the <a href=\"/wiki/File:Marauder%27s_Map_POA_ILL.png\" title=\"File:Marauder&#39;s Map POA ILL.png\">source image</a>, or a more accurate reading of the text, please visit this article's <a href=\"https://harrypotter.fandom.com/wiki/Talk:Aravind_C.\" class=\"extiw\" title=\"en:Talk:Aravind C.\">Talk Page</a>.\n</p>\n</td></tr></tbody></table>\n<p>\n<aside role=\"region\" class=\"portable-infobox pi-background pi-theme-individual pi-layout-default\">\n<figure class=\"pi-item pi-image\" data-source=\"image\">\n\t<a href=\"https://static.wikia.nocookie.net/harrypotter/images/9/98/Aravind_c.png/revision/latest?cb=20180811190257\" class=\"image image-thumbnail\"\n\t   title=\"\">\n\t\t<img src=\"https://static.wikia.nocookie.net/harrypotter/images/9/98/Aravind_c.png/revision/latest/scale-to-width-down/111?cb=20180811190257\" srcset=\"https://static.wikia.nocookie.net/harrypotter/images/9/98/Aravind_c.png/revision/latest/scale-to-width-down/111?cb=20180811190257 1x, https://static.wikia.nocookie.net/harrypotter/images/9/98/Aravind_c.png/revision/latest/scale-to-width-down/222?cb=20180811190257 2x\" class=\"pi-image-thumbnail\" alt=\"\" width=\"111\" height=\"85\"\n\t\t     data-image-key=\"Aravind_c.png\" data-image-name=\"Aravind c.png\"/>\n\t\t\n\t</a>\n\t\n</figure>\n<section class=\"pi-item pi-group pi-border-color\">\n\t\n<h2 class=\"pi-item pi-item-spacing pi-title\" data-source=\"name\">Aravind C.</h2>\n\n</section>\n<section class=\"pi-item pi-group pi-border-color\">\n\t<h2 class=\"pi-item pi-header pi-secondary-font pi-item-spacing pi-secondary-background\">Biographical information</h2>\n\n<div class=\"pi-item pi-data pi-item-spacing pi-border-color\" data-source=\"born\">\n\t\n\t\t<h3 class=\"pi-data-label pi-secondary-font\">Born</h3>\n\t\n\t<div class=\"pi-data-value pi-font\">Before <a href=\"/wiki/1993\" title=\"1993\">1993</a></div>\n</div>\n\n</section>\n<nav class=\"pi-navigation pi-item-spacing pi-secondary-background pi-secondary-font\"><small><a href=\"/wiki/Template:Individual_infobox\" title=\"Template:Individual infobox\">[Source]</a><span class=\"hidable-button\"></span></small></nav>\n</aside>\n\n</p><p><b>Aravind C.</b> was an individual seen in the <a href=\"/wiki/Arithmancy_(class)\" title=\"Arithmancy (class)\">Arithmancy Tower</a> on the <a href=\"/wiki/Marauder%27s_Map\" title=\"Marauder&#39;s Map\">Marauder's Map</a> in the <a href=\"/wiki/1993-1994_school_year\" class=\"mw-redirect\" title=\"1993-1994 school year\">1993-1994 school year</a><sup id=\"cite_ref-1\" class=\"reference\"><a href=\"#cite_note-1\">&#91;1&#93;</a></sup>.\n</p>\n<h2><span class=\"mw-headline\" id=\"Etymology\">Etymology</span><span class=\"mw-editsection\"><span class=\"mw-editsection-bracket\">[</span><a href=\"/wiki/Aravind_C.?veaction=edit&amp;section=1\" class=\"mw-editsection-visualeditor\" title=\"Edit section: Etymology\">edit</a><span class=\"mw-editsection-divider\"> | </span><a href=\"/wiki/Aravind_C.?action=edit&amp;section=1\" title=\"Edit section: Etymology\"><svg class=\"wds-icon wds-icon-tiny section-edit-pencil-icon\"><use xlink:href=\"#wds-icons-pencil-tiny\"></use></svg>edit source</a><span class=\"mw-editsection-bracket\">]</span></span></h2>\n<p>Aravind is a common male name meaning 'lotus' in Sanskrit<sup id=\"cite_ref-2\" class=\"reference\"><a href=\"#cite_note-2\">&#91;2&#93;</a></sup>.\n</p>\n<h2><span class=\"mw-headline\" id=\"Appearances\">Appearances</span><span class=\"mw-editsection\"><span class=\"mw-editsection-bracket\">[</span><a href=\"/wiki/Aravind_C.?veaction=edit&amp;section=2\" class=\"mw-editsection-visualeditor\" title=\"Edit section: Appearances\">edit</a><span class=\"mw-editsection-divider\"> | </span><a href=\"/wiki/Aravind_C.?action=edit&amp;section=2\" title=\"Edit section: Appearances\"><svg class=\"wds-icon wds-icon-tiny section-edit-pencil-icon\"><use xlink:href=\"#wds-icons-pencil-tiny\"></use></svg>edit source</a><span class=\"mw-editsection-bracket\">]</span></span></h2>\n<ul><li><i><a href=\"/wiki/Harry_Potter_and_the_Prisoner_of_Azkaban\" title=\"Harry Potter and the Prisoner of Azkaban\">Harry Potter and the Prisoner of Azkaban</a></i> <span class=\"template-c\">(Illustrated Edition)</span></li></ul>\n<h2><span class=\"mw-headline\" id=\"Notes_and_references\">Notes and references</span><span class=\"mw-editsection\"><span class=\"mw-editsection-bracket\">[</span><a href=\"/wiki/Aravind_C.?veaction=edit&amp;section=3\" class=\"mw-editsection-visualeditor\" title=\"Edit section: Notes and references\">edit</a><span class=\"mw-editsection-divider\"> | </span><a href=\"/wiki/Aravind_C.?action=edit&amp;section=3\" title=\"Edit section: Notes and references\"><svg class=\"wds-icon wds-icon-tiny section-edit-pencil-icon\"><use xlink:href=\"#wds-icons-pencil-tiny\"></use></svg>edit source</a><span class=\"mw-editsection-bracket\">]</span></span></h2>\n<div class=\"references-small\">\n<div class=\"mw-references-wrap\"><ol class=\"references\">\n<li id=\"cite_note-1\"><span class=\"mw-cite-backlink\"><a href=\"#cite_ref-1\">\u2191</a></span> <span class=\"reference-text\"><i><a href=\"/wiki/Harry_Potter_and_the_Prisoner_of_Azkaban\" title=\"Harry Potter and the Prisoner of Azkaban\">Harry Potter and the Prisoner of Azkaban</a></i>&#160;Chapter 10  (<i>The Marauder's Map</i>) <span class=\"template-c\">(Illustrated Edition)</span></span>\n</li>\n<li id=\"cite_note-2\"><span class=\"mw-cite-backlink\"><a href=\"#cite_ref-2\">\u2191</a></span> <span class=\"reference-text\"><a target=\"_blank\" rel=\"noreferrer noopener\" class=\"external free\" href=\"https://www.behindthename.com/name/aravind\">https://www.behindthename.com/name/aravind</a> </span>\n</li>\n</ol></div></div></div>"}]}}}}