{"batchcomplete": "", "warnings": {"main": {"*": "Subscribe to the mediawiki-api-announce mailing list at <https://lists.wikimedia.org/mailman/listinfo/mediawiki-api-announce> for notice of API deprecations and breaking changes."}, "revisions": {"*": "The parameter \"rvparse\" has been deprecated.\nBecause \"rvslots\" was not specified, a legacy format has been used for the output. This format is deprecated, and in the future the new format will always be used."}}, "query": {"normalized": [{"from": "Archie_Aymslowe", "to": "Archie Aymslowe"}], "pages": {"2534": {"pageid": 2534, "ns": 0, "title": "Archie Aymslowe", "revisions": [{"*": "<div class=\"mw-parser-output\"><table class=\"notice metadata\" id=\"spoiler\" style=\"text-align: center; background: beige; margin: 1em 05%; padding: 0 1em; border: #a00 1px solid;\">\n\n<tbody><tr>\n<td><a href=\"https://static.wikia.nocookie.net/harrypotter/images/8/8c/Hogwarts_Mystery.jpeg/revision/latest?cb=20180504083359\" class=\"image\"><img alt=\"Hogwarts Mystery.jpeg\" src=\"https://static.wikia.nocookie.net/harrypotter/images/8/8c/Hogwarts_Mystery.jpeg/revision/latest/scale-to-width-down/175?cb=20180504083359\" decoding=\"async\" width=\"175\" height=\"77\" data-image-name=\"Hogwarts Mystery.jpeg\" data-image-key=\"Hogwarts_Mystery.jpeg\" /></a>\n</td>\n<td><b>Warning!</b>\n<p>At least some content in this article is derived from information featured in <i><a href=\"/wiki/Harry_Potter:_Hogwarts_Mystery\" title=\"Harry Potter: Hogwarts Mystery\">Harry Potter: Hogwarts Mystery</a></i>. Spoilers will be present within the article.\n</p>\n</td></tr></tbody></table>\n<p>\n<aside role=\"region\" class=\"portable-infobox pi-background pi-theme-wizard pi-layout-default\">\n<figure class=\"pi-item pi-image\" data-source=\"image\">\n\t<a href=\"https://static.wikia.nocookie.net/harrypotter/images/0/0d/Archie_Aymslowe.png/revision/latest?cb=20160530000951\" class=\"image image-thumbnail\"\n\t   title=\"\">\n\t\t<img src=\"https://static.wikia.nocookie.net/harrypotter/images/0/0d/Archie_Aymslowe.png/revision/latest/scale-to-width-down/274?cb=20160530000951\" srcset=\"https://static.wikia.nocookie.net/harrypotter/images/0/0d/Archie_Aymslowe.png/revision/latest/scale-to-width-down/274?cb=20160530000951 1x, https://static.wikia.nocookie.net/harrypotter/images/0/0d/Archie_Aymslowe.png/revision/latest/scale-to-width-down/548?cb=20160530000951 2x\" class=\"pi-image-thumbnail\" alt=\"\" width=\"270\" height=\"262\"\n\t\t     data-image-key=\"Archie_Aymslowe.png\" data-image-name=\"Archie Aymslowe.png\"/>\n\t\t\n\t</a>\n\t\n</figure>\n<section class=\"pi-item pi-group pi-border-color\">\n\t\n<h2 class=\"pi-item pi-item-spacing pi-title\" data-source=\"name\">Archie Aymslowe</h2>\n\n</section>\n<section class=\"pi-item pi-group pi-border-color\">\n\t<h2 class=\"pi-item pi-header pi-secondary-font pi-item-spacing pi-secondary-background\">Physical information</h2>\n\n<div class=\"pi-item pi-data pi-item-spacing pi-border-color\" data-source=\"species\">\n\t\n\t\t<h3 class=\"pi-data-label pi-secondary-font\">Species</h3>\n\t\n\t<div class=\"pi-data-value pi-font\"><a href=\"/wiki/Human\" title=\"Human\">Human</a><sup id=\"cite_ref-GOF7_1-0\" class=\"reference\"><a href=\"#cite_note-GOF7-1\">&#91;1&#93;</a></sup></div>\n</div>\n\n<div class=\"pi-item pi-data pi-item-spacing pi-border-color\" data-source=\"gender\">\n\t\n\t\t<h3 class=\"pi-data-label pi-secondary-font\">Gender</h3>\n\t\n\t<div class=\"pi-data-value pi-font\">Male<sup id=\"cite_ref-GOF7_1-1\" class=\"reference\"><a href=\"#cite_note-GOF7-1\">&#91;1&#93;</a></sup></div>\n</div>\n\n</section>\n<section class=\"pi-item pi-group pi-border-color\">\n\t<h2 class=\"pi-item pi-header pi-secondary-font pi-item-spacing pi-secondary-background\">Affiliation</h2>\n\n<div class=\"pi-item pi-data pi-item-spacing pi-border-color\" data-source=\"job\">\n\t\n\t\t<h3 class=\"pi-data-label pi-secondary-font\">Occupation</h3>\n\t\n\t<div class=\"pi-data-value pi-font\">Activist<sup id=\"cite_ref-WW_2-0\" class=\"reference\"><a href=\"#cite_note-WW-2\">&#91;2&#93;</a></sup></div>\n</div>\n\n<div class=\"pi-item pi-data pi-item-spacing pi-border-color\" data-source=\"loyalty\">\n\t\n\t\t<h3 class=\"pi-data-label pi-secondary-font\">Loyalty</h3>\n\t\n\t<div class=\"pi-data-value pi-font\"><a href=\"/wiki/Fresh_Air_Refreshes_Totally\" title=\"Fresh Air Refreshes Totally\">Fresh Air Refreshes Totally</a> (F.A.R.T.)<sup id=\"cite_ref-WW_2-1\" class=\"reference\"><a href=\"#cite_note-WW-2\">&#91;2&#93;</a></sup></div>\n</div>\n\n</section>\n<nav class=\"pi-navigation pi-item-spacing pi-secondary-background pi-secondary-font\"><small><a href=\"/wiki/Template:Individual_infobox\" title=\"Template:Individual infobox\">[Source]</a><span class=\"hidable-button\"></span></small></nav>\n</aside>\n\n</p>\n<div class=\"quote\">\n<dl><dd><span title=\"Source:&#160;Harry Potter and the Goblet of Fire\">\"<i>I'm not putting them on. I like a healthy breeze around my privates, thanks.</i>\"</span></dd>\n<dd>&#8212;Archie to a <a href=\"/wiki/British_Ministry_of_Magic\" title=\"British Ministry of Magic\">Ministry of Magic</a> official at the <a href=\"/wiki/1994_Quidditch_World_Cup\" title=\"1994 Quidditch World Cup\">1994 Quidditch World Cup</a><sup class=\"noprint\"><a href=\"/wiki/Harry_Potter_and_the_Goblet_of_Fire\" title=\"Harry Potter and the Goblet of Fire\">[src]</a></sup></dd>\n<dd></dd></dl></div>\n<p><b>Archie Aymslowe</b> was a <a href=\"/wiki/Wizardkind\" title=\"Wizardkind\">wizard</a> and president of the <a href=\"/wiki/Fresh_Air_Refreshes_Totally\" title=\"Fresh Air Refreshes Totally\">Fresh Air Refreshes Totally</a> (F.A.R.T.) movement, a fringe group whose members, in direct violation of the <a href=\"/wiki/International_Statute_of_Wizarding_Secrecy\" title=\"International Statute of Wizarding Secrecy\">International Statute of Wizarding Secrecy</a>, refuse to wear <a href=\"/wiki/Non-magic_people\" title=\"Non-magic people\">Muggle</a> trousers in public, insisting that they \"stem the <a href=\"/wiki/Magic\" title=\"Magic\">magical</a> flow at source.\"<sup id=\"cite_ref-WW_2-2\" class=\"reference\"><a href=\"#cite_note-WW-2\">&#91;2&#93;</a></sup>\n</p><p>Archie attended the <a href=\"/wiki/1994_Quidditch_World_Cup\" title=\"1994 Quidditch World Cup\">1994 Quidditch World Cup</a>. Since the event was a large gathering of wizards, the <a href=\"/wiki/British_Ministry_of_Magic\" title=\"British Ministry of Magic\">Ministry of Magic</a> wanted them to dress as Muggles. Archie himself wore a flowery female nightdress without realising that what he had chosen was inappropriate. However, he resisted all efforts by a <a href=\"/wiki/Unidentified_Ministry_of_Magic_Wizard_at_the_1994_Quidditch_World_Cup\" title=\"Unidentified Ministry of Magic Wizard at the 1994 Quidditch World Cup\">Ministry official</a> to get him to change into a pair of pin-striped trousers, insisting that he preferred a \"healthy breeze\" around his \"privates.\" <a href=\"/wiki/Hermione_Granger\" title=\"Hermione Granger\">Hermione Granger</a> found this amusing, having a fit of giggles and having to duck out of the area, waiting until Archie had left to return to the others.<sup id=\"cite_ref-GOF7_1-2\" class=\"reference\"><a href=\"#cite_note-GOF7-1\">&#91;1&#93;</a></sup>\n</p>\n<h2><span class=\"mw-headline\" id=\"Appearances\">Appearances</span><span class=\"mw-editsection\"><span class=\"mw-editsection-bracket\">[</span><a href=\"/wiki/Archie_Aymslowe?veaction=edit&amp;section=1\" class=\"mw-editsection-visualeditor\" title=\"Edit section: Appearances\">edit</a><span class=\"mw-editsection-divider\"> | </span><a href=\"/wiki/Archie_Aymslowe?action=edit&amp;section=1\" title=\"Edit section: Appearances\"><svg class=\"wds-icon wds-icon-tiny section-edit-pencil-icon\"><use xlink:href=\"#wds-icons-pencil-tiny\"></use></svg>edit source</a><span class=\"mw-editsection-bracket\">]</span></span></h2>\n<ul><li><i><a href=\"/wiki/Harry_Potter_and_the_Goblet_of_Fire\" title=\"Harry Potter and the Goblet of Fire\">Harry Potter and the Goblet of Fire</a></i> <small>(First appearance)</small></li>\n<li><i><a href=\"/wiki/Pottermore\" title=\"Pottermore\">Pottermore</a></i></li>\n<li><i><a href=\"/wiki/Wizarding_World_(website)\" title=\"Wizarding World (website)\">Wizarding World</a></i></li>\n<li><i><a href=\"/wiki/Harry_Potter:_Hogwarts_Mystery\" title=\"Harry Potter: Hogwarts Mystery\">Harry Potter: Hogwarts Mystery</a></i> <small>(Mentioned only)</small></li></ul>\n<h2><span class=\"mw-headline\" id=\"Notes_and_references\">Notes and references</span><span class=\"mw-editsection\"><span class=\"mw-editsection-bracket\">[</span><a href=\"/wiki/Archie_Aymslowe?veaction=edit&amp;section=2\" class=\"mw-editsection-visualeditor\" title=\"Edit section: Notes and references\">edit</a><span class=\"mw-editsection-divider\"> | </span><a href=\"/wiki/Archie_Aymslowe?action=edit&amp;section=2\" title=\"Edit section: Notes and references\"><svg class=\"wds-icon wds-icon-tiny section-edit-pencil-icon\"><use xlink:href=\"#wds-icons-pencil-tiny\"></use></svg>edit source</a><span class=\"mw-editsection-bracket\">]</span></span></h2>\n<div class=\"references-small\">\n<div class=\"mw-references-wrap\"><ol class=\"references\">\n<li id=\"cite_note-GOF7-1\"><span class=\"mw-cite-backlink\">\u2191 <sup><a href=\"#cite_ref-GOF7_1-0\">1.0</a></sup> <sup><a href=\"#cite_ref-GOF7_1-1\">1.1</a></sup> <sup><a href=\"#cite_ref-GOF7_1-2\">1.2</a></sup></span> <span class=\"reference-text\"><i><a href=\"/wiki/Harry_Potter_and_the_Goblet_of_Fire\" title=\"Harry Potter and the Goblet of Fire\">Harry Potter and the Goblet of Fire</a></i>, Chapter 7 (<i>Bagman and Crouch</i>)</span>\n</li>\n<li id=\"cite_note-WW-2\"><span class=\"mw-cite-backlink\">\u2191 <sup><a href=\"#cite_ref-WW_2-0\">2.0</a></sup> <sup><a href=\"#cite_ref-WW_2-1\">2.1</a></sup> <sup><a href=\"#cite_ref-WW_2-2\">2.2</a></sup></span> <span class=\"reference-text\"><a target=\"_blank\" rel=\"noreferrer noopener\" class=\"external text\" href=\"http://www.wizardingworld.com/writing-by-jk-rowling/clothing\">Writing by J.K. Rowling: \"Clothing\"</a> at <i><a href=\"/wiki/Wizarding_World_(website)\" title=\"Wizarding World (website)\">Wizarding World</a></i></span>\n</li>\n</ol></div></div></div>"}]}}}}