{"batchcomplete": "", "warnings": {"main": {"*": "Subscribe to the mediawiki-api-announce mailing list at <https://lists.wikimedia.org/mailman/listinfo/mediawiki-api-announce> for notice of API deprecations and breaking changes."}, "revisions": {"*": "The parameter \"rvparse\" has been deprecated.\nBecause \"rvslots\" was not specified, a legacy format has been used for the output. This format is deprecated, and in the future the new format will always be used."}}, "query": {"normalized": [{"from": "Arcturus_Black_II", "to": "Arcturus Black II"}], "pages": {"6718": {"pageid": 6718, "ns": 0, "title": "Arcturus Black II", "revisions": [{"*": "<div class=\"mw-parser-output\"><div class=\"notice metadata\" id=\"spoiler\" style=\"text-align: center; background: #DCDCDC; margin: 1em 05%; padding: 0 1em; border: #696969 1px solid;\">\n<p><b>\"Point me!\"</b>\n</p>\nThis article is about <b><strong class=\"mw-selflink selflink\">Arcturus Black (1884\u20131959)</strong></b>. You may be looking for <b><a href=\"/wiki/Arcturus_Black_I\" title=\"Arcturus Black I\">his great uncle</a> or <a href=\"/wiki/Arcturus_Black_III\" title=\"Arcturus Black III\">his nephew</a></b>.</div>\n<p>\n<aside role=\"region\" class=\"portable-infobox pi-background pi-theme-wizard pi-layout-default\">\n<figure class=\"pi-item pi-image\" data-source=\"image\">\n\t<a href=\"https://static.wikia.nocookie.net/harrypotter/images/a/a5/Arcturus_Black_II.jpg/revision/latest?cb=20170731040651\" class=\"image image-thumbnail\"\n\t   title=\"\">\n\t\t<img src=\"https://static.wikia.nocookie.net/harrypotter/images/a/a5/Arcturus_Black_II.jpg/revision/latest/scale-to-width-down/321?cb=20170731040651\" srcset=\"https://static.wikia.nocookie.net/harrypotter/images/a/a5/Arcturus_Black_II.jpg/revision/latest/scale-to-width-down/321?cb=20170731040651 1x, https://static.wikia.nocookie.net/harrypotter/images/a/a5/Arcturus_Black_II.jpg/revision/latest/scale-to-width-down/642?cb=20170731040651 2x\" class=\"pi-image-thumbnail\" alt=\"\" width=\"270\" height=\"330\"\n\t\t     data-image-key=\"Arcturus_Black_II.jpg\" data-image-name=\"Arcturus Black II.jpg\"/>\n\t\t\n\t</a>\n\t\n</figure>\n<section class=\"pi-item pi-group pi-border-color\">\n\t\n<h2 class=\"pi-item pi-item-spacing pi-title\" data-source=\"name\">Arcturus Black</h2>\n\n</section>\n<section class=\"pi-item pi-group pi-border-color\">\n\t<h2 class=\"pi-item pi-header pi-secondary-font pi-item-spacing pi-secondary-background\">Biographical information</h2>\n\n<div class=\"pi-item pi-data pi-item-spacing pi-border-color\" data-source=\"born\">\n\t\n\t\t<h3 class=\"pi-data-label pi-secondary-font\">Born</h3>\n\t\n\t<div class=\"pi-data-value pi-font\"><a href=\"/wiki/1884\" class=\"mw-redirect\" title=\"1884\">1884</a><sup id=\"cite_ref-BFT_1-0\" class=\"reference\"><a href=\"#cite_note-BFT-1\">&#91;1&#93;</a></sup></div>\n</div>\n\n<div class=\"pi-item pi-data pi-item-spacing pi-border-color\" data-source=\"died\">\n\t\n\t\t<h3 class=\"pi-data-label pi-secondary-font\">Died</h3>\n\t\n\t<div class=\"pi-data-value pi-font\"><a href=\"/wiki/1959\" title=\"1959\">1959</a><sup id=\"cite_ref-BFT_1-1\" class=\"reference\"><a href=\"#cite_note-BFT-1\">&#91;1&#93;</a></sup> (aged 74 - 75)</div>\n</div>\n\n<div class=\"pi-item pi-data pi-item-spacing pi-border-color\" data-source=\"blood\">\n\t\n\t\t<h3 class=\"pi-data-label pi-secondary-font\">Blood status</h3>\n\t\n\t<div class=\"pi-data-value pi-font\"><a href=\"/wiki/Pure-blood\" title=\"Pure-blood\">Pure-blood</a><sup id=\"cite_ref-BFT_1-2\" class=\"reference\"><a href=\"#cite_note-BFT-1\">&#91;1&#93;</a></sup></div>\n</div>\n\n<div class=\"pi-item pi-data pi-item-spacing pi-border-color\" data-source=\"marital\">\n\t\n\t\t<h3 class=\"pi-data-label pi-secondary-font\">Marital status</h3>\n\t\n\t<div class=\"pi-data-value pi-font\">Married</div>\n</div>\n\n</section>\n<section class=\"pi-item pi-group pi-border-color\">\n\t<h2 class=\"pi-item pi-header pi-secondary-font pi-item-spacing pi-secondary-background\">Physical information</h2>\n\n<div class=\"pi-item pi-data pi-item-spacing pi-border-color\" data-source=\"species\">\n\t\n\t\t<h3 class=\"pi-data-label pi-secondary-font\">Species</h3>\n\t\n\t<div class=\"pi-data-value pi-font\"><a href=\"/wiki/Human\" title=\"Human\">Human</a><sup id=\"cite_ref-BFT_1-3\" class=\"reference\"><a href=\"#cite_note-BFT-1\">&#91;1&#93;</a></sup></div>\n</div>\n\n<div class=\"pi-item pi-data pi-item-spacing pi-border-color\" data-source=\"gender\">\n\t\n\t\t<h3 class=\"pi-data-label pi-secondary-font\">Gender</h3>\n\t\n\t<div class=\"pi-data-value pi-font\">Male<sup id=\"cite_ref-BFT_1-4\" class=\"reference\"><a href=\"#cite_note-BFT-1\">&#91;1&#93;</a></sup></div>\n</div>\n\n</section>\n<section class=\"pi-item pi-group pi-border-color\">\n\t<h2 class=\"pi-item pi-header pi-secondary-font pi-item-spacing pi-secondary-background\">Relationship information</h2>\n\n<div class=\"pi-item pi-data pi-item-spacing pi-border-color\" data-source=\"family\">\n\t\n\t\t<h3 class=\"pi-data-label pi-secondary-font\">Family members</h3>\n\t\n\t<div class=\"pi-data-value pi-font\"><ul><li><a href=\"/wiki/Phineas_Nigellus_Black\" title=\"Phineas Nigellus Black\">Phineas Nigellus Black</a> (father)<sup id=\"cite_ref-BFT_1-5\" class=\"reference\"><a href=\"#cite_note-BFT-1\">&#91;1&#93;</a></sup></li><li><a href=\"/wiki/Ursula_Flint\" title=\"Ursula Flint\">Ursula Flint</a> (mother)<sup id=\"cite_ref-BFT_1-6\" class=\"reference\"><a href=\"#cite_note-BFT-1\">&#91;1&#93;</a></sup></li><li><a href=\"/wiki/Sirius_Black_II\" title=\"Sirius Black II\">Sirius Black II</a> (brother)<sup id=\"cite_ref-BFT_1-7\" class=\"reference\"><a href=\"#cite_note-BFT-1\">&#91;1&#93;</a></sup></li><li><a href=\"/wiki/Phineas_Black\" title=\"Phineas Black\">Phineas Black</a> (brother)<sup id=\"cite_ref-BFT_1-8\" class=\"reference\"><a href=\"#cite_note-BFT-1\">&#91;1&#93;</a></sup></li><li><a href=\"/wiki/Cygnus_Black_II\" title=\"Cygnus Black II\">Cygnus Black II</a> (brother)<sup id=\"cite_ref-BFT_1-9\" class=\"reference\"><a href=\"#cite_note-BFT-1\">&#91;1&#93;</a></sup></li><li><a href=\"/wiki/Belvina_Black\" title=\"Belvina Black\">Belvina Black</a> (sister)<sup id=\"cite_ref-BFT_1-10\" class=\"reference\"><a href=\"#cite_note-BFT-1\">&#91;1&#93;</a></sup></li><li><a href=\"/wiki/Lysandra_Yaxley\" title=\"Lysandra Yaxley\">Lysandra Yaxley</a> (wife)<sup id=\"cite_ref-BFT_1-11\" class=\"reference\"><a href=\"#cite_note-BFT-1\">&#91;1&#93;</a></sup></li><li><a href=\"/wiki/Callidora_Black\" title=\"Callidora Black\">Callidora Black</a> (daughter)<sup id=\"cite_ref-BFT_1-12\" class=\"reference\"><a href=\"#cite_note-BFT-1\">&#91;1&#93;</a></sup></li><li><a href=\"/wiki/Cedrella_Black\" title=\"Cedrella Black\">Cedrella Black</a> (daughter)<sup id=\"cite_ref-BFT_1-13\" class=\"reference\"><a href=\"#cite_note-BFT-1\">&#91;1&#93;</a></sup></li><li><a href=\"/wiki/Charis_Black\" title=\"Charis Black\">Charis Black</a> (daughter)<sup id=\"cite_ref-BFT_1-14\" class=\"reference\"><a href=\"#cite_note-BFT-1\">&#91;1&#93;</a></sup></li><li><a href=\"/wiki/Arthur_Weasley\" title=\"Arthur Weasley\">Arthur Weasley</a> (grandson)<sup id=\"cite_ref-BFT_1-15\" class=\"reference\"><a href=\"#cite_note-BFT-1\">&#91;1&#93;</a></sup></li><li><a href=\"/wiki/Bartemius_Crouch_Senior\" title=\"Bartemius Crouch Senior\">Bartemius Crouch Snr</a> (possible grandson)</li><li><a href=\"/wiki/Septimus_Weasley\" title=\"Septimus Weasley\">Septimus Weasley</a> (son-in-law)<sup id=\"cite_ref-BFT_1-16\" class=\"reference\"><a href=\"#cite_note-BFT-1\">&#91;1&#93;</a></sup></li><li><a href=\"/wiki/Harfang_Longbottom\" title=\"Harfang Longbottom\">Harfang Longbottom</a> (son-in-law)<sup id=\"cite_ref-BFT_1-17\" class=\"reference\"><a href=\"#cite_note-BFT-1\">&#91;1&#93;</a></sup></li><li><a href=\"/wiki/Caspar_Crouch\" title=\"Caspar Crouch\">Caspar Crouch</a> (son-in-law)<sup id=\"cite_ref-BFT_1-18\" class=\"reference\"><a href=\"#cite_note-BFT-1\">&#91;1&#93;</a></sup></li><li><a href=\"/wiki/Sirius_Black_I\" title=\"Sirius Black I\">Sirius Black I</a> (paternal uncle)<sup id=\"cite_ref-BFT_1-19\" class=\"reference\"><a href=\"#cite_note-BFT-1\">&#91;1&#93;</a></sup></li><li><a href=\"/wiki/Elladora_Black\" title=\"Elladora Black\">Elladora Black</a> (paternal aunt)<sup id=\"cite_ref-BFT_1-20\" class=\"reference\"><a href=\"#cite_note-BFT-1\">&#91;1&#93;</a></sup></li><li><a href=\"/wiki/Iola_Black\" title=\"Iola Black\">Iola Black</a> (paternal aunt)<sup id=\"cite_ref-BFT_1-21\" class=\"reference\"><a href=\"#cite_note-BFT-1\">&#91;1&#93;</a></sup></li><li><a href=\"/wiki/House_of_Black\" title=\"House of Black\">Black family</a></li></ul></div>\n</div>\n\n</section>\n<section class=\"pi-item pi-group pi-border-color\">\n\t<h2 class=\"pi-item pi-header pi-secondary-font pi-item-spacing pi-secondary-background\">Affiliation</h2>\n\n<div class=\"pi-item pi-data pi-item-spacing pi-border-color\" data-source=\"house\">\n\t\n\t\t<h3 class=\"pi-data-label pi-secondary-font\">House</h3>\n\t\n\t<div class=\"pi-data-value pi-font\"><a href=\"/wiki/Slytherin\" title=\"Slytherin\">Slytherin</a> (possibly)</div>\n</div>\n\n<div class=\"pi-item pi-data pi-item-spacing pi-border-color\" data-source=\"loyalty\">\n\t\n\t\t<h3 class=\"pi-data-label pi-secondary-font\">Loyalty</h3>\n\t\n\t<div class=\"pi-data-value pi-font\"><a href=\"/wiki/House_of_Black\" title=\"House of Black\">House of Black</a><sup id=\"cite_ref-BFT_1-22\" class=\"reference\"><a href=\"#cite_note-BFT-1\">&#91;1&#93;</a></sup></div>\n</div>\n\n</section>\n<nav class=\"pi-navigation pi-item-spacing pi-secondary-background pi-secondary-font\"><small><a href=\"/wiki/Template:Individual_infobox\" title=\"Template:Individual infobox\">[Source]</a><span class=\"hidable-button\"></span></small></nav>\n</aside>\n\n<b>Arcturus Black</b> (<a href=\"/wiki/1884\" class=\"mw-redirect\" title=\"1884\">1884</a>\u2013<a href=\"/wiki/1959\" title=\"1959\">1959</a>) was a <a href=\"/wiki/Pure-blood\" title=\"Pure-blood\">pure-blood</a> <a href=\"/wiki/Wizardkind\" title=\"Wizardkind\">wizard</a> and the third son of <a href=\"/wiki/Phineas_Nigellus_Black\" title=\"Phineas Nigellus Black\">Phineas Nigellus Black</a> and <a href=\"/wiki/Ursula_Flint\" title=\"Ursula Flint\">Ursula Flint</a>. He was also brother of <a href=\"/wiki/Sirius_Black_II\" title=\"Sirius Black II\">Sirius</a>, <a href=\"/wiki/Phineas_Black\" title=\"Phineas Black\">Phineas</a>, <a href=\"/wiki/Cygnus_Black_II\" title=\"Cygnus Black II\">Cygnus</a> and <a href=\"/wiki/Belvina_Black\" title=\"Belvina Black\">Belvina</a>. He married <a href=\"/wiki/Lysandra_Yaxley\" title=\"Lysandra Yaxley\">Lysandra Yaxley</a>, and the couple had three children: <a href=\"/wiki/Callidora_Black\" title=\"Callidora Black\">Callidora</a>, <a href=\"/wiki/Cedrella_Black\" title=\"Cedrella Black\">Cedrella</a>, and <a href=\"/wiki/Charis_Black\" title=\"Charis Black\">Charis</a>. Through his daughter Cedrella, who was disowned for marrying \"<a href=\"/wiki/Blood_traitor\" title=\"Blood traitor\">blood traitor</a>\" <a href=\"/wiki/Septimus_Weasley\" title=\"Septimus Weasley\">Septimus Weasley</a>, Arcturus is the maternal grandfather of <a href=\"/wiki/Arthur_Weasley\" title=\"Arthur Weasley\">Arthur Weasley</a>.<sup id=\"cite_ref-BFT_1-23\" class=\"reference\"><a href=\"#cite_note-BFT-1\">&#91;1&#93;</a></sup>\n</p>\n<figure class=\"thumb tright show-info-icon\" style=\"width: 182px\"> \t<a href=\"https://static.wikia.nocookie.net/harrypotter/images/3/30/Arcturus_Black_1884-1959.jpg/revision/latest?cb=20090626144726\" class=\"image\"><img alt=\"\" src=\"https://static.wikia.nocookie.net/harrypotter/images/3/30/Arcturus_Black_1884-1959.jpg/revision/latest/scale-to-width-down/180?cb=20090626144726\" decoding=\"async\" width=\"180\" height=\"201\" class=\"thumbimage\" data-image-name=\"Arcturus Black 1884-1959.jpg\" data-image-key=\"Arcturus_Black_1884-1959.jpg\" /></a> \t \t<figcaption class=\"thumbcaption\"> \t\t \t\t\t<a href=\"/wiki/File:Arcturus_Black_1884-1959.jpg\" class=\"info-icon\"><svg><use xlink:href=\"#wds-icons-info-small\"></use></svg></a> \t\t \t\t \t\t \t\t\t<p class=\"caption\">Arcturus, father of <a href=\"/wiki/Callidora_Black\" title=\"Callidora Black\">Callidora Black</a>, <a href=\"/wiki/Charis_Black\" title=\"Charis Black\">Charis Black</a>, and <a href=\"/wiki/Cedrella_Black\" title=\"Cedrella Black\">Cedrella Black</a></p> \t\t \t</figcaption> </figure>\n<div id=\"toc\" class=\"toc\"><input type=\"checkbox\" role=\"button\" id=\"toctogglecheckbox\" class=\"toctogglecheckbox\" style=\"display:none\" /><div class=\"toctitle\" lang=\"en\" dir=\"ltr\"><h2>Contents</h2><span class=\"toctogglespan\"><label class=\"toctogglelabel\" for=\"toctogglecheckbox\"></label></span></div>\n<ul>\n<li class=\"toclevel-1 tocsection-1\"><a href=\"#Etymology\"><span class=\"tocnumber\">1</span> <span class=\"toctext\">Etymology</span></a></li>\n<li class=\"toclevel-1 tocsection-2\"><a href=\"#Behind_the_scenes\"><span class=\"tocnumber\">2</span> <span class=\"toctext\">Behind the scenes</span></a></li>\n<li class=\"toclevel-1 tocsection-3\"><a href=\"#Appearances\"><span class=\"tocnumber\">3</span> <span class=\"toctext\">Appearances</span></a></li>\n<li class=\"toclevel-1 tocsection-4\"><a href=\"#Notes_and_references\"><span class=\"tocnumber\">4</span> <span class=\"toctext\">Notes and references</span></a></li>\n</ul>\n</div>\n\n<h2><span class=\"mw-headline\" id=\"Etymology\">Etymology</span><span class=\"mw-editsection\"><span class=\"mw-editsection-bracket\">[</span><a href=\"/wiki/Arcturus_Black_II?veaction=edit&amp;section=1\" class=\"mw-editsection-visualeditor\" title=\"Edit section: Etymology\">edit</a><span class=\"mw-editsection-divider\"> | </span><a href=\"/wiki/Arcturus_Black_II?action=edit&amp;section=1\" title=\"Edit section: Etymology\"><svg class=\"wds-icon wds-icon-tiny section-edit-pencil-icon\"><use xlink:href=\"#wds-icons-pencil-tiny\"></use></svg>edit source</a><span class=\"mw-editsection-bracket\">]</span></span></h2>\n<p><a href=\"http://en.wikipedia.org/wiki/Arcturus\" class=\"extiw\" title=\"wikipedia:Arcturus\">Arcturus</a> is the name of the brightest star in the constellation Bo\u00f6tes. Its name derives from Ancient Greek \u0391\u03c1\u03ba\u03c4\u03bf\u1fe6\u03c1\u03bf\u03c2, meaning \"bear guard\"; this refers to the story in Greek mythology that Zeus placed Arcturus in the sky to look after Arcas and Callisto, who were turned into bears and then into the constellations Ursa Major and Ursa Minor to protect them from Hera's wrath.\n</p>\n<h2><span class=\"mw-headline\" id=\"Behind_the_scenes\">Behind the scenes</span><span class=\"mw-editsection\"><span class=\"mw-editsection-bracket\">[</span><a href=\"/wiki/Arcturus_Black_II?veaction=edit&amp;section=2\" class=\"mw-editsection-visualeditor\" title=\"Edit section: Behind the scenes\">edit</a><span class=\"mw-editsection-divider\"> | </span><a href=\"/wiki/Arcturus_Black_II?action=edit&amp;section=2\" title=\"Edit section: Behind the scenes\"><svg class=\"wds-icon wds-icon-tiny section-edit-pencil-icon\"><use xlink:href=\"#wds-icons-pencil-tiny\"></use></svg>edit source</a><span class=\"mw-editsection-bracket\">]</span></span></h2>\n<ul><li>Based on a statement by <a href=\"/wiki/Horace_Slughorn\" title=\"Horace Slughorn\">Horace Slughorn</a>, Arcturus may have been a member of the <a href=\"/wiki/Slytherin\" title=\"Slytherin\">Slytherin House</a>. However, he attended Hogwarts c. <a href=\"/wiki/1895\" class=\"mw-redirect\" title=\"1895\">1895</a> - <a href=\"/wiki/1902\" title=\"1902\">1902</a>, when Slughorn wasn't Potions teacher.</li>\n<li>Arcturus was named after <a href=\"/wiki/Arcturus_Black_I\" title=\"Arcturus Black I\">his great-uncle</a>. After that, <a href=\"/wiki/Arcturus_Black_III\" title=\"Arcturus Black III\">his nephew</a> was named Arcturus.</li></ul>\n<h2><span class=\"mw-headline\" id=\"Appearances\">Appearances</span><span class=\"mw-editsection\"><span class=\"mw-editsection-bracket\">[</span><a href=\"/wiki/Arcturus_Black_II?veaction=edit&amp;section=3\" class=\"mw-editsection-visualeditor\" title=\"Edit section: Appearances\">edit</a><span class=\"mw-editsection-divider\"> | </span><a href=\"/wiki/Arcturus_Black_II?action=edit&amp;section=3\" title=\"Edit section: Appearances\"><svg class=\"wds-icon wds-icon-tiny section-edit-pencil-icon\"><use xlink:href=\"#wds-icons-pencil-tiny\"></use></svg>edit source</a><span class=\"mw-editsection-bracket\">]</span></span></h2>\n<ul><li><i><a href=\"/wiki/Harry_Potter_and_the_Order_of_the_Phoenix_(film)\" title=\"Harry Potter and the Order of the Phoenix (film)\">Harry Potter and the Order of the Phoenix (film)</a></i> <span class=\"template-c\">(Appears on Black family tapestry)</span></li>\n<li><i><a href=\"/wiki/Harry_Potter_and_the_Order_of_the_Phoenix_(video_game)\" title=\"Harry Potter and the Order of the Phoenix (video game)\">Harry Potter and the Order of the Phoenix (video game)</a></i> <span class=\"template-c\">(Seen on <a href=\"/wiki/House_of_Black\" title=\"House of Black\">Black family</a> tree tapestry)</span></li>\n<li><i><a href=\"/wiki/Harry_Potter_and_the_Deathly_Hallows:_Part_1_(video_game)\" title=\"Harry Potter and the Deathly Hallows: Part 1 (video game)\">Harry Potter and the Deathly Hallows: Part 1 (video game)</a></i> <span class=\"template-c\">(Seen on <a href=\"/wiki/House_of_Black\" title=\"House of Black\">Black family</a> tree tapestry)</span></li></ul>\n<h2><span class=\"mw-headline\" id=\"Notes_and_references\">Notes and references</span><span class=\"mw-editsection\"><span class=\"mw-editsection-bracket\">[</span><a href=\"/wiki/Arcturus_Black_II?veaction=edit&amp;section=4\" class=\"mw-editsection-visualeditor\" title=\"Edit section: Notes and references\">edit</a><span class=\"mw-editsection-divider\"> | </span><a href=\"/wiki/Arcturus_Black_II?action=edit&amp;section=4\" title=\"Edit section: Notes and references\"><svg class=\"wds-icon wds-icon-tiny section-edit-pencil-icon\"><use xlink:href=\"#wds-icons-pencil-tiny\"></use></svg>edit source</a><span class=\"mw-editsection-bracket\">]</span></span></h2>\n<div class=\"references-small\">\n<div class=\"mw-references-wrap\"><ol class=\"references\">\n<li id=\"cite_note-BFT-1\"><span class=\"mw-cite-backlink\">\u2191 <sup><a href=\"#cite_ref-BFT_1-0\">1.00</a></sup> <sup><a href=\"#cite_ref-BFT_1-1\">1.01</a></sup> <sup><a href=\"#cite_ref-BFT_1-2\">1.02</a></sup> <sup><a href=\"#cite_ref-BFT_1-3\">1.03</a></sup> <sup><a href=\"#cite_ref-BFT_1-4\">1.04</a></sup> <sup><a href=\"#cite_ref-BFT_1-5\">1.05</a></sup> <sup><a href=\"#cite_ref-BFT_1-6\">1.06</a></sup> <sup><a href=\"#cite_ref-BFT_1-7\">1.07</a></sup> <sup><a href=\"#cite_ref-BFT_1-8\">1.08</a></sup> <sup><a href=\"#cite_ref-BFT_1-9\">1.09</a></sup> <sup><a href=\"#cite_ref-BFT_1-10\">1.10</a></sup> <sup><a href=\"#cite_ref-BFT_1-11\">1.11</a></sup> <sup><a href=\"#cite_ref-BFT_1-12\">1.12</a></sup> <sup><a href=\"#cite_ref-BFT_1-13\">1.13</a></sup> <sup><a href=\"#cite_ref-BFT_1-14\">1.14</a></sup> <sup><a href=\"#cite_ref-BFT_1-15\">1.15</a></sup> <sup><a href=\"#cite_ref-BFT_1-16\">1.16</a></sup> <sup><a href=\"#cite_ref-BFT_1-17\">1.17</a></sup> <sup><a href=\"#cite_ref-BFT_1-18\">1.18</a></sup> <sup><a href=\"#cite_ref-BFT_1-19\">1.19</a></sup> <sup><a href=\"#cite_ref-BFT_1-20\">1.20</a></sup> <sup><a href=\"#cite_ref-BFT_1-21\">1.21</a></sup> <sup><a href=\"#cite_ref-BFT_1-22\">1.22</a></sup> <sup><a href=\"#cite_ref-BFT_1-23\">1.23</a></sup></span> <span class=\"reference-text\"><i><a href=\"/wiki/House_of_Black\" title=\"House of Black\">Black family tree</a></i></span>\n</li>\n</ol></div></div></div>"}]}}}}