{"batchcomplete": "", "warnings": {"main": {"*": "Subscribe to the mediawiki-api-announce mailing list at <https://lists.wikimedia.org/mailman/listinfo/mediawiki-api-announce> for notice of API deprecations and breaking changes."}, "revisions": {"*": "The parameter \"rvparse\" has been deprecated.\nBecause \"rvslots\" was not specified, a legacy format has been used for the output. This format is deprecated, and in the future the new format will always be used."}}, "query": {"normalized": [{"from": "Arcturus_Black_III", "to": "Arcturus Black III"}], "pages": {"6725": {"pageid": 6725, "ns": 0, "title": "Arcturus Black III", "revisions": [{"*": "<div class=\"mw-parser-output\"><div class=\"notice metadata\" id=\"spoiler\" style=\"text-align: center; background: #DCDCDC; margin: 1em 05%; padding: 0 1em; border: #696969 1px solid;\">\n<p><b>\"Point me!\"</b>\n</p>\nThis article is about <b><strong class=\"mw-selflink selflink\">Arcturus Black (1901-1991)</strong></b>. You may be looking for <b><a href=\"/wiki/Arcturus_Black_I\" title=\"Arcturus Black I\">his great-granduncle</a> or <a href=\"/wiki/Arcturus_Black_II\" title=\"Arcturus Black II\">his uncle</a></b>.</div>\n<p>\n<aside role=\"region\" class=\"portable-infobox pi-background pi-theme-wizard pi-layout-default\">\n<figure class=\"pi-item pi-image\" data-source=\"image\">\n\t<a href=\"https://static.wikia.nocookie.net/harrypotter/images/6/65/Arcturus_Black_III.jpg/revision/latest?cb=20130402023802\" class=\"image image-thumbnail\"\n\t   title=\"\">\n\t\t<img src=\"https://static.wikia.nocookie.net/harrypotter/images/6/65/Arcturus_Black_III.jpg/revision/latest/scale-to-width-down/216?cb=20130402023802\" srcset=\"https://static.wikia.nocookie.net/harrypotter/images/6/65/Arcturus_Black_III.jpg/revision/latest/scale-to-width-down/216?cb=20130402023802 1x, https://static.wikia.nocookie.net/harrypotter/images/6/65/Arcturus_Black_III.jpg/revision/latest/scale-to-width-down/432?cb=20130402023802 2x\" class=\"pi-image-thumbnail\" alt=\"\" width=\"216\" height=\"240\"\n\t\t     data-image-key=\"Arcturus_Black_III.jpg\" data-image-name=\"Arcturus Black III.jpg\"/>\n\t\t\n\t</a>\n\t\n</figure>\n<section class=\"pi-item pi-group pi-border-color\">\n\t\n<h2 class=\"pi-item pi-item-spacing pi-title\" data-source=\"name\">Arcturus Black</h2>\n\n</section>\n<section class=\"pi-item pi-group pi-border-color\">\n\t<h2 class=\"pi-item pi-header pi-secondary-font pi-item-spacing pi-secondary-background\">Biographical information</h2>\n\n<div class=\"pi-item pi-data pi-item-spacing pi-border-color\" data-source=\"born\">\n\t\n\t\t<h3 class=\"pi-data-label pi-secondary-font\">Born</h3>\n\t\n\t<div class=\"pi-data-value pi-font\"><a href=\"/wiki/1901\" title=\"1901\">1901</a><sup id=\"cite_ref-BFT_1-0\" class=\"reference\"><a href=\"#cite_note-BFT-1\">&#91;1&#93;</a></sup></div>\n</div>\n\n<div class=\"pi-item pi-data pi-item-spacing pi-border-color\" data-source=\"died\">\n\t\n\t\t<h3 class=\"pi-data-label pi-secondary-font\">Died</h3>\n\t\n\t<div class=\"pi-data-value pi-font\"><a href=\"/wiki/1991\" title=\"1991\">1991</a><sup id=\"cite_ref-BFT_1-1\" class=\"reference\"><a href=\"#cite_note-BFT-1\">&#91;1&#93;</a></sup> (aged 89-90)</div>\n</div>\n\n<div class=\"pi-item pi-data pi-item-spacing pi-border-color\" data-source=\"blood\">\n\t\n\t\t<h3 class=\"pi-data-label pi-secondary-font\">Blood status</h3>\n\t\n\t<div class=\"pi-data-value pi-font\"><a href=\"/wiki/Pure-blood\" title=\"Pure-blood\">Pure-blood</a><sup id=\"cite_ref-BFT_1-2\" class=\"reference\"><a href=\"#cite_note-BFT-1\">&#91;1&#93;</a></sup></div>\n</div>\n\n<div class=\"pi-item pi-data pi-item-spacing pi-border-color\" data-source=\"marital\">\n\t\n\t\t<h3 class=\"pi-data-label pi-secondary-font\">Marital status</h3>\n\t\n\t<div class=\"pi-data-value pi-font\">Married</div>\n</div>\n\n</section>\n<section class=\"pi-item pi-group pi-border-color\">\n\t<h2 class=\"pi-item pi-header pi-secondary-font pi-item-spacing pi-secondary-background\">Physical information</h2>\n\n<div class=\"pi-item pi-data pi-item-spacing pi-border-color\" data-source=\"species\">\n\t\n\t\t<h3 class=\"pi-data-label pi-secondary-font\">Species</h3>\n\t\n\t<div class=\"pi-data-value pi-font\"><a href=\"/wiki/Human\" title=\"Human\">Human</a><sup id=\"cite_ref-BFT_1-3\" class=\"reference\"><a href=\"#cite_note-BFT-1\">&#91;1&#93;</a></sup></div>\n</div>\n\n<div class=\"pi-item pi-data pi-item-spacing pi-border-color\" data-source=\"gender\">\n\t\n\t\t<h3 class=\"pi-data-label pi-secondary-font\">Gender</h3>\n\t\n\t<div class=\"pi-data-value pi-font\">Male<sup id=\"cite_ref-BFT_1-4\" class=\"reference\"><a href=\"#cite_note-BFT-1\">&#91;1&#93;</a></sup></div>\n</div>\n\n<div class=\"pi-item pi-data pi-item-spacing pi-border-color\" data-source=\"skin\">\n\t\n\t\t<h3 class=\"pi-data-label pi-secondary-font\">Skin colour</h3>\n\t\n\t<div class=\"pi-data-value pi-font\">White</div>\n</div>\n\n</section>\n<section class=\"pi-item pi-group pi-border-color\">\n\t<h2 class=\"pi-item pi-header pi-secondary-font pi-item-spacing pi-secondary-background\">Relationship information</h2>\n\n<div class=\"pi-item pi-data pi-item-spacing pi-border-color\" data-source=\"family\">\n\t\n\t\t<h3 class=\"pi-data-label pi-secondary-font\">Family members</h3>\n\t\n\t<div class=\"pi-data-value pi-font\"><ul><li><a href=\"/wiki/Sirius_Black_II\" title=\"Sirius Black II\">Sirius Black II</a> (father)<sup id=\"cite_ref-BFT_1-5\" class=\"reference\"><a href=\"#cite_note-BFT-1\">&#91;1&#93;</a></sup></li><li><a href=\"/wiki/Hesper_Gamp\" title=\"Hesper Gamp\">Hesper Gamp</a> (mother)<sup id=\"cite_ref-BFT_1-6\" class=\"reference\"><a href=\"#cite_note-BFT-1\">&#91;1&#93;</a></sup></li><li><a href=\"/wiki/Lycoris_Black\" title=\"Lycoris Black\">Lycoris Black</a> (sister)<sup id=\"cite_ref-BFT_1-7\" class=\"reference\"><a href=\"#cite_note-BFT-1\">&#91;1&#93;</a></sup></li><li><a href=\"/wiki/Regulus_Black_I\" title=\"Regulus Black I\">Regulus Black I</a> (brother)<sup id=\"cite_ref-BFT_1-8\" class=\"reference\"><a href=\"#cite_note-BFT-1\">&#91;1&#93;</a></sup></li><li><a href=\"/wiki/Melania_Macmillan\" title=\"Melania Macmillan\">Melania Macmillan</a> (wife) \u2020<sup id=\"cite_ref-BFT_1-9\" class=\"reference\"><a href=\"#cite_note-BFT-1\">&#91;1&#93;</a></sup></li><li><a href=\"/wiki/Orion_Black\" title=\"Orion Black\">Orion Black</a> (son) \u2020<sup id=\"cite_ref-BFT_1-10\" class=\"reference\"><a href=\"#cite_note-BFT-1\">&#91;1&#93;</a></sup></li><li><a href=\"/wiki/Lucretia_Black\" title=\"Lucretia Black\">Lucretia Black</a> (daughter)<sup id=\"cite_ref-BFT_1-11\" class=\"reference\"><a href=\"#cite_note-BFT-1\">&#91;1&#93;</a></sup></li><li><a href=\"/wiki/Sirius_Black_III\" class=\"mw-redirect\" title=\"Sirius Black III\">Sirius Black III</a> (grandson)\u2020<sup id=\"cite_ref-BFT_1-12\" class=\"reference\"><a href=\"#cite_note-BFT-1\">&#91;1&#93;</a></sup></li><li><a href=\"/wiki/Regulus_Black\" title=\"Regulus Black\">Regulus Black</a> (grandson) \u2020<sup id=\"cite_ref-BFT_1-13\" class=\"reference\"><a href=\"#cite_note-BFT-1\">&#91;1&#93;</a></sup></li><li><a href=\"/wiki/House_of_Black\" title=\"House of Black\">Black family</a></li><li><a href=\"/wiki/Macmillan_family\" title=\"Macmillan family\">Macmillan family</a> (in-laws)</li></ul></div>\n</div>\n\n</section>\n<section class=\"pi-item pi-group pi-border-color\">\n\t<h2 class=\"pi-item pi-header pi-secondary-font pi-item-spacing pi-secondary-background\">Affiliation</h2>\n\n<div class=\"pi-item pi-data pi-item-spacing pi-border-color\" data-source=\"house\">\n\t\n\t\t<h3 class=\"pi-data-label pi-secondary-font\">House</h3>\n\t\n\t<div class=\"pi-data-value pi-font\"><a href=\"/wiki/Slytherin\" title=\"Slytherin\">Slytherin</a> (possibly)</div>\n</div>\n\n<div class=\"pi-item pi-data pi-item-spacing pi-border-color\" data-source=\"loyalty\">\n\t\n\t\t<h3 class=\"pi-data-label pi-secondary-font\">Loyalty</h3>\n\t\n\t<div class=\"pi-data-value pi-font\"><ul><li><a href=\"/wiki/House_of_Black\" title=\"House of Black\">House of Black</a><sup id=\"cite_ref-BFT_1-14\" class=\"reference\"><a href=\"#cite_note-BFT-1\">&#91;1&#93;</a></sup></li></ul></div>\n</div>\n\n</section>\n<nav class=\"pi-navigation pi-item-spacing pi-secondary-background pi-secondary-font\"><small><a href=\"/wiki/Template:Individual_infobox\" title=\"Template:Individual infobox\">[Source]</a><span class=\"hidable-button\"></span></small></nav>\n</aside>\n\n</p>\n<div class=\"quote\">\n<dl><dd><span title=\"Source:&#160;Harry Potter and the Order of the Phoenix\">\"<i>It means he gave them a load of gold.</i>\"</span></dd>\n<dd>&#8212;<a href=\"/wiki/Sirius_Black\" title=\"Sirius Black\">Sirius Black</a>, addressing his grandfather's <a href=\"/wiki/Order_of_Merlin\" title=\"Order of Merlin\">Order of Merlin</a>, awarded for \"Services to the Ministry\"<sup class=\"noprint\"><a href=\"/wiki/Harry_Potter_and_the_Order_of_the_Phoenix\" title=\"Harry Potter and the Order of the Phoenix\">[src]</a></sup></dd>\n<dd></dd></dl></div>\n<p><b>Arcturus Black</b> <span class=\"template-c\"><a href=\"/wiki/Order_of_Merlin\" title=\"Order of Merlin\">O.M. (First Class)</a></span> (<a href=\"/wiki/1901\" title=\"1901\">1901</a> \u2013 <a href=\"/wiki/1991\" title=\"1991\">1991</a>) was a <a href=\"/wiki/Pure-blood\" title=\"Pure-blood\">pure-blood</a> wizard and member of the noble <a href=\"/wiki/House_of_Black\" title=\"House of Black\">House of Black</a>.\n</p>\n<div id=\"toc\" class=\"toc\"><input type=\"checkbox\" role=\"button\" id=\"toctogglecheckbox\" class=\"toctogglecheckbox\" style=\"display:none\" /><div class=\"toctitle\" lang=\"en\" dir=\"ltr\"><h2>Contents</h2><span class=\"toctogglespan\"><label class=\"toctogglelabel\" for=\"toctogglecheckbox\"></label></span></div>\n<ul>\n<li class=\"toclevel-1 tocsection-1\"><a href=\"#Biography\"><span class=\"tocnumber\">1</span> <span class=\"toctext\">Biography</span></a></li>\n<li class=\"toclevel-1 tocsection-2\"><a href=\"#Behind_the_scenes\"><span class=\"tocnumber\">2</span> <span class=\"toctext\">Behind the scenes</span></a></li>\n<li class=\"toclevel-1 tocsection-3\"><a href=\"#Etymology\"><span class=\"tocnumber\">3</span> <span class=\"toctext\">Etymology</span></a></li>\n<li class=\"toclevel-1 tocsection-4\"><a href=\"#Appearances\"><span class=\"tocnumber\">4</span> <span class=\"toctext\">Appearances</span></a></li>\n<li class=\"toclevel-1 tocsection-5\"><a href=\"#Notes_and_references\"><span class=\"tocnumber\">5</span> <span class=\"toctext\">Notes and references</span></a></li>\n</ul>\n</div>\n\n<h2><span class=\"mw-headline\" id=\"Biography\">Biography</span><span class=\"mw-editsection\"><span class=\"mw-editsection-bracket\">[</span><a href=\"/wiki/Arcturus_Black_III?veaction=edit&amp;section=1\" class=\"mw-editsection-visualeditor\" title=\"Edit section: Biography\">edit</a><span class=\"mw-editsection-divider\"> | </span><a href=\"/wiki/Arcturus_Black_III?action=edit&amp;section=1\" title=\"Edit section: Biography\"><svg class=\"wds-icon wds-icon-tiny section-edit-pencil-icon\"><use xlink:href=\"#wds-icons-pencil-tiny\"></use></svg>edit source</a><span class=\"mw-editsection-bracket\">]</span></span></h2>\n<p>He was born in <a href=\"/wiki/1901\" title=\"1901\">1901</a> as the eldest son of <a href=\"/wiki/Sirius_Black_II\" title=\"Sirius Black II\">Sirius Black</a> and his wife <a href=\"/wiki/Hesper_Gamp\" title=\"Hesper Gamp\">Hesper Gamp</a>. His younger siblings were <a href=\"/wiki/Lycoris_Black\" title=\"Lycoris Black\">Lycoris</a> and <a href=\"/wiki/Regulus_Black_I\" title=\"Regulus Black I\">Regulus</a>.\n</p><p>He married <a href=\"/wiki/Melania_Macmillan\" title=\"Melania Macmillan\">Melania Macmillan</a>, who bore him a daughter, <a href=\"/wiki/Lucretia_Black\" title=\"Lucretia Black\">Lucretia</a>, and a son, <a href=\"/wiki/Orion_Black\" title=\"Orion Black\">Orion</a>. Arcturus became a grandfather after Orion married their cousin <a href=\"/wiki/Walburga_Black\" title=\"Walburga Black\">Walburga</a> and had two sons, <a href=\"/wiki/Sirius_Black\" title=\"Sirius Black\">Sirius</a> and <a href=\"/wiki/Regulus_Black\" title=\"Regulus Black\">Regulus</a>. Lucretia had no children from her marriage to <a href=\"/wiki/Ignatius_Prewett\" title=\"Ignatius Prewett\">Ignatius Prewett</a>.\n</p><p>At some point, Arcturus<sup id=\"cite_ref-PMordermerlin_2-0\" class=\"reference\"><a href=\"#cite_note-PMordermerlin-2\">&#91;2&#93;</a></sup> was awarded the <a href=\"/wiki/Order_of_Merlin\" title=\"Order of Merlin\">Order of Merlin, First Class</a>, for \"<i>Services to the Ministry</i>\".<sup id=\"cite_ref-OP6_3-0\" class=\"reference\"><a href=\"#cite_note-OP6-3\">&#91;3&#93;</a></sup> His grandson Sirius believed that he received the honour because he had given the Ministry a large amount of gold.<sup id=\"cite_ref-PMordermerlin_2-1\" class=\"reference\"><a href=\"#cite_note-PMordermerlin-2\">&#91;2&#93;</a></sup><sup id=\"cite_ref-OP6_3-1\" class=\"reference\"><a href=\"#cite_note-OP6-3\">&#91;3&#93;</a></sup> The medal was left at <a href=\"/wiki/12_Grimmauld_Place\" title=\"12 Grimmauld Place\">12 Grimmauld Place</a> after his death; in <a href=\"/wiki/1995\" title=\"1995\">1995</a>, Sirius found the medal while cleaning and threw it into a rubbish sack with contempt.<sup id=\"cite_ref-OP6_3-2\" class=\"reference\"><a href=\"#cite_note-OP6-3\">&#91;3&#93;</a></sup>\n</p><p>Arcturus died in <a href=\"/wiki/1991\" title=\"1991\">1991</a>. He had outlived both his siblings, his son, his daughter-in-law, and his younger grandson. He was survived by his daughter and his elder grandson.\n</p>\n<h2><span class=\"mw-headline\" id=\"Behind_the_scenes\">Behind the scenes</span><span class=\"mw-editsection\"><span class=\"mw-editsection-bracket\">[</span><a href=\"/wiki/Arcturus_Black_III?veaction=edit&amp;section=2\" class=\"mw-editsection-visualeditor\" title=\"Edit section: Behind the scenes\">edit</a><span class=\"mw-editsection-divider\"> | </span><a href=\"/wiki/Arcturus_Black_III?action=edit&amp;section=2\" title=\"Edit section: Behind the scenes\"><svg class=\"wds-icon wds-icon-tiny section-edit-pencil-icon\"><use xlink:href=\"#wds-icons-pencil-tiny\"></use></svg>edit source</a><span class=\"mw-editsection-bracket\">]</span></span></h2>\n<ul><li>Based on a statement by <a href=\"/wiki/Horace_Slughorn\" title=\"Horace Slughorn\">Horace Slughorn</a>, Arcturus may have been a member of the <a href=\"/wiki/Slytherin\" title=\"Slytherin\">Slytherin House</a>. However, he attended Hogwarts c. <a href=\"/wiki/1912\" title=\"1912\">1912</a>-<a href=\"/wiki/1919\" title=\"1919\">1919</a>, and Slughorn did not become the Potions master until approximately <a href=\"/wiki/1931\" title=\"1931\">1931</a>.</li>\n<li>Arcturus' second grandson was named <a href=\"/wiki/Regulus_Black\" title=\"Regulus Black\">Regulus Arcturus Black</a>. Regulus was probably named in honour of his grandfather and his great-uncle, Arcturus's brother.</li>\n<li>On the Black family tree shown on the <a href=\"/wiki/Harry_Potter_and_the_Order_of_the_Phoenix_(film)\" title=\"Harry Potter and the Order of the Phoenix (film)\">film adaptation</a> of <i><a href=\"/wiki/Harry_Potter_and_the_Order_of_the_Phoenix\" title=\"Harry Potter and the Order of the Phoenix\">Harry Potter and the Order of the Phoenix</a></i>, Arcturus's name is misspelt as \"Arctorus\".</li></ul>\n<h2><span class=\"mw-headline\" id=\"Etymology\">Etymology</span><span class=\"mw-editsection\"><span class=\"mw-editsection-bracket\">[</span><a href=\"/wiki/Arcturus_Black_III?veaction=edit&amp;section=3\" class=\"mw-editsection-visualeditor\" title=\"Edit section: Etymology\">edit</a><span class=\"mw-editsection-divider\"> | </span><a href=\"/wiki/Arcturus_Black_III?action=edit&amp;section=3\" title=\"Edit section: Etymology\"><svg class=\"wds-icon wds-icon-tiny section-edit-pencil-icon\"><use xlink:href=\"#wds-icons-pencil-tiny\"></use></svg>edit source</a><span class=\"mw-editsection-bracket\">]</span></span></h2>\n<p><a href=\"http://en.wikipedia.org/wiki/Arcturus\" class=\"extiw\" title=\"wikipedia:Arcturus\">Arcturus</a> is the name of the brightest star in the constellation Bo\u00f6tes. Its name derives from Ancient Greek <i>\u0391\u03c1\u03ba\u03c4\u03bf\u1fe6\u03c1\u03bf\u03c2</i>, meaning \"bear guard\"; this refers to the story in Greek mythology that Zeus placed Arcturus in the sky to look after Arcas and Callisto, who were turned into <a href=\"/wiki/Bear\" title=\"Bear\">bears</a> and then into the constellations Ursa Major and Ursa Minor to protect them from Hera's wrath.\n</p>\n<h2><span class=\"mw-headline\" id=\"Appearances\">Appearances</span><span class=\"mw-editsection\"><span class=\"mw-editsection-bracket\">[</span><a href=\"/wiki/Arcturus_Black_III?veaction=edit&amp;section=4\" class=\"mw-editsection-visualeditor\" title=\"Edit section: Appearances\">edit</a><span class=\"mw-editsection-divider\"> | </span><a href=\"/wiki/Arcturus_Black_III?action=edit&amp;section=4\" title=\"Edit section: Appearances\"><svg class=\"wds-icon wds-icon-tiny section-edit-pencil-icon\"><use xlink:href=\"#wds-icons-pencil-tiny\"></use></svg>edit source</a><span class=\"mw-editsection-bracket\">]</span></span></h2>\n<ul><li><i><a href=\"/wiki/Harry_Potter_and_the_Order_of_the_Phoenix\" title=\"Harry Potter and the Order of the Phoenix\">Harry Potter and the Order of the Phoenix</a></i> <small>(Indirectly mentioned only)</small></li>\n<li><i><a href=\"/wiki/Harry_Potter_and_the_Order_of_the_Phoenix_(film)\" title=\"Harry Potter and the Order of the Phoenix (film)\">Harry Potter and the Order of the Phoenix (film)</a></i> <span class=\"template-c\">(Appears on Black family tapestry)</span></li>\n<li><i><a href=\"/wiki/Harry_Potter_and_the_Order_of_the_Phoenix_(video_game)\" title=\"Harry Potter and the Order of the Phoenix (video game)\">Harry Potter and the Order of the Phoenix (video game)</a></i> <span class=\"template-c\">(Seen on <a href=\"/wiki/House_of_Black\" title=\"House of Black\">Black family</a> tree tapestry)</span></li>\n<li><i><a href=\"/wiki/Harry_Potter_and_the_Deathly_Hallows:_Part_1_(video_game)\" title=\"Harry Potter and the Deathly Hallows: Part 1 (video game)\">Harry Potter and the Deathly Hallows: Part 1 (video game)</a></i> <span class=\"template-c\">(Seen on <a href=\"/wiki/House_of_Black\" title=\"House of Black\">Black family</a> tree tapestry)</span></li>\n<li><i><a href=\"/wiki/Pottermore\" title=\"Pottermore\">Pottermore</a></i> <small>(Mentioned only)</small></li>\n<li><i><a href=\"/wiki/Wizarding_World_(website)\" title=\"Wizarding World (website)\">Wizarding World</a></i> <small>(Mentioned only)</small></li></ul>\n<h2><span class=\"mw-headline\" id=\"Notes_and_references\">Notes and references</span><span class=\"mw-editsection\"><span class=\"mw-editsection-bracket\">[</span><a href=\"/wiki/Arcturus_Black_III?veaction=edit&amp;section=5\" class=\"mw-editsection-visualeditor\" title=\"Edit section: Notes and references\">edit</a><span class=\"mw-editsection-divider\"> | </span><a href=\"/wiki/Arcturus_Black_III?action=edit&amp;section=5\" title=\"Edit section: Notes and references\"><svg class=\"wds-icon wds-icon-tiny section-edit-pencil-icon\"><use xlink:href=\"#wds-icons-pencil-tiny\"></use></svg>edit source</a><span class=\"mw-editsection-bracket\">]</span></span></h2>\n<div class=\"references-small\">\n<div class=\"mw-references-wrap\"><ol class=\"references\">\n<li id=\"cite_note-BFT-1\"><span class=\"mw-cite-backlink\">\u2191 <sup><a href=\"#cite_ref-BFT_1-0\">1.00</a></sup> <sup><a href=\"#cite_ref-BFT_1-1\">1.01</a></sup> <sup><a href=\"#cite_ref-BFT_1-2\">1.02</a></sup> <sup><a href=\"#cite_ref-BFT_1-3\">1.03</a></sup> <sup><a href=\"#cite_ref-BFT_1-4\">1.04</a></sup> <sup><a href=\"#cite_ref-BFT_1-5\">1.05</a></sup> <sup><a href=\"#cite_ref-BFT_1-6\">1.06</a></sup> <sup><a href=\"#cite_ref-BFT_1-7\">1.07</a></sup> <sup><a href=\"#cite_ref-BFT_1-8\">1.08</a></sup> <sup><a href=\"#cite_ref-BFT_1-9\">1.09</a></sup> <sup><a href=\"#cite_ref-BFT_1-10\">1.10</a></sup> <sup><a href=\"#cite_ref-BFT_1-11\">1.11</a></sup> <sup><a href=\"#cite_ref-BFT_1-12\">1.12</a></sup> <sup><a href=\"#cite_ref-BFT_1-13\">1.13</a></sup> <sup><a href=\"#cite_ref-BFT_1-14\">1.14</a></sup></span> <span class=\"reference-text\"><i><a href=\"/wiki/House_of_Black\" title=\"House of Black\">Black family tree</a></i></span>\n</li>\n<li id=\"cite_note-PMordermerlin-2\"><span class=\"mw-cite-backlink\">\u2191 <sup><a href=\"#cite_ref-PMordermerlin_2-0\">2.0</a></sup> <sup><a href=\"#cite_ref-PMordermerlin_2-1\">2.1</a></sup></span> <span class=\"reference-text\"><a target=\"_blank\" rel=\"noreferrer noopener\" class=\"external text\" href=\"http://www.wizardingworld.com/writing-by-jk-rowling/order-of-merlin\">Writing by J.K. Rowling: \"Order of Merlin\"</a> at <i><a href=\"/wiki/Wizarding_World_(website)\" title=\"Wizarding World (website)\">Wizarding World</a></i></span>\n</li>\n<li id=\"cite_note-OP6-3\"><span class=\"mw-cite-backlink\">\u2191 <sup><a href=\"#cite_ref-OP6_3-0\">3.0</a></sup> <sup><a href=\"#cite_ref-OP6_3-1\">3.1</a></sup> <sup><a href=\"#cite_ref-OP6_3-2\">3.2</a></sup></span> <span class=\"reference-text\"><i><a href=\"/wiki/Harry_Potter_and_the_Order_of_the_Phoenix\" title=\"Harry Potter and the Order of the Phoenix\">Harry Potter and the Order of the Phoenix</a></i>, Chapter 6 (<i>The Noble and Most Ancient House of Black</i>)</span>\n</li>\n</ol></div></div></div>"}]}}}}