{"batchcomplete": "", "warnings": {"main": {"*": "Subscribe to the mediawiki-api-announce mailing list at <https://lists.wikimedia.org/mailman/listinfo/mediawiki-api-announce> for notice of API deprecations and breaking changes."}, "revisions": {"*": "The parameter \"rvparse\" has been deprecated.\nBecause \"rvslots\" was not specified, a legacy format has been used for the output. This format is deprecated, and in the future the new format will always be used."}}, "query": {"pages": {"8419": {"pageid": 8419, "ns": 0, "title": "Arcus", "revisions": [{"*": "<div class=\"mw-parser-output\"><p>\n<aside role=\"region\" class=\"portable-infobox pi-background pi-theme-wizard pi-layout-default\"><section class=\"pi-item pi-group pi-border-color\">\n\t\n<h2 class=\"pi-item pi-item-spacing pi-title\" data-source=\"name\">Arcus</h2>\n\n</section>\n<section class=\"pi-item pi-group pi-border-color\">\n\t<h2 class=\"pi-item pi-header pi-secondary-font pi-item-spacing pi-secondary-background\">Physical information</h2>\n\n<div class=\"pi-item pi-data pi-item-spacing pi-border-color\" data-source=\"species\">\n\t\n\t\t<h3 class=\"pi-data-label pi-secondary-font\">Species</h3>\n\t\n\t<div class=\"pi-data-value pi-font\"><a href=\"/wiki/Human\" title=\"Human\">Human</a></div>\n</div>\n\n<div class=\"pi-item pi-data pi-item-spacing pi-border-color\" data-source=\"gender\">\n\t\n\t\t<h3 class=\"pi-data-label pi-secondary-font\">Gender</h3>\n\t\n\t<div class=\"pi-data-value pi-font\">Male</div>\n</div>\n\n</section>\n<section class=\"pi-item pi-group pi-border-color\">\n\t<h2 class=\"pi-item pi-header pi-secondary-font pi-item-spacing pi-secondary-background\">Magical characteristics</h2>\n\n<div class=\"pi-item pi-data pi-item-spacing pi-border-color\" data-source=\"wand\">\n\t\n\t\t<h3 class=\"pi-data-label pi-secondary-font\">Wand</h3>\n\t\n\t<div class=\"pi-data-value pi-font\"><ul><li>Unknown wand<sup id=\"cite_ref-possibl_1-0\" class=\"reference\"><a href=\"#cite_note-possibl-1\">&#91;1&#93;</a></sup></li><li><a href=\"/wiki/Elder_Wand\" title=\"Elder Wand\">Elder, Thestral tail hair core</a> (possibly)</li></ul></div>\n</div>\n\n</section>\n<nav class=\"pi-navigation pi-item-spacing pi-secondary-background pi-secondary-font\"><small><a href=\"/wiki/Template:Individual_infobox\" title=\"Template:Individual infobox\">[Source]</a><span class=\"hidable-button\"></span></small></nav>\n</aside>\n\n<b>Arcus</b> was a <a href=\"/wiki/Wizardkind\" title=\"Wizardkind\">wizard</a>. It is debated whether it was he who became the Master of the <a href=\"/wiki/Elder_Wand\" title=\"Elder Wand\">Elder Wand</a> after <a href=\"/wiki/Loxias\" title=\"Loxias\">Loxias</a>'s death, or if it was <a href=\"/wiki/Livius\" title=\"Livius\">Livius</a>.<sup id=\"cite_ref-DH21_2-0\" class=\"reference\"><a href=\"#cite_note-DH21-2\">&#91;2&#93;</a></sup>\n</p>\n<h2><span class=\"mw-headline\" id=\"Etymology\">Etymology</span><span class=\"mw-editsection\"><span class=\"mw-editsection-bracket\">[</span><a href=\"/wiki/Arcus?veaction=edit&amp;section=1\" class=\"mw-editsection-visualeditor\" title=\"Edit section: Etymology\">edit</a><span class=\"mw-editsection-divider\"> | </span><a href=\"/wiki/Arcus?action=edit&amp;section=1\" title=\"Edit section: Etymology\"><svg class=\"wds-icon wds-icon-tiny section-edit-pencil-icon\"><use xlink:href=\"#wds-icons-pencil-tiny\"></use></svg>edit source</a><span class=\"mw-editsection-bracket\">]</span></span></h2>\n<ul><li>In Roman mythology, Arcus was the goddess of the rainbow, as well as a messenger goddess.</li></ul>\n<h2><span class=\"mw-headline\" id=\"Appearances\">Appearances</span><span class=\"mw-editsection\"><span class=\"mw-editsection-bracket\">[</span><a href=\"/wiki/Arcus?veaction=edit&amp;section=2\" class=\"mw-editsection-visualeditor\" title=\"Edit section: Appearances\">edit</a><span class=\"mw-editsection-divider\"> | </span><a href=\"/wiki/Arcus?action=edit&amp;section=2\" title=\"Edit section: Appearances\"><svg class=\"wds-icon wds-icon-tiny section-edit-pencil-icon\"><use xlink:href=\"#wds-icons-pencil-tiny\"></use></svg>edit source</a><span class=\"mw-editsection-bracket\">]</span></span></h2>\n<ul><li><i><a href=\"/wiki/Harry_Potter_and_the_Deathly_Hallows\" title=\"Harry Potter and the Deathly Hallows\">Harry Potter and the Deathly Hallows</a></i> <small>(First mentioned)</small></li></ul>\n<h2><span class=\"mw-headline\" id=\"Notes_and_references\">Notes and references</span><span class=\"mw-editsection\"><span class=\"mw-editsection-bracket\">[</span><a href=\"/wiki/Arcus?veaction=edit&amp;section=3\" class=\"mw-editsection-visualeditor\" title=\"Edit section: Notes and references\">edit</a><span class=\"mw-editsection-divider\"> | </span><a href=\"/wiki/Arcus?action=edit&amp;section=3\" title=\"Edit section: Notes and references\"><svg class=\"wds-icon wds-icon-tiny section-edit-pencil-icon\"><use xlink:href=\"#wds-icons-pencil-tiny\"></use></svg>edit source</a><span class=\"mw-editsection-bracket\">]</span></span></h2>\n<div class=\"references-small\">\n<div class=\"mw-references-wrap\"><ol class=\"references\">\n<li id=\"cite_note-possibl-1\"><span class=\"mw-cite-backlink\"><a href=\"#cite_ref-possibl_1-0\">\u2191</a></span> <span class=\"reference-text\">It is most likely that he owned another wand before the <a href=\"/wiki/Elder_Wand\" title=\"Elder Wand\">Elder Wand</a> if he was the owner.</span>\n</li>\n<li id=\"cite_note-DH21-2\"><span class=\"mw-cite-backlink\"><a href=\"#cite_ref-DH21_2-0\">\u2191</a></span> <span class=\"reference-text\"><i><a href=\"/wiki/Harry_Potter_and_the_Deathly_Hallows\" title=\"Harry Potter and the Deathly Hallows\">Harry Potter and the Deathly Hallows</a></i>, Chapter 21 (<i>The Tale of the Three Brothers</i>)</span>\n</li>\n</ol></div></div>\n<table cellpadding=\"0\" cellspacing=\"0\" class=\"noprint hidable\" style=\"background: #f9f9f9; clear: both; margin: auto\">\n\n<tbody><tr>\n<td>\n<table class=\"navbox hidable-content\" border=\"0\" cellpadding=\"4\" cellspacing=\"0\" style=\"background: transparent\">\n\n<tbody><tr style=\"text-align: center;\">\n<td width=\"30%\">Preceded by:<br /><b><a href=\"/wiki/Loxias\" title=\"Loxias\">Loxias</a></b>\n</td>\n<td width=\"40%\"><b>Master of the <a href=\"/wiki/Elder_Wand\" title=\"Elder Wand\">Elder Wand</a> <span class=\"template-c\">(possibly; History records that <a href=\"/wiki/Livius\" title=\"Livius\">Livius</a> may also have been Master at the time)</span></b><br />\n</td>\n<td width=\"30%\">Succeeded by:<br /><b>Unknown, eventually <a href=\"/wiki/Mykew_Gregorovitch\" title=\"Mykew Gregorovitch\">Gregorovitch</a></b>\n</td></tr></tbody></table>\n</td></tr>\n<tr>\n<td style=\"text-align: center\"><span class=\"hidable-button\"></span>\n</td></tr></tbody></table>\n<div style=\"clear: both\"></div>\n<p><br clear=\"all\" />\n</p>\n<div class=\"NavFrame\" style=\"width: 90%; margin: 1px auto; align:center;\">\n<div class=\"NavHead\" style=\"background: #ccd\" align=\"center\"><b>Known Owners of the <a href=\"/wiki/Deathly_Hallows\" title=\"Deathly Hallows\">Deathly Hallows</a></b></div>\n<div class=\"NavContent\">\n<table style=\"margin:0 auto; width: 100%; text-align:center;\" class=\"toccolours\" align=\"center\">\n<tbody><tr>\n<td colspan=\"4\" style=\"font-size: 90%;\" align=\"center\"><a href=\"https://static.wikia.nocookie.net/harrypotter/images/2/23/Hallows.png/revision/latest?cb=20090309113642\" class=\"image\"><img alt=\"Hallows.png\" src=\"https://static.wikia.nocookie.net/harrypotter/images/2/23/Hallows.png/revision/latest/scale-to-width-down/80?cb=20090309113642\" decoding=\"async\" width=\"80\" height=\"69\" data-image-name=\"Hallows.png\" data-image-key=\"Hallows.png\" /></a>\n</td></tr>\n<tr>\n<td colspan=\"3\" width=\"100%\" style=\"background-color: #dfdfdf; font-size: 9pt;\"><center><b><a href=\"/wiki/Elder_Wand\" title=\"Elder Wand\">Elder Wand</a></b></center>\n</td></tr>\n<tr>\n<td colspan=\"3\" style=\"font-size: 8pt;\"><center><a href=\"/wiki/Death_(The_Tale_of_the_Three_Brothers)\" title=\"Death (The Tale of the Three Brothers)\">Death</a> (Manufacturer) &#183; <a href=\"/wiki/Antioch_Peverell\" title=\"Antioch Peverell\">Antioch Peverell</a> &#183; <a href=\"/wiki/Antioch_Peverell%27s_killer\" title=\"Antioch Peverell&#39;s killer\">Antioch Peverell's killer</a> &#183; <a href=\"/wiki/Emeric_the_Evil\" title=\"Emeric the Evil\">Emeric the Evil</a> &#183; <a href=\"/wiki/Egbert_the_Egregious\" title=\"Egbert the Egregious\">Egbert the Egregious</a> &#183; <a href=\"/wiki/Godelot\" title=\"Godelot\">Godelot</a> &#183; <a href=\"/wiki/Hereward\" title=\"Hereward\">Hereward</a> &#183; <a href=\"/wiki/Barnabas_Deverill\" title=\"Barnabas Deverill\">Barnabas Deverill</a> &#183; <a href=\"/wiki/Loxias\" title=\"Loxias\">Loxias</a> &#183; <strong class=\"mw-selflink selflink\">Arcus</strong> and/or <a href=\"/wiki/Livius\" title=\"Livius\">Livius</a> &#183; <a href=\"/wiki/Mykew_Gregorovitch\" title=\"Mykew Gregorovitch\">Mykew Gregorovitch</a> &#183; <a href=\"/wiki/Gellert_Grindelwald\" title=\"Gellert Grindelwald\">Gellert Grindelwald</a> &#183; <a href=\"/wiki/Albus_Dumbledore\" title=\"Albus Dumbledore\">Albus Dumbledore</a> &#183; <a href=\"/wiki/Draco_Malfoy\" title=\"Draco Malfoy\">Draco Malfoy</a> (Master Only) &#183; <a href=\"/wiki/Tom_Riddle\" title=\"Tom Riddle\">Tom Riddle</a> (Owner Only) &#183; <a href=\"/wiki/Harry_Potter\" title=\"Harry Potter\">Harry Potter</a> &#183; (<i><a href=\"/wiki/White_Tomb\" title=\"White Tomb\">Interred</a></i>)</center>\n</td></tr>\n<tr>\n<td colspan=\"3\" width=\"100%\" style=\"background-color: #dfdfdf; font-size: 9pt;\"><center><b><a href=\"/wiki/Resurrection_Stone\" title=\"Resurrection Stone\">Resurrection Stone</a></b></center>\n</td></tr>\n<tr>\n<td colspan=\"3\" style=\"font-size: 8pt;\"><center><a href=\"/wiki/Death_(The_Tale_of_the_Three_Brothers)\" title=\"Death (The Tale of the Three Brothers)\">Death</a> (Manufacturer) &#183; <a href=\"/wiki/Cadmus_Peverell\" title=\"Cadmus Peverell\">Cadmus Peverell</a> &#183; Unidentified Gaunt &#183; (<i><a href=\"/wiki/House_of_Gaunt\" title=\"House of Gaunt\">Generations of Gaunts</a></i>) &#183; <a href=\"/wiki/Corvinus_Gaunt\" title=\"Corvinus Gaunt\">Corvinus Gaunt</a> &#183; <a href=\"/wiki/Marvolo_Gaunt\" title=\"Marvolo Gaunt\">Marvolo Gaunt</a> &#183; <a href=\"/wiki/Morfin_Gaunt\" title=\"Morfin Gaunt\">Morfin Gaunt</a> &#183; <a href=\"/wiki/Tom_Riddle\" title=\"Tom Riddle\">Tom Riddle</a> &#183; <a href=\"/wiki/Albus_Dumbledore\" title=\"Albus Dumbledore\">Albus Dumbledore</a> &#183; <a href=\"/wiki/Harry_Potter\" title=\"Harry Potter\">Harry Potter</a> &#183; (<i><a href=\"/wiki/Forbidden_Forest\" title=\"Forbidden Forest\">Lost</a></i>)</center>\n</td></tr>\n<tr>\n<td colspan=\"3\" width=\"100%\" style=\"background-color: #dfdfdf; font-size: 9pt;\"><center><b><a href=\"/wiki/Cloak_of_Invisibility\" title=\"Cloak of Invisibility\">Cloak of Invisibility</a></b></center>\n</td></tr>\n<tr>\n<td colspan=\"3\" style=\"font-size: 8pt;\"><center><a href=\"/wiki/Death_(The_Tale_of_the_Three_Brothers)\" title=\"Death (The Tale of the Three Brothers)\">Death</a> (Manufacturer) &#183; <a href=\"/wiki/Ignotus_Peverell\" title=\"Ignotus Peverell\">Ignotus Peverell</a> &#183; <a href=\"/wiki/Ignotus_Peverell%27s_son\" title=\"Ignotus Peverell&#39;s son\">Ignotus Peverell's son</a> &#183; <a href=\"/wiki/Iolanthe_Potter\" class=\"mw-redirect\" title=\"Iolanthe Potter\">Iolanthe Potter</a> &#183; Unidentified Potter &#183; (<i><a href=\"/wiki/Potter_family\" title=\"Potter family\">Generations of Potters</a></i>) &#183; <a href=\"/wiki/Henry_Potter\" title=\"Henry Potter\">Henry Potter</a> &#183; <a href=\"/wiki/Fleamont_Potter\" title=\"Fleamont Potter\">Fleamont Potter</a> &#183; <a href=\"/wiki/James_Potter_I\" title=\"James Potter I\">James Potter</a> &#183; <a href=\"/wiki/Albus_Dumbledore\" title=\"Albus Dumbledore\">Albus Dumbledore</a> (Owner Only) &#183; <a href=\"/wiki/Harry_Potter\" title=\"Harry Potter\">Harry Potter</a> &#183; <a href=\"/wiki/James_S._Potter\" class=\"mw-redirect\" title=\"James S. Potter\">James S. Potter</a> &#183; <a href=\"/wiki/Albus_Potter\" title=\"Albus Potter\">Albus Potter</a></center>\n</td></tr></tbody></table>\n</div></div></div>"}]}}}}