{"batchcomplete": "", "warnings": {"main": {"*": "Subscribe to the mediawiki-api-announce mailing list at <https://lists.wikimedia.org/mailman/listinfo/mediawiki-api-announce> for notice of API deprecations and breaking changes."}, "revisions": {"*": "The parameter \"rvparse\" has been deprecated.\nBecause \"rvslots\" was not specified, a legacy format has been used for the output. This format is deprecated, and in the future the new format will always be used."}}, "query": {"normalized": [{"from": "Argo_Pyrites", "to": "Argo Pyrites"}], "pages": {"17831": {"pageid": 17831, "ns": 0, "title": "Argo Pyrites", "revisions": [{"*": "<div class=\"mw-parser-output\"><div class=\"notice metadata\" id=\"spoiler\" style=\"text-align: center; background: snow; margin: 1em 05%; padding: 0 1em; border: #a00 1px solid;\">\n<p><i><b>\"Diffindo!\"</b></i>\n</p>\nThe content of this article is derived from notes and drafts of the <i>Harry Potter</i> books/films/games that were cut before being released.  As such, the contents of the article may or may not be considered canonical.</div>\n<p>\n<aside role=\"region\" class=\"portable-infobox pi-background pi-theme-wizard pi-layout-default\"><section class=\"pi-item pi-group pi-border-color\">\n\t\n<h2 class=\"pi-item pi-item-spacing pi-title\" data-source=\"name\">Argo Pyrites</h2>\n\n</section>\n<section class=\"pi-item pi-group pi-border-color\">\n\t<h2 class=\"pi-item pi-header pi-secondary-font pi-item-spacing pi-secondary-background\">Physical information</h2>\n\n<div class=\"pi-item pi-data pi-item-spacing pi-border-color\" data-source=\"species\">\n\t\n\t\t<h3 class=\"pi-data-label pi-secondary-font\">Species</h3>\n\t\n\t<div class=\"pi-data-value pi-font\"><a href=\"/wiki/Human\" title=\"Human\">Human</a></div>\n</div>\n\n<div class=\"pi-item pi-data pi-item-spacing pi-border-color\" data-source=\"gender\">\n\t\n\t\t<h3 class=\"pi-data-label pi-secondary-font\">Gender</h3>\n\t\n\t<div class=\"pi-data-value pi-font\">Male</div>\n</div>\n\n</section>\n<section class=\"pi-item pi-group pi-border-color\">\n\t<h2 class=\"pi-item pi-header pi-secondary-font pi-item-spacing pi-secondary-background\">Relationship information</h2>\n\n<div class=\"pi-item pi-data pi-item-spacing pi-border-color\" data-source=\"family\">\n\t\n\t\t<h3 class=\"pi-data-label pi-secondary-font\">Family members</h3>\n\t\n\t<div class=\"pi-data-value pi-font\"><a href=\"/wiki/Pyrites\" title=\"Pyrites\">Pyrites</a> (possibly)</div>\n</div>\n\n</section>\n<section class=\"pi-item pi-group pi-border-color\">\n\t<h2 class=\"pi-item pi-header pi-secondary-font pi-item-spacing pi-secondary-background\">Affiliation</h2>\n\n<div class=\"pi-item pi-data pi-item-spacing pi-border-color\" data-source=\"job\">\n\t\n\t\t<h3 class=\"pi-data-label pi-secondary-font\">Occupation</h3>\n\t\n\t<div class=\"pi-data-value pi-font\"><a href=\"/wiki/Alchemy\" title=\"Alchemy\">Alchemist</a>, Author</div>\n</div>\n\n<div class=\"pi-item pi-data pi-item-spacing pi-border-color\" data-source=\"loyalty\">\n\t\n\t\t<h3 class=\"pi-data-label pi-secondary-font\">Loyalty</h3>\n\t\n\t<div class=\"pi-data-value pi-font\"><a href=\"/wiki/Pyrites_family\" title=\"Pyrites family\">Pyrites family</a></div>\n</div>\n\n</section>\n<nav class=\"pi-navigation pi-item-spacing pi-secondary-background pi-secondary-font\"><small><a href=\"/wiki/Template:Individual_infobox\" title=\"Template:Individual infobox\">[Source]</a><span class=\"hidable-button\"></span></small></nav>\n</aside>\n\n<b>Argo Pyrites</b> was a <a href=\"/wiki/Wizardkind\" title=\"Wizardkind\">wizard</a>, <a href=\"/wiki/Alchemy\" title=\"Alchemy\">alchemist</a>&#160;and the author of <i><a href=\"/wiki/Alchemy,_Ancient_Art_and_Science\" title=\"Alchemy, Ancient Art and Science\">Alchemy, Ancient Art and Science</a></i>.<sup id=\"cite_ref-lex_1-0\" class=\"reference\"><a href=\"#cite_note-lex-1\">&#91;1&#93;</a></sup>\n</p>\n<div id=\"toc\" class=\"toc\"><input type=\"checkbox\" role=\"button\" id=\"toctogglecheckbox\" class=\"toctogglecheckbox\" style=\"display:none\" /><div class=\"toctitle\" lang=\"en\" dir=\"ltr\"><h2>Contents</h2><span class=\"toctogglespan\"><label class=\"toctogglelabel\" for=\"toctogglecheckbox\"></label></span></div>\n<ul>\n<li class=\"toclevel-1 tocsection-1\"><a href=\"#Etymology\"><span class=\"tocnumber\">1</span> <span class=\"toctext\">Etymology</span></a></li>\n<li class=\"toclevel-1 tocsection-2\"><a href=\"#Behind_the_scenes\"><span class=\"tocnumber\">2</span> <span class=\"toctext\">Behind the scenes</span></a></li>\n<li class=\"toclevel-1 tocsection-3\"><a href=\"#Appearances\"><span class=\"tocnumber\">3</span> <span class=\"toctext\">Appearances</span></a></li>\n<li class=\"toclevel-1 tocsection-4\"><a href=\"#Notes_and_references\"><span class=\"tocnumber\">4</span> <span class=\"toctext\">Notes and references</span></a></li>\n</ul>\n</div>\n\n<h2><span class=\"mw-headline\" id=\"Etymology\">Etymology</span><span class=\"mw-editsection\"><span class=\"mw-editsection-bracket\">[</span><a href=\"/wiki/Argo_Pyrites?veaction=edit&amp;section=1\" class=\"mw-editsection-visualeditor\" title=\"Edit section: Etymology\">edit</a><span class=\"mw-editsection-divider\"> | </span><a href=\"/wiki/Argo_Pyrites?action=edit&amp;section=1\" title=\"Edit section: Etymology\"><svg class=\"wds-icon wds-icon-tiny section-edit-pencil-icon\"><use xlink:href=\"#wds-icons-pencil-tiny\"></use></svg>edit source</a><span class=\"mw-editsection-bracket\">]</span></span></h2>\n<p>The name Argo derives from the Greek word <i>argos</i>, meaning \u201cswift\u201d.<sup id=\"cite_ref-2\" class=\"reference\"><a href=\"#cite_note-2\">&#91;2&#93;</a></sup> \nIn Greek mythology, <a href=\"http://en.wikipedia.org/wiki/Argo\" class=\"extiw\" title=\"wikipedia:Argo\">Argo</a> was the ship on which <a href=\"http://en.wikipedia.org/wiki/Jason\" class=\"extiw\" title=\"wikipedia:Jason\">Jason</a> and his companions, the <a href=\"http://en.wikipedia.org/wiki/Argonaut\" class=\"extiw\" title=\"wikipedia:Argonaut\">Argonauts</a>, sailed on their journey to find the <a href=\"http://en.wikipedia.org/wiki/Golden_Fleece\" class=\"extiw\" title=\"wikipedia:Golden Fleece\">Golden Fleece</a>. <a href=\"http://en.wikipedia.org/wiki/Pyrite\" class=\"extiw\" title=\"wikipedia:Pyrite\">Pyrite</a> is a shiny yellow mineral, which is also called Fool's Gold, due to its resemblance to the precious metal.\n</p>\n<h2><span class=\"mw-headline\" id=\"Behind_the_scenes\">Behind the scenes</span><span class=\"mw-editsection\"><span class=\"mw-editsection-bracket\">[</span><a href=\"/wiki/Argo_Pyrites?veaction=edit&amp;section=2\" class=\"mw-editsection-visualeditor\" title=\"Edit section: Behind the scenes\">edit</a><span class=\"mw-editsection-divider\"> | </span><a href=\"/wiki/Argo_Pyrites?action=edit&amp;section=2\" title=\"Edit section: Behind the scenes\"><svg class=\"wds-icon wds-icon-tiny section-edit-pencil-icon\"><use xlink:href=\"#wds-icons-pencil-tiny\"></use></svg>edit source</a><span class=\"mw-editsection-bracket\">]</span></span></h2>\n<ul><li>This character is mentioned only on a page from an early draft of <i><a href=\"/wiki/Harry_Potter_and_the_Philosopher%27s_Stone\" title=\"Harry Potter and the Philosopher&#39;s Stone\">Harry Potter and the Philosopher's Stone</a></i> which <a href=\"/wiki/J._K._Rowling\" title=\"J. K. Rowling\">J. K. Rowling</a> posted on her <a href=\"/wiki/J._K._Rowling%27s_official_site\" title=\"J. K. Rowling&#39;s official site\">website</a>.<sup id=\"cite_ref-lex_1-1\" class=\"reference\"><a href=\"#cite_note-lex-1\">&#91;1&#93;</a></sup> He may have been related to <a href=\"/wiki/Pyrites\" title=\"Pyrites\">Pyrites</a>, a <a href=\"/wiki/Death_Eaters\" title=\"Death Eaters\">Death Eater</a> who was included in early drafts of the same book, but was also discarded.</li>\n<li>It is also possible that the Death Eater in question was supposed to be Argo Pyrites, and that the two are one and the same.</li></ul>\n<h2><span class=\"mw-headline\" id=\"Appearances\">Appearances</span><span class=\"mw-editsection\"><span class=\"mw-editsection-bracket\">[</span><a href=\"/wiki/Argo_Pyrites?veaction=edit&amp;section=3\" class=\"mw-editsection-visualeditor\" title=\"Edit section: Appearances\">edit</a><span class=\"mw-editsection-divider\"> | </span><a href=\"/wiki/Argo_Pyrites?action=edit&amp;section=3\" title=\"Edit section: Appearances\"><svg class=\"wds-icon wds-icon-tiny section-edit-pencil-icon\"><use xlink:href=\"#wds-icons-pencil-tiny\"></use></svg>edit source</a><span class=\"mw-editsection-bracket\">]</span></span></h2>\n<ul><li><i><a href=\"/wiki/Harry_Potter_and_the_Philosopher%27s_Stone\" title=\"Harry Potter and the Philosopher&#39;s Stone\">Harry Potter and the Philosopher's Stone</a></i> <span class=\"template-c\">(Early drafts)</span></li></ul>\n<h2><span class=\"mw-headline\" id=\"Notes_and_references\">Notes and references</span><span class=\"mw-editsection\"><span class=\"mw-editsection-bracket\">[</span><a href=\"/wiki/Argo_Pyrites?veaction=edit&amp;section=4\" class=\"mw-editsection-visualeditor\" title=\"Edit section: Notes and references\">edit</a><span class=\"mw-editsection-divider\"> | </span><a href=\"/wiki/Argo_Pyrites?action=edit&amp;section=4\" title=\"Edit section: Notes and references\"><svg class=\"wds-icon wds-icon-tiny section-edit-pencil-icon\"><use xlink:href=\"#wds-icons-pencil-tiny\"></use></svg>edit source</a><span class=\"mw-editsection-bracket\">]</span></span></h2>\n<div class=\"references-small\">\n<div class=\"mw-references-wrap\"><ol class=\"references\">\n<li id=\"cite_note-lex-1\"><span class=\"mw-cite-backlink\">\u2191 <sup><a href=\"#cite_ref-lex_1-0\">1.0</a></sup> <sup><a href=\"#cite_ref-lex_1-1\">1.1</a></sup></span> <span class=\"reference-text\">\"<a target=\"_blank\" rel=\"noreferrer noopener\" class=\"external text\" href=\"http://www.hp-lexicon.org/about/sources/jkr.com/jkr-com-trans-very-early-ps.html\">Very early page of Philosopher's Stone</a>\" on The Harry Potter Lexicon</span>\n</li>\n<li id=\"cite_note-2\"><span class=\"mw-cite-backlink\"><a href=\"#cite_ref-2\">\u2191</a></span> <span class=\"reference-text\">\"<a target=\"_blank\" rel=\"noreferrer noopener\" class=\"external text\" href=\"http://www.etymonline.com/index.php?search=argo&amp;searchmode=none\">Argo</a>\" on The Online Etymology Dictionary</span>\n</li>\n</ol></div></div></div>"}]}}}}