{"batchcomplete": "", "warnings": {"main": {"*": "Subscribe to the mediawiki-api-announce mailing list at <https://lists.wikimedia.org/mailman/listinfo/mediawiki-api-announce> for notice of API deprecations and breaking changes."}, "revisions": {"*": "The parameter \"rvparse\" has been deprecated.\nBecause \"rvslots\" was not specified, a legacy format has been used for the output. This format is deprecated, and in the future the new format will always be used."}}, "query": {"normalized": [{"from": "Art_Deco", "to": "Art Deco"}], "pages": {"197273": {"pageid": 197273, "ns": 0, "title": "Art Deco", "revisions": [{"*": "<div class=\"mw-parser-output\"><figure class=\"thumb tright show-info-icon\" style=\"width: 202px\"> \t<a href=\"https://static.wikia.nocookie.net/harrypotter/images/3/38/DivineMagicPoster1926.jpg/revision/latest?cb=20161122145224\" class=\"image\"><img alt=\"\" src=\"https://static.wikia.nocookie.net/harrypotter/images/3/38/DivineMagicPoster1926.jpg/revision/latest/scale-to-width-down/200?cb=20161122145224\" decoding=\"async\" width=\"200\" height=\"362\" class=\"thumbimage\" data-image-name=\"DivineMagicPoster1926.jpg\" data-image-key=\"DivineMagicPoster1926.jpg\" /></a> \t \t<figcaption class=\"thumbcaption\"> \t\t \t\t\t<a href=\"/wiki/File:DivineMagicPoster1926.jpg\" class=\"info-icon\"><svg><use xlink:href=\"#wds-icons-info-small\"></use></svg></a> \t\t \t\t \t\t \t\t\t<p class=\"caption\">An ad for <a href=\"/wiki/Divine_Magic\" title=\"Divine Magic\">Divine Magic</a> perfume from <a href=\"/wiki/1926\" title=\"1926\">1926</a> done in the Art Deco style</p> \t\t \t</figcaption> </figure>\n<p><b>Art Deco</b> was a style of visual arts, architecture, and design that emerged after <a href=\"/wiki/First_World_War\" title=\"First World War\">First World War</a>.<sup id=\"cite_ref-wiki1_1-0\" class=\"reference\"><a href=\"#cite_note-wiki1-1\">&#91;1&#93;</a></sup>\n</p>\n<h2><span class=\"mw-headline\" id=\"History\">History</span><span class=\"mw-editsection\"><span class=\"mw-editsection-bracket\">[</span><a href=\"/wiki/Art_Deco?veaction=edit&amp;section=1\" class=\"mw-editsection-visualeditor\" title=\"Edit section: History\">edit</a><span class=\"mw-editsection-divider\"> | </span><a href=\"/wiki/Art_Deco?action=edit&amp;section=1\" title=\"Edit section: History\"><svg class=\"wds-icon wds-icon-tiny section-edit-pencil-icon\"><use xlink:href=\"#wds-icons-pencil-tiny\"></use></svg>edit source</a><span class=\"mw-editsection-bracket\">]</span></span></h2>\n<p>The <a href=\"/wiki/Shaw_News\" title=\"Shaw News\">Shaw News</a> offices in <a href=\"/wiki/New_York\" title=\"New York\">New York</a> were described as having a \"glittering Art Deco\" aesthetic in <a href=\"/wiki/1926\" title=\"1926\">1926</a>.<sup id=\"cite_ref-FB37_2-0\" class=\"reference\"><a href=\"#cite_note-FB37-2\">&#91;2&#93;</a></sup> That same year, the <a href=\"/wiki/New_York_City_Hall\" title=\"New York City Hall\">City Hall</a> <a class=\"new\" title=\"City Hall subway station (page does not exist)\" rel=\"nofollow\" data-uncrawlable-url=\"L3dpa2kvQ2l0eV9IYWxsX3N1YndheV9zdGF0aW9uP2FjdGlvbj1lZGl0JnJlZGxpbms9MQ==\">subway station</a> was described as \"long, mosaicked, Art Deco\" in appearance.<sup id=\"cite_ref-FB106_3-0\" class=\"reference\"><a href=\"#cite_note-FB106-3\">&#91;3&#93;</a></sup>\n</p><p><a href=\"/wiki/Queenie_Goldstein\" title=\"Queenie Goldstein\">Queenie Goldstein</a>'s <a href=\"/wiki/Queenie_Goldstein%27s_wand\" title=\"Queenie Goldstein&#39;s wand\">wand</a> had an Art Deco-inspired design.<sup id=\"cite_ref-4\" class=\"reference\"><a href=\"#cite_note-4\">&#91;4&#93;</a></sup>\n</p>\n<h2><span class=\"mw-headline\" id=\"Appearances\">Appearances</span><span class=\"mw-editsection\"><span class=\"mw-editsection-bracket\">[</span><a href=\"/wiki/Art_Deco?veaction=edit&amp;section=2\" class=\"mw-editsection-visualeditor\" title=\"Edit section: Appearances\">edit</a><span class=\"mw-editsection-divider\"> | </span><a href=\"/wiki/Art_Deco?action=edit&amp;section=2\" title=\"Edit section: Appearances\"><svg class=\"wds-icon wds-icon-tiny section-edit-pencil-icon\"><use xlink:href=\"#wds-icons-pencil-tiny\"></use></svg>edit source</a><span class=\"mw-editsection-bracket\">]</span></span></h2>\n<ul><li><i><a href=\"/wiki/Fantastic_Beasts_and_Where_to_Find_Them:_The_Original_Screenplay\" title=\"Fantastic Beasts and Where to Find Them: The Original Screenplay\">Fantastic Beasts and Where to Find Them: The Original Screenplay</a></i></li>\n<li><i><a href=\"/wiki/Fantastic_Beasts_and_Where_to_Find_Them_(film)\" title=\"Fantastic Beasts and Where to Find Them (film)\">Fantastic Beasts and Where to Find Them (film)</a></i></li></ul>\n<h2><span class=\"mw-headline\" id=\"Notes_and_references\">Notes and references</span><span class=\"mw-editsection\"><span class=\"mw-editsection-bracket\">[</span><a href=\"/wiki/Art_Deco?veaction=edit&amp;section=3\" class=\"mw-editsection-visualeditor\" title=\"Edit section: Notes and references\">edit</a><span class=\"mw-editsection-divider\"> | </span><a href=\"/wiki/Art_Deco?action=edit&amp;section=3\" title=\"Edit section: Notes and references\"><svg class=\"wds-icon wds-icon-tiny section-edit-pencil-icon\"><use xlink:href=\"#wds-icons-pencil-tiny\"></use></svg>edit source</a><span class=\"mw-editsection-bracket\">]</span></span></h2>\n<div class=\"references-small\">\n<div class=\"mw-references-wrap\"><ol class=\"references\">\n<li id=\"cite_note-wiki1-1\"><span class=\"mw-cite-backlink\"><a href=\"#cite_ref-wiki1_1-0\">\u2191</a></span> <span class=\"reference-text\">\"<a target=\"_blank\" rel=\"noreferrer noopener\" class=\"external text\" href=\"https://en.wikipedia.org/wiki/Art_Deco\">Art Deco</a>\" on Wikipedia</span>\n</li>\n<li id=\"cite_note-FB37-2\"><span class=\"mw-cite-backlink\"><a href=\"#cite_ref-FB37_2-0\">\u2191</a></span> <span class=\"reference-text\"><i><a href=\"/wiki/Fantastic_Beasts_and_Where_to_Find_Them:_The_Original_Screenplay\" title=\"Fantastic Beasts and Where to Find Them: The Original Screenplay\">Fantastic Beasts and Where to Find Them: The Original Screenplay</a></i>, Scene 37</span>\n</li>\n<li id=\"cite_note-FB106-3\"><span class=\"mw-cite-backlink\"><a href=\"#cite_ref-FB106_3-0\">\u2191</a></span> <span class=\"reference-text\"><i><a href=\"/wiki/Fantastic_Beasts_and_Where_to_Find_Them:_The_Original_Screenplay\" title=\"Fantastic Beasts and Where to Find Them: The Original Screenplay\">Fantastic Beasts and Where to Find Them: The Original Screenplay</a></i>, Scene 106</span>\n</li>\n<li id=\"cite_note-4\"><span class=\"mw-cite-backlink\"><a href=\"#cite_ref-4\">\u2191</a></span> <span class=\"reference-text\"> <i><a href=\"/wiki/Pottermore\" title=\"Pottermore\">Pottermore</a></i> - <a target=\"_blank\" rel=\"noreferrer noopener\" class=\"external text\" href=\"https://www.pottermore.com/news/interview-with-molly-sole-fantastic-beasts-wand-designer\">News: \"Meet wand designer Molly Sole: a real-world Ollivander\", by The Pottermore Correspondent</a></span>\n</li>\n</ol></div></div></div>"}]}}}}