{"batchcomplete": "", "warnings": {"main": {"*": "Subscribe to the mediawiki-api-announce mailing list at <https://lists.wikimedia.org/mailman/listinfo/mediawiki-api-announce> for notice of API deprecations and breaking changes."}, "revisions": {"*": "The parameter \"rvparse\" has been deprecated.\nBecause \"rvslots\" was not specified, a legacy format has been used for the output. This format is deprecated, and in the future the new format will always be used."}}, "query": {"normalized": [{"from": "Arthur_Weasley's_contact_at_the_Floo_Regulation_Panel", "to": "Arthur Weasley's contact at the Floo Regulation Panel"}], "pages": {"78652": {"pageid": 78652, "ns": 0, "title": "Arthur Weasley's contact at the Floo Regulation Panel", "revisions": [{"*": "<div class=\"mw-parser-output\"><table class=\"notice metadata\" cellpadding=\"3px\" style=\"text-align: center; background: snow; border: #a00 1px solid; margin: 1em 10% 1em 10%;\">\n\n<tbody><tr>\n<td><a href=\"https://static.wikia.nocookie.net/harrypotter/images/1/11/Hermione_Granger_%28HBP_promo%29_5.jpg/revision/latest?cb=20090817203540\" class=\"image\"><img alt=\"Hermione Granger (HBP promo) 5.jpg\" src=\"https://static.wikia.nocookie.net/harrypotter/images/1/11/Hermione_Granger_%28HBP_promo%29_5.jpg/revision/latest/scale-to-width-down/60?cb=20090817203540\" decoding=\"async\" width=\"60\" height=\"80\" data-image-name=\"Hermione Granger (HBP promo) 5.jpg\" data-image-key=\"Hermione_Granger_(HBP_promo)_5.jpg\" /></a>\n</td>\n<td><i><b>\"Are you a wizard or not?\"</b></i>\n<p>The title of this article is conjectural.  Although it is based on <a href=\"/wiki/Canon\" title=\"Canon\">canonical information</a>, the actual name is a conjecture and may be supplanted at any time by additional information released from canonical sources.  If this occurs, please move this page to the appropriate title.\n</p>\n</td></tr></tbody></table>\n<p>\n<aside role=\"region\" class=\"portable-infobox pi-background pi-theme-mom pi-layout-default\"><section class=\"pi-item pi-group pi-border-color\">\n\t\n<h2 class=\"pi-item pi-item-spacing pi-title\" data-source=\"name\">Arthur Weasley's contact at the Floo Regulation Panel</h2>\n\n</section>\n<section class=\"pi-item pi-group pi-border-color\">\n\t<h2 class=\"pi-item pi-header pi-secondary-font pi-item-spacing pi-secondary-background\">Physical information</h2>\n\n<div class=\"pi-item pi-data pi-item-spacing pi-border-color\" data-source=\"species\">\n\t\n\t\t<h3 class=\"pi-data-label pi-secondary-font\">Species</h3>\n\t\n\t<div class=\"pi-data-value pi-font\"><a href=\"/wiki/Human\" title=\"Human\">Human</a></div>\n</div>\n\n<div class=\"pi-item pi-data pi-item-spacing pi-border-color\" data-source=\"gender\">\n\t\n\t\t<h3 class=\"pi-data-label pi-secondary-font\">Gender</h3>\n\t\n\t<div class=\"pi-data-value pi-font\">Male</div>\n</div>\n\n</section>\n<section class=\"pi-item pi-group pi-border-color\">\n\t<h2 class=\"pi-item pi-header pi-secondary-font pi-item-spacing pi-secondary-background\">Affiliation</h2>\n\n<div class=\"pi-item pi-data pi-item-spacing pi-border-color\" data-source=\"job\">\n\t\n\t\t<h3 class=\"pi-data-label pi-secondary-font\">Occupation</h3>\n\t\n\t<div class=\"pi-data-value pi-font\"><a href=\"/wiki/Floo_Regulation_Panel\" title=\"Floo Regulation Panel\">Floo Regulation Panel</a> employee</div>\n</div>\n\n<div class=\"pi-item pi-data pi-item-spacing pi-border-color\" data-source=\"loyalty\">\n\t\n\t\t<h3 class=\"pi-data-label pi-secondary-font\">Loyalty</h3>\n\t\n\t<div class=\"pi-data-value pi-font\"><ul><li><a href=\"/wiki/British_Ministry_of_Magic\" title=\"British Ministry of Magic\">Ministry of Magic</a></li><li><a href=\"/wiki/Department_of_Magical_Transportation\" title=\"Department of Magical Transportation\">Department of Magical Transportation</a></li></ul></div>\n</div>\n\n</section>\n<nav class=\"pi-navigation pi-item-spacing pi-secondary-background pi-secondary-font\"><small><a href=\"/wiki/Template:Individual_infobox\" title=\"Template:Individual infobox\">[Source]</a><span class=\"hidable-button\"></span></small></nav>\n</aside>\n\n</p>\n<div class=\"quote\">\n<dl><dd><span title=\"Source:&#160;Harry Potter and the Goblet of Fire\">\"<i>I had your fireplace connected to the Floo Network, you see \u2014 just for an afternoon, you know, so we could get Harry. Muggle fireplaces aren't supposed to be connected, strictly speaking \u2014 but I've got a useful contact at the Floo Regulation Panel and he fixed it for me.</i>\"</span></dd>\n<dd>&#8212;<a href=\"/wiki/Arthur_Weasley\" title=\"Arthur Weasley\">Arthur Weasley</a> to <a href=\"/wiki/Vernon_Dursley\" title=\"Vernon Dursley\">Vernon Dursley</a> in the summer of <a href=\"/wiki/1994\" title=\"1994\">1994</a>.<sup class=\"noprint\"><a href=\"/wiki/Harry_Potter_and_the_Goblet_of_Fire\" title=\"Harry Potter and the Goblet of Fire\">[src]</a></sup></dd>\n<dd></dd></dl></div>\n<p>This <b>individual</b> was an employee at the <a href=\"/wiki/Floo_Regulation_Panel\" title=\"Floo Regulation Panel\">Floo Regulation Panel</a> at the <a href=\"/wiki/British_Ministry_of_Magic\" title=\"British Ministry of Magic\">Ministry of Magic</a> in the <a href=\"/wiki/1990s\" title=\"1990s\">1990s</a>. At <a href=\"/wiki/Arthur_Weasley\" title=\"Arthur Weasley\">Arthur Weasley</a>'s request, this individual was responsible for the afternoon-long connection of the fireplace at <a href=\"/wiki/4_Privet_Drive\" title=\"4 Privet Drive\">4 Privet Drive</a> to the <a href=\"/wiki/Floo_Network\" title=\"Floo Network\">Floo Network</a> on <a href=\"/wiki/24_August\" title=\"24 August\">24 August</a>, <a href=\"/wiki/1994\" title=\"1994\">1994</a>.<sup id=\"cite_ref-GF4_1-0\" class=\"reference\"><a href=\"#cite_note-GF4-1\">&#91;1&#93;</a></sup>\n</p>\n<h2><span class=\"mw-headline\" id=\"Appearances\">Appearances</span><span class=\"mw-editsection\"><span class=\"mw-editsection-bracket\">[</span><a href=\"/wiki/Arthur_Weasley%27s_contact_at_the_Floo_Regulation_Panel?veaction=edit&amp;section=1\" class=\"mw-editsection-visualeditor\" title=\"Edit section: Appearances\">edit</a><span class=\"mw-editsection-divider\"> | </span><a href=\"/wiki/Arthur_Weasley%27s_contact_at_the_Floo_Regulation_Panel?action=edit&amp;section=1\" title=\"Edit section: Appearances\"><svg class=\"wds-icon wds-icon-tiny section-edit-pencil-icon\"><use xlink:href=\"#wds-icons-pencil-tiny\"></use></svg>edit source</a><span class=\"mw-editsection-bracket\">]</span></span></h2>\n<ul><li><i><a href=\"/wiki/Harry_Potter_and_the_Goblet_of_Fire\" title=\"Harry Potter and the Goblet of Fire\">Harry Potter and the Goblet of Fire</a></i> <small>(First mentioned)</small></li></ul>\n<h2><span class=\"mw-headline\" id=\"Notes_and_references\">Notes and references</span><span class=\"mw-editsection\"><span class=\"mw-editsection-bracket\">[</span><a href=\"/wiki/Arthur_Weasley%27s_contact_at_the_Floo_Regulation_Panel?veaction=edit&amp;section=2\" class=\"mw-editsection-visualeditor\" title=\"Edit section: Notes and references\">edit</a><span class=\"mw-editsection-divider\"> | </span><a href=\"/wiki/Arthur_Weasley%27s_contact_at_the_Floo_Regulation_Panel?action=edit&amp;section=2\" title=\"Edit section: Notes and references\"><svg class=\"wds-icon wds-icon-tiny section-edit-pencil-icon\"><use xlink:href=\"#wds-icons-pencil-tiny\"></use></svg>edit source</a><span class=\"mw-editsection-bracket\">]</span></span></h2>\n<div class=\"references-small\">\n<div class=\"mw-references-wrap\"><ol class=\"references\">\n<li id=\"cite_note-GF4-1\"><span class=\"mw-cite-backlink\"><a href=\"#cite_ref-GF4_1-0\">\u2191</a></span> <span class=\"reference-text\"><i><a href=\"/wiki/Harry_Potter_and_the_Goblet_of_Fire\" title=\"Harry Potter and the Goblet of Fire\">Harry Potter and the Goblet of Fire</a></i>, Chapter 4 (<i>Back to The Burrow</i>)</span>\n</li>\n</ol></div></div>\n<p><br clear=\"all\" />\n</p>\n<table style=\"margin:0 auto\" align=\"center\" class=\"toccolours\" width=\"90%\">\n\n<tbody><tr bgcolor=\"#white\">\n<th colspan=\"3\" style=\"background:#ccd;\"><center><b><a href=\"/wiki/Department_of_Magical_Transportation\" title=\"Department of Magical Transportation\">Department of Magical Transportation</a> employees</b></center>\n</th></tr>\n<tr>\n<td colspan=\"3\" style=\"background-color: #dfdfdf; font-size: 8pt;\"><center><b>Heads of Department</b></center>\n</td></tr>\n<tr>\n<td colspan=\"3\" style=\"font-size: 8pt;\"><center><a href=\"/wiki/Unidentified_Minister_of_Magical_Transportation\" title=\"Unidentified Minister of Magical Transportation\">Head of the Department of Magical Transportation</a>  &#183;  <a href=\"/wiki/Percy_Weasley\" title=\"Percy Weasley\">Percy Weasley</a></center>\n</td></tr>\n<tr>\n<td colspan=\"3\" style=\"background-color: #dfdfdf; font-size: 8pt;\"><center><b>Other Personnel</b></center>\n</td></tr>\n<tr>\n<td colspan=\"3\" style=\"font-size: 8pt;\"><center><a href=\"/wiki/Basil\" title=\"Basil\">Basil</a>  &#183;  <a href=\"/wiki/Edgecombe\" title=\"Edgecombe\">Madam Edgecombe</a>  &#183;  <a href=\"/wiki/Wilkie_Twycross\" title=\"Wilkie Twycross\">Wilkie Twycross</a>  &#183;  <strong class=\"mw-selflink selflink\">Floo Regulation Panel employee</strong></center>\n</td></tr></tbody></table></div>"}]}}}}