{"batchcomplete": "", "warnings": {"main": {"*": "Subscribe to the mediawiki-api-announce mailing list at <https://lists.wikimedia.org/mailman/listinfo/mediawiki-api-announce> for notice of API deprecations and breaking changes."}, "revisions": {"*": "The parameter \"rvparse\" has been deprecated.\nBecause \"rvslots\" was not specified, a legacy format has been used for the output. This format is deprecated, and in the future the new format will always be used."}}, "query": {"normalized": [{"from": "Ashok_Khanna", "to": "Ashok Khanna"}], "pages": {"99461": {"pageid": 99461, "ns": 0, "title": "Ashok Khanna", "revisions": [{"*": "<div class=\"mw-parser-output\"><p>\n<aside role=\"region\" class=\"portable-infobox pi-background pi-theme-ravenclaw pi-layout-default\"><section class=\"pi-item pi-group pi-border-color\">\n\t\n<h2 class=\"pi-item pi-item-spacing pi-title\" data-source=\"name\">Ashok Khanna</h2>\n\n</section>\n<section class=\"pi-item pi-group pi-border-color\">\n\t<h2 class=\"pi-item pi-header pi-secondary-font pi-item-spacing pi-secondary-background\">Biographical information</h2>\n\n<div class=\"pi-item pi-data pi-item-spacing pi-border-color\" data-source=\"born\">\n\t\n\t\t<h3 class=\"pi-data-label pi-secondary-font\">Born</h3>\n\t\n\t<div class=\"pi-data-value pi-font\"><a href=\"/wiki/31_August\" title=\"31 August\">31 August</a> <a href=\"/wiki/1982\" title=\"1982\">1982</a> or earlier,<sup id=\"cite_ref-age_1-0\" class=\"reference\"><a href=\"#cite_note-age-1\">&#91;1&#93;</a></sup></div>\n</div>\n\n<div class=\"pi-item pi-data pi-item-spacing pi-border-color\" data-source=\"nationality\">\n\t\n\t\t<h3 class=\"pi-data-label pi-secondary-font\">Nationality</h3>\n\t\n\t<div class=\"pi-data-value pi-font\"><a href=\"/wiki/Great_Britain\" title=\"Great Britain\">British</a> or <a href=\"/wiki/Ireland\" title=\"Ireland\">Irish</a><sup id=\"cite_ref-2\" class=\"reference\"><a href=\"#cite_note-2\">&#91;2&#93;</a></sup></div>\n</div>\n\n</section>\n<section class=\"pi-item pi-group pi-border-color\">\n\t<h2 class=\"pi-item pi-header pi-secondary-font pi-item-spacing pi-secondary-background\">Physical information</h2>\n\n<div class=\"pi-item pi-data pi-item-spacing pi-border-color\" data-source=\"species\">\n\t\n\t\t<h3 class=\"pi-data-label pi-secondary-font\">Species</h3>\n\t\n\t<div class=\"pi-data-value pi-font\"><a href=\"/wiki/Human\" title=\"Human\">Human</a><sup id=\"cite_ref-POAG_3-0\" class=\"reference\"><a href=\"#cite_note-POAG-3\">&#91;3&#93;</a></sup></div>\n</div>\n\n<div class=\"pi-item pi-data pi-item-spacing pi-border-color\" data-source=\"gender\">\n\t\n\t\t<h3 class=\"pi-data-label pi-secondary-font\">Gender</h3>\n\t\n\t<div class=\"pi-data-value pi-font\">Male<sup id=\"cite_ref-POAG_3-1\" class=\"reference\"><a href=\"#cite_note-POAG-3\">&#91;3&#93;</a></sup></div>\n</div>\n\n</section>\n<section class=\"pi-item pi-group pi-border-color\">\n\t<h2 class=\"pi-item pi-header pi-secondary-font pi-item-spacing pi-secondary-background\">Relationship information</h2>\n\n<div class=\"pi-item pi-data pi-item-spacing pi-border-color\" data-source=\"family\">\n\t\n\t\t<h3 class=\"pi-data-label pi-secondary-font\">Family members</h3>\n\t\n\t<div class=\"pi-data-value pi-font\"><a href=\"/wiki/Khanna_family\" title=\"Khanna family\">Khanna family</a></div>\n</div>\n\n</section>\n<section class=\"pi-item pi-group pi-border-color\">\n\t<h2 class=\"pi-item pi-header pi-secondary-font pi-item-spacing pi-secondary-background\">Affiliation</h2>\n\n<div class=\"pi-item pi-data pi-item-spacing pi-border-color\" data-source=\"house\">\n\t\n\t\t<h3 class=\"pi-data-label pi-secondary-font\">House</h3>\n\t\n\t<div class=\"pi-data-value pi-font\"><a href=\"/wiki/Ravenclaw\" title=\"Ravenclaw\">Ravenclaw</a><sup id=\"cite_ref-POAG_3-2\" class=\"reference\"><a href=\"#cite_note-POAG-3\">&#91;3&#93;</a></sup></div>\n</div>\n\n<div class=\"pi-item pi-data pi-item-spacing pi-border-color\" data-source=\"loyalty\">\n\t\n\t\t<h3 class=\"pi-data-label pi-secondary-font\">Loyalty</h3>\n\t\n\t<div class=\"pi-data-value pi-font\"><ul><li><a href=\"/wiki/Khanna_family\" title=\"Khanna family\">Khanna family</a></li><li><a href=\"/wiki/Hogwarts_School_of_Witchcraft_and_Wizardry\" title=\"Hogwarts School of Witchcraft and Wizardry\">Hogwarts School of Witchcraft and Wizardry</a><sup id=\"cite_ref-POAG_3-3\" class=\"reference\"><a href=\"#cite_note-POAG-3\">&#91;3&#93;</a></sup><ul><li><a href=\"/wiki/Ravenclaw\" title=\"Ravenclaw\">Ravenclaw</a><sup id=\"cite_ref-POAG_3-4\" class=\"reference\"><a href=\"#cite_note-POAG-3\">&#91;3&#93;</a></sup></li></ul></li></ul></div>\n</div>\n\n</section>\n<nav class=\"pi-navigation pi-item-spacing pi-secondary-background pi-secondary-font\"><small><a href=\"/wiki/Template:Individual_infobox\" title=\"Template:Individual infobox\">[Source]</a><span class=\"hidable-button\"></span></small></nav>\n</aside>\n\n<b>Ashok Khanna</b> was a <a href=\"/wiki/Wizardkind\" title=\"Wizardkind\">wizard</a> and <a href=\"/wiki/Ravenclaw\" title=\"Ravenclaw\">Ravenclaw</a> student at <a href=\"/wiki/Hogwarts_School_of_Witchcraft_and_Wizardry\" title=\"Hogwarts School of Witchcraft and Wizardry\">Hogwarts School of Witchcraft and Wizardry</a> in the <a href=\"/wiki/1990s\" title=\"1990s\">1990s</a>. He was seen walking around the school during the <a href=\"/wiki/1993%E2%80%931994_school_year\" title=\"1993\u20131994 school year\">1993-1994 school year</a>.<sup id=\"cite_ref-POAG_3-5\" class=\"reference\"><a href=\"#cite_note-POAG-3\">&#91;3&#93;</a></sup>\n</p>\n<div id=\"toc\" class=\"toc\"><input type=\"checkbox\" role=\"button\" id=\"toctogglecheckbox\" class=\"toctogglecheckbox\" style=\"display:none\" /><div class=\"toctitle\" lang=\"en\" dir=\"ltr\"><h2>Contents</h2><span class=\"toctogglespan\"><label class=\"toctogglelabel\" for=\"toctogglecheckbox\"></label></span></div>\n<ul>\n<li class=\"toclevel-1 tocsection-1\"><a href=\"#Etymology\"><span class=\"tocnumber\">1</span> <span class=\"toctext\">Etymology</span></a></li>\n<li class=\"toclevel-1 tocsection-2\"><a href=\"#Behind_the_scenes\"><span class=\"tocnumber\">2</span> <span class=\"toctext\">Behind the scenes</span></a></li>\n<li class=\"toclevel-1 tocsection-3\"><a href=\"#Appearances\"><span class=\"tocnumber\">3</span> <span class=\"toctext\">Appearances</span></a></li>\n<li class=\"toclevel-1 tocsection-4\"><a href=\"#Notes_and_references\"><span class=\"tocnumber\">4</span> <span class=\"toctext\">Notes and references</span></a></li>\n</ul>\n</div>\n\n<h2><span class=\"mw-headline\" id=\"Etymology\">Etymology</span><span class=\"mw-editsection\"><span class=\"mw-editsection-bracket\">[</span><a href=\"/wiki/Ashok_Khanna?veaction=edit&amp;section=1\" class=\"mw-editsection-visualeditor\" title=\"Edit section: Etymology\">edit</a><span class=\"mw-editsection-divider\"> | </span><a href=\"/wiki/Ashok_Khanna?action=edit&amp;section=1\" title=\"Edit section: Etymology\"><svg class=\"wds-icon wds-icon-tiny section-edit-pencil-icon\"><use xlink:href=\"#wds-icons-pencil-tiny\"></use></svg>edit source</a><span class=\"mw-editsection-bracket\">]</span></span></h2>\n<p>Ashok is a common name in India that means \"not causing sorrow.\" Khanna is dervied from \"khanda\" which means 'sword'.\n</p>\n<h2><span class=\"mw-headline\" id=\"Behind_the_scenes\">Behind the scenes</span><span class=\"mw-editsection\"><span class=\"mw-editsection-bracket\">[</span><a href=\"/wiki/Ashok_Khanna?veaction=edit&amp;section=2\" class=\"mw-editsection-visualeditor\" title=\"Edit section: Behind the scenes\">edit</a><span class=\"mw-editsection-divider\"> | </span><a href=\"/wiki/Ashok_Khanna?action=edit&amp;section=2\" title=\"Edit section: Behind the scenes\"><svg class=\"wds-icon wds-icon-tiny section-edit-pencil-icon\"><use xlink:href=\"#wds-icons-pencil-tiny\"></use></svg>edit source</a><span class=\"mw-editsection-bracket\">]</span></span></h2>\n<ul><li>This student was only featured in the <a href=\"/wiki/Harry_Potter_and_the_Prisoner_of_Azkaban_(video_game)\" title=\"Harry Potter and the Prisoner of Azkaban (video game)\">console version</a> of <i><a href=\"/wiki/Harry_Potter_and_the_Prisoner_of_Azkaban\" title=\"Harry Potter and the Prisoner of Azkaban\">Harry Potter and the Prisoner of Azkaban</a></i>.</li>\n<li>Based on his name, it can be presumed that he is of Indian descent.</li></ul>\n<h2><span class=\"mw-headline\" id=\"Appearances\">Appearances</span><span class=\"mw-editsection\"><span class=\"mw-editsection-bracket\">[</span><a href=\"/wiki/Ashok_Khanna?veaction=edit&amp;section=3\" class=\"mw-editsection-visualeditor\" title=\"Edit section: Appearances\">edit</a><span class=\"mw-editsection-divider\"> | </span><a href=\"/wiki/Ashok_Khanna?action=edit&amp;section=3\" title=\"Edit section: Appearances\"><svg class=\"wds-icon wds-icon-tiny section-edit-pencil-icon\"><use xlink:href=\"#wds-icons-pencil-tiny\"></use></svg>edit source</a><span class=\"mw-editsection-bracket\">]</span></span></h2>\n<ul><li><i><a href=\"/wiki/Harry_Potter_and_the_Prisoner_of_Azkaban_(video_game)\" title=\"Harry Potter and the Prisoner of Azkaban (video game)\">Harry Potter and the Prisoner of Azkaban (video game)</a></i> <small>(First appearance)</small></li></ul>\n<h2><span class=\"mw-headline\" id=\"Notes_and_references\">Notes and references</span><span class=\"mw-editsection\"><span class=\"mw-editsection-bracket\">[</span><a href=\"/wiki/Ashok_Khanna?veaction=edit&amp;section=4\" class=\"mw-editsection-visualeditor\" title=\"Edit section: Notes and references\">edit</a><span class=\"mw-editsection-divider\"> | </span><a href=\"/wiki/Ashok_Khanna?action=edit&amp;section=4\" title=\"Edit section: Notes and references\"><svg class=\"wds-icon wds-icon-tiny section-edit-pencil-icon\"><use xlink:href=\"#wds-icons-pencil-tiny\"></use></svg>edit source</a><span class=\"mw-editsection-bracket\">]</span></span></h2>\n<div class=\"references-small\">\n<div class=\"mw-references-wrap\"><ol class=\"references\">\n<li id=\"cite_note-age-1\"><span class=\"mw-cite-backlink\"><a href=\"#cite_ref-age_1-0\">\u2191</a></span> <span class=\"reference-text\">He was at least in his first year at Hogwarts during the 1993-1994 school year.</span>\n</li>\n<li id=\"cite_note-2\"><span class=\"mw-cite-backlink\"><a href=\"#cite_ref-2\">\u2191</a></span> <span class=\"reference-text\"><a target=\"_blank\" rel=\"noreferrer noopener\" class=\"external text\" href=\"http://www.accio-quote.org/articles/2000/0700-swns-alfie.htm\">\"World Exclusive Interview with J K Rowling,\" <i>South West News Service</i>, 8 July 2000</a>  - \"Hogwarts just serves Britain and Ireland.\"</span>\n</li>\n<li id=\"cite_note-POAG-3\"><span class=\"mw-cite-backlink\">\u2191 <sup><a href=\"#cite_ref-POAG_3-0\">3.0</a></sup> <sup><a href=\"#cite_ref-POAG_3-1\">3.1</a></sup> <sup><a href=\"#cite_ref-POAG_3-2\">3.2</a></sup> <sup><a href=\"#cite_ref-POAG_3-3\">3.3</a></sup> <sup><a href=\"#cite_ref-POAG_3-4\">3.4</a></sup> <sup><a href=\"#cite_ref-POAG_3-5\">3.5</a></sup></span> <span class=\"reference-text\"><i><a href=\"/wiki/Harry_Potter_and_the_Prisoner_of_Azkaban_(video_game)\" title=\"Harry Potter and the Prisoner of Azkaban (video game)\">Harry Potter and the Prisoner of Azkaban (video game)</a></i></span>\n</li>\n</ol></div></div></div>"}]}}}}