{"batchcomplete": "", "warnings": {"main": {"*": "Subscribe to the mediawiki-api-announce mailing list at <https://lists.wikimedia.org/mailman/listinfo/mediawiki-api-announce> for notice of API deprecations and breaking changes."}, "revisions": {"*": "The parameter \"rvparse\" has been deprecated.\nBecause \"rvslots\" was not specified, a legacy format has been used for the output. This format is deprecated, and in the future the new format will always be used."}}, "query": {"normalized": [{"from": "Ask_D._Shaman", "to": "Ask D. Shaman"}], "pages": {"60847": {"pageid": 60847, "ns": 0, "title": "Ask D. Shaman", "revisions": [{"*": "<div class=\"mw-parser-output\"><p>\n<aside role=\"region\" class=\"portable-infobox pi-background pi-theme-iu-book pi-layout-default\">\n<figure class=\"pi-item pi-image\" data-source=\"image\">\n\t<a href=\"https://static.wikia.nocookie.net/harrypotter/images/6/6e/DShaman.jpg/revision/latest?cb=20160407060139\" class=\"image image-thumbnail\"\n\t   title=\"\">\n\t\t<img src=\"https://static.wikia.nocookie.net/harrypotter/images/6/6e/DShaman.jpg/revision/latest/scale-to-width-down/350?cb=20160407060139\" srcset=\"https://static.wikia.nocookie.net/harrypotter/images/6/6e/DShaman.jpg/revision/latest/scale-to-width-down/350?cb=20160407060139 1x, https://static.wikia.nocookie.net/harrypotter/images/6/6e/DShaman.jpg/revision/latest/scale-to-width-down/700?cb=20160407060139 2x\" class=\"pi-image-thumbnail\" alt=\"\" width=\"270\" height=\"229\"\n\t\t     data-image-key=\"DShaman.jpg\" data-image-name=\"DShaman.jpg\"/>\n\t\t\n\t</a>\n\t\n</figure>\n\n<h2 class=\"pi-item pi-item-spacing pi-title\" data-source=\"name\">\"Ask D. Shaman\"</h2>\n<section class=\"pi-item pi-group pi-border-color\">\n\t<h2 class=\"pi-item pi-header pi-secondary-font pi-item-spacing pi-secondary-background\">Book information</h2>\n\n<div class=\"pi-item pi-data pi-item-spacing pi-border-color\" data-source=\"author\">\n\t\n\t\t<h3 class=\"pi-data-label pi-secondary-font\">Author</h3>\n\t\n\t<div class=\"pi-data-value pi-font\"><a href=\"/wiki/D._Shaman\" title=\"D. Shaman\">D. Shaman</a></div>\n</div>\n\n<div class=\"pi-item pi-data pi-item-spacing pi-border-color\" data-source=\"released\">\n\t\n\t\t<h3 class=\"pi-data-label pi-secondary-font\">Released</h3>\n\t\n\t<div class=\"pi-data-value pi-font\"><a href=\"/wiki/1994\" title=\"1994\">1994</a> or earlier</div>\n</div>\n\n<div class=\"pi-item pi-data pi-item-spacing pi-border-color\" data-source=\"publisher\">\n\t\n\t\t<h3 class=\"pi-data-label pi-secondary-font\">Publisher</h3>\n\t\n\t<div class=\"pi-data-value pi-font\"><i><a href=\"/wiki/Daily_Prophet\" title=\"Daily Prophet\">Daily Prophet</a></i></div>\n</div>\n\n<div class=\"pi-item pi-data pi-item-spacing pi-border-color\" data-source=\"subject\">\n\t\n\t\t<h3 class=\"pi-data-label pi-secondary-font\">Subject</h3>\n\t\n\t<div class=\"pi-data-value pi-font\">Advice column</div>\n</div>\n\n</section>\n<nav class=\"pi-navigation pi-item-spacing pi-secondary-background pi-secondary-font\"><small><a href=\"/wiki/Template:Book_infobox\" title=\"Template:Book infobox\">[Source]</a><span class=\"hidable-button\"></span></small></nav>\n</aside>\n\n\"<b>Ask D. Shaman</b>\" was an advice column written by <a href=\"/wiki/D._Shaman\" title=\"D. Shaman\">D. Shaman</a> for the <i><a href=\"/wiki/Daily_Prophet\" title=\"Daily Prophet\">Daily Prophet</a></i> newspaper.<sup id=\"cite_ref-1\" class=\"reference\"><a href=\"#cite_note-1\">&#91;1&#93;</a></sup>\n</p>\n<h2><span class=\"mw-headline\" id=\"Appearances\">Appearances</span><span class=\"mw-editsection\"><span class=\"mw-editsection-bracket\">[</span><a href=\"/wiki/Ask_D._Shaman?veaction=edit&amp;section=1\" class=\"mw-editsection-visualeditor\" title=\"Edit section: Appearances\">edit</a><span class=\"mw-editsection-divider\"> | </span><a href=\"/wiki/Ask_D._Shaman?action=edit&amp;section=1\" title=\"Edit section: Appearances\"><svg class=\"wds-icon wds-icon-tiny section-edit-pencil-icon\"><use xlink:href=\"#wds-icons-pencil-tiny\"></use></svg>edit source</a><span class=\"mw-editsection-bracket\">]</span></span></h2>\n<ul><li><i><a href=\"/wiki/Harry_Potter_and_the_Goblet_of_Fire_(film)\" title=\"Harry Potter and the Goblet of Fire (film)\">Harry Potter and the Goblet of Fire (film)</a></i> <small>(First appearance)</small></li>\n<li><i><a href=\"/wiki/Harry_Potter_and_the_Order_of_the_Phoenix_(film)\" title=\"Harry Potter and the Order of the Phoenix (film)\">Harry Potter and the Order of the Phoenix (film)</a></i></li>\n<li><i><a href=\"/wiki/Harry_Potter_and_the_Half-Blood_Prince_(film)\" title=\"Harry Potter and the Half-Blood Prince (film)\">Harry Potter and the Half-Blood Prince (film)</a></i></li>\n<li><i><a href=\"/wiki/Fantastic_Beasts_and_Where_to_Find_Them_(film)\" title=\"Fantastic Beasts and Where to Find Them (film)\">Fantastic Beasts and Where to Find Them (film)</a></i> <small>(Picture only)</small></li></ul>\n<h2><span class=\"mw-headline\" id=\"Notes_and_references\">Notes and references</span><span class=\"mw-editsection\"><span class=\"mw-editsection-bracket\">[</span><a href=\"/wiki/Ask_D._Shaman?veaction=edit&amp;section=2\" class=\"mw-editsection-visualeditor\" title=\"Edit section: Notes and references\">edit</a><span class=\"mw-editsection-divider\"> | </span><a href=\"/wiki/Ask_D._Shaman?action=edit&amp;section=2\" title=\"Edit section: Notes and references\"><svg class=\"wds-icon wds-icon-tiny section-edit-pencil-icon\"><use xlink:href=\"#wds-icons-pencil-tiny\"></use></svg>edit source</a><span class=\"mw-editsection-bracket\">]</span></span></h2>\n<div class=\"references-small\">\n<div class=\"mw-references-wrap\"><ol class=\"references\">\n<li id=\"cite_note-1\"><span class=\"mw-cite-backlink\"><a href=\"#cite_ref-1\">\u2191</a></span> <span class=\"reference-text\"><i><a href=\"/wiki/Harry_Potter_and_the_Order_of_the_Phoenix_(film)\" title=\"Harry Potter and the Order of the Phoenix (film)\">Harry Potter and the Order of the Phoenix (film)</a></i> (see <a href=\"/wiki/File:DShaman.jpg\" title=\"File:DShaman.jpg\">this image</a>)</span>\n</li>\n</ol></div></div>\n<p><br clear=\"all\" />\n</p>\n<table style=\"margin:0 auto; width: 90%; text-align:center;\" class=\"toccolours\" align=\"center\">\n\n<tbody><tr bgcolor=\"#white\">\n<th style=\"background-color: #ccd;\"><i><a href=\"/wiki/Daily_Prophet\" title=\"Daily Prophet\">Daily Prophet</a></i>\n</th></tr>\n<tr>\n<td style=\"background-color: #dfdfdf; font-size: 9pt;\"><i><b><a href=\"/wiki/Evening_Prophet\" title=\"Evening Prophet\">Evening Prophet</a></b></i> \u00b7 <i><b><a href=\"/wiki/Sunday_Prophet\" title=\"Sunday Prophet\">Sunday Prophet</a></b></i>\n</td></tr>\n<tr>\n<td style=\"font-size: 8pt; text-align:left;\">\n<table width=\"100%\">\n\n<tbody><tr>\n<th colspan=\"3\" style=\"font-size: 9pt; text-align:center; border-bottom: 1pt solid #dfdfdf\">Regular features\n</th>\n<th style=\"font-size: 9pt; text-align:center; border-bottom: 1pt solid #dfdfdf\">Other features\n</th></tr>\n<tr>\n<td width=\"25%\" valign=\"top\">\n<ul><li><i><a href=\"/wiki/Index\" title=\"Index\">Index</a></i> <span class=\"template-c\">(page 01)</span></li>\n<li><i><a href=\"/wiki/Good_News\" title=\"Good News\">Good News</a></i> <span class=\"template-c\">(page 02)</span></li>\n<li><i><a href=\"/wiki/Bad_News\" title=\"Bad News\">Bad News</a></i> <span class=\"template-c\">(page 02)</span></li>\n<li><i><a href=\"/wiki/Forecast\" title=\"Forecast\">Forecast</a></i> <span class=\"template-c\">(page 02)</span></li>\n<li><i><a href=\"/wiki/Potions_(Daily_Prophet_segment)\" title=\"Potions (Daily Prophet segment)\">Potions</a></i> <span class=\"template-c\">(page 03)</span></li>\n<li><i><a href=\"/wiki/Magic_Lottery\" title=\"Magic Lottery\">Magic Lottery</a></i> <span class=\"template-c\">(page 04)</span></li>\n<li><i><a href=\"/wiki/E._Limus\" title=\"E. Limus\">E. Limus</a></i> <span class=\"template-c\">(page 05)</span></li>\n<li><i><a href=\"/wiki/Astro_News\" title=\"Astro News\">Astro News</a></i> <span class=\"template-c\">(page 06)</span></li>\n<li><i><a href=\"/wiki/Spells_(Daily_Prophet_segment)\" title=\"Spells (Daily Prophet segment)\">Spells</a></i> <span class=\"template-c\">(page 07)</span></li>\n<li><i><a href=\"/wiki/International\" title=\"International\">International</a></i> <span class=\"template-c\">(page 08)</span></li>\n<li><i><a href=\"/wiki/Abracadabra\" title=\"Abracadabra\">Abracadabra</a></i> <span class=\"template-c\">(page 08)</span></li>\n<li><i><a href=\"/wiki/Hocus-Pocus_(Daily_Prophet_segment)\" title=\"Hocus-Pocus (Daily Prophet segment)\">Hocus-Pocus</a></i> <span class=\"template-c\">(page 08)</span></li>\n<li><i><a href=\"/wiki/Politics\" title=\"Politics\">Politics</a></i> <span class=\"template-c\">(page 09)</span></li></ul>\n</td>\n<td width=\"25%\" valign=\"top\">\n<ul><li><i><a href=\"/wiki/Ministry_of_Magic_Affairs\" title=\"Ministry of Magic Affairs\">Ministry of Magic Affairs</a></i> <span class=\"template-c\">(page 09)</span></li>\n<li><i><a href=\"/wiki/Sports\" title=\"Sports\">Sports</a></i> <span class=\"template-c\">(page 09)</span></li>\n<li><i><a href=\"/wiki/Games\" title=\"Games\">Games</a></i> <span class=\"template-c\">(page 09)</span></li>\n<li><i><a href=\"/wiki/Magic_News\" title=\"Magic News\">Magic News</a></i> <span class=\"template-c\">(page 10)</span></li>\n<li><i><a href=\"/wiki/Comment\" title=\"Comment\">Comment</a></i> <span class=\"template-c\">(page 10)</span></li>\n<li><i><a href=\"/wiki/Arts_%26_Warts\" title=\"Arts &amp; Warts\">Arts &amp; Warts</a></i> <span class=\"template-c\">(page 11)</span></li>\n<li><i><a href=\"/wiki/Tricks_%26_Trucks\" title=\"Tricks &amp; Trucks\">Tricks &amp; Trucks</a></i> <span class=\"template-c\">(page 11)</span></li>\n<li><i><a href=\"/wiki/Opinion\" title=\"Opinion\">Opinion</a></i> <span class=\"template-c\">(page 12)</span></li>\n<li><i><a href=\"/wiki/Puzzles\" title=\"Puzzles\">Puzzles</a></i> <span class=\"template-c\">(page 12)</span></li>\n<li><i><a href=\"/wiki/Kids_Corner\" title=\"Kids Corner\">Kids Corner</a></i> <span class=\"template-c\">(page 12)</span></li>\n<li><i><a href=\"/wiki/Black_Magic\" title=\"Black Magic\">Black Magic</a></i> <span class=\"template-c\">(page 13)</span></li>\n<li><i><a href=\"/wiki/Local_News\" title=\"Local News\">Local News</a></i> <span class=\"template-c\">(page 20)</span></li></ul>\n</td>\n<td width=\"25%\" valign=\"top\" style=\"border-right: 1pt solid #dfdfdf\">\n<ul><li><i><a href=\"/wiki/Pink_Magic_(Daily_Prophet_segment)\" title=\"Pink Magic (Daily Prophet segment)\">Pink Magic</a></i> <span class=\"template-c\">(page 13)</span></li>\n<li><i><a href=\"/wiki/Tragedies\" title=\"Tragedies\">Tragedies</a></i> <span class=\"template-c\">(page 15)</span></li>\n<li><i><a href=\"/wiki/Jobs_(Daily_Prophet_segment)\" title=\"Jobs (Daily Prophet segment)\">Jobs</a></i> <span class=\"template-c\">(page 15)</span></li>\n<li><i><a href=\"/wiki/Showizbiz\" title=\"Showizbiz\">Showizbiz</a></i> <span class=\"template-c\">(page 15)</span></li>\n<li><i><a href=\"/wiki/Health\" title=\"Health\">Health</a></i> <span class=\"template-c\">(page 16)</span></li>\n<li><i><a href=\"/wiki/Fitness\" title=\"Fitness\">Fitness</a></i> <span class=\"template-c\">(page 16)</span></li>\n<li><i><strong class=\"mw-selflink selflink\">Ask D. Shaman</strong></i> <span class=\"template-c\">(page 16)</span></li>\n<li><i><a href=\"/wiki/Obituaries\" title=\"Obituaries\">Obituaries</a></i> <span class=\"template-c\">(page 17)</span></li>\n<li><i><a href=\"/wiki/Classified_Advertisements\" title=\"Classified Advertisements\">Classified</a></i> <span class=\"template-c\">(page 18)</span></li>\n<li><i><a href=\"/wiki/Fiendishly_Difficult_Crossword\" title=\"Fiendishly Difficult Crossword\">Crossword</a></i> <span class=\"template-c\">(page 18)</span></li>\n<li><i><a href=\"/wiki/Blablabla\" title=\"Blablabla\">Blablabla</a></i> <span class=\"template-c\">(page 19)</span></li>\n<li><i><a href=\"/wiki/Medusa\" title=\"Medusa\">Dr. Medusa</a></i> <span class=\"template-c\">(page 20)</span></li></ul>\n</td>\n<td width=\"25%\" valign=\"top\">\n<ul><li><a href=\"/wiki/Magical_Symbols_Game\" title=\"Magical Symbols Game\">Magical Symbols Game</a></li>\n<li><a href=\"/wiki/Daily_Prophet_Grand_Prize_Galleon_Draw\" title=\"Daily Prophet Grand Prize Galleon Draw\">Daily Prophet Grand Prize Galleon Draw</a></li>\n<li><i><a href=\"/wiki/Me,_Myself,_and_I\" class=\"mw-redirect\" title=\"Me, Myself, and I\">Me, Myself, and I</a></i></li>\n<li><i><a href=\"/wiki/Zoological_column\" title=\"Zoological column\">Weekly zoological column</a></i></li>\n<li><a href=\"/wiki/The_Daily_Prophet%27s_Bestseller_List\" title=\"The Daily Prophet&#39;s Bestseller List\">Bestseller List</a></li></ul>\n<p><br />\n</p>\n<div class=\"center\"><div class=\"floatnone\"><a href=\"https://static.wikia.nocookie.net/harrypotter/images/0/04/Daily_Prophet_Insignia.png/revision/latest?cb=20180714154100\" class=\"image\"><img alt=\"Daily Prophet Insignia.png\" src=\"https://static.wikia.nocookie.net/harrypotter/images/0/04/Daily_Prophet_Insignia.png/revision/latest/scale-to-width-down/120?cb=20180714154100\" decoding=\"async\" width=\"120\" height=\"144\" data-image-name=\"Daily Prophet Insignia.png\" data-image-key=\"Daily_Prophet_Insignia.png\" /></a></div></div>\n</td></tr></tbody></table>\n</td></tr>\n<tr>\n<td style=\"font-size: 8pt; border-top: 1pt solid #dfdfdf\"><a href=\"/wiki/Daily_Prophet_articles\" title=\"Daily Prophet articles\">List of articles</a>\n</td></tr>\n<tr>\n<th style=\"background-color: #dfdfdf; font-size: 9pt;\">Known Personnel\n</th></tr>\n<tr>\n<td style=\"font-size: 8pt;\"><b>Editor-in-chief:</b> <a href=\"/wiki/Barnabas_Cuffe\" title=\"Barnabas Cuffe\">Barnabas Cuffe</a><br /><b>Security Editor:</b> <a href=\"/wiki/R._Amorim_(British)\" title=\"R. Amorim (British)\">R. Amorim</a><br /><b>Reporters:</b> <a href=\"/wiki/A._Fenetre\" title=\"A. Fenetre\">A. Fenetre</a> \u00b7 <a href=\"/wiki/Andy_Smudgley\" title=\"Andy Smudgley\">Andy Smudgley</a> \u00b7 <a href=\"/wiki/Betty_Braithwaite\" title=\"Betty Braithwaite\">Betty Braithwaite</a> \u00b7 <a href=\"/wiki/Daily_Prophet_chief_sports_writer\" title=\"Daily Prophet chief sports writer\">Chief sports writer</a> \u00b7 <a href=\"/wiki/E._Limaria\" title=\"E. Limaria\">E. Limaria</a> \u00b7 <a href=\"/wiki/E._Limus\" title=\"E. Limus\">E. Limus</a> \u00b7 <a href=\"/wiki/Emma_Squiggle\" title=\"Emma Squiggle\">Emma Squiggle</a> \u00b7 <a href=\"/wiki/L._Limuria\" title=\"L. Limuria\">L. Limuria</a> \u00b7 <a href=\"/wiki/Miras_Phlaras\" title=\"Miras Phlaras\">Miras Phlaras</a> \u00b7 <a href=\"/wiki/M._Amerinus\" title=\"M. Amerinus\">M. Amerinus</a> \u00b7 <a href=\"/wiki/M._Carneirus_(British)\" title=\"M. Carneirus (British)\">M. Carneirus</a> \u00b7 <a href=\"/wiki/R._Almeidas\" title=\"R. Almeidas\">R. Almeidas</a> \u00b7 <a href=\"/wiki/Rita_Skeeter\" title=\"Rita Skeeter\">Rita Skeeter</a> \u00b7 <a href=\"/wiki/Talbott_Winger%27s_father\" title=\"Talbott Winger&#39;s father\">Talbott Winger's father</a><br /><b>Columnists:</b> <a href=\"/wiki/D._Shaman\" title=\"D. Shaman\">D. Shaman</a> \u00b7 <a href=\"/wiki/E._Limus\" title=\"E. Limus\">E. Limus</a> \u00b7 <a href=\"/wiki/Dempster_Wiggleswade\" title=\"Dempster Wiggleswade\">Dempster Wiggleswade</a> \u00b7 <a href=\"/wiki/Helbert_Spleen\" title=\"Helbert Spleen\">Helbert Spleen</a> \u00b7 <a href=\"/wiki/Grizel_Hurtz\" title=\"Grizel Hurtz\">Grizel Hurtz</a> \u00b7 <a href=\"/wiki/Limunus\" title=\"Limunus\">Limunus</a> \u00b7 <a href=\"/wiki/Medusa\" title=\"Medusa\">Dr. Medusa</a> \u00b7 <a href=\"/wiki/Winkus_Oddpick\" title=\"Winkus Oddpick\">Winkus Oddpick</a> \u00b7 <a href=\"/wiki/Zamira_Gulch\" title=\"Zamira Gulch\">Zamira Gulch</a><br /><b>Correspondents:</b> <a href=\"/wiki/Ginevra_Weasley\" title=\"Ginevra Weasley\">Ginny Potter</a> \u00b7 <a href=\"/wiki/Rita_Skeeter\" title=\"Rita Skeeter\">Rita Skeeter</a><br /><b>Photographers:</b> <a href=\"/wiki/Adrian\" title=\"Adrian\">Adrian</a> \u00b7 <a href=\"/wiki/Bozo\" title=\"Bozo\">Bozo</a>  <br /><b>Newspaper vendors:</b> <a href=\"/wiki/Paper-owl\" title=\"Paper-owl\">Paper-owls</a> \u00b7 <a href=\"/wiki/Unidentified_newspaper_vendor\" title=\"Unidentified newspaper vendor\">Ministry of Magic newspaper vendor</a><br /><b><a href=\"/wiki/Chief_Consulting_Magizoologist\" title=\"Chief Consulting Magizoologist\">Chief Consulting Magizoologist</a>:</b> <a href=\"/wiki/Rolf_Scamander\" title=\"Rolf Scamander\">Rolf Scamander</a>\n</td></tr></tbody></table></div>"}]}}}}