{"batchcomplete": "", "warnings": {"main": {"*": "Subscribe to the mediawiki-api-announce mailing list at <https://lists.wikimedia.org/mailman/listinfo/mediawiki-api-announce> for notice of API deprecations and breaking changes."}, "revisions": {"*": "The parameter \"rvparse\" has been deprecated.\nBecause \"rvslots\" was not specified, a legacy format has been used for the output. This format is deprecated, and in the future the new format will always be used."}}, "query": {"normalized": [{"from": "Astronomy_department", "to": "Astronomy department"}], "pages": {"35133": {"pageid": 35133, "ns": 0, "title": "Astronomy department", "revisions": [{"*": "<div class=\"mw-parser-output\"><table class=\"notice metadata\" id=\"spoiler\" style=\"text-align: center; background: beige; margin: 1em 05%; padding: 0 1em; border: #a00 1px solid;\">\n\n<tbody><tr>\n<td><a href=\"https://static.wikia.nocookie.net/harrypotter/images/8/8c/Hogwarts_Mystery.jpeg/revision/latest?cb=20180504083359\" class=\"image\"><img alt=\"Hogwarts Mystery.jpeg\" src=\"https://static.wikia.nocookie.net/harrypotter/images/8/8c/Hogwarts_Mystery.jpeg/revision/latest/scale-to-width-down/175?cb=20180504083359\" decoding=\"async\" width=\"175\" height=\"77\" data-image-name=\"Hogwarts Mystery.jpeg\" data-image-key=\"Hogwarts_Mystery.jpeg\" /></a>\n</td>\n<td><b>Warning!</b>\n<p>At least some content in this article is derived from information featured in <i><a href=\"/wiki/Harry_Potter:_Hogwarts_Mystery\" title=\"Harry Potter: Hogwarts Mystery\">Harry Potter: Hogwarts Mystery</a></i>. Spoilers will be present within the article.\n</p>\n</td></tr></tbody></table>\n<div class=\"quote\">\n<dl><dd><span title=\"Source:&#160;Harry Potter and the Chamber of Secrets\">\"<i><a href=\"/wiki/Aurora_Sinistra\" title=\"Aurora Sinistra\">Professor Sinistra</a> of the <a href=\"/wiki/Astronomy_(class)\" title=\"Astronomy (class)\">Astronomy</a> department...</i>\"</span></dd>\n<dd>&#8212;The only known member of the Astronomy department<sup class=\"noprint\"><a href=\"/wiki/Harry_Potter_and_the_Chamber_of_Secrets\" title=\"Harry Potter and the Chamber of Secrets\">[src]</a></sup></dd>\n<dd></dd></dl></div>\n<p>The <b>Astronomy department</b> is a group of professors who teach <a href=\"/wiki/Astronomy_(class)\" title=\"Astronomy (class)\">Astronomy</a> at <a href=\"/wiki/Hogwarts_School_of_Witchcraft_and_Wizardry\" title=\"Hogwarts School of Witchcraft and Wizardry\">Hogwarts School of Witchcraft and Wizardry</a>. The number of <a href=\"/wiki/Professor\" title=\"Professor\">teachers</a> in the department is unknown, although Professor <a href=\"/wiki/Aurora_Sinistra\" title=\"Aurora Sinistra\">Aurora Sinistra</a> is a known member.<sup id=\"cite_ref-COS11_1-0\" class=\"reference\"><a href=\"#cite_note-COS11-1\">&#91;1&#93;</a></sup> Their residence is presumably the <a href=\"/wiki/Astronomy_Tower\" title=\"Astronomy Tower\">Astronomy Tower</a>, where their lessons are taught.<sup id=\"cite_ref-PS8_2-0\" class=\"reference\"><a href=\"#cite_note-PS8-2\">&#91;2&#93;</a></sup>\n</p>\n<h2><span class=\"mw-headline\" id=\"Appearances\">Appearances</span><span class=\"mw-editsection\"><span class=\"mw-editsection-bracket\">[</span><a href=\"/wiki/Astronomy_department?veaction=edit&amp;section=1\" class=\"mw-editsection-visualeditor\" title=\"Edit section: Appearances\">edit</a><span class=\"mw-editsection-divider\"> | </span><a href=\"/wiki/Astronomy_department?action=edit&amp;section=1\" title=\"Edit section: Appearances\"><svg class=\"wds-icon wds-icon-tiny section-edit-pencil-icon\"><use xlink:href=\"#wds-icons-pencil-tiny\"></use></svg>edit source</a><span class=\"mw-editsection-bracket\">]</span></span></h2>\n<ul><li><i><a href=\"/wiki/Harry_Potter_and_the_Philosopher%27s_Stone_(film)\" title=\"Harry Potter and the Philosopher&#39;s Stone (film)\">Harry Potter and the Philosopher's Stone (film)</a></i></li>\n<li><i><a href=\"/wiki/Harry_Potter_and_the_Chamber_of_Secrets\" title=\"Harry Potter and the Chamber of Secrets\">Harry Potter and the Chamber of Secrets</a></i> <small>(First appearance)</small></li>\n<li><i><a href=\"/wiki/Harry_Potter_and_the_Goblet_of_Fire\" title=\"Harry Potter and the Goblet of Fire\">Harry Potter and the Goblet of Fire</a></i></li>\n<li><i><a href=\"/wiki/Harry_Potter_and_the_Order_of_the_Phoenix\" title=\"Harry Potter and the Order of the Phoenix\">Harry Potter and the Order of the Phoenix</a></i></li>\n<li><i><a href=\"/wiki/Harry_Potter_and_the_Order_of_the_Phoenix_(video_game)\" title=\"Harry Potter and the Order of the Phoenix (video game)\">Harry Potter and the Order of the Phoenix (video game)</a></i> <small>(Mentioned only)</small></li>\n<li><i><a href=\"/wiki/Harry_Potter_and_the_Deathly_Hallows:_Part_2\" title=\"Harry Potter and the Deathly Hallows: Part 2\">Harry Potter and the Deathly Hallows: Part 2</a></i> <small>(Possible appearance)</small></li>\n<li><i><a href=\"/wiki/LEGO_Harry_Potter:_Years_1-4\" title=\"LEGO Harry Potter: Years 1-4\">LEGO Harry Potter: Years 1-4</a></i></li>\n<li><i><a href=\"/wiki/Harry_Potter:_Hogwarts_Mystery\" title=\"Harry Potter: Hogwarts Mystery\">Harry Potter: Hogwarts Mystery</a></i></li></ul>\n<h2><span class=\"mw-headline\" id=\"Notes_and_references\">Notes and references</span><span class=\"mw-editsection\"><span class=\"mw-editsection-bracket\">[</span><a href=\"/wiki/Astronomy_department?veaction=edit&amp;section=2\" class=\"mw-editsection-visualeditor\" title=\"Edit section: Notes and references\">edit</a><span class=\"mw-editsection-divider\"> | </span><a href=\"/wiki/Astronomy_department?action=edit&amp;section=2\" title=\"Edit section: Notes and references\"><svg class=\"wds-icon wds-icon-tiny section-edit-pencil-icon\"><use xlink:href=\"#wds-icons-pencil-tiny\"></use></svg>edit source</a><span class=\"mw-editsection-bracket\">]</span></span></h2>\n<div class=\"references-small\">\n<div class=\"mw-references-wrap\"><ol class=\"references\">\n<li id=\"cite_note-COS11-1\"><span class=\"mw-cite-backlink\"><a href=\"#cite_ref-COS11_1-0\">\u2191</a></span> <span class=\"reference-text\"><i><a href=\"/wiki/Harry_Potter_and_the_Chamber_of_Secrets\" title=\"Harry Potter and the Chamber of Secrets\">Harry Potter and the Chamber of Secrets</a></i>, Chapter 11 (<i>The Duelling Club</i>)</span>\n</li>\n<li id=\"cite_note-PS8-2\"><span class=\"mw-cite-backlink\"><a href=\"#cite_ref-PS8_2-0\">\u2191</a></span> <span class=\"reference-text\"><i><a href=\"/wiki/Harry_Potter_and_the_Philosopher%27s_Stone\" title=\"Harry Potter and the Philosopher&#39;s Stone\">Harry Potter and the Philosopher's Stone</a></i>, Chapter 8 (<i>The Potions Master</i>)</span>\n</li>\n</ol></div></div></div>"}]}}}}