{"batchcomplete": "", "warnings": {"main": {"*": "Subscribe to the mediawiki-api-announce mailing list at <https://lists.wikimedia.org/mailman/listinfo/mediawiki-api-announce> for notice of API deprecations and breaking changes."}, "revisions": {"*": "The parameter \"rvparse\" has been deprecated.\nBecause \"rvslots\" was not specified, a legacy format has been used for the output. This format is deprecated, and in the future the new format will always be used."}}, "query": {"pages": {"203331": {"pageid": 203331, "ns": 0, "title": "Astronomer", "revisions": [{"*": "<div class=\"mw-parser-output\"><table class=\"notice metadata\" id=\"spoiler\" style=\"text-align: center; background: beige; margin: 1em 05%; padding: 0 1em; border: #a00 1px solid;\">\n\n<tbody><tr>\n<td><a href=\"https://static.wikia.nocookie.net/harrypotter/images/8/8c/Hogwarts_Mystery.jpeg/revision/latest?cb=20180504083359\" class=\"image\"><img alt=\"Hogwarts Mystery.jpeg\" src=\"https://static.wikia.nocookie.net/harrypotter/images/8/8c/Hogwarts_Mystery.jpeg/revision/latest/scale-to-width-down/175?cb=20180504083359\" decoding=\"async\" width=\"175\" height=\"77\" data-image-name=\"Hogwarts Mystery.jpeg\" data-image-key=\"Hogwarts_Mystery.jpeg\" /></a>\n</td>\n<td><b>Warning!</b>\n<p>At least some content in this article is derived from information featured in <i><a href=\"/wiki/Harry_Potter:_Hogwarts_Mystery\" title=\"Harry Potter: Hogwarts Mystery\">Harry Potter: Hogwarts Mystery</a></i>. Spoilers will be present within the article.\n</p>\n</td></tr></tbody></table>\n<table class=\"notice metadata\" cellpadding=\"3px\" style=\"text-align: center; background: snow; border: #a00 1px solid; margin: 1em 10% 1em 10%;\">\n\n<tbody><tr>\n<td><a href=\"https://static.wikia.nocookie.net/harrypotter/images/1/16/Mirror_of_Erised.jpeg/revision/latest?cb=20090713064057\" class=\"image\"><img alt=\"Mirror of Erised.jpeg\" src=\"https://static.wikia.nocookie.net/harrypotter/images/1/16/Mirror_of_Erised.jpeg/revision/latest/scale-to-width-down/80?cb=20090713064057\" decoding=\"async\" width=\"80\" height=\"67\" data-image-name=\"Mirror of Erised.jpeg\" data-image-key=\"Mirror_of_Erised.jpeg\" /></a>\n</td>\n<td><i><b>\"Is this all real? Or has this been happening inside my head?\"</b></i>\n<p>The topic of this article is of a real-life subject that has been mentioned \"<a href=\"/wiki/Harry_Potter_Wiki:Policy#.22In-universe.22_point_of_view\" title=\"Harry Potter Wiki:Policy\">in-universe</a>\" in a <a href=\"/wiki/Harry_Potter_Wiki:Canon\" title=\"Harry Potter Wiki:Canon\">canon</a> source. The <a href=\"/wiki/Harry_Potter_Wiki:About\" title=\"Harry Potter Wiki:About\">Harry Potter Wiki</a> is written from the perspective that all information presented in canon is true (e.g., <a href=\"/wiki/Hogwarts_School_of_Witchcraft_and_Wizardry\" title=\"Hogwarts School of Witchcraft and Wizardry\">Hogwarts</a> really exists), and, as such, details contained in this article may differ from real world facts.\n</p>\n</td></tr></tbody></table>\n<p>An <b>Astronomer</b> is a <a href=\"/wiki/Science\" title=\"Science\">scientist</a> who works in the field of <a href=\"/wiki/Astronomy_(class)\" title=\"Astronomy (class)\">astronomy</a>, the scientific study of celestial bodies outside Earth (including <a href=\"/wiki/Planet\" class=\"mw-redirect\" title=\"Planet\">planets</a>, stars, and <a href=\"/wiki/Astronomy_(class)\" title=\"Astronomy (class)\">galaxies</a>), as well as related natural phenomena.<sup id=\"cite_ref-wikipedia1_1-0\" class=\"reference\"><a href=\"#cite_note-wikipedia1-1\">&#91;1&#93;</a></sup>\n</p>\n<h2><span class=\"mw-headline\" id=\"Known_astronomers\">Known astronomers</span><span class=\"mw-editsection\"><span class=\"mw-editsection-bracket\">[</span><a href=\"/wiki/Astronomer?veaction=edit&amp;section=1\" class=\"mw-editsection-visualeditor\" title=\"Edit section: Known astronomers\">edit</a><span class=\"mw-editsection-divider\"> | </span><a href=\"/wiki/Astronomer?action=edit&amp;section=1\" title=\"Edit section: Known astronomers\"><svg class=\"wds-icon wds-icon-tiny section-edit-pencil-icon\"><use xlink:href=\"#wds-icons-pencil-tiny\"></use></svg>edit source</a><span class=\"mw-editsection-bracket\">]</span></span></h2>\n<ul><li><a href=\"/wiki/Nicolaus_Copernicus\" title=\"Nicolaus Copernicus\">Copernicus</a></li>\n<li><a href=\"/wiki/Perpetua_Fancourt\" title=\"Perpetua Fancourt\">Perpetua Fancourt</a><sup id=\"cite_ref-COSG_2-0\" class=\"reference\"><a href=\"#cite_note-COSG-2\">&#91;2&#93;</a></sup></li>\n<li><a href=\"/wiki/Galileo_Galilei\" title=\"Galileo Galilei\">Galileo Galilei</a></li>\n<li><a href=\"/wiki/Isaac_Newton\" title=\"Isaac Newton\">Isaac Newton</a></li>\n<li><a href=\"/wiki/George_von_Rheticus\" title=\"George von Rheticus\">George von Rheticus</a></li>\n<li><a href=\"/wiki/Carl_Sagan\" title=\"Carl Sagan\">Carl Sagan</a></li>\n<li><a href=\"/wiki/Aurora_Sinistra\" title=\"Aurora Sinistra\">Aurora Sinistra</a><sup id=\"cite_ref-COS11_3-0\" class=\"reference\"><a href=\"#cite_note-COS11-3\">&#91;3&#93;</a></sup></li>\n<li><a href=\"/wiki/Hesper_Starkey\" title=\"Hesper Starkey\">Hesper Starkey</a><sup id=\"cite_ref-COSG_2-1\" class=\"reference\"><a href=\"#cite_note-COSG-2\">&#91;2&#93;</a></sup></li></ul>\n<h2><span class=\"mw-headline\" id=\"Appearances\">Appearances</span><span class=\"mw-editsection\"><span class=\"mw-editsection-bracket\">[</span><a href=\"/wiki/Astronomer?veaction=edit&amp;section=2\" class=\"mw-editsection-visualeditor\" title=\"Edit section: Appearances\">edit</a><span class=\"mw-editsection-divider\"> | </span><a href=\"/wiki/Astronomer?action=edit&amp;section=2\" title=\"Edit section: Appearances\"><svg class=\"wds-icon wds-icon-tiny section-edit-pencil-icon\"><use xlink:href=\"#wds-icons-pencil-tiny\"></use></svg>edit source</a><span class=\"mw-editsection-bracket\">]</span></span></h2>\n<ul><li><i><a href=\"/wiki/Harry_Potter_and_the_Philosopher%27s_Stone_(film)\" title=\"Harry Potter and the Philosopher&#39;s Stone (film)\">Harry Potter and the Philosopher's Stone (film)</a></i> <small>(First appearance)</small></li>\n<li><i><a href=\"/wiki/Harry_Potter_and_the_Philosopher%27s_Stone_(video_game)\" title=\"Harry Potter and the Philosopher&#39;s Stone (video game)\">Harry Potter and the Philosopher's Stone (video game)</a></i> <span class=\"template-c\">(Mentioned on a <a href=\"/wiki/Chocolate_Frog_Cards\" class=\"mw-redirect\" title=\"Chocolate Frog Cards\">Famous Wizard Card</a>)</span></li>\n<li><i><a href=\"/wiki/Harry_Potter_and_the_Chamber_of_Secrets\" title=\"Harry Potter and the Chamber of Secrets\">Harry Potter and the Chamber of Secrets</a></i></li>\n<li><i><a href=\"/wiki/Harry_Potter_and_the_Chamber_of_Secrets_(video_game)\" title=\"Harry Potter and the Chamber of Secrets (video game)\">Harry Potter and the Chamber of Secrets (video game)</a></i> <span class=\"template-c\">(Mentioned on a <a href=\"/wiki/Chocolate_Frog_Cards\" class=\"mw-redirect\" title=\"Chocolate Frog Cards\">Famous Wizard Card</a>)</span></li>\n<li><i><a href=\"/wiki/Harry_Potter_and_the_Prisoner_of_Azkaban_(video_game)\" title=\"Harry Potter and the Prisoner of Azkaban (video game)\">Harry Potter and the Prisoner of Azkaban (video game)</a></i> <small>(Appears in portrait(s))</small></li>\n<li><i><a href=\"/wiki/Harry_Potter_and_the_Goblet_of_Fire\" title=\"Harry Potter and the Goblet of Fire\">Harry Potter and the Goblet of Fire</a></i></li>\n<li><i><a href=\"/wiki/Harry_Potter_and_the_Order_of_the_Phoenix\" title=\"Harry Potter and the Order of the Phoenix\">Harry Potter and the Order of the Phoenix</a></i></li>\n<li><i><a href=\"/wiki/Harry_Potter_and_the_Order_of_the_Phoenix_(video_game)\" title=\"Harry Potter and the Order of the Phoenix (video game)\">Harry Potter and the Order of the Phoenix (video game)</a></i> <small>(Appears in portrait(s))</small></li>\n<li><i><a href=\"/wiki/Harry_Potter_and_the_Half-Blood_Prince_(video_game)\" title=\"Harry Potter and the Half-Blood Prince (video game)\">Harry Potter and the Half-Blood Prince (video game)</a></i> <small>(Appears in portrait(s))</small></li>\n<li><i><a href=\"/wiki/LEGO_Harry_Potter:_Years_1-4\" title=\"LEGO Harry Potter: Years 1-4\">LEGO Harry Potter: Years 1-4</a></i></li>\n<li><i><a href=\"/wiki/Pottermore\" title=\"Pottermore\">Pottermore</a></i></li>\n<li><i><a href=\"/wiki/Harry_Potter:_Hogwarts_Mystery\" title=\"Harry Potter: Hogwarts Mystery\">Harry Potter: Hogwarts Mystery</a></i></li></ul>\n<h2><span class=\"mw-headline\" id=\"Notes_and_references\">Notes and references</span><span class=\"mw-editsection\"><span class=\"mw-editsection-bracket\">[</span><a href=\"/wiki/Astronomer?veaction=edit&amp;section=3\" class=\"mw-editsection-visualeditor\" title=\"Edit section: Notes and references\">edit</a><span class=\"mw-editsection-divider\"> | </span><a href=\"/wiki/Astronomer?action=edit&amp;section=3\" title=\"Edit section: Notes and references\"><svg class=\"wds-icon wds-icon-tiny section-edit-pencil-icon\"><use xlink:href=\"#wds-icons-pencil-tiny\"></use></svg>edit source</a><span class=\"mw-editsection-bracket\">]</span></span></h2>\n<div class=\"references-small\">\n<div class=\"mw-references-wrap\"><ol class=\"references\">\n<li id=\"cite_note-wikipedia1-1\"><span class=\"mw-cite-backlink\"><a href=\"#cite_ref-wikipedia1_1-0\">\u2191</a></span> <span class=\"reference-text\">\"<a target=\"_blank\" rel=\"noreferrer noopener\" class=\"external text\" href=\"https://en.wikipedia.org/wiki/Astronomer\">Astronomer</a>\" on Wikipedia</span>\n</li>\n<li id=\"cite_note-COSG-2\"><span class=\"mw-cite-backlink\">\u2191 <sup><a href=\"#cite_ref-COSG_2-0\">2.0</a></sup> <sup><a href=\"#cite_ref-COSG_2-1\">2.1</a></sup></span> <span class=\"reference-text\"><i><a href=\"/wiki/Harry_Potter_and_the_Chamber_of_Secrets_(video_game)\" title=\"Harry Potter and the Chamber of Secrets (video game)\">Harry Potter and the Chamber of Secrets (video game)</a></i></span>\n</li>\n<li id=\"cite_note-COS11-3\"><span class=\"mw-cite-backlink\"><a href=\"#cite_ref-COS11_3-0\">\u2191</a></span> <span class=\"reference-text\"><i><a href=\"/wiki/Harry_Potter_and_the_Chamber_of_Secrets\" title=\"Harry Potter and the Chamber of Secrets\">Harry Potter and the Chamber of Secrets</a></i>, Chapter 11 (<i>The Duelling Club</i>)</span>\n</li>\n</ol></div></div></div>"}]}}}}