{"batchcomplete": "", "warnings": {"main": {"*": "Subscribe to the mediawiki-api-announce mailing list at <https://lists.wikimedia.org/mailman/listinfo/mediawiki-api-announce> for notice of API deprecations and breaking changes."}, "revisions": {"*": "The parameter \"rvparse\" has been deprecated.\nBecause \"rvslots\" was not specified, a legacy format has been used for the output. This format is deprecated, and in the future the new format will always be used."}}, "query": {"normalized": [{"from": "Augustus_Rookwood", "to": "Augustus Rookwood"}], "pages": {"813": {"pageid": 813, "ns": 0, "title": "Augustus Rookwood", "revisions": [{"*": "<div class=\"mw-parser-output\"><div class=\"notice metadata\" id=\"spoiler\" style=\"text-align: center; background: #DCDCDC; margin: 1em 05%; padding: 0 1em; border: #696969 1px solid;\">\n<p><b>\"Point me!\"</b>\n</p>\nThis article is about <b>the <a href=\"/wiki/Death_Eaters\" title=\"Death Eaters\">Death Eater</a></b>. You may be looking for <b><a href=\"/wiki/Augustus_(disambiguation)\" title=\"Augustus (disambiguation)\">another person with the same name</a></b>.</div>\n<p>\n<aside role=\"region\" class=\"portable-infobox pi-background pi-theme-death-eater pi-layout-default\">\n<figure class=\"pi-item pi-image\" data-source=\"image\">\n\t<a href=\"https://static.wikia.nocookie.net/harrypotter/images/e/e7/DeathEaterHoldingRon.jpg/revision/latest?cb=20110824075725\" class=\"image image-thumbnail\"\n\t   title=\"\">\n\t\t<img src=\"https://static.wikia.nocookie.net/harrypotter/images/e/e7/DeathEaterHoldingRon.jpg/revision/latest/scale-to-width-down/350?cb=20110824075725\" srcset=\"https://static.wikia.nocookie.net/harrypotter/images/e/e7/DeathEaterHoldingRon.jpg/revision/latest/scale-to-width-down/350?cb=20110824075725 1x, https://static.wikia.nocookie.net/harrypotter/images/e/e7/DeathEaterHoldingRon.jpg/revision/latest/scale-to-width-down/700?cb=20110824075725 2x\" class=\"pi-image-thumbnail\" alt=\"\" width=\"270\" height=\"383\"\n\t\t     data-image-key=\"DeathEaterHoldingRon.jpg\" data-image-name=\"DeathEaterHoldingRon.jpg\"/>\n\t\t\n\t</a>\n\t\n</figure>\n<section class=\"pi-item pi-group pi-border-color\">\n\t\n<h2 class=\"pi-item pi-item-spacing pi-title\" data-source=\"name\">Augustus Rookwood</h2>\n\n</section>\n<section class=\"pi-item pi-group pi-border-color\">\n\t<h2 class=\"pi-item pi-header pi-secondary-font pi-item-spacing pi-secondary-background\">Biographical information</h2>\n\n<div class=\"pi-item pi-data pi-item-spacing pi-border-color\" data-source=\"born\">\n\t\n\t\t<h3 class=\"pi-data-label pi-secondary-font\">Born</h3>\n\t\n\t<div class=\"pi-data-value pi-font\">Pre <a href=\"/wiki/1964\" title=\"1964\">1964</a><sup id=\"cite_ref-1\" class=\"reference\"><a href=\"#cite_note-1\">&#91;1&#93;</a></sup></div>\n</div>\n\n<div class=\"pi-item pi-data pi-item-spacing pi-border-color\" data-source=\"blood\">\n\t\n\t\t<h3 class=\"pi-data-label pi-secondary-font\">Blood status</h3>\n\t\n\t<div class=\"pi-data-value pi-font\"><a href=\"/wiki/Pure-blood\" title=\"Pure-blood\">Pure-blood</a> or <a href=\"/wiki/Half-blood\" title=\"Half-blood\">half-blood</a><sup id=\"cite_ref-2\" class=\"reference\"><a href=\"#cite_note-2\">&#91;2&#93;</a></sup></div>\n</div>\n\n<div class=\"pi-item pi-data pi-item-spacing pi-border-color\" data-source=\"nationality\">\n\t\n\t\t<h3 class=\"pi-data-label pi-secondary-font\">Nationality</h3>\n\t\n\t<div class=\"pi-data-value pi-font\"><a href=\"/wiki/Great_Britain\" title=\"Great Britain\">British</a></div>\n</div>\n\n</section>\n<section class=\"pi-item pi-group pi-border-color\">\n\t<h2 class=\"pi-item pi-header pi-secondary-font pi-item-spacing pi-secondary-background\">Physical information</h2>\n\n<div class=\"pi-item pi-data pi-item-spacing pi-border-color\" data-source=\"species\">\n\t\n\t\t<h3 class=\"pi-data-label pi-secondary-font\">Species</h3>\n\t\n\t<div class=\"pi-data-value pi-font\"><a href=\"/wiki/Human\" title=\"Human\">Human</a></div>\n</div>\n\n<div class=\"pi-item pi-data pi-item-spacing pi-border-color\" data-source=\"gender\">\n\t\n\t\t<h3 class=\"pi-data-label pi-secondary-font\">Gender</h3>\n\t\n\t<div class=\"pi-data-value pi-font\">Male</div>\n</div>\n\n<div class=\"pi-item pi-data pi-item-spacing pi-border-color\" data-source=\"hair\">\n\t\n\t\t<h3 class=\"pi-data-label pi-secondary-font\">Hair colour</h3>\n\t\n\t<div class=\"pi-data-value pi-font\">Brown/greying</div>\n</div>\n\n<div class=\"pi-item pi-data pi-item-spacing pi-border-color\" data-source=\"skin\">\n\t\n\t\t<h3 class=\"pi-data-label pi-secondary-font\">Skin colour</h3>\n\t\n\t<div class=\"pi-data-value pi-font\">Light</div>\n</div>\n\n</section>\n<section class=\"pi-item pi-group pi-border-color\">\n\t<h2 class=\"pi-item pi-header pi-secondary-font pi-item-spacing pi-secondary-background\">Magical characteristics</h2>\n\n<div class=\"pi-item pi-data pi-item-spacing pi-border-color\" data-source=\"patronus\">\n\t\n\t\t<h3 class=\"pi-data-label pi-secondary-font\">Patronus</h3>\n\t\n\t<div class=\"pi-data-value pi-font\">None<sup id=\"cite_ref-3\" class=\"reference\"><a href=\"#cite_note-3\">&#91;3&#93;</a></sup></div>\n</div>\n\n</section>\n<section class=\"pi-item pi-group pi-border-color\">\n\t<h2 class=\"pi-item pi-header pi-secondary-font pi-item-spacing pi-secondary-background\">Affiliation</h2>\n\n<div class=\"pi-item pi-data pi-item-spacing pi-border-color\" data-source=\"job\">\n\t\n\t\t<h3 class=\"pi-data-label pi-secondary-font\">Occupation</h3>\n\t\n\t<div class=\"pi-data-value pi-font\"><a href=\"/wiki/Unspeakable\" title=\"Unspeakable\">Unspeakable</a> <small>(formerly)</small></div>\n</div>\n\n<div class=\"pi-item pi-data pi-item-spacing pi-border-color\" data-source=\"loyalty\">\n\t\n\t\t<h3 class=\"pi-data-label pi-secondary-font\">Loyalty</h3>\n\t\n\t<div class=\"pi-data-value pi-font\"><ul><li><a href=\"/wiki/Death_Eaters\" title=\"Death Eaters\">Death Eaters</a><ul><li><a href=\"/wiki/Tom_Riddle\" title=\"Tom Riddle\">Lord Voldemort</a></li></ul></li><li><a href=\"/wiki/British_Ministry_of_Magic\" title=\"British Ministry of Magic\">British Ministry of Magic</a> <small>(formerly)</small><ul><li><a href=\"/wiki/Department_of_Mysteries\" title=\"Department of Mysteries\">Department of Mysteries</a> <small>(formerly)</small></li></ul></li></ul></div>\n</div>\n\n</section>\n<nav class=\"pi-navigation pi-item-spacing pi-secondary-background pi-secondary-font\"><small><a href=\"/wiki/Template:Individual_infobox\" title=\"Template:Individual infobox\">[Source]</a><span class=\"hidable-button\"></span></small></nav>\n</aside>\n\n</p>\n<div class=\"quote\">\n<dl><dd><span title=\"Source:&#160;Harry Potter and the Goblet of Fire\">\"<i>Rookwood: a spy. He gave valuable information through the Ministry to <a href=\"/wiki/Tom_Riddle\" title=\"Tom Riddle\">He-Who-Must-Not-Be-Named!</a></i>\"</span></dd>\n<dd>&#8212;Rookwood's loyalty revealed<sup class=\"noprint\"><a href=\"/wiki/Harry_Potter_and_the_Goblet_of_Fire\" title=\"Harry Potter and the Goblet of Fire\">[src]</a></sup></dd>\n<dd></dd></dl></div>\n<p><b>Augustus Rookwood</b> was a <a href=\"/wiki/Dark_Wizard\" title=\"Dark Wizard\">Dark</a> <a href=\"/wiki/Wizardkind\" title=\"Wizardkind\">wizard</a> and a <a href=\"/wiki/Death_Eaters\" title=\"Death Eaters\">Death Eater</a> loyal to <a href=\"/wiki/Tom_Riddle\" title=\"Tom Riddle\">Lord Voldemort</a>. During the <a href=\"/wiki/First_Wizarding_War\" title=\"First Wizarding War\">First Wizarding War</a> he was a spy who worked as an <a href=\"/wiki/Unspeakable\" title=\"Unspeakable\">Unspeakable</a> in the <a href=\"/wiki/Department_of_Mysteries\" title=\"Department of Mysteries\">Department of Mysteries</a>. After the height of the first war he was named by his comrade <a href=\"/wiki/Igor_Karkaroff\" title=\"Igor Karkaroff\">Igor Karkaroff</a>, Rookwood was arrested and imprisoned in <a href=\"/wiki/Azkaban\" title=\"Azkaban\">Azkaban</a>.\n</p><p>Rookwood escaped during the <a href=\"/wiki/Azkaban_escapes#1996\" title=\"Azkaban escapes\">1996 mass break-out</a> and served as a <a href=\"/wiki/Death_Eaters\" title=\"Death Eaters\">Death Eater</a> once more. He fought in several battles of the <a href=\"/wiki/Second_Wizarding_War\" title=\"Second Wizarding War\">Second Wizarding War</a>, including the <a href=\"/wiki/Battle_of_the_Department_of_Mysteries\" title=\"Battle of the Department of Mysteries\">Battle of the Department of Mysteries</a> after which he was imprisoned again, but escaped in <a href=\"/wiki/1997\" title=\"1997\">1997</a>. During the <a href=\"/wiki/Battle_of_Hogwarts\" title=\"Battle of Hogwarts\">Battle of Hogwarts</a>, Rookwood was defeated by <a href=\"/wiki/Aberforth_Dumbledore\" title=\"Aberforth Dumbledore\">Aberforth Dumbledore</a>. His fate after Voldemort's final defeat is unknown. It is possible that he was imprisoned in Azkaban once again for his various crimes.\n</p>\n<div id=\"toc\" class=\"toc\"><input type=\"checkbox\" role=\"button\" id=\"toctogglecheckbox\" class=\"toctogglecheckbox\" style=\"display:none\" /><div class=\"toctitle\" lang=\"en\" dir=\"ltr\"><h2>Contents</h2><span class=\"toctogglespan\"><label class=\"toctogglelabel\" for=\"toctogglecheckbox\"></label></span></div>\n<ul>\n<li class=\"toclevel-1 tocsection-1\"><a href=\"#Biography\"><span class=\"tocnumber\">1</span> <span class=\"toctext\">Biography</span></a>\n<ul>\n<li class=\"toclevel-2 tocsection-2\"><a href=\"#First_Wizarding_War\"><span class=\"tocnumber\">1.1</span> <span class=\"toctext\">First Wizarding War</span></a></li>\n<li class=\"toclevel-2 tocsection-3\"><a href=\"#Second_Wizarding_War\"><span class=\"tocnumber\">1.2</span> <span class=\"toctext\">Second Wizarding War</span></a>\n<ul>\n<li class=\"toclevel-3 tocsection-4\"><a href=\"#Battle_of_the_Department_of_Mysteries\"><span class=\"tocnumber\">1.2.1</span> <span class=\"toctext\">Battle of the Department of Mysteries</span></a></li>\n<li class=\"toclevel-3 tocsection-5\"><a href=\"#Battle_of_Hogwarts\"><span class=\"tocnumber\">1.2.2</span> <span class=\"toctext\">Battle of Hogwarts</span></a></li>\n</ul>\n</li>\n</ul>\n</li>\n<li class=\"toclevel-1 tocsection-6\"><a href=\"#Physical_appearance\"><span class=\"tocnumber\">2</span> <span class=\"toctext\">Physical appearance</span></a></li>\n<li class=\"toclevel-1 tocsection-7\"><a href=\"#Personality_and_traits\"><span class=\"tocnumber\">3</span> <span class=\"toctext\">Personality and traits</span></a></li>\n<li class=\"toclevel-1 tocsection-8\"><a href=\"#Magical_abilities_and_skills\"><span class=\"tocnumber\">4</span> <span class=\"toctext\">Magical abilities and skills</span></a></li>\n<li class=\"toclevel-1 tocsection-9\"><a href=\"#Etymology\"><span class=\"tocnumber\">5</span> <span class=\"toctext\">Etymology</span></a></li>\n<li class=\"toclevel-1 tocsection-10\"><a href=\"#Behind_the_scenes\"><span class=\"tocnumber\">6</span> <span class=\"toctext\">Behind the scenes</span></a></li>\n<li class=\"toclevel-1 tocsection-11\"><a href=\"#Appearances\"><span class=\"tocnumber\">7</span> <span class=\"toctext\">Appearances</span></a></li>\n<li class=\"toclevel-1 tocsection-12\"><a href=\"#Notes_and_references\"><span class=\"tocnumber\">8</span> <span class=\"toctext\">Notes and references</span></a></li>\n</ul>\n</div>\n\n<h2><span class=\"mw-headline\" id=\"Biography\">Biography</span><span class=\"mw-editsection\"><span class=\"mw-editsection-bracket\">[</span><a href=\"/wiki/Augustus_Rookwood?veaction=edit&amp;section=1\" class=\"mw-editsection-visualeditor\" title=\"Edit section: Biography\">edit</a><span class=\"mw-editsection-divider\"> | </span><a href=\"/wiki/Augustus_Rookwood?action=edit&amp;section=1\" title=\"Edit section: Biography\"><svg class=\"wds-icon wds-icon-tiny section-edit-pencil-icon\"><use xlink:href=\"#wds-icons-pencil-tiny\"></use></svg>edit source</a><span class=\"mw-editsection-bracket\">]</span></span></h2>\n<h3><span class=\"mw-headline\" id=\"First_Wizarding_War\">First Wizarding War</span><span class=\"mw-editsection\"><span class=\"mw-editsection-bracket\">[</span><a href=\"/wiki/Augustus_Rookwood?veaction=edit&amp;section=2\" class=\"mw-editsection-visualeditor\" title=\"Edit section: First Wizarding War\">edit</a><span class=\"mw-editsection-divider\"> | </span><a href=\"/wiki/Augustus_Rookwood?action=edit&amp;section=2\" title=\"Edit section: First Wizarding War\"><svg class=\"wds-icon wds-icon-tiny section-edit-pencil-icon\"><use xlink:href=\"#wds-icons-pencil-tiny\"></use></svg>edit source</a><span class=\"mw-editsection-bracket\">]</span></span></h3>\n<p>Rookwood worked as an <a href=\"/wiki/Unspeakable\" title=\"Unspeakable\">Unspeakable</a> in the <a href=\"/wiki/Department_of_Mysteries\" title=\"Department of Mysteries\">Department of Mysteries</a>, but became a <a href=\"/wiki/Death_Eaters\" title=\"Death Eaters\">Death Eater</a> and spy for <a href=\"/wiki/Tom_Riddle\" title=\"Tom Riddle\">Lord Voldemort</a> during the <a href=\"/wiki/First_Wizarding_War\" title=\"First Wizarding War\">First Wizarding War</a>. He had an information network inside and outside of the <a href=\"/wiki/British_Ministry_of_Magic\" title=\"British Ministry of Magic\">Ministry of Magic</a> with a number of well-connected wizards. Whether or not these wizards knew they were being used for information by Rookwood is unknown.\n</p><p>What is known is that <a href=\"/wiki/Ludovic_Bagman\" title=\"Ludovic Bagman\">Ludo Bagman</a> gave Rookwood information. Bagman was likely ignorant of the fact of Rookwood's real affiliations, since Rookwood dangled the prospect of a Ministry position before him. Bagman's testimony revealed that Augustus Rookwood was friends with his <a href=\"/wiki/Ludovic_Bagman%27s_father\" title=\"Ludovic Bagman&#39;s father\">father</a>. He also referred to Rookwood rather affectionately as \"Old Rookwood\", despite the man being a Death Eater, during his own court case.<sup id=\"cite_ref-GOF_4-0\" class=\"reference\"><a href=\"#cite_note-GOF-4\">&#91;4&#93;</a></sup> From that information, it can be deduced that Rookwood was outgoing and perhaps affable during his years as a spy, breaking the mould of so many other Death Eaters to serve as a cover.\n</p><p>In <a href=\"/wiki/1981\" title=\"1981\">1981</a>, Rookwood was captured and convicted on testimony from <a href=\"/wiki/Igor_Karkaroff\" title=\"Igor Karkaroff\">Igor Karkaroff</a> as to his Death Eater activities and imprisoned in <a href=\"/wiki/Azkaban\" title=\"Azkaban\">Azkaban</a>. This was one of many names that Karkaroff surrendered in order to achieve his own freedom, and the first one to be viable, as the ones before were already caught or killed.<sup id=\"cite_ref-GOF_4-1\" class=\"reference\"><a href=\"#cite_note-GOF-4\">&#91;4&#93;</a></sup>\n</p>\n<h3><span class=\"mw-headline\" id=\"Second_Wizarding_War\">Second Wizarding War</span><span class=\"mw-editsection\"><span class=\"mw-editsection-bracket\">[</span><a href=\"/wiki/Augustus_Rookwood?veaction=edit&amp;section=3\" class=\"mw-editsection-visualeditor\" title=\"Edit section: Second Wizarding War\">edit</a><span class=\"mw-editsection-divider\"> | </span><a href=\"/wiki/Augustus_Rookwood?action=edit&amp;section=3\" title=\"Edit section: Second Wizarding War\"><svg class=\"wds-icon wds-icon-tiny section-edit-pencil-icon\"><use xlink:href=\"#wds-icons-pencil-tiny\"></use></svg>edit source</a><span class=\"mw-editsection-bracket\">]</span></span></h3>\n<figure class=\"thumb tleft show-info-icon\" style=\"width: 242px\"> \t<a href=\"https://static.wikia.nocookie.net/harrypotter/images/7/73/Augustus_Rookwood_in_Azkaban.png/revision/latest?cb=20161104192217\" class=\"image\"><img alt=\"\" src=\"https://static.wikia.nocookie.net/harrypotter/images/7/73/Augustus_Rookwood_in_Azkaban.png/revision/latest/scale-to-width-down/240?cb=20161104192217\" decoding=\"async\" width=\"240\" height=\"139\" class=\"thumbimage\" data-image-name=\"Augustus Rookwood in Azkaban.png\" data-image-key=\"Augustus_Rookwood_in_Azkaban.png\" /></a> \t \t<figcaption class=\"thumbcaption\"> \t\t \t\t\t<a href=\"/wiki/File:Augustus_Rookwood_in_Azkaban.png\" class=\"info-icon\"><svg><use xlink:href=\"#wds-icons-info-small\"></use></svg></a> \t\t \t\t \t\t \t\t\t<p class=\"caption\">Augustus Rookwood during his imprisonment in <a href=\"/wiki/Azkaban\" title=\"Azkaban\">Azkaban</a></p> \t\t \t</figcaption> </figure>\n<p>During the <a href=\"/wiki/Second_Wizarding_War\" title=\"Second Wizarding War\">Second Wizarding War</a>, Rookwood <a href=\"/wiki/Azkaban_escapes#1996\" title=\"Azkaban escapes\">escaped</a> Azkaban along with nine other Death Eaters in <a href=\"/wiki/1996\" title=\"1996\">1996</a>, when the <a href=\"/wiki/Dementor\" title=\"Dementor\">Dementors</a> defected to the recently returned <a href=\"/wiki/Tom_Riddle\" title=\"Tom Riddle\">Lord Voldemort</a>.<sup id=\"cite_ref-OTP_5-0\" class=\"reference\"><a href=\"#cite_note-OTP-5\">&#91;5&#93;</a></sup> This was Azkaban's largest and most notorious breakout and helped set the stage for the Second Wizarding War.\n</p><p>Rookwood was responsible for getting Voldemort on track with stealing the <a href=\"/wiki/Sybill_Trelawney%27s_first_prophecy\" title=\"Sybill Trelawney&#39;s first prophecy\">prophecy</a> which concerned the Dark Lord and <a href=\"/wiki/Harry_Potter\" title=\"Harry Potter\">Harry Potter</a>, who saw Rookwood in one of his dreams. Obviously, his experience in the <a href=\"/wiki/Department_of_Mysteries\" title=\"Department of Mysteries\">Department of Mysteries</a> made him a valuable asset in this function.\n</p>\n<h4><span class=\"mw-headline\" id=\"Battle_of_the_Department_of_Mysteries\">Battle of the Department of Mysteries</span><span class=\"mw-editsection\"><span class=\"mw-editsection-bracket\">[</span><a href=\"/wiki/Augustus_Rookwood?veaction=edit&amp;section=4\" class=\"mw-editsection-visualeditor\" title=\"Edit section: Battle of the Department of Mysteries\">edit</a><span class=\"mw-editsection-divider\"> | </span><a href=\"/wiki/Augustus_Rookwood?action=edit&amp;section=4\" title=\"Edit section: Battle of the Department of Mysteries\"><svg class=\"wds-icon wds-icon-tiny section-edit-pencil-icon\"><use xlink:href=\"#wds-icons-pencil-tiny\"></use></svg>edit source</a><span class=\"mw-editsection-bracket\">]</span></span></h4>\n<p>After numerous attempts at stealing the prophecy failed, Voldemort lured Harry to the Ministry by sending him visions of his godfather <a href=\"/wiki/Sirius_Black\" title=\"Sirius Black\">Sirius Black</a> being tortured there. Rookwood was one of the Death Eaters who participated in the ambush of Harry and his five friends, and in the <a href=\"/wiki/Battle_of_the_Department_of_Mysteries\" title=\"Battle of the Department of Mysteries\">battle</a> which ensued when the teenagers resisted. He was the only one not assigned a partner as the Death Eaters pursued the six <a href=\"/wiki/Dumbledore%27s_Army\" title=\"Dumbledore&#39;s Army\">D.A.</a> members.\n</p><p>When Order of the Phoenix members arrived he was duelling with <a href=\"/wiki/Kingsley_Shacklebolt\" title=\"Kingsley Shacklebolt\">Kingsley Shacklebolt</a> without his mask on. It is presumed that Rookwood, along with all the other Death Eaters aside from <a href=\"/wiki/Bellatrix_Lestrange\" title=\"Bellatrix Lestrange\">Bellatrix Lestrange</a>, was captured and imprisoned in <a href=\"/wiki/Azkaban\" title=\"Azkaban\">Azkaban</a> after the battle.<sup id=\"cite_ref-OTP_5-1\" class=\"reference\"><a href=\"#cite_note-OTP-5\">&#91;5&#93;</a></sup>\n</p><p>However, he was again at large the <a href=\"/wiki/1997\" title=\"1997\">following year</a>, after another <a href=\"/wiki/Azkaban_escapes#1997\" title=\"Azkaban escapes\">Azkaban break-out</a>.<sup id=\"cite_ref-DH_6-0\" class=\"reference\"><a href=\"#cite_note-DH-6\">&#91;6&#93;</a></sup>\n</p>\n<h4><span class=\"mw-headline\" id=\"Battle_of_Hogwarts\">Battle of Hogwarts</span><span class=\"mw-editsection\"><span class=\"mw-editsection-bracket\">[</span><a href=\"/wiki/Augustus_Rookwood?veaction=edit&amp;section=5\" class=\"mw-editsection-visualeditor\" title=\"Edit section: Battle of Hogwarts\">edit</a><span class=\"mw-editsection-divider\"> | </span><a href=\"/wiki/Augustus_Rookwood?action=edit&amp;section=5\" title=\"Edit section: Battle of Hogwarts\"><svg class=\"wds-icon wds-icon-tiny section-edit-pencil-icon\"><use xlink:href=\"#wds-icons-pencil-tiny\"></use></svg>edit source</a><span class=\"mw-editsection-bracket\">]</span></span></h4>\n<div class=\"quote\">\n<dl><dd><span title=\"Source:&#160;Harry Potter and the Deathly Hallows\">\"<i>ROOKWOOD!</i>\"</span></dd>\n<dd>&#8212;The Death Eater being chased<sup class=\"noprint\"><a href=\"/wiki/Harry_Potter_and_the_Deathly_Hallows\" title=\"Harry Potter and the Deathly Hallows\">[src]</a></sup></dd>\n<dd></dd></dl></div><p>Rookwood fought during the <a href=\"/wiki/Battle_of_Hogwarts\" title=\"Battle of Hogwarts\">Battle of Hogwarts</a> in <a href=\"/wiki/1998\" title=\"1998\">1998</a>.<sup id=\"cite_ref-DHF2_7-0\" class=\"reference\"><a href=\"#cite_note-DHF2-7\">&#91;7&#93;</a></sup> After <a href=\"/wiki/Fred_Weasley\" title=\"Fred Weasley\">Fred Weasley</a> was killed in an explosion, <a href=\"/wiki/Percy_Weasley\" title=\"Percy Weasley\">Percy Weasley</a> chased after Rookwood as he was attacking some of the other students who had stayed to fight rather than evacuate the school. Later in the battle, he was <a href=\"/wiki/Stunning_Spell\" title=\"Stunning Spell\">stunned</a> by <a href=\"/wiki/Aberforth_Dumbledore\" title=\"Aberforth Dumbledore\">Aberforth Dumbledore</a>.<sup id=\"cite_ref-DH_6-1\" class=\"reference\"><a href=\"#cite_note-DH-6\">&#91;6&#93;</a></sup> It is unknown what happened to him after Voldemort was defeated, but if he survived, it is likely that he was captured and again sent to Azkaban.\n</p><h2><span class=\"mw-headline\" id=\"Physical_appearance\">Physical appearance</span><span class=\"mw-editsection\"><span class=\"mw-editsection-bracket\">[</span><a href=\"/wiki/Augustus_Rookwood?veaction=edit&amp;section=6\" class=\"mw-editsection-visualeditor\" title=\"Edit section: Physical appearance\">edit</a><span class=\"mw-editsection-divider\"> | </span><a href=\"/wiki/Augustus_Rookwood?action=edit&amp;section=6\" title=\"Edit section: Physical appearance\"><svg class=\"wds-icon wds-icon-tiny section-edit-pencil-icon\"><use xlink:href=\"#wds-icons-pencil-tiny\"></use></svg>edit source</a><span class=\"mw-editsection-bracket\">]</span></span></h2>\n<p>Rookwood was described, judging by his mugshot seen in the <i><a href=\"/wiki/Daily_Prophet\" title=\"Daily Prophet\">Daily Prophet</a></i>, as a tall, pock-marked and grey greasy-haired <a href=\"/wiki/Wizardkind\" title=\"Wizardkind\">wizard</a>.<sup id=\"cite_ref-OTP_5-2\" class=\"reference\"><a href=\"#cite_note-OTP-5\">&#91;5&#93;</a></sup> As Ludo Bagman described him as \"<i>old</i> Rookwood\" and given his status as a friend of Bagman's father, he was likely an older man by the time the <a href=\"/wiki/First_Wizarding_War\" title=\"First Wizarding War\">First Wizarding War</a> ended.<sup id=\"cite_ref-GOF_4-2\" class=\"reference\"><a href=\"#cite_note-GOF-4\">&#91;4&#93;</a></sup> As a Death Eater, he bore the <a href=\"/wiki/Dark_Mark\" title=\"Dark Mark\">Dark Mark</a> on his left inner forearm.\n</p>\n<h2><span class=\"mw-headline\" id=\"Personality_and_traits\">Personality and traits</span><span class=\"mw-editsection\"><span class=\"mw-editsection-bracket\">[</span><a href=\"/wiki/Augustus_Rookwood?veaction=edit&amp;section=7\" class=\"mw-editsection-visualeditor\" title=\"Edit section: Personality and traits\">edit</a><span class=\"mw-editsection-divider\"> | </span><a href=\"/wiki/Augustus_Rookwood?action=edit&amp;section=7\" title=\"Edit section: Personality and traits\"><svg class=\"wds-icon wds-icon-tiny section-edit-pencil-icon\"><use xlink:href=\"#wds-icons-pencil-tiny\"></use></svg>edit source</a><span class=\"mw-editsection-bracket\">]</span></span></h2>\n<p>Judging by his mugshot seen in the <i><a href=\"/wiki/Daily_Prophet\" title=\"Daily Prophet\">Daily Prophet</a></i>, Rookwood seemed bored, contrasting from the other <a href=\"/wiki/Death_Eaters\" title=\"Death Eaters\">Death Eaters</a>, who were sneering and glaring. He also appeared being outgoing and perhaps affable, being a friend of <a href=\"/wiki/Ludovic_Bagman%27s_father\" title=\"Ludovic Bagman&#39;s father\">Ludovic Bagman's father</a>. This is further supported by everyone's surprise when <a href=\"/wiki/Igor_Karkaroff\" title=\"Igor Karkaroff\">Igor Karkaroff</a> sold him out as a Death Eater.<sup id=\"cite_ref-GOF_4-3\" class=\"reference\"><a href=\"#cite_note-GOF-4\">&#91;4&#93;</a></sup> He was also shown to be rather fearful of Lord Voldemort when delivering bad news to him. However, during the Battle of Hogwarts, Rookwood showed his power in combat, as he did not hesitate to attack students who remained in the battlefield.<sup id=\"cite_ref-DH_6-2\" class=\"reference\"><a href=\"#cite_note-DH-6\">&#91;6&#93;</a></sup> Despite joining Voldemort out of fear, Rookwood was highly loyal to his master.\n</p>\n<h2><span class=\"mw-headline\" id=\"Magical_abilities_and_skills\">Magical abilities and skills</span><span class=\"mw-editsection\"><span class=\"mw-editsection-bracket\">[</span><a href=\"/wiki/Augustus_Rookwood?veaction=edit&amp;section=8\" class=\"mw-editsection-visualeditor\" title=\"Edit section: Magical abilities and skills\">edit</a><span class=\"mw-editsection-divider\"> | </span><a href=\"/wiki/Augustus_Rookwood?action=edit&amp;section=8\" title=\"Edit section: Magical abilities and skills\"><svg class=\"wds-icon wds-icon-tiny section-edit-pencil-icon\"><use xlink:href=\"#wds-icons-pencil-tiny\"></use></svg>edit source</a><span class=\"mw-editsection-bracket\">]</span></span></h2>\n<ul><li><b><a href=\"/wiki/Dark_Arts\" title=\"Dark Arts\">Dark Arts</a></b>: Rookwood was highly accomplished with dark magic, being a <a href=\"/wiki/Death_Eaters\" title=\"Death Eaters\">Death Eater</a>. During the <a href=\"/wiki/Battle_of_the_Department_of_Mysteries\" title=\"Battle of the Department of Mysteries\">Battle of the Department of Mysteries</a>, he attempted to kill Kingsley Shacklebolt with the <a href=\"/wiki/Killing_Curse\" title=\"Killing Curse\">Killing Curse</a>.<sup id=\"cite_ref-OTP_5-3\" class=\"reference\"><a href=\"#cite_note-OTP-5\">&#91;5&#93;</a></sup> He was presumably skilled in casting the other <a href=\"/wiki/Unforgivable_Curses\" title=\"Unforgivable Curses\">Unforgivable Curses</a>, along with other <a href=\"/wiki/Dark_charm\" title=\"Dark charm\">dark charms</a>.</li>\n<li><b><a href=\"/wiki/Martial_magic\" title=\"Martial magic\">Martial magic</a></b>: Rookwood was proficient at <a href=\"/wiki/Duelling\" title=\"Duelling\">duelling</a> as he fought Kingsley Shacklebolt head on in <a href=\"/wiki/1996\" title=\"1996\">1996</a> during the <a href=\"/wiki/Battle_of_the_Department_of_Mysteries\" title=\"Battle of the Department of Mysteries\">Battle of the Department of Mysteries</a>. It should be noted however that he was defeated by Kingsley during the same duel.<sup id=\"cite_ref-OTP_5-4\" class=\"reference\"><a href=\"#cite_note-OTP-5\">&#91;5&#93;</a></sup> He participated in the <a href=\"/wiki/Battle_of_Hogwarts\" title=\"Battle of Hogwarts\">Battle of Hogwarts</a>, invading the school and attacking students. He was also shown chasing after a group of students, implying that even together they were unable to subdue Rookwood. He was however <a href=\"/wiki/Stunning_Spell\" title=\"Stunning Spell\">stunned</a> defeated during the final battle by <a href=\"/wiki/Aberforth_Dumbledore\" title=\"Aberforth Dumbledore\">Aberforth Dumbledore</a>.<sup id=\"cite_ref-DH_6-3\" class=\"reference\"><a href=\"#cite_note-DH-6\">&#91;6&#93;</a></sup></li>\n<li><b><a href=\"/wiki/Magic\" title=\"Magic\">Magical</a> knowledge</b>: Due to his past employment in the <a href=\"/wiki/Department_of_Mysteries\" title=\"Department of Mysteries\">Department of Mysteries</a>, Rookwood came to amass certain important information from the various research there, such as the consequence of an unauthorised person trying to remove a <a href=\"/wiki/Prophecy\" title=\"Prophecy\">prophecy</a>. He relayed these valuable information to Voldemort. This also indicated good spying skills, as he was convicted only when one of his fellow Death Eaters betrayed him.<sup id=\"cite_ref-GOF_4-4\" class=\"reference\"><a href=\"#cite_note-GOF-4\">&#91;4&#93;</a></sup></li></ul>\n<h2><span class=\"mw-headline\" id=\"Etymology\">Etymology</span><span class=\"mw-editsection\"><span class=\"mw-editsection-bracket\">[</span><a href=\"/wiki/Augustus_Rookwood?veaction=edit&amp;section=9\" class=\"mw-editsection-visualeditor\" title=\"Edit section: Etymology\">edit</a><span class=\"mw-editsection-divider\"> | </span><a href=\"/wiki/Augustus_Rookwood?action=edit&amp;section=9\" title=\"Edit section: Etymology\"><svg class=\"wds-icon wds-icon-tiny section-edit-pencil-icon\"><use xlink:href=\"#wds-icons-pencil-tiny\"></use></svg>edit source</a><span class=\"mw-editsection-bracket\">]</span></span></h2>\n<ul><li>Rookwood was named as Algernon Rookwood in the first UK editions of <i><a href=\"/wiki/Harry_Potter_and_the_Order_of_the_Phoenix\" title=\"Harry Potter and the Order of the Phoenix\">Harry Potter and the Order of the Phoenix</a></i>, but his name reverted to Augustus again later on. This mistake was corrected in the U.S. edition of the text.</li>\n<li><a href=\"http://en.wikipedia.org/wiki/Augustus_(honorific)\" class=\"extiw\" title=\"wikipedia:Augustus (honorific)\">Augustus</a> is Latin for \"majestic\" or \"venerable\", derived from the Latin <i>augere</i>, \"to increase\". It was the title given to the first emperor of Rome and subsequently to make other Roman emperors.</li>\n<li>Rooks are known to be extremely sociable birds, and also have a kind of caw that sounds like a croak.<sup id=\"cite_ref-8\" class=\"reference\"><a href=\"#cite_note-8\">&#91;8&#93;</a></sup> Rookwood is indicated to be a sociable wizard, and when he was seen speaking to Voldemort, he was hoarse and his tone was described as a croak.</li>\n<li>The surname \"Rookwood\" may also come from <a href=\"http://en.wikipedia.org/wiki/Ambrose_Rokewood\" class=\"extiw\" title=\"wikipedia:Ambrose Rokewood\">Ambrose Rookwood</a>, one of the conspirators in the <a href=\"http://en.wikipedia.org/wiki/Gunpowder_Plot\" class=\"extiw\" title=\"wikipedia:Gunpowder Plot\">Gunpowder Plot</a> of 1605.</li>\n<li>Rookwood is also a family in the 1834 romance of the same name written by <a href=\"http://en.wikipedia.org/wiki/William_Ainsworth\" class=\"extiw\" title=\"wikipedia:William Ainsworth\">William Harrison Ainsworth</a>. In the novel, the Rookwood family are described quite negatively: <i>No mate ever brook would a Rook of the Rookwood! A merry saying it is, and true. No woman ever stood in a Rookwood's way but she was speedily removed\u2014that's certain.</i></li>\n<li>Other possible references from <i>Rookwood</i> are the surname <a href=\"/wiki/Lisa_Turpin\" title=\"Lisa Turpin\">Turpin</a> (Lisa Turpin), from the famous highwayman, and the <a href=\"/wiki/Hand_of_Glory\" title=\"Hand of Glory\">Hand of Glory</a> that is the subject of a poem within the book.<sup id=\"cite_ref-9\" class=\"reference\"><a href=\"#cite_note-9\">&#91;9&#93;</a></sup></li></ul>\n<h2><span class=\"mw-headline\" id=\"Behind_the_scenes\">Behind the scenes</span><span class=\"mw-editsection\"><span class=\"mw-editsection-bracket\">[</span><a href=\"/wiki/Augustus_Rookwood?veaction=edit&amp;section=10\" class=\"mw-editsection-visualeditor\" title=\"Edit section: Behind the scenes\">edit</a><span class=\"mw-editsection-divider\"> | </span><a href=\"/wiki/Augustus_Rookwood?action=edit&amp;section=10\" title=\"Edit section: Behind the scenes\"><svg class=\"wds-icon wds-icon-tiny section-edit-pencil-icon\"><use xlink:href=\"#wds-icons-pencil-tiny\"></use></svg>edit source</a><span class=\"mw-editsection-bracket\">]</span></span></h2>\n<ul><li>In <i><a href=\"/wiki/Harry_Potter_and_the_Order_of_the_Phoenix_(film)\" title=\"Harry Potter and the Order of the Phoenix (film)\">Harry Potter and the Order of the Phoenix (film)</a></i> he was played by <a href=\"/wiki/Richard_Trinder\" title=\"Richard Trinder\">Richard Trinder</a>.<sup id=\"cite_ref-10\" class=\"reference\"><a href=\"#cite_note-10\">&#91;10&#93;</a></sup></li>\n<li>Due to his baleful and ugly appearance Rookwood is commonly mistaken for <a href=\"/wiki/Rodolphus_Lestrange\" title=\"Rodolphus Lestrange\">Rodolphus Lestrange</a>.</li></ul>\n<h2><span class=\"mw-headline\" id=\"Appearances\">Appearances</span><span class=\"mw-editsection\"><span class=\"mw-editsection-bracket\">[</span><a href=\"/wiki/Augustus_Rookwood?veaction=edit&amp;section=11\" class=\"mw-editsection-visualeditor\" title=\"Edit section: Appearances\">edit</a><span class=\"mw-editsection-divider\"> | </span><a href=\"/wiki/Augustus_Rookwood?action=edit&amp;section=11\" title=\"Edit section: Appearances\"><svg class=\"wds-icon wds-icon-tiny section-edit-pencil-icon\"><use xlink:href=\"#wds-icons-pencil-tiny\"></use></svg>edit source</a><span class=\"mw-editsection-bracket\">]</span></span></h2>\n<div class=\"noprint\" style=\"float: right; clear: right; margin-top: 2px; margin-left: 2px; margin-bottom: 2px; background-color: #D8E9FC; text-align: left; font-size: 90%; width: 250px;\"><span class=\"rtop\" style=\"\"><span class=\"r1\" style=\"background: #D8E9FC\"></span><span class=\"r2\" style=\"background: #D8E9FC\"></span><span class=\"r3\" style=\"background: #D8E9FC\"></span><span class=\"r4\" style=\"background: #D8E9FC\"></span></span><div style=\"float:left; margin-left: 5px;\"><a href=\"https://static.wikia.nocookie.net/harrypotter/images/b/bc/Wiki.png/revision/latest?cb=20091217124448\" class=\"image\"><img alt=\"Wiki.png\" src=\"https://static.wikia.nocookie.net/harrypotter/images/b/bc/Wiki.png/revision/latest/scale-to-width-down/35?cb=20091217124448\" decoding=\"async\" width=\"35\" height=\"21\" data-image-name=\"Wiki.png\" data-image-key=\"Wiki.png\" /></a></div><div style=\"margin-left:50px\">The Harry Potter Wiki has 4 images related to <i><b><a href=\"/wiki/Category:Images_of_Augustus_Rookwood\" title=\"Category:Images of Augustus Rookwood\">Augustus Rookwood</a></b></i>.</div><span class=\"content-bg rbottom\" style=\"\"><span class=\"r4\" style=\"background: #D8E9FC\"></span><span class=\"r3\" style=\"background: #D8E9FC\"></span><span class=\"r2\" style=\"background: #D8E9FC\"></span><span class=\"r1\" style=\"background: #D8E9FC\"></span></span></div>\n<ul><li><i><a href=\"/wiki/Harry_Potter_and_the_Goblet_of_Fire\" title=\"Harry Potter and the Goblet of Fire\">Harry Potter and the Goblet of Fire</a></i> <small>(First mentioned)</small></li>\n<li><i><a href=\"/wiki/Harry_Potter_and_the_Goblet_of_Fire_(film)\" title=\"Harry Potter and the Goblet of Fire (film)\">Harry Potter and the Goblet of Fire (film)</a></i> <small>(Mentioned only)</small></li>\n<li><i><a href=\"/wiki/Harry_Potter_and_the_Order_of_the_Phoenix\" title=\"Harry Potter and the Order of the Phoenix\">Harry Potter and the Order of the Phoenix</a></i> <small>(First appearance)</small></li>\n<li><i><a href=\"/wiki/Harry_Potter_and_the_Order_of_the_Phoenix_(film)\" title=\"Harry Potter and the Order of the Phoenix (film)\">Harry Potter and the Order of the Phoenix (film)</a></i></li>\n<li><i><a href=\"/wiki/Harry_Potter_and_the_Deathly_Hallows\" title=\"Harry Potter and the Deathly Hallows\">Harry Potter and the Deathly Hallows</a></i></li>\n<li><i><a href=\"/wiki/Harry_Potter_and_the_Deathly_Hallows:_Part_2\" title=\"Harry Potter and the Deathly Hallows: Part 2\">Harry Potter and the Deathly Hallows: Part 2</a></i></li></ul>\n<h2><span class=\"mw-headline\" id=\"Notes_and_references\">Notes and references</span><span class=\"mw-editsection\"><span class=\"mw-editsection-bracket\">[</span><a href=\"/wiki/Augustus_Rookwood?veaction=edit&amp;section=12\" class=\"mw-editsection-visualeditor\" title=\"Edit section: Notes and references\">edit</a><span class=\"mw-editsection-divider\"> | </span><a href=\"/wiki/Augustus_Rookwood?action=edit&amp;section=12\" title=\"Edit section: Notes and references\"><svg class=\"wds-icon wds-icon-tiny section-edit-pencil-icon\"><use xlink:href=\"#wds-icons-pencil-tiny\"></use></svg>edit source</a><span class=\"mw-editsection-bracket\">]</span></span></h2>\n<div class=\"references-small\">\n<div class=\"mw-references-wrap\"><ol class=\"references\">\n<li id=\"cite_note-1\"><span class=\"mw-cite-backlink\"><a href=\"#cite_ref-1\">\u2191</a></span> <span class=\"reference-text\">In 1981, Rookwood had to be at least of age (17) to be working at the Ministry. As Ludo Bagman says that Rookwood was friends with his father we can assume that he was, most likely, older than 17 at the time that Igor Karkaroff revealed his Death Eater status to the Ministry as he was a well known worker at the Ministry.</span>\n</li>\n<li id=\"cite_note-2\"><span class=\"mw-cite-backlink\"><a href=\"#cite_ref-2\">\u2191</a></span> <span class=\"reference-text\">The <a href=\"/wiki/Death_Eaters\" title=\"Death Eaters\">Death Eaters</a> as an organisation were known to violently hate all <a href=\"/wiki/Muggle-born\" title=\"Muggle-born\">Muggle-borns</a> and <a href=\"/wiki/Non-magic_people\" title=\"Non-magic people\">Muggles</a> in general.</span>\n</li>\n<li id=\"cite_note-3\"><span class=\"mw-cite-backlink\"><a href=\"#cite_ref-3\">\u2191</a></span> <span class=\"reference-text\"><a target=\"_blank\" rel=\"noreferrer noopener\" class=\"external text\" href=\"http://www.accio-quote.org/articles/2007/0730-bloomsbury-chat.html\">J.K. Rowling and the Live Chat, Bloomsbury.com, July 30, 2007</a></span>\n</li>\n<li id=\"cite_note-GOF-4\"><span class=\"mw-cite-backlink\">\u2191 <sup><a href=\"#cite_ref-GOF_4-0\">4.0</a></sup> <sup><a href=\"#cite_ref-GOF_4-1\">4.1</a></sup> <sup><a href=\"#cite_ref-GOF_4-2\">4.2</a></sup> <sup><a href=\"#cite_ref-GOF_4-3\">4.3</a></sup> <sup><a href=\"#cite_ref-GOF_4-4\">4.4</a></sup></span> <span class=\"reference-text\"><i><a href=\"/wiki/Harry_Potter_and_the_Goblet_of_Fire\" title=\"Harry Potter and the Goblet of Fire\">Harry Potter and the Goblet of Fire</a></i></span>\n</li>\n<li id=\"cite_note-OTP-5\"><span class=\"mw-cite-backlink\">\u2191 <sup><a href=\"#cite_ref-OTP_5-0\">5.0</a></sup> <sup><a href=\"#cite_ref-OTP_5-1\">5.1</a></sup> <sup><a href=\"#cite_ref-OTP_5-2\">5.2</a></sup> <sup><a href=\"#cite_ref-OTP_5-3\">5.3</a></sup> <sup><a href=\"#cite_ref-OTP_5-4\">5.4</a></sup></span> <span class=\"reference-text\"><i><a href=\"/wiki/Harry_Potter_and_the_Order_of_the_Phoenix\" title=\"Harry Potter and the Order of the Phoenix\">Harry Potter and the Order of the Phoenix</a></i></span>\n</li>\n<li id=\"cite_note-DH-6\"><span class=\"mw-cite-backlink\">\u2191 <sup><a href=\"#cite_ref-DH_6-0\">6.0</a></sup> <sup><a href=\"#cite_ref-DH_6-1\">6.1</a></sup> <sup><a href=\"#cite_ref-DH_6-2\">6.2</a></sup> <sup><a href=\"#cite_ref-DH_6-3\">6.3</a></sup></span> <span class=\"reference-text\"><i><a href=\"/wiki/Harry_Potter_and_the_Deathly_Hallows\" title=\"Harry Potter and the Deathly Hallows\">Harry Potter and the Deathly Hallows</a></i></span>\n</li>\n<li id=\"cite_note-DHF2-7\"><span class=\"mw-cite-backlink\"><a href=\"#cite_ref-DHF2_7-0\">\u2191</a></span> <span class=\"reference-text\"><i><a href=\"/wiki/Harry_Potter_and_the_Deathly_Hallows:_Part_2\" title=\"Harry Potter and the Deathly Hallows: Part 2\">Harry Potter and the Deathly Hallows: Part 2</a></i> - (see <a href=\"/wiki/File:Death_Eaters-Battle_of_Hogwarts-DHP2.jpg\" title=\"File:Death Eaters-Battle of Hogwarts-DHP2.jpg\">this image</a>) - fourth the right of Narcissa Malfoy</span>\n</li>\n<li id=\"cite_note-8\"><span class=\"mw-cite-backlink\"><a href=\"#cite_ref-8\">\u2191</a></span> <span class=\"reference-text\"><a target=\"_blank\" rel=\"noreferrer noopener\" class=\"external text\" href=\"http://www.rspb.org.uk/birds/guide/r/rook/index.asp\">\"Rook - The Royal Society for the Protection of Birds\"</a> from <a target=\"_blank\" rel=\"noreferrer noopener\" class=\"external text\" href=\"http://www.rspb.org.uk/\">The Royal Society for the Protection of Birds</a></span>\n</li>\n<li id=\"cite_note-9\"><span class=\"mw-cite-backlink\"><a href=\"#cite_ref-9\">\u2191</a></span> <span class=\"reference-text\"><a target=\"_blank\" rel=\"noreferrer noopener\" class=\"external text\" href=\"http://www.gutenberg.org/files/23564/23564-h/23564-h.htm\">\"<i>Rookwood</i> by William Harrison Ainsworth\"</a> from <a target=\"_blank\" rel=\"noreferrer noopener\" class=\"external text\" href=\"http://www.gutenberg.org\">The Project Gutenberg</a></span>\n</li>\n<li id=\"cite_note-10\"><span class=\"mw-cite-backlink\"><a href=\"#cite_ref-10\">\u2191</a></span> <span class=\"reference-text\"><a target=\"_blank\" rel=\"noreferrer noopener\" class=\"external text\" href=\"http://www.spotlight.com/interactive/cv/1/M20703.html\">Spotlight - CV</a></span>\n</li>\n</ol></div></div>\n<p><br clear=\"all\" />\n</p>\n<table style=\"margin:0 auto\" align=\"center\" class=\"toccolours\" width=\"90%\">\n\n<tbody><tr bgcolor=\"#white\">\n<th colspan=\"3\" style=\"background:#ccd;\"><center><b><a href=\"/wiki/Department_of_Mysteries\" title=\"Department of Mysteries\">Department of Mysteries</a> employees</b></center>\n</th></tr>\n<tr>\n<td colspan=\"3\" style=\"background-color: #dfdfdf; font-size: 8pt;\"><center><b>Unspeakables</b></center>\n</td></tr>\n<tr>\n<td colspan=\"3\" style=\"font-size: 8pt;\"><center><a href=\"/wiki/Broderick_Bode\" title=\"Broderick Bode\">Broderick Bode</a>  &#183;  <a href=\"/wiki/Saul_Croaker\" title=\"Saul Croaker\">Saul Croaker</a>  &#183;  <a href=\"/wiki/Grim_Fawley\" title=\"Grim Fawley\">Grim Fawley</a>  &#183;  <a href=\"/wiki/Gareth_Greengrass\" title=\"Gareth Greengrass\">Gareth Greengrass</a>  &#183;  <a href=\"/wiki/Eloise_Mintumble\" title=\"Eloise Mintumble\">Eloise Mintumble</a>  &#183;  <a href=\"/wiki/Levina_Monkstanley\" title=\"Levina Monkstanley\">Levina Monkstanley</a>  &#183;  <strong class=\"mw-selflink selflink\">Augustus Rookwood</strong>  &#183;  <a href=\"/wiki/Regina_Rowle\" title=\"Regina Rowle\">Regina Rowle</a>  &#183;  <a href=\"/wiki/Albert_Sallow\" title=\"Albert Sallow\">Albert Sallow</a></center>\n</td></tr>\n<tr>\n<td colspan=\"3\" style=\"background-color: #dfdfdf; font-size: 8pt;\"><center><b>Other personnel</b></center>\n</td></tr>\n<tr>\n<td colspan=\"3\" style=\"font-size: 8pt;\"><center><a href=\"/wiki/Unidentified_Department_of_Mysteries_intern\" title=\"Unidentified Department of Mysteries intern\">Unidentified intern</a> </center>\n</td></tr></tbody></table>\n<table style=\"margin:0 auto; text-align: center;\" align=\"center\" class=\"toccolours\" width=\"90%\">\n\n<tbody><tr bgcolor=\"#white\">\n<th style=\"background:#ccd;\"><a href=\"/wiki/Death_Eaters\" title=\"Death Eaters\">Death Eaters</a>\n</th></tr>\n<tr>\n<td><div class=\"center\"><div class=\"floatnone\"><a href=\"https://static.wikia.nocookie.net/harrypotter/images/b/b5/Dark_Mark_Pottermore.png/revision/latest?cb=20161122220030\" class=\"image\"><img alt=\"Dark Mark Pottermore.png\" src=\"https://static.wikia.nocookie.net/harrypotter/images/b/b5/Dark_Mark_Pottermore.png/revision/latest/scale-to-width-down/90?cb=20161122220030\" decoding=\"async\" width=\"90\" height=\"51\" data-image-name=\"Dark Mark Pottermore.png\" data-image-key=\"Dark_Mark_Pottermore.png\" /></a></div></div>\n</td></tr>\n<tr>\n<td style=\"font-size: 90%;\"><b><a href=\"/wiki/Death_Eaters\" title=\"Death Eaters\">Leader</a>:</b> <a href=\"/wiki/Tom_Riddle\" title=\"Tom Riddle\">Lord Voldemort</a>\n</td></tr>\n<tr>\n<td style=\"font-size: 90%;\"><b><a href=\"/wiki/Death_Eaters\" title=\"Death Eaters\">Death Eaters</a></b><br />\n<p><a href=\"/wiki/Avery_II\" title=\"Avery II\">Avery (II)</a> | <a href=\"/wiki/Alecto_Carrow\" title=\"Alecto Carrow\">Alecto Carrow</a> | <a href=\"/wiki/Amycus_Carrow\" title=\"Amycus Carrow\">Amycus Carrow</a> | <a href=\"/wiki/Crabbe\" title=\"Crabbe\">Crabbe</a> | <a href=\"/wiki/Bartemius_Crouch_Jr.\" class=\"mw-redirect\" title=\"Bartemius Crouch Jr.\">Barty Crouch Jr.</a> (deceased) | <a href=\"/wiki/Antonin_Dolohov\" title=\"Antonin Dolohov\">Antonin Dolohov</a> | <a href=\"/wiki/Gibbon\" title=\"Gibbon\">Gibbon</a> (deceased) | <a href=\"/wiki/Goyle\" title=\"Goyle\">Goyle</a> | <a href=\"/wiki/Jugson\" title=\"Jugson\">Jugson</a> | <a href=\"/wiki/Barnaby_Lee%27s_father\" title=\"Barnaby Lee&#39;s father\">Barnaby Lee's father</a> | <a href=\"/wiki/Barnaby_Lee%27s_mother\" title=\"Barnaby Lee&#39;s mother\">Barnaby Lee's mother</a> | <a href=\"/wiki/Bellatrix_Lestrange\" title=\"Bellatrix Lestrange\">Bellatrix Lestrange</a> (deceased) | <a href=\"/wiki/Rabastan_Lestrange\" title=\"Rabastan Lestrange\">Rabastan Lestrange</a> | <a href=\"/wiki/Rodolphus_Lestrange\" title=\"Rodolphus Lestrange\">Rodolphus Lestrange</a> | <a href=\"/wiki/Walden_Macnair\" title=\"Walden Macnair\">Walden Macnair</a> | <a href=\"/wiki/Mulciber_(Riddle-era)\" class=\"mw-redirect\" title=\"Mulciber (Riddle-era)\">Mulciber (I)</a> | <a href=\"/wiki/Mulciber_(Marauder-era)\" class=\"mw-redirect\" title=\"Mulciber (Marauder-era)\">Mulciber (II)</a> | <a href=\"/wiki/Nott\" title=\"Nott\">Nott</a> | <a href=\"/wiki/Pyrites\" title=\"Pyrites\">Pyrites</a> (possibly) | <strong class=\"mw-selflink selflink\">Augustus Rookwood</strong> | <a href=\"/wiki/Rosier_(male)\" title=\"Rosier (male)\">Rosier</a> | <a href=\"/wiki/Evan_Rosier\" title=\"Evan Rosier\">Evan Rosier</a> (deceased) | <a href=\"/wiki/Thorfinn_Rowle\" title=\"Thorfinn Rowle\">Thorfinn Rowle</a> | <a href=\"/wiki/Selwyn\" title=\"Selwyn\">Selwyn</a> | <a href=\"/wiki/Merula_Snyde%27s_father\" title=\"Merula Snyde&#39;s father\">Merula Snyde's father</a> | <a href=\"/wiki/Merula_Snyde%27s_mother\" title=\"Merula Snyde&#39;s mother\">Merula Snyde's mother</a> | <a href=\"/wiki/Travers\" title=\"Travers\">Travers</a> | <a href=\"/wiki/Wilkes\" title=\"Wilkes\">Wilkes</a> (deceased) | <a href=\"/wiki/Corban_Yaxley\" title=\"Corban Yaxley\">Corban Yaxley</a> | <a href=\"/wiki/Category:Unidentified_Death_Eaters\" title=\"Category:Unidentified Death Eaters\">Unidentified Death Eaters</a>\n</p>\n</td></tr>\n<tr>\n<td style=\"font-size: 90%;\"><b><a href=\"/wiki/Category:Death_Eater_defectors\" title=\"Category:Death Eater defectors\">Death Eater defectors</a></b><br />\n<p><a href=\"/wiki/Regulus_Black\" title=\"Regulus Black\">Regulus Black</a> (deceased) | <a href=\"/wiki/Igor_Karkaroff\" title=\"Igor Karkaroff\">Igor Karkaroff</a> (deceased) | <a href=\"/wiki/Draco_Malfoy\" title=\"Draco Malfoy\">Draco Malfoy</a> | <a href=\"/wiki/Lucius_Malfoy\" title=\"Lucius Malfoy\">Lucius Malfoy</a> | <a href=\"/wiki/Peter_Pettigrew\" title=\"Peter Pettigrew\">Peter Pettigrew</a> (deceased) | <a href=\"/wiki/Severus_Snape\" title=\"Severus Snape\">Severus Snape</a> (deceased)\n</p>\n</td></tr>\n<tr>\n<td style=\"font-size: 90%;\"><b><a href=\"/wiki/Category:Death_Eater_allies\" title=\"Category:Death Eater allies\">Death Eater allies</a></b><br />\n<p><a href=\"/wiki/Borgin\" title=\"Borgin\">Borgin</a> | <a href=\"/wiki/Vincent_Crabbe\" title=\"Vincent Crabbe\">Vincent Crabbe</a> | <a href=\"/wiki/John_Dawlish\" title=\"John Dawlish\">John Dawlish</a> | <a href=\"/wiki/Delphini\" title=\"Delphini\">Delphini</a> | <a href=\"/wiki/Golgomath\" title=\"Golgomath\">Golgomath</a> | <a href=\"/wiki/Gregory_Goyle\" title=\"Gregory Goyle\">Gregory Goyle</a> | <a href=\"/wiki/Fenrir_Greyback\" title=\"Fenrir Greyback\">Fenrir Greyback</a> | <a href=\"/wiki/Mafalda_Hopkirk\" title=\"Mafalda Hopkirk\">Mafalda Hopkirk</a> | <a href=\"/wiki/Narcissa_Malfoy\" title=\"Narcissa Malfoy\">Narcissa Malfoy</a> (defected) | <a href=\"/wiki/Nagini\" title=\"Nagini\">Nagini</a> | <a href=\"/wiki/Penelope_Fawley%27s_father\" title=\"Penelope Fawley&#39;s father\">Mr Padget</a> | <a href=\"/wiki/Penelope_Fawley%27s_mother\" title=\"Penelope Fawley&#39;s mother\">Mrs Padgett</a> | <a href=\"/wiki/Pansy_Parkinson\" title=\"Pansy Parkinson\">Pansy Parkinson</a> | <a href=\"/wiki/Quirinus_Quirrell\" title=\"Quirinus Quirrell\">Quirinus Quirrell</a> | <a href=\"/wiki/Albert_Runcorn\" title=\"Albert Runcorn\">Albert Runcorn</a> | <a href=\"/wiki/Scabior\" title=\"Scabior\">Scabior</a> | <a href=\"/wiki/Serpent_of_Slytherin\" title=\"Serpent of Slytherin\">Serpent of Slytherin</a> | <a href=\"/wiki/Pius_Thicknesse\" title=\"Pius Thicknesse\">Pius Thicknesse</a> (<a href=\"/wiki/Imperius_Curse\" title=\"Imperius Curse\">Imperiused</a>) | <a href=\"/wiki/Dolores_Umbridge\" title=\"Dolores Umbridge\">Dolores Umbridge</a> |\n</p>\n</td></tr>\n<tr>\n<td style=\"font-size: 90%;\"><b>Other affiliations</b><br />\n<p><a href=\"/wiki/British_Ministry_of_Magic\" title=\"British Ministry of Magic\">British Ministry of Magic</a> (under <a href=\"/wiki/Tom_Riddle\" title=\"Tom Riddle\">Voldemort</a>'s <a href=\"/wiki/Fall_of_the_Ministry_of_Magic\" title=\"Fall of the Ministry of Magic\">control</a>) | <a href=\"/wiki/Daily_Prophet\" title=\"Daily Prophet\">Daily Prophet</a> (Under <a href=\"/wiki/Tom_Riddle\" title=\"Tom Riddle\">Voldemort</a>'s control) | <a href=\"/wiki/Dementor\" title=\"Dementor\">Dementors</a> | <a href=\"/wiki/Draco_Malfoy%27s_gang\" title=\"Draco Malfoy&#39;s gang\">Draco Malfoy's gang</a> | <a href=\"/wiki/Tom_Riddle%27s_gang\" title=\"Tom Riddle&#39;s gang\">Tom Riddle's gang</a> | <a href=\"/wiki/Gang_of_Slytherins\" title=\"Gang of Slytherins\">Gang of Slytherins</a> | <a href=\"/wiki/Giant_colony\" title=\"Giant colony\">Giants</a> (<a href=\"/wiki/Golgomath\" title=\"Golgomath\">Golgomath</a>'s control) | <a href=\"/wiki/Inferius\" title=\"Inferius\">Inferius</a> | <a href=\"/wiki/Muggle-Born_Registration_Commission\" title=\"Muggle-Born Registration Commission\">Muggle-Born Registration Commission</a> | <a href=\"/wiki/Theodore_Nott\" title=\"Theodore Nott\">Theodore Nott</a> (possibly) | <a href=\"/wiki/Snatchers\" title=\"Snatchers\">Snatchers</a> | <a href=\"/wiki/Werewolf_army\" title=\"Werewolf army\">Werewolf army</a>\n</p>\n</td></tr>\n<tr>\n<td style=\"font-size: 90%;\"><b><a href=\"/wiki/Category:Locations_used_by_the_Death_Eaters\" title=\"Category:Locations used by the Death Eaters\">Death Eater establishments</a></b><br />\n<p><a href=\"/wiki/Abandoned_nuclear_power_plant\" title=\"Abandoned nuclear power plant\">Abandoned nuclear power plant</a> | <a href=\"/wiki/Borgin_and_Burkes\" title=\"Borgin and Burkes\">Borgin and Burkes</a> | <a href=\"/wiki/British_Ministry_of_Magic_Headquarters\" title=\"British Ministry of Magic Headquarters\">British Ministry of Magic Headquarters</a> (under Voldemort's control)  | <a href=\"/wiki/The_Cave\" title=\"The Cave\">The Cave</a> | <a href=\"/wiki/Chamber_of_Secrets\" title=\"Chamber of Secrets\">Chamber of Secrets</a> | <a href=\"/wiki/Forbidden_Forest\" title=\"Forbidden Forest\">Forbidden Forest</a> | <a href=\"/wiki/Gaunt_Shack\" title=\"Gaunt Shack\">Gaunt Shack</a> | <a href=\"/wiki/Lee_family_house\" title=\"Lee family house\">Lee family house</a> | <a href=\"/wiki/Lestrange_Vault\" title=\"Lestrange Vault\">Lestrange Vault</a> | <a href=\"/wiki/Little_Hangleton_graveyard\" title=\"Little Hangleton graveyard\">Little Hangleton graveyard</a> | <a href=\"/wiki/Malfoy_Manor\" title=\"Malfoy Manor\">Malfoy Manor</a> | <a href=\"/wiki/Riddle_House\" title=\"Riddle House\">Riddle House</a> | <a href=\"/wiki/The_Ruins\" title=\"The Ruins\">The Ruins</a> | <a href=\"/wiki/Spinner%27s_End\" title=\"Spinner&#39;s End\">Spinner's End</a>\n</p>\n</td></tr></tbody></table></div>"}]}}}}