{"batchcomplete": "", "warnings": {"main": {"*": "Subscribe to the mediawiki-api-announce mailing list at <https://lists.wikimedia.org/mailman/listinfo/mediawiki-api-announce> for notice of API deprecations and breaking changes."}, "revisions": {"*": "The parameter \"rvparse\" has been deprecated.\nBecause \"rvslots\" was not specified, a legacy format has been used for the output. This format is deprecated, and in the future the new format will always be used."}}, "query": {"normalized": [{"from": "Augusta_Longbottom", "to": "Augusta Longbottom"}], "pages": {"555": {"pageid": 555, "ns": 0, "title": "Augusta Longbottom", "revisions": [{"*": "<div class=\"mw-parser-output\"><p>\n<aside role=\"region\" class=\"portable-infobox pi-background pi-theme-wizard pi-layout-default\">\n<figure class=\"pi-item pi-image\" data-source=\"image\">\n\t<a href=\"https://static.wikia.nocookie.net/harrypotter/images/d/d8/Augusta2.jpg/revision/latest?cb=20171108221201\" class=\"image image-thumbnail\"\n\t   title=\"\">\n\t\t<img src=\"https://static.wikia.nocookie.net/harrypotter/images/d/d8/Augusta2.jpg/revision/latest/scale-to-width-down/350?cb=20171108221201\" srcset=\"https://static.wikia.nocookie.net/harrypotter/images/d/d8/Augusta2.jpg/revision/latest/scale-to-width-down/350?cb=20171108221201 1x, https://static.wikia.nocookie.net/harrypotter/images/d/d8/Augusta2.jpg/revision/latest/scale-to-width-down/699?cb=20171108221201 2x\" class=\"pi-image-thumbnail\" alt=\"\" width=\"270\" height=\"327\"\n\t\t     data-image-key=\"Augusta2.jpg\" data-image-name=\"Augusta2.jpg\"/>\n\t\t\n\t</a>\n\t\n</figure>\n<section class=\"pi-item pi-group pi-border-color\">\n\t\n<h2 class=\"pi-item pi-item-spacing pi-title\" data-source=\"name\">Augusta Longbottom</h2>\n\n</section>\n<section class=\"pi-item pi-group pi-border-color\">\n\t<h2 class=\"pi-item pi-header pi-secondary-font pi-item-spacing pi-secondary-background\">Biographical information</h2>\n\n<div class=\"pi-item pi-data pi-item-spacing pi-border-color\" data-source=\"born\">\n\t\n\t\t<h3 class=\"pi-data-label pi-secondary-font\">Born</h3>\n\t\n\t<div class=\"pi-data-value pi-font\">Before <a href=\"/wiki/1947\" title=\"1947\">1947</a><sup id=\"cite_ref-1\" class=\"reference\"><a href=\"#cite_note-1\">&#91;1&#93;</a></sup><sup id=\"cite_ref-2\" class=\"reference\"><a href=\"#cite_note-2\">&#91;2&#93;</a></sup></div>\n</div>\n\n<div class=\"pi-item pi-data pi-item-spacing pi-border-color\" data-source=\"blood\">\n\t\n\t\t<h3 class=\"pi-data-label pi-secondary-font\">Blood status</h3>\n\t\n\t<div class=\"pi-data-value pi-font\"><a href=\"/wiki/Pure-blood\" title=\"Pure-blood\">Pure-blood</a><sup id=\"cite_ref-longbottomfamilytree_3-0\" class=\"reference\"><a href=\"#cite_note-longbottomfamilytree-3\">&#91;3&#93;</a></sup></div>\n</div>\n\n<div class=\"pi-item pi-data pi-item-spacing pi-border-color\" data-source=\"nationality\">\n\t\n\t\t<h3 class=\"pi-data-label pi-secondary-font\">Nationality</h3>\n\t\n\t<div class=\"pi-data-value pi-font\"><a href=\"/wiki/Great_Britain\" title=\"Great Britain\">British</a> or <a href=\"/wiki/Ireland\" title=\"Ireland\">Irish</a><sup id=\"cite_ref-4\" class=\"reference\"><a href=\"#cite_note-4\">&#91;4&#93;</a></sup></div>\n</div>\n\n</section>\n<section class=\"pi-item pi-group pi-border-color\">\n\t<h2 class=\"pi-item pi-header pi-secondary-font pi-item-spacing pi-secondary-background\">Physical information</h2>\n\n<div class=\"pi-item pi-data pi-item-spacing pi-border-color\" data-source=\"species\">\n\t\n\t\t<h3 class=\"pi-data-label pi-secondary-font\">Species</h3>\n\t\n\t<div class=\"pi-data-value pi-font\"><a href=\"/wiki/Human\" title=\"Human\">Human</a><sup id=\"cite_ref-PS6_5-0\" class=\"reference\"><a href=\"#cite_note-PS6-5\">&#91;5&#93;</a></sup></div>\n</div>\n\n<div class=\"pi-item pi-data pi-item-spacing pi-border-color\" data-source=\"gender\">\n\t\n\t\t<h3 class=\"pi-data-label pi-secondary-font\">Gender</h3>\n\t\n\t<div class=\"pi-data-value pi-font\">Female<sup id=\"cite_ref-PS6_5-1\" class=\"reference\"><a href=\"#cite_note-PS6-5\">&#91;5&#93;</a></sup></div>\n</div>\n\n<div class=\"pi-item pi-data pi-item-spacing pi-border-color\" data-source=\"height\">\n\t\n\t\t<h3 class=\"pi-data-label pi-secondary-font\">Height</h3>\n\t\n\t<div class=\"pi-data-value pi-font\">Tall<sup id=\"cite_ref-OOTP23_6-0\" class=\"reference\"><a href=\"#cite_note-OOTP23-6\">&#91;6&#93;</a></sup></div>\n</div>\n\n</section>\n<section class=\"pi-item pi-group pi-border-color\">\n\t<h2 class=\"pi-item pi-header pi-secondary-font pi-item-spacing pi-secondary-background\">Relationship information</h2>\n\n<div class=\"pi-item pi-data pi-item-spacing pi-border-color\" data-source=\"family\">\n\t\n\t\t<h3 class=\"pi-data-label pi-secondary-font\">Family members</h3>\n\t\n\t<div class=\"pi-data-value pi-font\"><ul><li><a href=\"/wiki/Frank_Longbottom%27s_father\" title=\"Frank Longbottom&#039;s father\">Mr Longbottom</a> (husband)<sup id=\"cite_ref-longbottomfamilytree_3-1\" class=\"reference\"><a href=\"#cite_note-longbottomfamilytree-3\">&#91;3&#93;</a></sup> \u2020</li><li><a href=\"/wiki/Frank_Longbottom\" title=\"Frank Longbottom\">Frank Longbottom</a> (son)</li><li><a href=\"/wiki/Algie_Longbottom\" title=\"Algie Longbottom\">Algie Longbottom</a> (brother-in-law)<sup id=\"cite_ref-longbottomfamilytree_3-2\" class=\"reference\"><a href=\"#cite_note-longbottomfamilytree-3\">&#91;3&#93;</a></sup></li><li><a href=\"/wiki/Enid_Longbottom\" title=\"Enid Longbottom\">Enid Longbottom</a> (sister-in-law)<sup id=\"cite_ref-longbottomfamilytree_3-3\" class=\"reference\"><a href=\"#cite_note-longbottomfamilytree-3\">&#91;3&#93;</a></sup></li><li><a href=\"/wiki/Alice_Longbottom\" title=\"Alice Longbottom\">Alice Longbottom</a> (daughter-in-law)</li><li><a href=\"/wiki/Neville_Longbottom\" title=\"Neville Longbottom\">Neville Longbottom</a> (grandson)</li><li><a href=\"/wiki/Hannah_Abbott\" title=\"Hannah Abbott\">Hannah Longbottom</a> <span class=\"template-c\">(n\u00e9e <a href=\"/wiki/Abbott\" title=\"Abbott\">Abbott</a>)</span> (granddaughter-in-law)</li></ul></div>\n</div>\n\n</section>\n<section class=\"pi-item pi-group pi-border-color\">\n\t<h2 class=\"pi-item pi-header pi-secondary-font pi-item-spacing pi-secondary-background\">Affiliation</h2>\n\n<div class=\"pi-item pi-data pi-item-spacing pi-border-color\" data-source=\"loyalty\">\n\t\n\t\t<h3 class=\"pi-data-label pi-secondary-font\">Loyalty</h3>\n\t\n\t<div class=\"pi-data-value pi-font\"><ul><li><a href=\"/wiki/Longbottom_family\" title=\"Longbottom family\">Longbottom family</a><sup id=\"cite_ref-OOTP23_6-1\" class=\"reference\"><a href=\"#cite_note-OOTP23-6\">&#91;6&#93;</a></sup></li><li><a href=\"/wiki/Order_of_the_Phoenix\" title=\"Order of the Phoenix\">Order of the Phoenix</a><sup id=\"cite_ref-OOTP11_7-0\" class=\"reference\"><a href=\"#cite_note-OOTP11-7\">&#91;7&#93;</a></sup><sup id=\"cite_ref-DH31_8-0\" class=\"reference\"><a href=\"#cite_note-DH31-8\">&#91;8&#93;</a></sup></li><li><a href=\"/wiki/Hogwarts_School_of_Witchcraft_and_Wizardry\" title=\"Hogwarts School of Witchcraft and Wizardry\">Hogwarts School of Witchcraft and Wizardry</a><sup id=\"cite_ref-HBP9_9-0\" class=\"reference\"><a href=\"#cite_note-HBP9-9\">&#91;9&#93;</a></sup></li></ul></div>\n</div>\n\n</section>\n<nav class=\"pi-navigation pi-item-spacing pi-secondary-background pi-secondary-font\"><small><a href=\"/wiki/Template:Individual_infobox\" title=\"Template:Individual infobox\">[Source]</a><span class=\"hidable-button\"></span></small></nav>\n</aside>\n\n</p>\n<div class=\"quote\">\n<dl><dd><span title=\"Source:&#160;Harry Potter and the Deathly Hallows\"><b>Augusta</b>: \"<i>...Have you seen my grandson?</i>\"</span></dd>\n<dd><b>Harry Potter</b>: \"<i>He's fighting.</i>\"</dd>\n<dd><b>Augusta</b>: \"<i>Naturally. Excuse me, I must go and assist him.</i>\"</dd>\n<dd>&#8212; Augusta's willingness to fight in the <a href=\"/wiki/Battle_of_Hogwarts\" title=\"Battle of Hogwarts\">Battle of Hogwarts</a><sup class=\"noprint\"><a href=\"/wiki/Harry_Potter_and_the_Deathly_Hallows\" title=\"Harry Potter and the Deathly Hallows\">[src]</a></sup></dd></dl>\n</div>\n<p><b>Augusta Longbottom</b> (b. pre <a href=\"/wiki/1947\" title=\"1947\">1947</a>) was a <a href=\"/wiki/Pure-blood\" title=\"Pure-blood\">pure-blood</a> <a href=\"/wiki/Wizardkind\" title=\"Wizardkind\">witch</a> and member of the <a href=\"/wiki/Longbottom_family\" title=\"Longbottom family\">Longbottom family</a> through marriage. She was the mother of famous <a href=\"/wiki/Auror\" title=\"Auror\">Auror</a> <a href=\"/wiki/Frank_Longbottom\" title=\"Frank Longbottom\">Frank Longbottom</a>, mother-in-law to Auror <a href=\"/wiki/Alice_Longbottom\" title=\"Alice Longbottom\">Alice Longbottom</a>, and grandmother to <a href=\"/wiki/Neville_Longbottom\" title=\"Neville Longbottom\">Neville Longbottom</a>. Through Neville's marriage, she has a granddaughter-in-law, <a href=\"/wiki/Hannah_Abbott\" title=\"Hannah Abbott\">Hannah Longbottom</a>.\n</p>\n<div id=\"toc\" class=\"toc\"><input type=\"checkbox\" role=\"button\" id=\"toctogglecheckbox\" class=\"toctogglecheckbox\" style=\"display:none\" /><div class=\"toctitle\" lang=\"en\" dir=\"ltr\"><h2>Contents</h2><span class=\"toctogglespan\"><label class=\"toctogglelabel\" for=\"toctogglecheckbox\"></label></span></div>\n<ul>\n<li class=\"toclevel-1 tocsection-1\"><a href=\"#Biography\"><span class=\"tocnumber\">1</span> <span class=\"toctext\">Biography</span></a>\n<ul>\n<li class=\"toclevel-2 tocsection-2\"><a href=\"#Early_life_and_marriage\"><span class=\"tocnumber\">1.1</span> <span class=\"toctext\">Early life and marriage</span></a></li>\n<li class=\"toclevel-2 tocsection-3\"><a href=\"#Raising_her_grandson\"><span class=\"tocnumber\">1.2</span> <span class=\"toctext\">Raising her grandson</span></a></li>\n<li class=\"toclevel-2 tocsection-4\"><a href=\"#Second_Wizarding_War\"><span class=\"tocnumber\">1.3</span> <span class=\"toctext\">Second Wizarding War</span></a></li>\n</ul>\n</li>\n<li class=\"toclevel-1 tocsection-5\"><a href=\"#Physical_appearance\"><span class=\"tocnumber\">2</span> <span class=\"toctext\">Physical appearance</span></a></li>\n<li class=\"toclevel-1 tocsection-6\"><a href=\"#Personality_and_traits\"><span class=\"tocnumber\">3</span> <span class=\"toctext\">Personality and traits</span></a></li>\n<li class=\"toclevel-1 tocsection-7\"><a href=\"#Magical_abilities_and_skills\"><span class=\"tocnumber\">4</span> <span class=\"toctext\">Magical abilities and skills</span></a></li>\n<li class=\"toclevel-1 tocsection-8\"><a href=\"#Relationships\"><span class=\"tocnumber\">5</span> <span class=\"toctext\">Relationships</span></a>\n<ul>\n<li class=\"toclevel-2 tocsection-9\"><a href=\"#Neville_Longbottom\"><span class=\"tocnumber\">5.1</span> <span class=\"toctext\">Neville Longbottom</span></a></li>\n<li class=\"toclevel-2 tocsection-10\"><a href=\"#Frank_and_Alice_Longbottom\"><span class=\"tocnumber\">5.2</span> <span class=\"toctext\">Frank and Alice Longbottom</span></a></li>\n<li class=\"toclevel-2 tocsection-11\"><a href=\"#Griselda_Marchbanks\"><span class=\"tocnumber\">5.3</span> <span class=\"toctext\">Griselda Marchbanks</span></a></li>\n<li class=\"toclevel-2 tocsection-12\"><a href=\"#Harry_Potter\"><span class=\"tocnumber\">5.4</span> <span class=\"toctext\">Harry Potter</span></a></li>\n<li class=\"toclevel-2 tocsection-13\"><a href=\"#Albus_Dumbledore\"><span class=\"tocnumber\">5.5</span> <span class=\"toctext\">Albus Dumbledore</span></a></li>\n</ul>\n</li>\n<li class=\"toclevel-1 tocsection-14\"><a href=\"#Etymology\"><span class=\"tocnumber\">6</span> <span class=\"toctext\">Etymology</span></a></li>\n<li class=\"toclevel-1 tocsection-15\"><a href=\"#Behind_the_scenes\"><span class=\"tocnumber\">7</span> <span class=\"toctext\">Behind the scenes</span></a></li>\n<li class=\"toclevel-1 tocsection-16\"><a href=\"#Appearances\"><span class=\"tocnumber\">8</span> <span class=\"toctext\">Appearances</span></a></li>\n<li class=\"toclevel-1 tocsection-17\"><a href=\"#Notes_and_references\"><span class=\"tocnumber\">9</span> <span class=\"toctext\">Notes and references</span></a></li>\n</ul>\n</div>\n\n<h2><span class=\"mw-headline\" id=\"Biography\">Biography</span><span class=\"mw-editsection\"><span class=\"mw-editsection-bracket\">[</span><a href=\"/wiki/Augusta_Longbottom?veaction=edit&amp;section=1\" class=\"mw-editsection-visualeditor\" title=\"Edit section: Biography\">edit</a><span class=\"mw-editsection-divider\"> | </span><a href=\"/wiki/Augusta_Longbottom?action=edit&amp;section=1\" title=\"Edit section: Biography\"><svg class=\"wds-icon wds-icon-tiny section-edit-pencil-icon\"><use xlink:href=\"#wds-icons-pencil-tiny\"></use></svg>edit source</a><span class=\"mw-editsection-bracket\">]</span></span></h2>\n<h3><span class=\"mw-headline\" id=\"Early_life_and_marriage\">Early life and marriage</span><span class=\"mw-editsection\"><span class=\"mw-editsection-bracket\">[</span><a href=\"/wiki/Augusta_Longbottom?veaction=edit&amp;section=2\" class=\"mw-editsection-visualeditor\" title=\"Edit section: Early life and marriage\">edit</a><span class=\"mw-editsection-divider\"> | </span><a href=\"/wiki/Augusta_Longbottom?action=edit&amp;section=2\" title=\"Edit section: Early life and marriage\"><svg class=\"wds-icon wds-icon-tiny section-edit-pencil-icon\"><use xlink:href=\"#wds-icons-pencil-tiny\"></use></svg>edit source</a><span class=\"mw-editsection-bracket\">]</span></span></h3>\n<div class=\"quote\">\n<dl><dd><span title=\"Source:&#160;Harry Potter and the Half-Blood Prince\">\"<i>Take Charms and I shall drop Augusta a <a href=\"/wiki/Minerva_McGonagall%27s_letter_to_Augusta_Longbottom\" title=\"Minerva McGonagall&#39;s letter to Augusta Longbottom\">line</a> reminding her that just because she failed her Charms O.W.L., the subject is not necessarily worthless.</i>\"</span></dd>\n<dd>&#8212;<a href=\"/wiki/Minerva_McGonagall\" title=\"Minerva McGonagall\">Minerva McGonagall</a> on Augusta's school days<sup class=\"noprint\"><a href=\"/wiki/Harry_Potter_and_the_Half-Blood_Prince\" title=\"Harry Potter and the Half-Blood Prince\">[src]</a></sup></dd>\n<dd></dd></dl></div><figure class=\"thumb tleft show-info-icon\" style=\"width: 167px\"> \t<a href=\"https://static.wikia.nocookie.net/harrypotter/images/f/f8/Family_Longbottom.jpg/revision/latest?cb=20180904190911\" class=\"image\"><img alt=\"\" src=\"https://static.wikia.nocookie.net/harrypotter/images/f/f8/Family_Longbottom.jpg/revision/latest/scale-to-width-down/165?cb=20180904190911\" decoding=\"async\" width=\"165\" height=\"217\" class=\"thumbimage\" data-image-name=\"Family Longbottom.jpg\" data-image-key=\"Family_Longbottom.jpg\" /></a> \t \t<figcaption class=\"thumbcaption\"> \t\t \t\t\t<a href=\"/wiki/File:Family_Longbottom.jpg\" class=\"info-icon\"><svg><use xlink:href=\"#wds-icons-info-small\"></use></svg></a> \t\t \t\t \t\t \t\t\t<p class=\"caption\">Augusta with her grandson and his pet toad</p> \t\t \t</figcaption> </figure>\n<p>Little is known about Augusta's early life except that she may have had at least one sibling.<sup id=\"cite_ref-Quill_10-0\" class=\"reference\"><a href=\"#cite_note-Quill-10\">&#91;10&#93;</a></sup> In her school years she failed her <a href=\"/wiki/Charms_(class)\" title=\"Charms (class)\">Charms</a> <a href=\"/wiki/Ordinary_Wizarding_Level\" title=\"Ordinary Wizarding Level\">O.W.L.</a>, causing her to later label it a \"soft option.\"<sup id=\"cite_ref-HBP9_9-1\" class=\"reference\"><a href=\"#cite_note-HBP9-9\">&#91;9&#93;</a></sup> It's likely that Augusta went to school with Minerva McGonagall and attended under <a href=\"/wiki/Headmaster\" title=\"Headmaster\">Headmaster</a> <a href=\"/wiki/Armando_Dippet\" title=\"Armando Dippet\">Dippet</a>. It is also noted that she wanted her grandson to take <a href=\"/wiki/Transfiguration_(class)\" title=\"Transfiguration (class)\">Transfiguration</a>,<sup id=\"cite_ref-HBP9_9-2\" class=\"reference\"><a href=\"#cite_note-HBP9-9\">&#91;9&#93;</a></sup> implying that while in school, she did well in that subject.\n</p><p>At some point, Augusta married <a href=\"/wiki/Frank_Longbottom%27s_father\" title=\"Frank Longbottom&#39;s father\">Mr Longbottom</a>, a <a href=\"/wiki/Wizardkind\" title=\"Wizardkind\">wizard</a>.<sup id=\"cite_ref-longbottomfamilytree_3-4\" class=\"reference\"><a href=\"#cite_note-longbottomfamilytree-3\">&#91;3&#93;</a></sup> They had at least one child, a son, <a href=\"/wiki/Frank_Longbottom\" title=\"Frank Longbottom\">Frank</a>.<sup id=\"cite_ref-longbottomfamilytree_3-5\" class=\"reference\"><a href=\"#cite_note-longbottomfamilytree-3\">&#91;3&#93;</a></sup>\n</p><p>In <a href=\"/wiki/1947\" title=\"1947\">1947</a>, Neville's \"granddad\" (most likely Mr Longbottom) put a <a href=\"/wiki/Fanged_gerbil\" title=\"Fanged gerbil\">fanged gerbil</a> in Augusta's handbag as a prank, causing her to always keep a mousetrap inside it from that point onward.<sup id=\"cite_ref-QH_11-0\" class=\"reference\"><a href=\"#cite_note-QH-11\">&#91;11&#93;</a></sup> At some point Mr Longbottom died and his grandson was witness to it. \n</p>\n<h3><span class=\"mw-headline\" id=\"Raising_her_grandson\">Raising her grandson</span><span class=\"mw-editsection\"><span class=\"mw-editsection-bracket\">[</span><a href=\"/wiki/Augusta_Longbottom?veaction=edit&amp;section=3\" class=\"mw-editsection-visualeditor\" title=\"Edit section: Raising her grandson\">edit</a><span class=\"mw-editsection-divider\"> | </span><a href=\"/wiki/Augusta_Longbottom?action=edit&amp;section=3\" title=\"Edit section: Raising her grandson\"><svg class=\"wds-icon wds-icon-tiny section-edit-pencil-icon\"><use xlink:href=\"#wds-icons-pencil-tiny\"></use></svg>edit source</a><span class=\"mw-editsection-bracket\">]</span></span></h3>\n<figure class=\"thumb tright show-info-icon\" style=\"width: 232px\"> \t<a href=\"https://static.wikia.nocookie.net/harrypotter/images/a/a6/AugustaAndNeville1991.jpg/revision/latest?cb=20160408074805\" class=\"image\"><img alt=\"\" src=\"https://static.wikia.nocookie.net/harrypotter/images/a/a6/AugustaAndNeville1991.jpg/revision/latest/scale-to-width-down/230?cb=20160408074805\" decoding=\"async\" width=\"230\" height=\"193\" class=\"thumbimage\" data-image-name=\"AugustaAndNeville1991.jpg\" data-image-key=\"AugustaAndNeville1991.jpg\" /></a> \t \t<figcaption class=\"thumbcaption\"> \t\t \t\t\t<a href=\"/wiki/File:AugustaAndNeville1991.jpg\" class=\"info-icon\"><svg><use xlink:href=\"#wds-icons-info-small\"></use></svg></a> \t\t \t\t \t\t \t\t\t<p class=\"caption\">Augusta takes her grandson to <a href=\"/wiki/Platform_Nine_and_Three-Quarters\" title=\"Platform Nine and Three-Quarters\">Platform 9\u00be</a> to start his magical education</p> \t\t \t</figcaption> </figure>\n<p>During the <a href=\"/wiki/First_Wizarding_War\" title=\"First Wizarding War\">First Wizarding War</a>, Augusta's son <a href=\"/wiki/Frank_Longbottom\" title=\"Frank Longbottom\">Frank</a> was both an <a href=\"/wiki/Auror\" title=\"Auror\">Auror</a> and a member of the <a href=\"/wiki/Order_of_the_Phoenix\" title=\"Order of the Phoenix\">Order of the Phoenix</a>, as was his wife <a href=\"/wiki/Alice_Longbottom\" title=\"Alice Longbottom\">Alice</a>. The highly respected couple survived the war, but shortly after <a href=\"/wiki/Tom_Riddle\" title=\"Tom Riddle\">Lord Voldemort</a>'s defeat in 1981, they were attacked by <a href=\"/wiki/Death_Eaters\" title=\"Death Eaters\">Death Eaters</a> who tortured them into insanity with the <a href=\"/wiki/Cruciatus_Curse\" title=\"Cruciatus Curse\">Cruciatus Curse</a>.<sup id=\"cite_ref-GOF30_12-0\" class=\"reference\"><a href=\"#cite_note-GOF30-12\">&#91;12&#93;</a></sup> The couple had to be institutionalised, and their infant son <a href=\"/wiki/Neville_Longbottom\" title=\"Neville Longbottom\">Neville</a> was placed into Augusta's care.\n</p><p>Augusta was clearly strict with her grandson, who she initially feared was a <a href=\"/wiki/Squib\" title=\"Squib\">Squib</a>. Even after Neville proved to be a wizard, his grandmother was stern and demanding of him, sending him <a href=\"/wiki/Howler\" title=\"Howler\">Howlers</a> when his behaviour displeased her and pressuring him to uphold the \"family honour.\" She often took Neville to visit his incapacitated parents at <a href=\"/wiki/St_Mungo%27s_Hospital_for_Magical_Maladies_and_Injuries\" title=\"St Mungo&#39;s Hospital for Magical Maladies and Injuries\">St Mungo's</a>, stating that he should be proud of their sacrifice.<sup id=\"cite_ref-OOTP23_6-2\" class=\"reference\"><a href=\"#cite_note-OOTP23-6\">&#91;6&#93;</a></sup>\n</p>\n<h3><span class=\"mw-headline\" id=\"Second_Wizarding_War\">Second Wizarding War</span><span class=\"mw-editsection\"><span class=\"mw-editsection-bracket\">[</span><a href=\"/wiki/Augusta_Longbottom?veaction=edit&amp;section=4\" class=\"mw-editsection-visualeditor\" title=\"Edit section: Second Wizarding War\">edit</a><span class=\"mw-editsection-divider\"> | </span><a href=\"/wiki/Augusta_Longbottom?action=edit&amp;section=4\" title=\"Edit section: Second Wizarding War\"><svg class=\"wds-icon wds-icon-tiny section-edit-pencil-icon\"><use xlink:href=\"#wds-icons-pencil-tiny\"></use></svg>edit source</a><span class=\"mw-editsection-bracket\">]</span></span></h3>\n<div class=\"quote\">\n<dl><dd><span title=\"Source:&#160;Harry Potter and the Deathly Hallows\">\"<i>Thing was they bit off a bit more than they can chew with Gran. Little old witch living alone, they probably thought they didn't need to send anyone particularly powerful. Anyway, Dawlish is still in St Mungo's and Gran's on the run.</i>\"</span></dd>\n<dd>&#8212;<a href=\"/wiki/Neville_Longbottom\" title=\"Neville Longbottom\">Neville Longbottom</a> on Augusta evading capture<sup class=\"noprint\"><a href=\"/wiki/Harry_Potter_and_the_Deathly_Hallows\" title=\"Harry Potter and the Deathly Hallows\">[src]</a></sup></dd>\n<dd></dd></dl></div><figure class=\"thumb tleft show-info-icon\" style=\"width: 252px\"> \t<a href=\"https://static.wikia.nocookie.net/harrypotter/images/9/9e/StMungos_PM_B5C23M1_ChristmasAtStMungos_Moment.jpg/revision/latest?cb=20201109221209\" class=\"image\"><img alt=\"\" src=\"https://static.wikia.nocookie.net/harrypotter/images/9/9e/StMungos_PM_B5C23M1_ChristmasAtStMungos_Moment.jpg/revision/latest/scale-to-width-down/250?cb=20201109221209\" decoding=\"async\" width=\"250\" height=\"102\" class=\"thumbimage\" data-image-name=\"StMungos PM B5C23M1 ChristmasAtStMungos Moment.jpg\" data-image-key=\"StMungos_PM_B5C23M1_ChristmasAtStMungos_Moment.jpg\" /></a> \t \t<figcaption class=\"thumbcaption\"> \t\t \t\t\t<a href=\"/wiki/File:StMungos_PM_B5C23M1_ChristmasAtStMungos_Moment.jpg\" class=\"info-icon\"><svg><use xlink:href=\"#wds-icons-info-small\"></use></svg></a> \t\t \t\t \t\t \t\t\t<p class=\"caption\">Augusta visiting her son and her daughter-in-law at <a href=\"/wiki/St_Mungo%27s_Hospital_for_Magical_Maladies_and_Injuries\" title=\"St Mungo&#39;s Hospital for Magical Maladies and Injuries\">St Mungo's Hospital</a> on Christmas</p> \t\t \t</figcaption> </figure>\n<p>In <a href=\"/wiki/1995\" title=\"1995\">1995</a>, Augusta supported <a href=\"/wiki/Harry_Potter\" title=\"Harry Potter\">Harry Potter</a> and <a href=\"/wiki/Albus_Dumbledore\" title=\"Albus Dumbledore\">Albus Dumbledore</a> when they claimed that <a href=\"/wiki/Tom_Riddle\" title=\"Tom Riddle\">Lord Voldemort</a> had returned to power, as did Neville. Her support even led her to stop subscribing to the <i><a href=\"/wiki/Daily_Prophet\" title=\"Daily Prophet\">Daily Prophet</a></i>, due to the newspaper's vicious smear campaign against Harry and Dumbledore.<sup id=\"cite_ref-OOTP11_7-1\" class=\"reference\"><a href=\"#cite_note-OOTP11-7\">&#91;7&#93;</a></sup> When she found out that Neville has not told anyone of his parents' condition, she was furious at him for thinking he was ashamed and told Harry Potter, <a href=\"/wiki/Ronald_Weasley\" title=\"Ronald Weasley\">Ronald Weasley</a>, <a href=\"/wiki/Hermione_Granger\" title=\"Hermione Granger\">Hermione Granger</a>, and <a href=\"/wiki/Ginevra_Weasley\" title=\"Ginevra Weasley\">Ginny Weasley</a> about it.<sup id=\"cite_ref-OOTP23_6-3\" class=\"reference\"><a href=\"#cite_note-OOTP23-6\">&#91;6&#93;</a></sup> Sternness soon turned to pride, as she finally became proud of Neville after his involvement in the <a href=\"/wiki/Battle_of_the_Department_of_Mysteries\" title=\"Battle of the Department of Mysteries\">Battle of the Department of Mysteries</a>.<sup id=\"cite_ref-HBP7_13-0\" class=\"reference\"><a href=\"#cite_note-HBP7-13\">&#91;13&#93;</a></sup>\n</p>\n<figure class=\"thumb tright show-info-icon\" style=\"width: 252px\"> \t<a href=\"https://static.wikia.nocookie.net/harrypotter/images/a/a7/Augusta_Neville.png/revision/latest?cb=20161003172943\" class=\"image\"><img alt=\"\" src=\"data:image/gif;base64,R0lGODlhAQABAIABAAAAAP///yH5BAEAAAEALAAAAAABAAEAQAICTAEAOw%3D%3D\" decoding=\"async\" width=\"250\" height=\"105\" class=\"thumbimage lazyload\" data-image-name=\"Augusta Neville.png\" data-image-key=\"Augusta_Neville.png\" data-src=\"https://static.wikia.nocookie.net/harrypotter/images/a/a7/Augusta_Neville.png/revision/latest/scale-to-width-down/250?cb=20161003172943\" /></a> \t<noscript><a href=\"https://static.wikia.nocookie.net/harrypotter/images/a/a7/Augusta_Neville.png/revision/latest?cb=20161003172943\" class=\"image\"><img alt=\"\" src=\"https://static.wikia.nocookie.net/harrypotter/images/a/a7/Augusta_Neville.png/revision/latest/scale-to-width-down/250?cb=20161003172943\" decoding=\"async\" width=\"250\" height=\"105\" class=\"thumbimage\" data-image-name=\"Augusta Neville.png\" data-image-key=\"Augusta_Neville.png\" data-src=\"https://static.wikia.nocookie.net/harrypotter/images/a/a7/Augusta_Neville.png/revision/latest/scale-to-width-down/250?cb=20161003172943\" /></a></noscript> \t<figcaption class=\"thumbcaption\"> \t\t \t\t\t<a href=\"/wiki/File:Augusta_Neville.png\" class=\"info-icon\"><svg><use xlink:href=\"#wds-icons-info-small\"></use></svg></a> \t\t \t\t \t\t \t\t\t<p class=\"caption\">Augusta escorting her grandson to the Hogwarts Express</p> \t\t \t</figcaption> </figure>\n<p>In <a href=\"/wiki/1997\" title=\"1997\">1997</a>, after <a href=\"/wiki/Death_Eaters\" title=\"Death Eaters\">Death Eaters</a> had taken control of the <a href=\"/wiki/British_Ministry_of_Magic\" title=\"British Ministry of Magic\">Ministry of Magic</a>, Neville was one of the leaders of the student rebellion against <a href=\"/wiki/Alecto_and_Amycus_Carrow\" title=\"Alecto and Amycus Carrow\">Alecto and Amycus Carrow</a> at <a href=\"/wiki/Hogwarts_School_of_Witchcraft_and_Wizardry\" title=\"Hogwarts School of Witchcraft and Wizardry\">Hogwarts</a>. In an attempt to force Neville to be more cooperative, <a href=\"/wiki/Auror\" title=\"Auror\">Auror</a> <a href=\"/wiki/John_Dawlish\" title=\"John Dawlish\">John Dawlish</a> was ordered to capture Augusta and take her hostage to ensure Neville's behaviour. Augusta, however, put up a fight, which Dawlish wasn't expecting; according to Neville, she put Dawlish in St Mungo's. After this, Augusta went on the run.<sup id=\"cite_ref-DH29_14-0\" class=\"reference\"><a href=\"#cite_note-DH29-14\">&#91;14&#93;</a></sup>\n</p><p>She later re-emerged at the <a href=\"/wiki/Battle_of_Hogwarts\" title=\"Battle of Hogwarts\">Battle of Hogwarts</a> to assist Neville when he called everyone to arms against the <a href=\"/wiki/Death_Eaters\" title=\"Death Eaters\">Death Eater</a> army. She was the last to come through the secret passageway between the <a href=\"/wiki/Hog%27s_Head\" class=\"mw-redirect\" title=\"Hog&#39;s Head\">Hog's Head</a> and the <a href=\"/wiki/Room_of_Requirement\" title=\"Room of Requirement\">Room of Requirement</a>, so sealed it to prevent any <a href=\"/wiki/Death_Eaters\" title=\"Death Eaters\">Death Eaters</a> from breaching the school, as <a href=\"/wiki/Aberforth_Dumbledore\" title=\"Aberforth Dumbledore\">Aberforth Dumbledore</a> was no longer protecting it. Augusta expressed great pride in her grandson for following in his parents' footsteps.<sup id=\"cite_ref-DH31_8-1\" class=\"reference\"><a href=\"#cite_note-DH31-8\">&#91;8&#93;</a></sup> Augusta fought during the battle and survived.<sup id=\"cite_ref-DHF2_15-0\" class=\"reference\"><a href=\"#cite_note-DHF2-15\">&#91;15&#93;</a></sup>\n</p><p>Little is known of Augusta's life after the war. Her grandson Neville eventually married <a href=\"/wiki/Hannah_Abbott\" title=\"Hannah Abbott\">Hannah Abbott</a><sup id=\"cite_ref-PM_16-0\" class=\"reference\"><a href=\"#cite_note-PM-16\">&#91;16&#93;</a></sup> and took up a position as <a href=\"/wiki/Professor\" title=\"Professor\">Professor</a> of <a href=\"/wiki/Herbology\" title=\"Herbology\">Herbology</a> at Hogwarts.<sup id=\"cite_ref-DHE_17-0\" class=\"reference\"><a href=\"#cite_note-DHE-17\">&#91;17&#93;</a></sup>\n</p>\n<h2><span class=\"mw-headline\" id=\"Physical_appearance\">Physical appearance</span><span class=\"mw-editsection\"><span class=\"mw-editsection-bracket\">[</span><a href=\"/wiki/Augusta_Longbottom?veaction=edit&amp;section=5\" class=\"mw-editsection-visualeditor\" title=\"Edit section: Physical appearance\">edit</a><span class=\"mw-editsection-divider\"> | </span><a href=\"/wiki/Augusta_Longbottom?action=edit&amp;section=5\" title=\"Edit section: Physical appearance\"><svg class=\"wds-icon wds-icon-tiny section-edit-pencil-icon\"><use xlink:href=\"#wds-icons-pencil-tiny\"></use></svg>edit source</a><span class=\"mw-editsection-bracket\">]</span></span></h2>\n<p>Augusta Longbottom was described as a formidable looking witch. She was tall, thin and bony. She commonly wore a hat with a stuffed vulture on it and carried a bright red handbag.<sup id=\"cite_ref-OOTP23_6-4\" class=\"reference\"><a href=\"#cite_note-OOTP23-6\">&#91;6&#93;</a></sup><sup id=\"cite_ref-POA7_18-0\" class=\"reference\"><a href=\"#cite_note-POA7-18\">&#91;18&#93;</a></sup>\n</p>\n<h2><span class=\"mw-headline\" id=\"Personality_and_traits\">Personality and traits</span><span class=\"mw-editsection\"><span class=\"mw-editsection-bracket\">[</span><a href=\"/wiki/Augusta_Longbottom?veaction=edit&amp;section=6\" class=\"mw-editsection-visualeditor\" title=\"Edit section: Personality and traits\">edit</a><span class=\"mw-editsection-divider\"> | </span><a href=\"/wiki/Augusta_Longbottom?action=edit&amp;section=6\" title=\"Edit section: Personality and traits\"><svg class=\"wds-icon wds-icon-tiny section-edit-pencil-icon\"><use xlink:href=\"#wds-icons-pencil-tiny\"></use></svg>edit source</a><span class=\"mw-editsection-bracket\">]</span></span></h2>\n<div class=\"quote\">\n<dl><dd><span title=\"Source:&#160;Harry Potter and the Half-Blood Prince\">\"<i>That Harry Potter's got more backbone than the whole <a href=\"/wiki/British_Ministry_of_Magic\" title=\"British Ministry of Magic\">Ministry of Magic</a> put together!</i>\"</span></dd>\n<dd>&#8212;Augusta's views on the Ministry<sup class=\"noprint\"><a href=\"/wiki/Harry_Potter_and_the_Half-Blood_Prince\" title=\"Harry Potter and the Half-Blood Prince\">[src]</a></sup></dd>\n<dd></dd></dl></div><p>Augusta Longbottom was a severe woman who frequently claimed that her grandson, Neville, lacked the talents that his parents had possessed. She was angry when she realised Neville had never told anyone about why he lived with her, thinking that he was ashamed of his parents. Nevertheless, Augusta grew proud of her grandson after discovering how dedicated he was to defeating Lord Voldemort. She was civil towards <a href=\"/wiki/Harry_Potter\" title=\"Harry Potter\">Harry Potter</a>, <a href=\"/wiki/Ronald_Weasley\" title=\"Ronald Weasley\">Ronald Weasley</a>, and <a href=\"/wiki/Hermione_Granger\" title=\"Hermione Granger\">Hermione Granger</a> when she met them in St Mungo's.<sup id=\"cite_ref-OOTP23_6-5\" class=\"reference\"><a href=\"#cite_note-OOTP23-6\">&#91;6&#93;</a></sup> She might be somewhat biased towards what she is proud of, as she found her grandson's initial lack of talent as a failure of inheriting his father's prestige, and looked down on the idea of Neville studying <a href=\"/wiki/Charms_(class)\" title=\"Charms (class)\">charms class</a>, simply because she failed her <a href=\"/wiki/Ordinary_Wizarding_Level\" title=\"Ordinary Wizarding Level\">O.W.L.</a> in this subject herself, and instead favoured <a href=\"/wiki/Transfiguration_(class)\" title=\"Transfiguration (class)\">transfiguration</a>, most likely due to her own skill and success in it.<sup id=\"cite_ref-HBP9_9-3\" class=\"reference\"><a href=\"#cite_note-HBP9-9\">&#91;9&#93;</a></sup>\n</p><p>She seemed to have a very strong judgement of morality, as she chose to believe Harry and <a href=\"/wiki/Albus_Dumbledore\" title=\"Albus Dumbledore\">Albus Dumbledore</a>'s honest claims that <a href=\"/wiki/Tom_Riddle\" title=\"Tom Riddle\">Lord Voldemort</a> had <a href=\"/wiki/Return_of_Lord_Voldemort\" title=\"Return of Lord Voldemort\">returned</a> over the <a href=\"/wiki/British_Ministry_of_Magic\" title=\"British Ministry of Magic\">Ministry's</a> incredibly biased and dishonest denial. She even ceased her subscription of the <i><a href=\"/wiki/Daily_Prophet\" title=\"Daily Prophet\">Daily Prophet</a></i> in angry protest for backing the Ministry's <a href=\"/wiki/Campaign_to_discredit_Albus_Dumbledore_and_Harry_Potter\" title=\"Campaign to discredit Albus Dumbledore and Harry Potter\">campaign to antagonise the truth</a>.<sup id=\"cite_ref-OOTP11_7-2\" class=\"reference\"><a href=\"#cite_note-OOTP11-7\">&#91;7&#93;</a></sup>\n</p><p>Despite her elderly age (as Neville described her as a \"little old witch, living alone\"), she showed tremendous loyalty, bravery and logical thinking, as she easily and swiftly defeated the much younger <a href=\"/wiki/Auror\" title=\"Auror\">Auror</a> <a href=\"/wiki/John_Dawlish\" title=\"John Dawlish\">John Dawlish</a> who was holding her hostage and fled,<sup id=\"cite_ref-DH29_14-1\" class=\"reference\"><a href=\"#cite_note-DH29-14\">&#91;14&#93;</a></sup> and participated in the <a href=\"/wiki/Battle_of_Hogwarts\" title=\"Battle of Hogwarts\">Battle of Hogwarts</a> without fear nor hesitancy.<sup id=\"cite_ref-DH31_8-2\" class=\"reference\"><a href=\"#cite_note-DH31-8\">&#91;8&#93;</a></sup>\n</p>\n<h2><span class=\"mw-headline\" id=\"Magical_abilities_and_skills\">Magical abilities and skills</span><span class=\"mw-editsection\"><span class=\"mw-editsection-bracket\">[</span><a href=\"/wiki/Augusta_Longbottom?veaction=edit&amp;section=7\" class=\"mw-editsection-visualeditor\" title=\"Edit section: Magical abilities and skills\">edit</a><span class=\"mw-editsection-divider\"> | </span><a href=\"/wiki/Augusta_Longbottom?action=edit&amp;section=7\" title=\"Edit section: Magical abilities and skills\"><svg class=\"wds-icon wds-icon-tiny section-edit-pencil-icon\"><use xlink:href=\"#wds-icons-pencil-tiny\"></use></svg>edit source</a><span class=\"mw-editsection-bracket\">]</span></span></h2>\n<div class=\"quote\">\n<dl><dd><span title=\"Source:&#160;J.K. Rowling PotterCast Interview\">\"<i>I really saw Mrs Longbottom as a powerful witch.</i>\"</span></dd>\n<dd>&#8212;<a href=\"/wiki/J._K._Rowling\" title=\"J. K. Rowling\">J. K. Rowling</a><sup class=\"noprint\"><a href=\"/wiki/J.K._Rowling_PotterCast_Interview\" title=\"J.K. Rowling PotterCast Interview\">[src]</a></sup></dd>\n<dd></dd></dl></div><p>Augusta Longbottom was considered a highly talented and powerful <a href=\"/wiki/Wizardkind\" title=\"Wizardkind\">witch</a>. Much of her skill lay in <a href=\"/wiki/Martial_magic\" title=\"Martial magic\">martial magic</a> and she was a highly formidable <a href=\"/wiki/Duelling\" title=\"Duelling\">duellist</a>, capable of overpowering <a href=\"/wiki/Death_Eaters\" title=\"Death Eaters\">Death Eaters</a> and the <a href=\"/wiki/Auror\" title=\"Auror\">Auror</a> <a href=\"/wiki/John_Dawlish\" title=\"John Dawlish\">John Dawlish</a> who where much younger than her.<sup id=\"cite_ref-DH29_14-2\" class=\"reference\"><a href=\"#cite_note-DH29-14\">&#91;14&#93;</a></sup><sup id=\"cite_ref-DH31_8-3\" class=\"reference\"><a href=\"#cite_note-DH31-8\">&#91;8&#93;</a></sup> Augusta's age did not interfere with her magical abilities, in a similar fashion with <a href=\"/wiki/Minerva_McGonagall\" title=\"Minerva McGonagall\">Minerva McGonagall</a>, and both witches survived the <a href=\"/wiki/Battle_of_Hogwarts\" title=\"Battle of Hogwarts\">Battle of Hogwarts</a> when much younger witches and wizards perished. Despite the fact that she failed her <a href=\"/wiki/Charms_(class)\" title=\"Charms (class)\">Charms</a> <a href=\"/wiki/Ordinary_Wizarding_Level\" title=\"Ordinary Wizarding Level\">O.W.L</a>, Augusta must have been proficient enough in the various protective enchantments needed to survive whilst she was on the run. It is also probable that she was good with <a href=\"/wiki/Transfiguration\" title=\"Transfiguration\">Transfiguration</a>, as she was very insistent with her grandson taking the <a href=\"/wiki/Transfiguration_(class)\" title=\"Transfiguration (class)\">subject</a> at <a href=\"/wiki/Nastily_Exhausting_Wizarding_Test\" title=\"Nastily Exhausting Wizarding Test\">N.E.W.T.</a>-level.<sup id=\"cite_ref-HBP9_9-4\" class=\"reference\"><a href=\"#cite_note-HBP9-9\">&#91;9&#93;</a></sup>\n</p><ul><li><b><a href=\"/wiki/Duelling\" title=\"Duelling\">Duelling</a></b>: Despite her old age, Augusta Longbottom was an incredibly skilled duellist who the Death Eaters severely underestimated, as she easily defeated and injured <a href=\"/wiki/John_Dawlish\" title=\"John Dawlish\">John Dawlish</a>, a highly trained and skilled Auror, badly enough to result in him to be sent to <a href=\"/wiki/St_Mungo%27s_Hospital_for_Magical_Maladies_and_Injuries\" title=\"St Mungo&#39;s Hospital for Magical Maladies and Injuries\">St Mungo's Hospital for Magical Maladies and Injuries</a>,<sup id=\"cite_ref-DH29_14-3\" class=\"reference\"><a href=\"#cite_note-DH29-14\">&#91;14&#93;</a></sup> although Dawlish had not been fighting at full potency from having become \"punch drunk\" from being the favourite punching bag of the Order of the Phoenix. She also bravely participated in and survived the <a href=\"/wiki/Battle_of_Hogwarts\" title=\"Battle of Hogwarts\">Battle of Hogwarts</a>,<sup id=\"cite_ref-DH31_8-4\" class=\"reference\"><a href=\"#cite_note-DH31-8\">&#91;8&#93;</a></sup><sup id=\"cite_ref-DHF2_15-1\" class=\"reference\"><a href=\"#cite_note-DHF2-15\">&#91;15&#93;</a></sup> likely defeating many Death Eaters in process, showing her remarkable proficiency in <a href=\"/wiki/Martial_magic\" title=\"Martial magic\">martial magic</a>.</li></ul>\n<h2><span class=\"mw-headline\" id=\"Relationships\">Relationships</span><span class=\"mw-editsection\"><span class=\"mw-editsection-bracket\">[</span><a href=\"/wiki/Augusta_Longbottom?veaction=edit&amp;section=8\" class=\"mw-editsection-visualeditor\" title=\"Edit section: Relationships\">edit</a><span class=\"mw-editsection-divider\"> | </span><a href=\"/wiki/Augusta_Longbottom?action=edit&amp;section=8\" title=\"Edit section: Relationships\"><svg class=\"wds-icon wds-icon-tiny section-edit-pencil-icon\"><use xlink:href=\"#wds-icons-pencil-tiny\"></use></svg>edit source</a><span class=\"mw-editsection-bracket\">]</span></span></h2>\n<h3><span class=\"mw-headline\" id=\"Neville_Longbottom\">Neville Longbottom</span><span class=\"mw-editsection\"><span class=\"mw-editsection-bracket\">[</span><a href=\"/wiki/Augusta_Longbottom?veaction=edit&amp;section=9\" class=\"mw-editsection-visualeditor\" title=\"Edit section: Neville Longbottom\">edit</a><span class=\"mw-editsection-divider\"> | </span><a href=\"/wiki/Augusta_Longbottom?action=edit&amp;section=9\" title=\"Edit section: Neville Longbottom\"><svg class=\"wds-icon wds-icon-tiny section-edit-pencil-icon\"><use xlink:href=\"#wds-icons-pencil-tiny\"></use></svg>edit source</a><span class=\"mw-editsection-bracket\">]</span></span></h3>\n<div class=\"quote\">\n<dl><dd><span title=\"Source:&#160;Harry Potter and the Half-Blood Prince\">\"<i>It's high time your grandmother learned to be proud of the grandson she's got, rather than the one she thinks she ought to have \u2014 particularly after <a href=\"/wiki/Battle_of_the_Department_of_Mysteries\" title=\"Battle of the Department of Mysteries\">what happened at the Ministry</a>.</i>\"</span></dd>\n<dd>&#8212;<a href=\"/wiki/Minerva_McGonagall\" title=\"Minerva McGonagall\">Minerva McGonagall</a> regarding Augusta's treatment of her grandson<sup class=\"noprint\"><a href=\"/wiki/Harry_Potter_and_the_Half-Blood_Prince\" title=\"Harry Potter and the Half-Blood Prince\">[src]</a></sup></dd>\n<dd></dd></dl></div><figure class=\"thumb tleft show-info-icon\" style=\"width: 147px\"> \t<a href=\"https://static.wikia.nocookie.net/harrypotter/images/b/b6/Neville_Longbottom.jpg/revision/latest?cb=20140610141612\" class=\"image\"><img alt=\"\" src=\"data:image/gif;base64,R0lGODlhAQABAIABAAAAAP///yH5BAEAAAEALAAAAAABAAEAQAICTAEAOw%3D%3D\" decoding=\"async\" width=\"145\" height=\"226\" class=\"thumbimage lazyload\" data-image-name=\"Neville Longbottom.jpg\" data-image-key=\"Neville_Longbottom.jpg\" data-src=\"https://static.wikia.nocookie.net/harrypotter/images/b/b6/Neville_Longbottom.jpg/revision/latest/scale-to-width-down/145?cb=20140610141612\" /></a> \t<noscript><a href=\"https://static.wikia.nocookie.net/harrypotter/images/b/b6/Neville_Longbottom.jpg/revision/latest?cb=20140610141612\" class=\"image\"><img alt=\"\" src=\"https://static.wikia.nocookie.net/harrypotter/images/b/b6/Neville_Longbottom.jpg/revision/latest/scale-to-width-down/145?cb=20140610141612\" decoding=\"async\" width=\"145\" height=\"226\" class=\"thumbimage\" data-image-name=\"Neville Longbottom.jpg\" data-image-key=\"Neville_Longbottom.jpg\" data-src=\"https://static.wikia.nocookie.net/harrypotter/images/b/b6/Neville_Longbottom.jpg/revision/latest/scale-to-width-down/145?cb=20140610141612\" /></a></noscript> \t<figcaption class=\"thumbcaption\"> \t\t \t\t\t<a href=\"/wiki/File:Neville_Longbottom.jpg\" class=\"info-icon\"><svg><use xlink:href=\"#wds-icons-info-small\"></use></svg></a> \t\t \t\t \t\t \t\t\t<p class=\"caption\">Neville Longbottom, her only grandchild</p> \t\t \t</figcaption> </figure>\n<p>Augusta was the guardian of Neville and raised him from a young age. During the early years of Neville's life, Augusta often thought that Neville was a <a href=\"/wiki/Squib\" title=\"Squib\">Squib</a> and was afraid he would not get into <a href=\"/wiki/Hogwarts_School_of_Witchcraft_and_Wizardry\" title=\"Hogwarts School of Witchcraft and Wizardry\">Hogwarts</a>. She was extremely proud when he did but it was apparent that Augusta placed high expectations on Neville and was yet to be certain that he had substantial power.\n</p><p>Augusta often reprimanded her grandson and sent Neville a <a href=\"/wiki/Howler\" title=\"Howler\">Howler</a> on at least two occasions.<sup id=\"cite_ref-COS5_19-0\" class=\"reference\"><a href=\"#cite_note-COS5-19\">&#91;19&#93;</a></sup><sup id=\"cite_ref-POA14_20-0\" class=\"reference\"><a href=\"#cite_note-POA14-20\">&#91;20&#93;</a></sup> She pushed Neville to be like his parents by doing well in school, especially in <a href=\"/wiki/Transfiguration\" title=\"Transfiguration\">Transfiguration</a> (a class Neville hated).<sup id=\"cite_ref-HBP9_9-5\" class=\"reference\"><a href=\"#cite_note-HBP9-9\">&#91;9&#93;</a></sup> However, Neville loved Augusta and she cared a great deal for him, however stern she could be.\n</p><p>In later years, she became proud of Neville as she realised how excellent a <a href=\"/wiki/Wizardkind\" title=\"Wizardkind\">wizard</a> and moral person he was. She was shown commenting in the <i><a href=\"/wiki/Daily_Prophet\" title=\"Daily Prophet\">Daily Prophet</a></i> about his powers and during the <a href=\"/wiki/Battle_of_Hogwarts\" title=\"Battle of Hogwarts\">Battle of Hogwarts</a>, she was proud to fight alongside him.<sup id=\"cite_ref-DH31_8-5\" class=\"reference\"><a href=\"#cite_note-DH31-8\">&#91;8&#93;</a></sup> After the end of the <a href=\"/wiki/Second_Wizarding_War\" title=\"Second Wizarding War\">Second Wizarding War</a> Neville married Hannah Abbott though it is unknown whether they had any children. Neville also replaced <a href=\"/wiki/Pomona_Sprout\" title=\"Pomona Sprout\">Professor Sprout</a> as the <a href=\"/wiki/Herbology\" title=\"Herbology\">Herbology</a> professor at Hogwarts, which would have truly made his grandmother proud.<sup id=\"cite_ref-DHE_17-1\" class=\"reference\"><a href=\"#cite_note-DHE-17\">&#91;17&#93;</a></sup>\n</p>\n<h3><span class=\"mw-headline\" id=\"Frank_and_Alice_Longbottom\">Frank and Alice Longbottom</span><span class=\"mw-editsection\"><span class=\"mw-editsection-bracket\">[</span><a href=\"/wiki/Augusta_Longbottom?veaction=edit&amp;section=10\" class=\"mw-editsection-visualeditor\" title=\"Edit section: Frank and Alice Longbottom\">edit</a><span class=\"mw-editsection-divider\"> | </span><a href=\"/wiki/Augusta_Longbottom?action=edit&amp;section=10\" title=\"Edit section: Frank and Alice Longbottom\"><svg class=\"wds-icon wds-icon-tiny section-edit-pencil-icon\"><use xlink:href=\"#wds-icons-pencil-tiny\"></use></svg>edit source</a><span class=\"mw-editsection-bracket\">]</span></span></h3>\n<figure class=\"thumb tright show-info-icon\" style=\"width: 147px\"> \t<a href=\"https://static.wikia.nocookie.net/harrypotter/images/c/cc/Frank1.jpg/revision/latest?cb=20100818172510\" class=\"image\"><img alt=\"\" src=\"data:image/gif;base64,R0lGODlhAQABAIABAAAAAP///yH5BAEAAAEALAAAAAABAAEAQAICTAEAOw%3D%3D\" decoding=\"async\" width=\"145\" height=\"223\" class=\"thumbimage lazyload\" data-image-name=\"Frank1.jpg\" data-image-key=\"Frank1.jpg\" data-src=\"https://static.wikia.nocookie.net/harrypotter/images/c/cc/Frank1.jpg/revision/latest/scale-to-width-down/145?cb=20100818172510\" /></a> \t<noscript><a href=\"https://static.wikia.nocookie.net/harrypotter/images/c/cc/Frank1.jpg/revision/latest?cb=20100818172510\" class=\"image\"><img alt=\"\" src=\"https://static.wikia.nocookie.net/harrypotter/images/c/cc/Frank1.jpg/revision/latest/scale-to-width-down/145?cb=20100818172510\" decoding=\"async\" width=\"145\" height=\"223\" class=\"thumbimage\" data-image-name=\"Frank1.jpg\" data-image-key=\"Frank1.jpg\" data-src=\"https://static.wikia.nocookie.net/harrypotter/images/c/cc/Frank1.jpg/revision/latest/scale-to-width-down/145?cb=20100818172510\" /></a></noscript> \t<figcaption class=\"thumbcaption\"> \t\t \t\t\t<a href=\"/wiki/File:Frank1.jpg\" class=\"info-icon\"><svg><use xlink:href=\"#wds-icons-info-small\"></use></svg></a> \t\t \t\t \t\t \t\t\t<p class=\"caption\"><a href=\"/wiki/Frank_Longbottom\" title=\"Frank Longbottom\">Frank Longbottom</a>, her son</p> \t\t \t</figcaption> </figure>\n<div class=\"quote\">\n<dl><dd><span title=\"Source:&#160;Harry Potter and the Order of the Phoenix\">\"<i>Well, your grandmother is used to losing family members to our cause.... Your death will not come as a great shock....</i>\"</span></dd>\n<dd>&#8212;<a href=\"/wiki/Lucius_Malfoy\" title=\"Lucius Malfoy\">Lucius Malfoy</a> regarding what happened to Frank and Alice<sup class=\"noprint\"><a href=\"/wiki/Harry_Potter_and_the_Order_of_the_Phoenix\" title=\"Harry Potter and the Order of the Phoenix\">[src]</a></sup></dd>\n<dd></dd></dl></div>\n<figure class=\"thumb tleft show-info-icon\" style=\"width: 142px\"> \t<a href=\"https://static.wikia.nocookie.net/harrypotter/images/5/5a/Alice_Longbottom_OOTP.jpg/revision/latest?cb=20100818174347\" class=\"image\"><img alt=\"\" src=\"data:image/gif;base64,R0lGODlhAQABAIABAAAAAP///yH5BAEAAAEALAAAAAABAAEAQAICTAEAOw%3D%3D\" decoding=\"async\" width=\"140\" height=\"234\" class=\"thumbimage lazyload\" data-image-name=\"Alice Longbottom OOTP.jpg\" data-image-key=\"Alice_Longbottom_OOTP.jpg\" data-src=\"https://static.wikia.nocookie.net/harrypotter/images/5/5a/Alice_Longbottom_OOTP.jpg/revision/latest/scale-to-width-down/140?cb=20100818174347\" /></a> \t<noscript><a href=\"https://static.wikia.nocookie.net/harrypotter/images/5/5a/Alice_Longbottom_OOTP.jpg/revision/latest?cb=20100818174347\" class=\"image\"><img alt=\"\" src=\"https://static.wikia.nocookie.net/harrypotter/images/5/5a/Alice_Longbottom_OOTP.jpg/revision/latest/scale-to-width-down/140?cb=20100818174347\" decoding=\"async\" width=\"140\" height=\"234\" class=\"thumbimage\" data-image-name=\"Alice Longbottom OOTP.jpg\" data-image-key=\"Alice_Longbottom_OOTP.jpg\" data-src=\"https://static.wikia.nocookie.net/harrypotter/images/5/5a/Alice_Longbottom_OOTP.jpg/revision/latest/scale-to-width-down/140?cb=20100818174347\" /></a></noscript> \t<figcaption class=\"thumbcaption\"> \t\t \t\t\t<a href=\"/wiki/File:Alice_Longbottom_OOTP.jpg\" class=\"info-icon\"><svg><use xlink:href=\"#wds-icons-info-small\"></use></svg></a> \t\t \t\t \t\t \t\t\t<p class=\"caption\"><a href=\"/wiki/Alice_Longbottom\" title=\"Alice Longbottom\">Alice Longbottom</a>, her daughter-in-law</p> \t\t \t</figcaption> </figure>\n<p>It is unknown what her relationship with Frank and Alice was before they were <a href=\"/wiki/Cruciatus_Curse\" title=\"Cruciatus Curse\">tortured</a>, but it must have been fairly close as Augusta was chosen to raise their infant son after they were no longer able to. After the <a href=\"/wiki/Attack_on_Frank_and_Alice_Longbottom\" title=\"Attack on Frank and Alice Longbottom\">attack</a>, Mrs Longbottom seemed to <a href=\"/wiki/Love\" title=\"Love\">love</a> her son and daughter-in-law, often taking Neville to visit them at <a href=\"/wiki/St_Mungo%27s\" class=\"mw-redirect\" title=\"St Mungo&#39;s\">St Mungo's</a>. However, at times, she seemed to tire of providing for them, as she sounded weary when speaking to Alice and advised Neville to throw away a gum wrapper Alice gave him. However, it is assumed that she still cared for them as she obviously respected them and said numerous times that she wanted Neville to be more like them.<sup id=\"cite_ref-OOTP23_6-6\" class=\"reference\"><a href=\"#cite_note-OOTP23-6\">&#91;6&#93;</a></sup>\n</p>\n<h3><span class=\"mw-headline\" id=\"Griselda_Marchbanks\">Griselda Marchbanks</span><span class=\"mw-editsection\"><span class=\"mw-editsection-bracket\">[</span><a href=\"/wiki/Augusta_Longbottom?veaction=edit&amp;section=11\" class=\"mw-editsection-visualeditor\" title=\"Edit section: Griselda Marchbanks\">edit</a><span class=\"mw-editsection-divider\"> | </span><a href=\"/wiki/Augusta_Longbottom?action=edit&amp;section=11\" title=\"Edit section: Griselda Marchbanks\"><svg class=\"wds-icon wds-icon-tiny section-edit-pencil-icon\"><use xlink:href=\"#wds-icons-pencil-tiny\"></use></svg>edit source</a><span class=\"mw-editsection-bracket\">]</span></span></h3>\n<p>Augusta and <a href=\"/wiki/Griselda_Marchbanks\" title=\"Griselda Marchbanks\">Madam Marchbanks</a> were described as close friends by Neville Longbottom. Griselda had come for dinner at Mrs Longbottom's many times.<sup id=\"cite_ref-OOTP31_21-0\" class=\"reference\"><a href=\"#cite_note-OOTP31-21\">&#91;21&#93;</a></sup>\n</p>\n<h3><span class=\"mw-headline\" id=\"Harry_Potter\">Harry Potter</span><span class=\"mw-editsection\"><span class=\"mw-editsection-bracket\">[</span><a href=\"/wiki/Augusta_Longbottom?veaction=edit&amp;section=12\" class=\"mw-editsection-visualeditor\" title=\"Edit section: Harry Potter\">edit</a><span class=\"mw-editsection-divider\"> | </span><a href=\"/wiki/Augusta_Longbottom?action=edit&amp;section=12\" title=\"Edit section: Harry Potter\"><svg class=\"wds-icon wds-icon-tiny section-edit-pencil-icon\"><use xlink:href=\"#wds-icons-pencil-tiny\"></use></svg>edit source</a><span class=\"mw-editsection-bracket\">]</span></span></h3>\n<figure class=\"thumb tright show-info-icon\" style=\"width: 182px\"> \t<a href=\"https://static.wikia.nocookie.net/harrypotter/images/9/9a/OOTP_promo_front_Harry_cropped.jpg/revision/latest?cb=20190106225911\" class=\"image\"><img alt=\"\" src=\"data:image/gif;base64,R0lGODlhAQABAIABAAAAAP///yH5BAEAAAEALAAAAAABAAEAQAICTAEAOw%3D%3D\" decoding=\"async\" width=\"180\" height=\"251\" class=\"thumbimage lazyload\" data-image-name=\"OOTP promo front Harry cropped.jpg\" data-image-key=\"OOTP_promo_front_Harry_cropped.jpg\" data-src=\"https://static.wikia.nocookie.net/harrypotter/images/9/9a/OOTP_promo_front_Harry_cropped.jpg/revision/latest/scale-to-width-down/180?cb=20190106225911\" /></a> \t<noscript><a href=\"https://static.wikia.nocookie.net/harrypotter/images/9/9a/OOTP_promo_front_Harry_cropped.jpg/revision/latest?cb=20190106225911\" class=\"image\"><img alt=\"\" src=\"https://static.wikia.nocookie.net/harrypotter/images/9/9a/OOTP_promo_front_Harry_cropped.jpg/revision/latest/scale-to-width-down/180?cb=20190106225911\" decoding=\"async\" width=\"180\" height=\"251\" class=\"thumbimage\" data-image-name=\"OOTP promo front Harry cropped.jpg\" data-image-key=\"OOTP_promo_front_Harry_cropped.jpg\" data-src=\"https://static.wikia.nocookie.net/harrypotter/images/9/9a/OOTP_promo_front_Harry_cropped.jpg/revision/latest/scale-to-width-down/180?cb=20190106225911\" /></a></noscript> \t<figcaption class=\"thumbcaption\"> \t\t \t\t\t<a href=\"/wiki/File:OOTP_promo_front_Harry_cropped.jpg\" class=\"info-icon\"><svg><use xlink:href=\"#wds-icons-info-small\"></use></svg></a> \t\t \t\t \t\t \t\t\t<p class=\"caption\"><a href=\"/wiki/Harry_Potter\" title=\"Harry Potter\">Harry Potter</a>, whom she respected and believed</p> \t\t \t</figcaption> </figure>\n<div class=\"quote\">\n<dl><dd><span title=\"Source:&#160;Harry Potter and the Order of the Phoenix\">\"<i>Ah, yes. Yes, yes, I know who you are, of course. Neville speaks most highly of you.</i>\"</span></dd>\n<dd>&#8212;Augusta meeting Harry Potter in St Mungos<sup class=\"noprint\"><a href=\"/wiki/Harry_Potter_and_the_Order_of_the_Phoenix\" title=\"Harry Potter and the Order of the Phoenix\">[src]</a></sup></dd>\n<dd></dd></dl></div>\n<p>Augusta Longbottom was shown to highly respect <a href=\"/wiki/Harry_Potter\" title=\"Harry Potter\">Harry Potter</a> and demonstrated this by her support for his and <a href=\"/wiki/Albus_Dumbledore\" title=\"Albus Dumbledore\">Albus Dumbledore</a>'s honest claims that Lord Voldemort had indeed <a href=\"/wiki/Return_of_Lord_Voldemort\" title=\"Return of Lord Voldemort\">returned</a>. She was truly disgusted by then Ministry of Magic's blatantly dishonest <a href=\"/wiki/Campaign_to_discredit_Albus_Dumbledore_and_Harry_Potter\" title=\"Campaign to discredit Albus Dumbledore and Harry Potter\">slandering</a> of both him and Dumbledore, with her even cancelling her <a href=\"/wiki/Daily_Prophet\" title=\"Daily Prophet\">Daily Prophet</a> subscription over her anger at their publishing of Ministry propaganda.<sup id=\"cite_ref-OOTP11_7-3\" class=\"reference\"><a href=\"#cite_note-OOTP11-7\">&#91;7&#93;</a></sup> She also treated Harry very courteously when he, <a href=\"/wiki/Ronald_Weasley\" title=\"Ronald Weasley\">Ron</a> and <a href=\"/wiki/Hermione_Granger\" title=\"Hermione Granger\">Hermione</a> were visiting <a href=\"/wiki/St_Mungo%27s_Hospital_for_Magical_Maladies_and_Injuries\" title=\"St Mungo&#39;s Hospital for Magical Maladies and Injuries\">St Mungos</a>.<sup id=\"cite_ref-OOTP23_6-7\" class=\"reference\"><a href=\"#cite_note-OOTP23-6\">&#91;6&#93;</a></sup> Furthermore, she demonstrated her loyalty towards Harry and his cause by courageously deciding to fight in the Battle of Hogwarts to defeat Lord Voldemort and his army. \n</p>\n<h3><span class=\"mw-headline\" id=\"Albus_Dumbledore\">Albus Dumbledore</span><span class=\"mw-editsection\"><span class=\"mw-editsection-bracket\">[</span><a href=\"/wiki/Augusta_Longbottom?veaction=edit&amp;section=13\" class=\"mw-editsection-visualeditor\" title=\"Edit section: Albus Dumbledore\">edit</a><span class=\"mw-editsection-divider\"> | </span><a href=\"/wiki/Augusta_Longbottom?action=edit&amp;section=13\" title=\"Edit section: Albus Dumbledore\"><svg class=\"wds-icon wds-icon-tiny section-edit-pencil-icon\"><use xlink:href=\"#wds-icons-pencil-tiny\"></use></svg>edit source</a><span class=\"mw-editsection-bracket\">]</span></span></h3>\n<figure class=\"thumb tright show-info-icon\" style=\"width: 182px\"> \t<a href=\"https://static.wikia.nocookie.net/harrypotter/images/4/40/Albus_Dumbledore_%28HBP_promo%29_3.jpg/revision/latest?cb=20150822232849\" class=\"image\"><img alt=\"\" src=\"data:image/gif;base64,R0lGODlhAQABAIABAAAAAP///yH5BAEAAAEALAAAAAABAAEAQAICTAEAOw%3D%3D\" decoding=\"async\" width=\"180\" height=\"240\" class=\"thumbimage lazyload\" data-image-name=\"Albus Dumbledore (HBP promo) 3.jpg\" data-image-key=\"Albus_Dumbledore_(HBP_promo)_3.jpg\" data-src=\"https://static.wikia.nocookie.net/harrypotter/images/4/40/Albus_Dumbledore_%28HBP_promo%29_3.jpg/revision/latest/scale-to-width-down/180?cb=20150822232849\" /></a> \t<noscript><a href=\"https://static.wikia.nocookie.net/harrypotter/images/4/40/Albus_Dumbledore_%28HBP_promo%29_3.jpg/revision/latest?cb=20150822232849\" class=\"image\"><img alt=\"\" src=\"https://static.wikia.nocookie.net/harrypotter/images/4/40/Albus_Dumbledore_%28HBP_promo%29_3.jpg/revision/latest/scale-to-width-down/180?cb=20150822232849\" decoding=\"async\" width=\"180\" height=\"240\" class=\"thumbimage\" data-image-name=\"Albus Dumbledore (HBP promo) 3.jpg\" data-image-key=\"Albus_Dumbledore_(HBP_promo)_3.jpg\" data-src=\"https://static.wikia.nocookie.net/harrypotter/images/4/40/Albus_Dumbledore_%28HBP_promo%29_3.jpg/revision/latest/scale-to-width-down/180?cb=20150822232849\" /></a></noscript> \t<figcaption class=\"thumbcaption\"> \t\t \t\t\t<a href=\"/wiki/File:Albus_Dumbledore_(HBP_promo)_3.jpg\" class=\"info-icon\"><svg><use xlink:href=\"#wds-icons-info-small\"></use></svg></a> \t\t \t\t \t\t \t\t\t<p class=\"caption\"><a href=\"/wiki/Albus_Dumbledore\" title=\"Albus Dumbledore\">Albus Dumbledore</a>, whom she was supportive of</p> \t\t \t</figcaption> </figure>\n<div class=\"quote\">\n<dl><dd><span title=\"Source:&#160;Harry Potter and the Order of the Phoenix\">\"<i>My gran says that\u2019s rubbish. She says it\u2019s the Daily Prophet that\u2019s going downhill, not Dumbledore. She\u2019s cancelled our subscription. We believe Harry. My gran\u2019s always said You-Know-Who would come back one day. She says if Dumbledore says he\u2019s back, he\u2019s back.</i>\"</span></dd>\n<dd>&#8212;Augusta's belief in Dumbledore and Harry Potter<sup class=\"noprint\"><a href=\"/wiki/Harry_Potter_and_the_Order_of_the_Phoenix\" title=\"Harry Potter and the Order of the Phoenix\">[src]</a></sup></dd>\n<dd></dd></dl></div>\n<p>Augusta Longbottom naturally respected Albus Dumbledore, considering that she allowed both her son and daughter-in-law to join the <a href=\"/wiki/Order_of_the_Phoenix\" title=\"Order of the Phoenix\">Order of the Phoenix</a> that Dumbledore led out of obvious trust of Dumbledore's leadership and despite Alicia and Frank becoming insane for their reputation as members of the Order, Augusta remained as respectful and loyal to Dumbledore as ever, showing she never blamed him for having failed to protect them. Augusta was utterly disgusted by then Ministry of Magic's blatantly dishonest slandering of Dumbledore and quickly cancelled her Daily Prophet subscription over her anger at them publishing Ministry propaganda. Augusta likely was devastated when Albus died and attended his funeral and would prove her loyalty to the great wizard by courageously fighting in the Battle of Hogwarts.\n</p>\n<h2><span class=\"mw-headline\" id=\"Etymology\">Etymology</span><span class=\"mw-editsection\"><span class=\"mw-editsection-bracket\">[</span><a href=\"/wiki/Augusta_Longbottom?veaction=edit&amp;section=14\" class=\"mw-editsection-visualeditor\" title=\"Edit section: Etymology\">edit</a><span class=\"mw-editsection-divider\"> | </span><a href=\"/wiki/Augusta_Longbottom?action=edit&amp;section=14\" title=\"Edit section: Etymology\"><svg class=\"wds-icon wds-icon-tiny section-edit-pencil-icon\"><use xlink:href=\"#wds-icons-pencil-tiny\"></use></svg>edit source</a><span class=\"mw-editsection-bracket\">]</span></span></h2>\n<p><i>Augusta</i> is a Latin name and the feminine form of <i>Augustus</i>, meaning \"great\" or \"venerable,\" derived from the Latin verb <i>augere</i>, \"to increase.\"<sup id=\"cite_ref-22\" class=\"reference\"><a href=\"#cite_note-22\">&#91;22&#93;</a></sup> Augustus was the name given to the first emperor of Rome, and subsequently <a href=\"http://en.wikipedia.org/wiki/Augusta\" class=\"extiw\" title=\"wikipedia:Augusta\">Augusta</a> was sometimes used as a title for empresses of the Roman and Byzantine empires.\n</p>\n<h2><span class=\"mw-headline\" id=\"Behind_the_scenes\">Behind the scenes</span><span class=\"mw-editsection\"><span class=\"mw-editsection-bracket\">[</span><a href=\"/wiki/Augusta_Longbottom?veaction=edit&amp;section=15\" class=\"mw-editsection-visualeditor\" title=\"Edit section: Behind the scenes\">edit</a><span class=\"mw-editsection-divider\"> | </span><a href=\"/wiki/Augusta_Longbottom?action=edit&amp;section=15\" title=\"Edit section: Behind the scenes\"><svg class=\"wds-icon wds-icon-tiny section-edit-pencil-icon\"><use xlink:href=\"#wds-icons-pencil-tiny\"></use></svg>edit source</a><span class=\"mw-editsection-bracket\">]</span></span></h2>\n<ul><li>The 2006 short film <i><a href=\"/wiki/The_Queen%27s_Handbag\" title=\"The Queen&#39;s Handbag\">The Queen's Handbag</a></i> includes a reference to Neville's grandfather, and describes a joke he played on Augusta in <a href=\"/wiki/1947\" title=\"1947\">1947</a> involving her handbag and a <a href=\"/wiki/Fanged_gerbil\" title=\"Fanged gerbil\">fanged gerbil</a>, which led her to keep a mousetrap in her bag thereafter.</li>\n<li>Augusta was played by <a href=\"/wiki/Leila_Hoffman\" title=\"Leila Hoffman\">Leila Hoffman</a> in the <a href=\"/wiki/Harry_Potter_and_the_Philosopher%27s_Stone_(film)\" title=\"Harry Potter and the Philosopher&#39;s Stone (film)\">film adaptation</a> of <i><a href=\"/wiki/Harry_Potter_and_the_Philosopher%27s_Stone\" title=\"Harry Potter and the Philosopher&#39;s Stone\">Harry Potter and the Philosopher's Stone</a></i>, as she was faintly seen escorting Neville to the Hogwarts Express.<sup id=\"cite_ref-23\" class=\"reference\"><a href=\"#cite_note-23\">&#91;23&#93;</a></sup></li>\n<li><a href=\"/wiki/Ninette_Finch\" title=\"Ninette Finch\">Ninette Finch</a> was cast as Augusta in <i><a href=\"/wiki/Harry_Potter_and_the_Deathly_Hallows:_Part_2\" title=\"Harry Potter and the Deathly Hallows: Part 2\">Harry Potter and the Deathly Hallows: Part 2</a></i>.<sup id=\"cite_ref-24\" class=\"reference\"><a href=\"#cite_note-24\">&#91;24&#93;</a></sup> Her scenes were cut, however it appears she can be seen in the background of some battle sequences.</li></ul>\n<h2><span class=\"mw-headline\" id=\"Appearances\">Appearances</span><span class=\"mw-editsection\"><span class=\"mw-editsection-bracket\">[</span><a href=\"/wiki/Augusta_Longbottom?veaction=edit&amp;section=16\" class=\"mw-editsection-visualeditor\" title=\"Edit section: Appearances\">edit</a><span class=\"mw-editsection-divider\"> | </span><a href=\"/wiki/Augusta_Longbottom?action=edit&amp;section=16\" title=\"Edit section: Appearances\"><svg class=\"wds-icon wds-icon-tiny section-edit-pencil-icon\"><use xlink:href=\"#wds-icons-pencil-tiny\"></use></svg>edit source</a><span class=\"mw-editsection-bracket\">]</span></span></h2>\n<div class=\"noprint\" style=\"float: right; clear: right; margin-top: 2px; margin-left: 2px; margin-bottom: 2px; background-color: #D8E9FC; text-align: left; font-size: 90%; width: 250px;\"><span class=\"rtop\" style=\"\"><span class=\"r1\" style=\"background: #D8E9FC\"></span><span class=\"r2\" style=\"background: #D8E9FC\"></span><span class=\"r3\" style=\"background: #D8E9FC\"></span><span class=\"r4\" style=\"background: #D8E9FC\"></span></span><div style=\"float:left; margin-left: 5px;\"><a href=\"https://static.wikia.nocookie.net/harrypotter/images/b/bc/Wiki.png/revision/latest?cb=20091217124448\" class=\"image\"><img alt=\"Wiki.png\" src=\"data:image/gif;base64,R0lGODlhAQABAIABAAAAAP///yH5BAEAAAEALAAAAAABAAEAQAICTAEAOw%3D%3D\" decoding=\"async\" width=\"35\" height=\"21\" data-image-name=\"Wiki.png\" data-image-key=\"Wiki.png\" data-src=\"https://static.wikia.nocookie.net/harrypotter/images/b/bc/Wiki.png/revision/latest/scale-to-width-down/35?cb=20091217124448\" class=\"lazyload\" /></a></div><div style=\"margin-left:50px\">The Harry Potter Wiki has 15 images related to <i><b><a href=\"/wiki/Category:Images_of_Augusta_Longbottom\" title=\"Category:Images of Augusta Longbottom\">Augusta Longbottom</a></b></i>.</div><span class=\"content-bg rbottom\" style=\"\"><span class=\"r4\" style=\"background: #D8E9FC\"></span><span class=\"r3\" style=\"background: #D8E9FC\"></span><span class=\"r2\" style=\"background: #D8E9FC\"></span><span class=\"r1\" style=\"background: #D8E9FC\"></span></span></div>\n<ul><li><i><a href=\"/wiki/Harry_Potter_and_the_Philosopher%27s_Stone\" title=\"Harry Potter and the Philosopher&#39;s Stone\">Harry Potter and the Philosopher's Stone</a></i> <small>(First appearance)</small></li>\n<li><i><a href=\"/wiki/Harry_Potter_and_the_Philosopher%27s_Stone_(film)\" title=\"Harry Potter and the Philosopher&#39;s Stone (film)\">Harry Potter and the Philosopher's Stone (film)</a></i></li>\n<li><i><a href=\"/wiki/Harry_Potter_and_the_Chamber_of_Secrets\" title=\"Harry Potter and the Chamber of Secrets\">Harry Potter and the Chamber of Secrets</a></i> <small>(Mentioned only)</small></li>\n<li><i><a href=\"/wiki/Harry_Potter_and_the_Chamber_of_Secrets_(film)\" title=\"Harry Potter and the Chamber of Secrets (film)\">Harry Potter and the Chamber of Secrets (film)</a></i> <small>(Mentioned only)</small></li>\n<li><i><a href=\"/wiki/Harry_Potter_and_the_Prisoner_of_Azkaban\" title=\"Harry Potter and the Prisoner of Azkaban\">Harry Potter and the Prisoner of Azkaban</a></i></li>\n<li><i><a href=\"/wiki/Harry_Potter_and_the_Prisoner_of_Azkaban_(film)\" title=\"Harry Potter and the Prisoner of Azkaban (film)\">Harry Potter and the Prisoner of Azkaban (film)</a></i> <small>(Mentioned only)</small></li>\n<li><i><a href=\"/wiki/Harry_Potter_and_the_Goblet_of_Fire\" title=\"Harry Potter and the Goblet of Fire\">Harry Potter and the Goblet of Fire</a></i> <small>(Mentioned only)</small></li>\n<li><i><a href=\"/wiki/Harry_Potter_and_the_Order_of_the_Phoenix\" title=\"Harry Potter and the Order of the Phoenix\">Harry Potter and the Order of the Phoenix</a></i></li>\n<li><i><a href=\"/wiki/Harry_Potter_and_the_Order_of_the_Phoenix_(film)\" title=\"Harry Potter and the Order of the Phoenix (film)\">Harry Potter and the Order of the Phoenix (film)</a></i> <span class=\"template-c\">(Mentioned in deleted scene)</span></li>\n<li><i><a href=\"/wiki/Harry_Potter_and_the_Half-Blood_Prince\" title=\"Harry Potter and the Half-Blood Prince\">Harry Potter and the Half-Blood Prince</a></i> <small>(Mentioned only)</small> <small>(First identified as Augusta Longbottom)</small></li>\n<li><i><a href=\"/wiki/Harry_Potter_and_the_Half-Blood_Prince_(video_game)\" title=\"Harry Potter and the Half-Blood Prince (video game)\">Harry Potter and the Half-Blood Prince (video game)</a></i> <small>(Mentioned only)</small></li>\n<li><i><a href=\"/wiki/Harry_Potter_and_the_Deathly_Hallows\" title=\"Harry Potter and the Deathly Hallows\">Harry Potter and the Deathly Hallows</a></i></li>\n<li><i><a href=\"/wiki/Harry_Potter_and_the_Deathly_Hallows:_Part_2\" title=\"Harry Potter and the Deathly Hallows: Part 2\">Harry Potter and the Deathly Hallows: Part 2</a></i></li>\n<li><i><a href=\"/wiki/Harry_Potter_and_the_Deathly_Hallows:_Part_2_(video_game)\" title=\"Harry Potter and the Deathly Hallows: Part 2 (video game)\">Harry Potter and the Deathly Hallows: Part 2 (video game)</a></i> <small>(Mentioned only)</small></li>\n<li><i><a href=\"/wiki/LEGO_Harry_Potter:_Characters_of_the_Magical_World\" title=\"LEGO Harry Potter: Characters of the Magical World\">LEGO Harry Potter: Characters of the Magical World</a></i> <small>(Mentioned only)</small></li>\n<li><i><a href=\"/wiki/LEGO_Harry_Potter:_Years_1-4\" title=\"LEGO Harry Potter: Years 1-4\">LEGO Harry Potter: Years 1-4</a></i> <span class=\"template-c\">(Mentioned only in DS version)</span></li>\n<li><i><a href=\"/wiki/The_Queen%27s_Handbag\" title=\"The Queen&#39;s Handbag\">The Queen's Handbag</a></i> <small>(Mentioned only)</small></li>\n<li><i><a href=\"/wiki/Pottermore\" title=\"Pottermore\">Pottermore</a></i></li>\n<li><i><a href=\"/wiki/Wizarding_World_(website)\" title=\"Wizarding World (website)\">Wizarding World</a></i></li>\n<li><i><a href=\"/wiki/Harry_Potter:_The_Character_Vault\" title=\"Harry Potter: The Character Vault\">Harry Potter: The Character Vault</a></i></li>\n<li><i><a href=\"/wiki/Harry_Potter:_The_Creature_Vault\" title=\"Harry Potter: The Creature Vault\">Harry Potter: The Creature Vault</a></i> <small>(Mentioned only)</small></li></ul>\n<h2><span class=\"mw-headline\" id=\"Notes_and_references\">Notes and references</span><span class=\"mw-editsection\"><span class=\"mw-editsection-bracket\">[</span><a href=\"/wiki/Augusta_Longbottom?veaction=edit&amp;section=17\" class=\"mw-editsection-visualeditor\" title=\"Edit section: Notes and references\">edit</a><span class=\"mw-editsection-divider\"> | </span><a href=\"/wiki/Augusta_Longbottom?action=edit&amp;section=17\" title=\"Edit section: Notes and references\"><svg class=\"wds-icon wds-icon-tiny section-edit-pencil-icon\"><use xlink:href=\"#wds-icons-pencil-tiny\"></use></svg>edit source</a><span class=\"mw-editsection-bracket\">]</span></span></h2>\n<div class=\"references-small\">\n<div class=\"mw-references-wrap mw-references-columns\"><ol class=\"references\">\n<li id=\"cite_note-1\"><span class=\"mw-cite-backlink\"><a href=\"#cite_ref-1\">\u2191</a></span> <span class=\"reference-text\">Neville's grandfather put a fanged gerbil in her handbag in 1947, so Augusta has to have been alive - and old enough to own a handbag - by 1947</span>\n</li>\n<li id=\"cite_note-2\"><span class=\"mw-cite-backlink\"><a href=\"#cite_ref-2\">\u2191</a></span> <span class=\"reference-text\"><a target=\"_blank\" rel=\"noreferrer noopener\" class=\"external text\" href=\"http://www.accio-quote.org/articles/2000/0700-swns-alfie.htm\">World Exclusive Interview with J K Rowling</a></span>\n</li>\n<li id=\"cite_note-longbottomfamilytree-3\"><span class=\"mw-cite-backlink\">\u2191 <sup><a href=\"#cite_ref-longbottomfamilytree_3-0\">3.0</a></sup> <sup><a href=\"#cite_ref-longbottomfamilytree_3-1\">3.1</a></sup> <sup><a href=\"#cite_ref-longbottomfamilytree_3-2\">3.2</a></sup> <sup><a href=\"#cite_ref-longbottomfamilytree_3-3\">3.3</a></sup> <sup><a href=\"#cite_ref-longbottomfamilytree_3-4\">3.4</a></sup> <sup><a href=\"#cite_ref-longbottomfamilytree_3-5\">3.5</a></sup></span> <span class=\"reference-text\"><a target=\"_blank\" rel=\"noreferrer noopener\" class=\"external text\" href=\"https://www.pottermore.com/features/the-longbottom-family-tree\">The Longbottom family tree</a> from  <i><a href=\"/wiki/Pottermore\" title=\"Pottermore\">Pottermore</a></i></span>\n</li>\n<li id=\"cite_note-4\"><span class=\"mw-cite-backlink\"><a href=\"#cite_ref-4\">\u2191</a></span> <span class=\"reference-text\"><a target=\"_blank\" rel=\"noreferrer noopener\" class=\"external text\" href=\"http://www.accio-quote.org/articles/2000/0700-swns-alfie.htm\">\"World Exclusive Interview with J K Rowling,\" <i>South West News Service</i>, 8 July 2000</a>  - \"Hogwarts just serves Britain and Ireland.\"</span>\n</li>\n<li id=\"cite_note-PS6-5\"><span class=\"mw-cite-backlink\">\u2191 <sup><a href=\"#cite_ref-PS6_5-0\">5.0</a></sup> <sup><a href=\"#cite_ref-PS6_5-1\">5.1</a></sup></span> <span class=\"reference-text\"><i><a href=\"/wiki/Harry_Potter_and_the_Philosopher%27s_Stone\" title=\"Harry Potter and the Philosopher&#39;s Stone\">Harry Potter and the Philosopher's Stone</a></i>, Chapter 6 (<i>The Journey from Platform Nine and Three-Quarters</i>)</span>\n</li>\n<li id=\"cite_note-OOTP23-6\"><span class=\"mw-cite-backlink\">\u2191 <sup><a href=\"#cite_ref-OOTP23_6-0\">6.0</a></sup> <sup><a href=\"#cite_ref-OOTP23_6-1\">6.1</a></sup> <sup><a href=\"#cite_ref-OOTP23_6-2\">6.2</a></sup> <sup><a href=\"#cite_ref-OOTP23_6-3\">6.3</a></sup> <sup><a href=\"#cite_ref-OOTP23_6-4\">6.4</a></sup> <sup><a href=\"#cite_ref-OOTP23_6-5\">6.5</a></sup> <sup><a href=\"#cite_ref-OOTP23_6-6\">6.6</a></sup> <sup><a href=\"#cite_ref-OOTP23_6-7\">6.7</a></sup></span> <span class=\"reference-text\"><i><a href=\"/wiki/Harry_Potter_and_the_Order_of_the_Phoenix\" title=\"Harry Potter and the Order of the Phoenix\">Harry Potter and the Order of the Phoenix</a></i>, Chapter 23 (<i>Christmas on the Closed Ward</i>)</span>\n</li>\n<li id=\"cite_note-OOTP11-7\"><span class=\"mw-cite-backlink\">\u2191 <sup><a href=\"#cite_ref-OOTP11_7-0\">7.0</a></sup> <sup><a href=\"#cite_ref-OOTP11_7-1\">7.1</a></sup> <sup><a href=\"#cite_ref-OOTP11_7-2\">7.2</a></sup> <sup><a href=\"#cite_ref-OOTP11_7-3\">7.3</a></sup></span> <span class=\"reference-text\"><i><a href=\"/wiki/Harry_Potter_and_the_Order_of_the_Phoenix\" title=\"Harry Potter and the Order of the Phoenix\">Harry Potter and the Order of the Phoenix</a></i>, Chapter 11 (<i>The Sorting Hat's New Song</i>)</span>\n</li>\n<li id=\"cite_note-DH31-8\"><span class=\"mw-cite-backlink\">\u2191 <sup><a href=\"#cite_ref-DH31_8-0\">8.0</a></sup> <sup><a href=\"#cite_ref-DH31_8-1\">8.1</a></sup> <sup><a href=\"#cite_ref-DH31_8-2\">8.2</a></sup> <sup><a href=\"#cite_ref-DH31_8-3\">8.3</a></sup> <sup><a href=\"#cite_ref-DH31_8-4\">8.4</a></sup> <sup><a href=\"#cite_ref-DH31_8-5\">8.5</a></sup></span> <span class=\"reference-text\"><i><a href=\"/wiki/Harry_Potter_and_the_Deathly_Hallows\" title=\"Harry Potter and the Deathly Hallows\">Harry Potter and the Deathly Hallows</a></i>, Chapter 31 (<i>The Battle of Hogwarts</i>)</span>\n</li>\n<li id=\"cite_note-HBP9-9\"><span class=\"mw-cite-backlink\">\u2191 <sup><a href=\"#cite_ref-HBP9_9-0\">9.0</a></sup> <sup><a href=\"#cite_ref-HBP9_9-1\">9.1</a></sup> <sup><a href=\"#cite_ref-HBP9_9-2\">9.2</a></sup> <sup><a href=\"#cite_ref-HBP9_9-3\">9.3</a></sup> <sup><a href=\"#cite_ref-HBP9_9-4\">9.4</a></sup> <sup><a href=\"#cite_ref-HBP9_9-5\">9.5</a></sup></span> <span class=\"reference-text\"><i><a href=\"/wiki/Harry_Potter_and_the_Half-Blood_Prince\" title=\"Harry Potter and the Half-Blood Prince\">Harry Potter and the Half-Blood Prince</a></i>, Chapter 9 (<i>The Half-Blood Prince</i>)</span>\n</li>\n<li id=\"cite_note-Quill-10\"><span class=\"mw-cite-backlink\"><a href=\"#cite_ref-Quill_10-0\">\u2191</a></span> <span class=\"reference-text\"><a target=\"_blank\" rel=\"noreferrer noopener\" class=\"external text\" href=\"http://www.wizardingworld.com/writing-by-jk-rowling/the-quill-of-acceptance-and-the-book-of-admittance\">Writing by J.K. Rowling: \"The Quill of Acceptance and The Book of Admittance\"</a> at <i><a href=\"/wiki/Wizarding_World_(website)\" title=\"Wizarding World (website)\">Wizarding World</a></i> on  <i><a href=\"/wiki/Pottermore\" title=\"Pottermore\">Pottermore</a></i> states that Neville had \"disappointed great aunts and uncles.\" <a href=\"/wiki/Algie_Longbottom\" title=\"Algie Longbottom\">Algie</a> and <a href=\"/wiki/Enid_Longbottom\" title=\"Enid Longbottom\">Enid</a> are Neville's only known great-aunt and great-uncle. Thus, Neville must have had at least one other great-aunt and one other great-uncle in addition to them, who could potentially be siblings of Augusta.</span>\n</li>\n<li id=\"cite_note-QH-11\"><span class=\"mw-cite-backlink\"><a href=\"#cite_ref-QH_11-0\">\u2191</a></span> <span class=\"reference-text\"><i><a href=\"/wiki/The_Queen%27s_Handbag\" title=\"The Queen&#39;s Handbag\">The Queen's Handbag</a></i></span>\n</li>\n<li id=\"cite_note-GOF30-12\"><span class=\"mw-cite-backlink\"><a href=\"#cite_ref-GOF30_12-0\">\u2191</a></span> <span class=\"reference-text\"><i><a href=\"/wiki/Harry_Potter_and_the_Goblet_of_Fire\" title=\"Harry Potter and the Goblet of Fire\">Harry Potter and the Goblet of Fire</a></i>, Chapter 30 (<i>The Pensieve</i>)</span>\n</li>\n<li id=\"cite_note-HBP7-13\"><span class=\"mw-cite-backlink\"><a href=\"#cite_ref-HBP7_13-0\">\u2191</a></span> <span class=\"reference-text\"><i><a href=\"/wiki/Harry_Potter_and_the_Half-Blood_Prince\" title=\"Harry Potter and the Half-Blood Prince\">Harry Potter and the Half-Blood Prince</a></i>, Chapter 7 (<i>The Slug Club</i>)</span>\n</li>\n<li id=\"cite_note-DH29-14\"><span class=\"mw-cite-backlink\">\u2191 <sup><a href=\"#cite_ref-DH29_14-0\">14.0</a></sup> <sup><a href=\"#cite_ref-DH29_14-1\">14.1</a></sup> <sup><a href=\"#cite_ref-DH29_14-2\">14.2</a></sup> <sup><a href=\"#cite_ref-DH29_14-3\">14.3</a></sup></span> <span class=\"reference-text\"><i><a href=\"/wiki/Harry_Potter_and_the_Deathly_Hallows\" title=\"Harry Potter and the Deathly Hallows\">Harry Potter and the Deathly Hallows</a></i>, Chapter 29 (<i>The Lost Diadem</i>)</span>\n</li>\n<li id=\"cite_note-DHF2-15\"><span class=\"mw-cite-backlink\">\u2191 <sup><a href=\"#cite_ref-DHF2_15-0\">15.0</a></sup> <sup><a href=\"#cite_ref-DHF2_15-1\">15.1</a></sup></span> <span class=\"reference-text\"><i><a href=\"/wiki/Harry_Potter_and_the_Deathly_Hallows:_Part_2\" title=\"Harry Potter and the Deathly Hallows: Part 2\">Harry Potter and the Deathly Hallows: Part 2</a></i></span>\n</li>\n<li id=\"cite_note-PM-16\"><span class=\"mw-cite-backlink\"><a href=\"#cite_ref-PM_16-0\">\u2191</a></span> <span class=\"reference-text\"> <i><a href=\"/wiki/Pottermore\" title=\"Pottermore\">Pottermore</a></i></span>\n</li>\n<li id=\"cite_note-DHE-17\"><span class=\"mw-cite-backlink\">\u2191 <sup><a href=\"#cite_ref-DHE_17-0\">17.0</a></sup> <sup><a href=\"#cite_ref-DHE_17-1\">17.1</a></sup></span> <span class=\"reference-text\"><i><a href=\"/wiki/Harry_Potter_and_the_Deathly_Hallows\" title=\"Harry Potter and the Deathly Hallows\">Harry Potter and the Deathly Hallows</a></i>, Epilogue (<i>Nineteen Years Later</i>)</span>\n</li>\n<li id=\"cite_note-POA7-18\"><span class=\"mw-cite-backlink\"><a href=\"#cite_ref-POA7_18-0\">\u2191</a></span> <span class=\"reference-text\"><i><a href=\"/wiki/Harry_Potter_and_the_Prisoner_of_Azkaban\" title=\"Harry Potter and the Prisoner of Azkaban\">Harry Potter and the Prisoner of Azkaban</a></i>&#160;Chapter 7  (<i>The Boggart in the Wardrobe</i>)</span>\n</li>\n<li id=\"cite_note-COS5-19\"><span class=\"mw-cite-backlink\"><a href=\"#cite_ref-COS5_19-0\">\u2191</a></span> <span class=\"reference-text\"><i><a href=\"/wiki/Harry_Potter_and_the_Chamber_of_Secrets\" title=\"Harry Potter and the Chamber of Secrets\">Harry Potter and the Chamber of Secrets</a></i>, Chapter 5 (<i>The Whomping Willow</i>)</span>\n</li>\n<li id=\"cite_note-POA14-20\"><span class=\"mw-cite-backlink\"><a href=\"#cite_ref-POA14_20-0\">\u2191</a></span> <span class=\"reference-text\"><i><a href=\"/wiki/Harry_Potter_and_the_Prisoner_of_Azkaban\" title=\"Harry Potter and the Prisoner of Azkaban\">Harry Potter and the Prisoner of Azkaban</a></i>&#160;Chapter 14  (<i>Snape's Grudge</i>)</span>\n</li>\n<li id=\"cite_note-OOTP31-21\"><span class=\"mw-cite-backlink\"><a href=\"#cite_ref-OOTP31_21-0\">\u2191</a></span> <span class=\"reference-text\"><i><a href=\"/wiki/Harry_Potter_and_the_Order_of_the_Phoenix\" title=\"Harry Potter and the Order of the Phoenix\">Harry Potter and the Order of the Phoenix</a></i>, Chapter 31 (<i>O.W.L.s</i>)</span>\n</li>\n<li id=\"cite_note-22\"><span class=\"mw-cite-backlink\"><a href=\"#cite_ref-22\">\u2191</a></span> <span class=\"reference-text\"><a target=\"_blank\" rel=\"noreferrer noopener\" class=\"external text\" href=\"http://www.behindthename.com/name/augusta\">Behind the Name: Augusta</a></span>\n</li>\n<li id=\"cite_note-23\"><span class=\"mw-cite-backlink\"><a href=\"#cite_ref-23\">\u2191</a></span> <span class=\"reference-text\"><a target=\"_blank\" rel=\"noreferrer noopener\" class=\"external free\" href=\"http://www.sainou.com/leila-hoffman/\">http://www.sainou.com/leila-hoffman/</a></span>\n</li>\n<li id=\"cite_note-24\"><span class=\"mw-cite-backlink\"><a href=\"#cite_ref-24\">\u2191</a></span> <span class=\"reference-text\"><a target=\"_blank\" rel=\"noreferrer noopener\" class=\"external free\" href=\"http://www.snitchseeker.com/harry-potter-news/nevilles-grandmother-augusta-longbottom-cast-deathly-hallows-73518/\">http://www.snitchseeker.com/harry-potter-news/nevilles-grandmother-augusta-longbottom-cast-deathly-hallows-73518/</a> Finch in DH</span>\n</li>\n</ol></div></div>\n<table style=\"margin:0 auto\" align=\"center\" class=\"toccolours\" width=\"90%\">\n\n<tbody><tr bgcolor=\"#white\">\n<th colspan=\"3\" style=\"background:#ccd;\"><center><a href=\"/wiki/Order_of_the_Phoenix\" title=\"Order of the Phoenix\">Order of the Phoenix</a></center>\n</th></tr>\n<tr>\n<td align=\"center\"><a href=\"https://static.wikia.nocookie.net/harrypotter/images/d/d8/Fawkes_WB_F2_FawkesIllustration_V2_Illust.jpg/revision/latest?cb=20180526012046\" class=\"image\"><img alt=\"Fawkes WB F2 FawkesIllustration V2 Illust.jpg\" src=\"data:image/gif;base64,R0lGODlhAQABAIABAAAAAP///yH5BAEAAAEALAAAAAABAAEAQAICTAEAOw%3D%3D\" decoding=\"async\" width=\"80\" height=\"110\" data-image-name=\"Fawkes WB F2 FawkesIllustration V2 Illust.jpg\" data-image-key=\"Fawkes_WB_F2_FawkesIllustration_V2_Illust.jpg\" data-src=\"https://static.wikia.nocookie.net/harrypotter/images/d/d8/Fawkes_WB_F2_FawkesIllustration_V2_Illust.jpg/revision/latest/scale-to-width-down/80?cb=20180526012046\" class=\"lazyload\" /></a>\n</td></tr>\n<tr>\n<td colspan=\"5\" style=\"font-size: 90%;\" align=\"center\"><b>Founder:</b> <br /><a href=\"/wiki/Albus_Dumbledore\" title=\"Albus Dumbledore\">Albus Dumbledore</a>\n</td></tr>\n<tr>\n<td colspan=\"5\" style=\"font-size: 90%;\" align=\"center\"><b><a href=\"/wiki/Order_of_the_Phoenix\" title=\"Order of the Phoenix\">Original Order of of the Phoenix</a>:</b><br /><a href=\"/wiki/Aberforth_Dumbledore\" title=\"Aberforth Dumbledore\">Aberforth Dumbledore</a> | <a href=\"/wiki/Alastor_Moody\" title=\"Alastor Moody\">Alastor Moody</a> | <a href=\"/wiki/Alice_Longbottom\" title=\"Alice Longbottom\">Alice Longbottom</a> | <a href=\"/wiki/Arabella_Figg\" title=\"Arabella Figg\">Arabella Figg</a> | <a href=\"/wiki/Benjy_Fenwick\" title=\"Benjy Fenwick\">Benjy Fenwick</a> | <a href=\"/wiki/Caradoc_Dearborn\" title=\"Caradoc Dearborn\">Caradoc Dearborn</a> | <a href=\"/wiki/Dedalus_Diggle\" title=\"Dedalus Diggle\">Dedalus Diggle</a> | <a href=\"/wiki/Dorcas_Meadowes\" title=\"Dorcas Meadowes\">Dorcas Meadowes</a> | <a href=\"/wiki/Edgar_Bones\" title=\"Edgar Bones\">Edgar Bones</a> | <a href=\"/wiki/Elphias_Doge\" title=\"Elphias Doge\">Elphias Doge</a> | <a href=\"/wiki/Emmeline_Vance\" title=\"Emmeline Vance\">Emmeline Vance</a> | <a href=\"/wiki/Fabian_Prewett\" title=\"Fabian Prewett\">Fabian Prewett</a> | <a href=\"/wiki/Frank_Longbottom\" title=\"Frank Longbottom\">Frank Longbottom</a> | <a href=\"/wiki/Gideon_Prewett\" title=\"Gideon Prewett\">Gideon Prewett</a> | <a href=\"/wiki/James_Potter_I\" title=\"James Potter I\">James Potter</a> | <a href=\"/wiki/Lily_Evans\" class=\"mw-redirect\" title=\"Lily Evans\">Lily Potter</a> | <a href=\"/wiki/Marlene_McKinnon\" title=\"Marlene McKinnon\">Marlene McKinnon</a> | <a href=\"/wiki/Mundungus_Fletcher\" title=\"Mundungus Fletcher\">Mundungus Fletcher</a> | <a href=\"/wiki/Peter_Pettigrew\" title=\"Peter Pettigrew\">Peter Pettigrew</a> (defected) | <a href=\"/wiki/Remus_Lupin\" title=\"Remus Lupin\">Remus Lupin</a> | <a href=\"/wiki/Rubeus_Hagrid\" title=\"Rubeus Hagrid\">Rubeus Hagrid</a> | <a href=\"/wiki/Severus_Snape\" title=\"Severus Snape\">Severus Snape</a> | <a href=\"/wiki/Sirius_Black\" title=\"Sirius Black\">Sirius Black</a> | <a href=\"/wiki/Sturgis_Podmore\" title=\"Sturgis Podmore\">Sturgis Podmore</a>\n</td></tr>\n<tr>\n<td colspan=\"5\" style=\"font-size: 90%;\" align=\"center\"><b><a href=\"/wiki/Order_of_the_Phoenix\" title=\"Order of the Phoenix\">Reconstituted Order of the Phoenix</a>:</b> <br /><a href=\"/wiki/Aberforth_Dumbledore\" title=\"Aberforth Dumbledore\">Aberforth Dumbledore</a> | <a href=\"/wiki/Alastor_Moody\" title=\"Alastor Moody\">Alastor Moody</a> | <a href=\"/wiki/Arabella_Figg\" title=\"Arabella Figg\">Arabella Figg</a> | <a href=\"/wiki/Arthur_Weasley\" title=\"Arthur Weasley\">Arthur Weasley</a> | <a href=\"/wiki/William_Weasley\" title=\"William Weasley\">Bill Weasley</a> | <a href=\"/wiki/Charles_Weasley\" title=\"Charles Weasley\">Charlie Weasley</a> | <a href=\"/wiki/Dedalus_Diggle\" title=\"Dedalus Diggle\">Dedalus Diggle</a> | <a href=\"/wiki/Elphias_Doge\" title=\"Elphias Doge\">Elphias Doge</a> | <a href=\"/wiki/Emmeline_Vance\" title=\"Emmeline Vance\">Emmeline Vance</a> | <a href=\"/wiki/Fleur_Delacour\" title=\"Fleur Delacour\">Fleur Delacour</a> | <a href=\"/wiki/Fred_Weasley\" title=\"Fred Weasley\">Fred Weasley</a> | <a href=\"/wiki/George_Weasley\" title=\"George Weasley\">George Weasley</a> | <a href=\"/wiki/Harry_Potter\" title=\"Harry Potter\">Harry Potter</a> | <a href=\"/wiki/Hermione_Granger\" title=\"Hermione Granger\">Hermione Granger</a> | <a href=\"/wiki/Hestia_Jones\" title=\"Hestia Jones\">Hestia Jones</a> | <a href=\"/wiki/Kingsley_Shacklebolt\" title=\"Kingsley Shacklebolt\">Kingsley Shacklebolt</a> | <a href=\"/wiki/Minerva_McGonagall\" title=\"Minerva McGonagall\">Minerva McGonagall</a> | <a href=\"/wiki/Molly_Weasley\" title=\"Molly Weasley\">Molly Weasley</a> | <a href=\"/wiki/Mundungus_Fletcher\" title=\"Mundungus Fletcher\">Mundungus Fletcher</a> | <a href=\"/wiki/Nymphadora_Tonks\" title=\"Nymphadora Tonks\">Nymphadora Tonks</a> | <a href=\"/wiki/Remus_Lupin\" title=\"Remus Lupin\">Remus Lupin</a> | <a href=\"/wiki/Ronald_Weasley\" title=\"Ronald Weasley\">Ron Weasley</a> | <a href=\"/wiki/Rubeus_Hagrid\" title=\"Rubeus Hagrid\">Rubeus Hagrid</a> | <a href=\"/wiki/Severus_Snape\" title=\"Severus Snape\">Severus Snape</a> | <a href=\"/wiki/Sirius_Black\" title=\"Sirius Black\">Sirius Black</a> | <a href=\"/wiki/Sturgis_Podmore\" title=\"Sturgis Podmore\">Sturgis Podmore</a>\n</td></tr>\n<tr>\n<td colspan=\"5\" style=\"font-size: 90%;\" align=\"center\"><b><a href=\"/wiki/Category:Order_of_the_Phoenix_allies\" title=\"Category:Order of the Phoenix allies\">Order of the Phoenix allies</a>:</b><br /><a href=\"/wiki/Andromeda_Tonks\" title=\"Andromeda Tonks\">Andromeda Tonks</a> | <strong class=\"mw-selflink selflink\">Augusta Longbottom</strong> | <a href=\"/wiki/Buckbeak\" title=\"Buckbeak\">Buckbeak</a> | <a href=\"/wiki/Dobby\" title=\"Dobby\">Dobby</a> | <a href=\"/wiki/Fawkes\" title=\"Fawkes\">Fawkes</a> | <a href=\"/wiki/Filius_Flitwick\" title=\"Filius Flitwick\">Filius Flitwick</a> | <a href=\"/wiki/Firenze\" title=\"Firenze\">Firenze</a> | <a href=\"/wiki/Garrick_Ollivander\" title=\"Garrick Ollivander\">Garrick Ollivander</a> | <a href=\"/wiki/Ginevra_Weasley\" title=\"Ginevra Weasley\">Ginny Weasley</a> | <a href=\"/wiki/Grawp\" title=\"Grawp\">Grawp</a> | <a href=\"/wiki/Helena_Ravenclaw\" title=\"Helena Ravenclaw\">Helena Ravenclaw</a> | <a href=\"/wiki/Horace_Slughorn\" title=\"Horace Slughorn\">Horace Slughorn</a> | <a href=\"/wiki/Karkus\" title=\"Karkus\">Karkus</a> | <a href=\"/wiki/Karkus%27s_wife\" title=\"Karkus&#39;s wife\">Karkus's wife</a> | <a href=\"/wiki/Kreacher\" title=\"Kreacher\">Kreacher</a> | <a href=\"/wiki/Lee_Jordan\" title=\"Lee Jordan\">Lee Jordan</a> | <a href=\"/wiki/Luna_Lovegood\" title=\"Luna Lovegood\">Luna Lovegood</a> | <a href=\"/wiki/McKinnon_family\" title=\"McKinnon family\">McKinnon family</a> | <a href=\"/wiki/Westenberg\" title=\"Westenberg\">Mr Westenberg</a> | <a href=\"/wiki/Westenberg%27s_wife\" title=\"Westenberg&#39;s wife\">Mrs Westenberg</a> | <a href=\"/wiki/Muriel\" title=\"Muriel\">Muriel</a> | <a href=\"/wiki/Nicholas_de_Mimsy-Porpington\" title=\"Nicholas de Mimsy-Porpington\">Nearly-Headless Nick</a> | <a href=\"/wiki/Neville_Longbottom\" title=\"Neville Longbottom\">Neville Longbottom</a> | <a href=\"/wiki/Oliver_Wood\" title=\"Oliver Wood\">Oliver Wood</a> | <a href=\"/wiki/Olympe_Maxime\" title=\"Olympe Maxime\">Olympe Maxime</a> | <a href=\"/wiki/Rita_Skeeter\" title=\"Rita Skeeter\">Rita Skeeter</a> | <a href=\"/wiki/Peeves\" title=\"Peeves\">Peeves</a> | <a href=\"/wiki/Percy_Weasley\" title=\"Percy Weasley\">Percy Weasley</a> | <a href=\"/wiki/Pomona_Sprout\" title=\"Pomona Sprout\">Pomona Sprout</a> | <a href=\"/wiki/Poppy_Pomfrey\" title=\"Poppy Pomfrey\">Poppy Pomfrey</a> | <a href=\"/wiki/Sybill_Trelawney\" title=\"Sybill Trelawney\">Sybill Trelawney</a> | <a href=\"/wiki/Edward_Tonks\" title=\"Edward Tonks\">Ted Tonks</a> | <a href=\"/wiki/The_Fallen_Fifty\" class=\"mw-redirect\" title=\"The Fallen Fifty\">The Fallen Fifty</a> | <a href=\"/wiki/Westenberg_family\" title=\"Westenberg family\">Westenberg family</a> | <a href=\"/wiki/Winky\" title=\"Winky\">Winky</a> | <a href=\"/wiki/Xenophilius_Lovegood\" title=\"Xenophilius Lovegood\">Xenophilius Lovegood</a>\n</td></tr>\n<tr>\n<td colspan=\"5\" style=\"font-size: 90%;\" align=\"center\"><b><a href=\"/wiki/Category:Order_of_the_Phoenix_allies\" title=\"Category:Order of the Phoenix allies\">Other affiliations</a>:</b><br /><a href=\"/wiki/Dumbledore%27s_Army\" title=\"Dumbledore&#39;s Army\">Dumbledore's Army</a> | <a href=\"/wiki/Forbidden_Forest_Centaur_colony\" title=\"Forbidden Forest Centaur colony\">Forbidden Forest Centaur colony</a> | <a href=\"/wiki/Headless_Hunt\" title=\"Headless Hunt\">Headless Hunt</a> | <a href=\"/wiki/Hogwarts_Hippogriff_herd\" title=\"Hogwarts Hippogriff herd\">Hogwarts Hippogriff herd</a> | <a href=\"/wiki/Hogwarts_house-elves\" title=\"Hogwarts house-elves\">Hogwarts house-elves</a> | <a href=\"/wiki/Hogwarts_School_of_Witchcraft_and_Wizardry\" title=\"Hogwarts School of Witchcraft and Wizardry\">Hogwarts</a> <a href=\"/wiki/Ghost\" title=\"Ghost\">Ghosts</a> | <a href=\"/wiki/Hogwarts_School_of_Witchcraft_and_Wizardry\" title=\"Hogwarts School of Witchcraft and Wizardry\">Hogwarts</a> <a href=\"/wiki/Professor\" title=\"Professor\">Staff</a> | <br /><a href=\"/wiki/Hogwarts_School_of_Witchcraft_and_Wizardry\" title=\"Hogwarts School of Witchcraft and Wizardry\">Hogwarts students</a> | <a href=\"/wiki/Hogwarts_Thestral_herd\" title=\"Hogwarts Thestral herd\">Hogwarts Thestral herd</a> | <a href=\"/wiki/British_Ministry_of_Magic\" title=\"British Ministry of Magic\">Ministry of Magic</a> | <a href=\"/wiki/Giant_colony\" title=\"Giant colony\">Giant colony</a> (<a href=\"/wiki/Karkus\" title=\"Karkus\">Karkus</a>'s control)\n</td></tr></tbody></table></div>"}]}}}}