{"batchcomplete": "", "warnings": {"main": {"*": "Subscribe to the mediawiki-api-announce mailing list at <https://lists.wikimedia.org/mailman/listinfo/mediawiki-api-announce> for notice of API deprecations and breaking changes."}, "revisions": {"*": "The parameter \"rvparse\" has been deprecated.\nBecause \"rvslots\" was not specified, a legacy format has been used for the output. This format is deprecated, and in the future the new format will always be used."}}, "query": {"normalized": [{"from": "Augustus_Pye", "to": "Augustus Pye"}], "pages": {"7373": {"pageid": 7373, "ns": 0, "title": "Augustus Pye", "revisions": [{"*": "<div class=\"mw-parser-output\"><table class=\"notice metadata\" id=\"spoiler\" style=\"text-align: center; background: beige; margin: 1em 05%; padding: 0 1em; border: #a00 1px solid;\">\n\n<tbody><tr>\n<td><a href=\"https://static.wikia.nocookie.net/harrypotter/images/e/ea/Wizards_Unite_logo.jpg/revision/latest?cb=20181114170049\" class=\"image\"><img alt=\"Wizards Unite logo.jpg\" src=\"https://static.wikia.nocookie.net/harrypotter/images/e/ea/Wizards_Unite_logo.jpg/revision/latest/scale-to-width-down/175?cb=20181114170049\" decoding=\"async\" width=\"175\" height=\"98\" data-image-name=\"Wizards Unite logo.jpg\" data-image-key=\"Wizards_Unite_logo.jpg\" /></a>\n</td>\n<td><b>Warning!</b>\n<p>At least some content in this article is derived from information featured in <i><a href=\"/wiki/Harry_Potter:_Wizards_Unite\" title=\"Harry Potter: Wizards Unite\">Harry Potter: Wizards Unite</a></i>. As such, spoilers will be present within the article.\n</p><p>For gameplay-specific information, please see the relevant article on <a href=\"https://harrypotterwizardsunite.fandom.com/wiki/Augustus_Pye\" class=\"extiw\" title=\"w:c:harrypotterwizardsunite:Augustus Pye\">the Harry Potter: Wizards Unite Wiki!</a>\n</p>\n</td></tr></tbody></table>\n<p>\n<aside role=\"region\" class=\"portable-infobox pi-background pi-theme-st-mungo-employee pi-layout-default\"><section class=\"pi-item pi-group pi-border-color\">\n\t\n<h2 class=\"pi-item pi-item-spacing pi-title\" data-source=\"name\">Augustus Pye</h2>\n\n</section>\n<section class=\"pi-item pi-group pi-border-color\">\n\t<h2 class=\"pi-item pi-header pi-secondary-font pi-item-spacing pi-secondary-background\">Biographical information</h2>\n\n<div class=\"pi-item pi-data pi-item-spacing pi-border-color\" data-source=\"nationality\">\n\t\n\t\t<h3 class=\"pi-data-label pi-secondary-font\">Nationality</h3>\n\t\n\t<div class=\"pi-data-value pi-font\"><a href=\"/wiki/Great_Britain\" title=\"Great Britain\">British</a></div>\n</div>\n\n</section>\n<section class=\"pi-item pi-group pi-border-color\">\n\t<h2 class=\"pi-item pi-header pi-secondary-font pi-item-spacing pi-secondary-background\">Physical information</h2>\n\n<div class=\"pi-item pi-data pi-item-spacing pi-border-color\" data-source=\"species\">\n\t\n\t\t<h3 class=\"pi-data-label pi-secondary-font\">Species</h3>\n\t\n\t<div class=\"pi-data-value pi-font\"><a href=\"/wiki/Human\" title=\"Human\">Human</a></div>\n</div>\n\n<div class=\"pi-item pi-data pi-item-spacing pi-border-color\" data-source=\"gender\">\n\t\n\t\t<h3 class=\"pi-data-label pi-secondary-font\">Gender</h3>\n\t\n\t<div class=\"pi-data-value pi-font\">Male</div>\n</div>\n\n</section>\n<section class=\"pi-item pi-group pi-border-color\">\n\t<h2 class=\"pi-item pi-header pi-secondary-font pi-item-spacing pi-secondary-background\">Affiliation</h2>\n\n<div class=\"pi-item pi-data pi-item-spacing pi-border-color\" data-source=\"job\">\n\t\n\t\t<h3 class=\"pi-data-label pi-secondary-font\">Occupation</h3>\n\t\n\t<div class=\"pi-data-value pi-font\">Trainee <a href=\"/wiki/Healer\" title=\"Healer\">Healer</a></div>\n</div>\n\n<div class=\"pi-item pi-data pi-item-spacing pi-border-color\" data-source=\"loyalty\">\n\t\n\t\t<h3 class=\"pi-data-label pi-secondary-font\">Loyalty</h3>\n\t\n\t<div class=\"pi-data-value pi-font\"><a href=\"/wiki/St_Mungo%27s_Hospital_for_Magical_Maladies_and_Injuries\" title=\"St Mungo&#039;s Hospital for Magical Maladies and Injuries\">St Mungo's</a></div>\n</div>\n\n</section>\n<nav class=\"pi-navigation pi-item-spacing pi-secondary-background pi-secondary-font\"><small><a href=\"/wiki/Template:Individual_infobox\" title=\"Template:Individual infobox\">[Source]</a><span class=\"hidable-button\"></span></small></nav>\n</aside>\n\n<b>Augustus Pye</b> was a <a href=\"/wiki/Great_Britain\" title=\"Great Britain\">British</a> <a href=\"/wiki/Wizardkind\" title=\"Wizardkind\">wizard</a> and trainee <a href=\"/wiki/Healer\" title=\"Healer\">Healer</a> at <a href=\"/wiki/St_Mungo%27s_Hospital_for_Magical_Maladies_and_Injuries\" title=\"St Mungo&#39;s Hospital for Magical Maladies and Injuries\">St Mungo's Hospital for Magical Maladies and Injuries</a> in the Dai Llewellyn Ward.<sup id=\"cite_ref-OOTP22_1-0\" class=\"reference\"><a href=\"#cite_note-OOTP22-1\">&#91;1&#93;</a></sup> He was interested in <a href=\"/wiki/Non-magic_people\" title=\"Non-magic people\">Muggle</a> healing techniques, and used <a href=\"/wiki/Stitches\" title=\"Stitches\">stitches</a> on <a href=\"/wiki/Arthur_Weasley\" title=\"Arthur Weasley\">Arthur Weasley</a> when he was admitted to the hospital after he was <a href=\"/wiki/Attack_on_Arthur_Weasley\" title=\"Attack on Arthur Weasley\">attacked</a> by <a href=\"/wiki/Nagini\" title=\"Nagini\">Nagini</a>. Presumably, <a href=\"/wiki/Nagini%27s_venom\" title=\"Nagini&#39;s venom\">Nagini's venom</a> made Arthur's wounds impossible to heal in this manner.<sup id=\"cite_ref-OOTP23_2-0\" class=\"reference\"><a href=\"#cite_note-OOTP23-2\">&#91;2&#93;</a></sup>\n</p><p>During the <a href=\"/wiki/Calamity\" title=\"Calamity\">Calamity</a>, Pye taught trainee <a href=\"/wiki/Magizoologist\" title=\"Magizoologist\">Magizoologists</a> how to master the <a href=\"/wiki/Stamina_Charm\" title=\"Stamina Charm\">Stamina Charm</a>, to help them restore stamina to themselves in combat.<sup id=\"cite_ref-WU_3-0\" class=\"reference\"><a href=\"#cite_note-WU-3\">&#91;3&#93;</a></sup>\n</p>\n<h2><span class=\"mw-headline\" id=\"Etymology\">Etymology</span><span class=\"mw-editsection\"><span class=\"mw-editsection-bracket\">[</span><a href=\"/wiki/Augustus_Pye?veaction=edit&amp;section=1\" class=\"mw-editsection-visualeditor\" title=\"Edit section: Etymology\">edit</a><span class=\"mw-editsection-divider\"> | </span><a href=\"/wiki/Augustus_Pye?action=edit&amp;section=1\" title=\"Edit section: Etymology\"><svg class=\"wds-icon wds-icon-tiny section-edit-pencil-icon\"><use xlink:href=\"#wds-icons-pencil-tiny\"></use></svg>edit source</a><span class=\"mw-editsection-bracket\">]</span></span></h2>\n<p>The name \"Augustus\" means \"great\" or \"venerable\", derived from Latin augere \"to increase\". Augustus was the title given to Octavian, the first Roman emperor. He was the adopted son of Julius Caesar who rose to power through a combination of military skill and political prowess. This was also the name of three kings of Poland.\n</p>\n<h2><span class=\"mw-headline\" id=\"Appearances\">Appearances</span><span class=\"mw-editsection\"><span class=\"mw-editsection-bracket\">[</span><a href=\"/wiki/Augustus_Pye?veaction=edit&amp;section=2\" class=\"mw-editsection-visualeditor\" title=\"Edit section: Appearances\">edit</a><span class=\"mw-editsection-divider\"> | </span><a href=\"/wiki/Augustus_Pye?action=edit&amp;section=2\" title=\"Edit section: Appearances\"><svg class=\"wds-icon wds-icon-tiny section-edit-pencil-icon\"><use xlink:href=\"#wds-icons-pencil-tiny\"></use></svg>edit source</a><span class=\"mw-editsection-bracket\">]</span></span></h2>\n<ul><li><i><a href=\"/wiki/Harry_Potter_and_the_Order_of_the_Phoenix\" title=\"Harry Potter and the Order of the Phoenix\">Harry Potter and the Order of the Phoenix</a></i> <small>(First mentioned)</small></li>\n<li><i><a href=\"/wiki/Harry_Potter_and_the_Order_of_the_Phoenix_(video_game)\" title=\"Harry Potter and the Order of the Phoenix (video game)\">Harry Potter and the Order of the Phoenix (video game)</a></i> <small>(Mentioned only)</small></li>\n<li><i><a href=\"/wiki/Harry_Potter:_Wizards_Unite\" title=\"Harry Potter: Wizards Unite\">Harry Potter: Wizards Unite</a></i> <small>(Mentioned only)</small></li></ul>\n<h2><span class=\"mw-headline\" id=\"Notes_and_references\">Notes and references</span><span class=\"mw-editsection\"><span class=\"mw-editsection-bracket\">[</span><a href=\"/wiki/Augustus_Pye?veaction=edit&amp;section=3\" class=\"mw-editsection-visualeditor\" title=\"Edit section: Notes and references\">edit</a><span class=\"mw-editsection-divider\"> | </span><a href=\"/wiki/Augustus_Pye?action=edit&amp;section=3\" title=\"Edit section: Notes and references\"><svg class=\"wds-icon wds-icon-tiny section-edit-pencil-icon\"><use xlink:href=\"#wds-icons-pencil-tiny\"></use></svg>edit source</a><span class=\"mw-editsection-bracket\">]</span></span></h2>\n<div class=\"references-small\">\n<div class=\"mw-references-wrap\"><ol class=\"references\">\n<li id=\"cite_note-OOTP22-1\"><span class=\"mw-cite-backlink\"><a href=\"#cite_ref-OOTP22_1-0\">\u2191</a></span> <span class=\"reference-text\"><i><a href=\"/wiki/Harry_Potter_and_the_Order_of_the_Phoenix\" title=\"Harry Potter and the Order of the Phoenix\">Harry Potter and the Order of the Phoenix</a></i>, Chapter 22 (<i>St Mungo's Hospital for Magical Maladies and Injuries</i>)</span>\n</li>\n<li id=\"cite_note-OOTP23-2\"><span class=\"mw-cite-backlink\"><a href=\"#cite_ref-OOTP23_2-0\">\u2191</a></span> <span class=\"reference-text\"><i><a href=\"/wiki/Harry_Potter_and_the_Order_of_the_Phoenix\" title=\"Harry Potter and the Order of the Phoenix\">Harry Potter and the Order of the Phoenix</a></i>, Chapter 23 (<i>Christmas on the Closed Ward</i>)</span>\n</li>\n<li id=\"cite_note-WU-3\"><span class=\"mw-cite-backlink\"><a href=\"#cite_ref-WU_3-0\">\u2191</a></span> <span class=\"reference-text\"><i><a href=\"/wiki/Harry_Potter:_Wizards_Unite\" title=\"Harry Potter: Wizards Unite\">Harry Potter: Wizards Unite</a></i></span>\n</li>\n</ol></div></div>\n<p><br />\n<br clear=\"all\" />\n</p>\n<table style=\"margin:0 auto; width: 90%; text-align:center;\" class=\"toccolours\" align=\"center\">\n\n<tbody><tr bgcolor=\"#white\">\n<th colspan=\"2\" style=\"background-color: #ccd;\"><a href=\"/wiki/St_Mungo%27s_Hospital_for_Magical_Maladies_and_Injuries\" title=\"St Mungo&#39;s Hospital for Magical Maladies and Injuries\">St Mungo's Hospital for Magical Maladies and Injuries</a>\n</th></tr>\n<tr>\n<th colspan=\"2\" style=\"background-color: #dfdfdf; font-size: 9pt;\">Founder <a href=\"/wiki/Mungo_Bonham\" title=\"Mungo Bonham\">Mungo Bonham</a>\n</th></tr>\n<tr>\n<td colspan=\"2\" style=\"font-size: 8pt;\"><a href=\"/wiki/St_Mungo%27s_Admissions_Department\" title=\"St Mungo&#39;s Admissions Department\">St Mungo's Admissions Department</a> \u00b7 <a href=\"/wiki/Poisoning_Department\" title=\"Poisoning Department\">Poisoning Department</a> \u00b7 <a href=\"/wiki/Janus_Thickey_Ward\" title=\"Janus Thickey Ward\">Janus Thickey Ward</a> \u00b7 <a href=\"/wiki/%22Dangerous%22_Dai_Llewellyn_Ward_for_Serious_Bites\" title=\"&quot;Dangerous&quot; Dai Llewellyn Ward for Serious Bites\">\"Dangerous\" Dai Llewellyn Ward for Serious Bites</a> \u00b7 <a href=\"/wiki/Purge_and_Dowse,_Ltd\" title=\"Purge and Dowse, Ltd\">Purge and Dowse, Ltd</a>\n</td></tr>\n<tr>\n<th colspan=\"2\" style=\"background-color: #dfdfdf; font-size: 9pt;\">Employees\n</th></tr>\n<tr style=\"font-size: 8pt;\">\n<th style=\"border-bottom: 1pt solid #ccd;\"><a href=\"/wiki/Category:St_Mungo%27s_positions\" title=\"Category:St Mungo&#39;s positions\">Positions</a>\n</th>\n<td style=\"border-bottom: 1pt solid #ccd;\"><a href=\"/wiki/Healer\" title=\"Healer\">Healer</a> \u00b7 <a href=\"/wiki/Mediwizard\" title=\"Mediwizard\">Mediwizard</a> \u00b7 <a href=\"/wiki/Trainee_Healer\" title=\"Trainee Healer\">Trainee Healer</a> \u00b7 <a href=\"/wiki/St_Mungo%27s_Welcome_Witch\" title=\"St Mungo&#39;s Welcome Witch\">Welcome Witch</a> \u00b7 <a href=\"/wiki/Dummy_at_Purge_and_Dowse,_Ltd\" title=\"Dummy at Purge and Dowse, Ltd\">Entrance dummy</a>\n</td></tr>\n<tr style=\"font-size: 8pt;\">\n<th><a href=\"/wiki/Category:Healers\" title=\"Category:Healers\">Healers</a>\n</th>\n<td><a href=\"/wiki/Omar_Abasi\" title=\"Omar Abasi\">Omar Abasi</a> \u00b7 <a href=\"/wiki/Dilys_Derwent\" title=\"Dilys Derwent\">Dilys Derwent</a> \u00b7 <a href=\"/wiki/Lancelot_(Healer)\" title=\"Lancelot (Healer)\">Lancelot</a> \u00b7 <a href=\"/wiki/Rutherford_Poke\" title=\"Rutherford Poke\">Rutherford Poke</a> \u00b7 <strong class=\"mw-selflink selflink\">Augustus Pye</strong> \u00b7 <a href=\"/wiki/Hippocrates_Smethwyck\" title=\"Hippocrates Smethwyck\">Hippocrates Smethwyck</a> \u00b7 <a href=\"/wiki/Helbert_Spleen\" title=\"Helbert Spleen\">Helbert Spleen</a> \u00b7 <a href=\"/wiki/Miriam_Strout\" title=\"Miriam Strout\">Miriam Strout</a> \u00b7 <a href=\"/wiki/Talbott_Winger%27s_mother\" title=\"Talbott Winger&#39;s mother\">Talbott Winger's mother</a>\n</td></tr>\n<tr>\n<th colspan=\"2\" style=\"background-color: #dfdfdf; font-size: 9pt;\">Patients\n</th></tr>\n<tr>\n<td colspan=\"2\" style=\"font-size: 8pt; border-bottom: 1pt solid #ccd;\"><a href=\"/wiki/Katie_Bell\" title=\"Katie Bell\">Katie Bell</a> \u00b7 <a href=\"/wiki/Herbert_Chorley\" title=\"Herbert Chorley\">Herbert Chorley</a> \u00b7 <a href=\"/wiki/John_Dawlish\" title=\"John Dawlish\">John Dawlish</a> \u00b7 <a href=\"/wiki/Gordon_Horton\" title=\"Gordon Horton\">Gordon Horton</a> \u00b7 <a href=\"/wiki/Minerva_McGonagall\" title=\"Minerva McGonagall\">Minerva McGonagall</a> \u00b7 <a href=\"/wiki/Montgomery\" title=\"Montgomery\">Montgomery</a> \u00b7 <a href=\"/wiki/Laura_Thorn\" title=\"Laura Thorn\">Laura Thorn</a> \u00b7 <a href=\"/wiki/Nymphadora_Tonks\" title=\"Nymphadora Tonks\">Nymphadora Tonks</a> \u00b7 <a href=\"/wiki/Arthur_Weasley\" title=\"Arthur Weasley\">Arthur Weasley</a> \u00b7 <a href=\"/wiki/Grubby-looking_St_Mungo%27s_patient\" title=\"Grubby-looking St Mungo&#39;s patient\">Grubby-looking St Mungo's patient</a> \u00b7 <a href=\"/wiki/Bitten_St_Mungo%27s_patient\" title=\"Bitten St Mungo&#39;s patient\">Bitten St Mungo's patient</a> \u00b7 <a href=\"/wiki/Winged_St_Mungo%27s_patient\" title=\"Winged St Mungo&#39;s patient\">Winged St Mungo's patient</a> \u00b7 <a href=\"/wiki/Unidentified_St_Mungo%27s_patient\" title=\"Unidentified St Mungo&#39;s patient\">Unidentified St Mungo's patient</a> \u00b7 <a href=\"/wiki/Unidentified_werewolf\" title=\"Unidentified werewolf\">Unidentified werewolf</a>\n</td></tr>\n<tr style=\"font-size: 8pt;\">\n<th width=\"20%\">Long-term residents\n</th>\n<td><a href=\"/wiki/Agnes\" title=\"Agnes\">Agnes</a> \u00b7 <a href=\"/wiki/Alice_Longbottom\" title=\"Alice Longbottom\">Alice Longbottom</a> \u00b7 <a href=\"/wiki/Frank_Longbottom\" title=\"Frank Longbottom\">Frank Longbottom</a> \u00b7 <a href=\"/wiki/Gilderoy_Lockhart\" title=\"Gilderoy Lockhart\">Gilderoy Lockhart</a> \u00b7 <a href=\"/wiki/Broderick_Bode\" title=\"Broderick Bode\">Broderick Bode</a> (deceased)\n</td></tr></tbody></table></div>"}]}}}}