{"batchcomplete": "", "warnings": {"main": {"*": "Subscribe to the mediawiki-api-announce mailing list at <https://lists.wikimedia.org/mailman/listinfo/mediawiki-api-announce> for notice of API deprecations and breaking changes."}, "revisions": {"*": "The parameter \"rvparse\" has been deprecated.\nBecause \"rvslots\" was not specified, a legacy format has been used for the output. This format is deprecated, and in the future the new format will always be used."}}, "query": {"normalized": [{"from": "Babbitty_Rabbity", "to": "Babbitty Rabbity"}], "pages": {"7825": {"pageid": 7825, "ns": 0, "title": "Babbitty Rabbity", "revisions": [{"*": "<div class=\"mw-parser-output\"><p>\n<aside role=\"region\" class=\"portable-infobox pi-background pi-theme-wizard pi-layout-default\">\n<figure class=\"pi-item pi-image\" data-source=\"image\">\n\t<a href=\"https://static.wikia.nocookie.net/harrypotter/images/6/68/Babitty.jpg/revision/latest?cb=20081205235647\" class=\"image image-thumbnail\"\n\t   title=\"\">\n\t\t<img src=\"https://static.wikia.nocookie.net/harrypotter/images/6/68/Babitty.jpg/revision/latest/scale-to-width-down/350?cb=20081205235647\" srcset=\"https://static.wikia.nocookie.net/harrypotter/images/6/68/Babitty.jpg/revision/latest/scale-to-width-down/350?cb=20081205235647 1x, https://static.wikia.nocookie.net/harrypotter/images/6/68/Babitty.jpg/revision/latest/scale-to-width-down/700?cb=20081205235647 2x\" class=\"pi-image-thumbnail\" alt=\"\" width=\"270\" height=\"380\"\n\t\t     data-image-key=\"Babitty.jpg\" data-image-name=\"Babitty.jpg\"/>\n\t\t\n\t</a>\n\t\n</figure>\n<section class=\"pi-item pi-group pi-border-color\">\n\t\n<h2 class=\"pi-item pi-item-spacing pi-title\" data-source=\"name\">Babbitty Rabbity</h2>\n\n</section>\n<section class=\"pi-item pi-group pi-border-color\">\n\t<h2 class=\"pi-item pi-header pi-secondary-font pi-item-spacing pi-secondary-background\">Physical information</h2>\n\n<div class=\"pi-item pi-data pi-item-spacing pi-border-color\" data-source=\"species\">\n\t\n\t\t<h3 class=\"pi-data-label pi-secondary-font\">Species</h3>\n\t\n\t<div class=\"pi-data-value pi-font\"><a href=\"/wiki/Human\" title=\"Human\">Human</a><sup id=\"cite_ref-TBB_1-0\" class=\"reference\"><a href=\"#cite_note-TBB-1\">&#91;1&#93;</a></sup></div>\n</div>\n\n<div class=\"pi-item pi-data pi-item-spacing pi-border-color\" data-source=\"gender\">\n\t\n\t\t<h3 class=\"pi-data-label pi-secondary-font\">Gender</h3>\n\t\n\t<div class=\"pi-data-value pi-font\">Female<sup id=\"cite_ref-TBB_1-1\" class=\"reference\"><a href=\"#cite_note-TBB-1\">&#91;1&#93;</a></sup></div>\n</div>\n\n<div class=\"pi-item pi-data pi-item-spacing pi-border-color\" data-source=\"hair\">\n\t\n\t\t<h3 class=\"pi-data-label pi-secondary-font\">Hair colour</h3>\n\t\n\t<div class=\"pi-data-value pi-font\">Dark<sup id=\"cite_ref-TBB_1-2\" class=\"reference\"><a href=\"#cite_note-TBB-1\">&#91;1&#93;</a></sup></div>\n</div>\n\n<div class=\"pi-item pi-data pi-item-spacing pi-border-color\" data-source=\"skin\">\n\t\n\t\t<h3 class=\"pi-data-label pi-secondary-font\">Skin colour</h3>\n\t\n\t<div class=\"pi-data-value pi-font\">White<sup id=\"cite_ref-TBB_1-3\" class=\"reference\"><a href=\"#cite_note-TBB-1\">&#91;1&#93;</a></sup></div>\n</div>\n\n</section>\n<section class=\"pi-item pi-group pi-border-color\">\n\t<h2 class=\"pi-item pi-header pi-secondary-font pi-item-spacing pi-secondary-background\">Magical characteristics</h2>\n\n<div class=\"pi-item pi-data pi-item-spacing pi-border-color\" data-source=\"animagus\">\n\t\n\t\t<h3 class=\"pi-data-label pi-secondary-font\">Animagus</h3>\n\t\n\t<div class=\"pi-data-value pi-font\"><a href=\"/wiki/Rabbit\" title=\"Rabbit\">Rabbit</a><sup id=\"cite_ref-TBB_1-4\" class=\"reference\"><a href=\"#cite_note-TBB-1\">&#91;1&#93;</a></sup></div>\n</div>\n\n</section>\n<section class=\"pi-item pi-group pi-border-color\">\n\t<h2 class=\"pi-item pi-header pi-secondary-font pi-item-spacing pi-secondary-background\">Affiliation</h2>\n\n<div class=\"pi-item pi-data pi-item-spacing pi-border-color\" data-source=\"job\">\n\t\n\t\t<h3 class=\"pi-data-label pi-secondary-font\">Occupation</h3>\n\t\n\t<div class=\"pi-data-value pi-font\">Washerwoman<sup id=\"cite_ref-TBB_1-5\" class=\"reference\"><a href=\"#cite_note-TBB-1\">&#91;1&#93;</a></sup></div>\n</div>\n\n</section>\n<nav class=\"pi-navigation pi-item-spacing pi-secondary-background pi-secondary-font\"><small><a href=\"/wiki/Template:Individual_infobox\" title=\"Template:Individual infobox\">[Source]</a><span class=\"hidable-button\"></span></small></nav>\n</aside>\n\n</p>\n<div class=\"quote\">\n<dl><dd><span title=\"Source:&#160;The Tales of Beedle the Bard\">\"<i>If you fail to help me, I shall denounce you as a witch, and it will be you who is torn apart by the King's hounds!</i>\"</span></dd>\n<dd>&#8212;The <a href=\"/wiki/Charlatan\" title=\"Charlatan\">Charlatan</a><sup class=\"noprint\"><a href=\"/wiki/The_Tales_of_Beedle_the_Bard\" title=\"The Tales of Beedle the Bard\">[src]</a></sup></dd>\n<dd></dd></dl></div>\n<p><b>Babbitty Rabbitty</b> is the main protagonist of the children's tale, <i><a href=\"/wiki/Babbitty_Rabbitty_and_her_Cackling_Stump\" title=\"Babbitty Rabbitty and her Cackling Stump\">Babbitty Rabbitty and her Cackling Stump</a></i> in <i><a href=\"/wiki/The_Tales_of_Beedle_the_Bard\" title=\"The Tales of Beedle the Bard\">The Tales of Beedle the Bard </a></i>, by <a href=\"/wiki/Beedle_the_Bard\" title=\"Beedle the Bard\">Beedle the Bard</a>. Babbitty was known to be a very wise old <a href=\"/wiki/Wizardkind\" title=\"Wizardkind\">witch</a>, who had worked as a washerwoman for a terribly foolish <a href=\"/wiki/Non-magic_people\" title=\"Non-magic people\">Muggle</a> <a href=\"/wiki/King_(Babbitty_Rabbitty_and_her_Cackling_Stump)\" title=\"King (Babbitty Rabbitty and her Cackling Stump)\">King</a>.<sup id=\"cite_ref-TBB_1-6\" class=\"reference\"><a href=\"#cite_note-TBB-1\">&#91;1&#93;</a></sup>\n</p>\n<div id=\"toc\" class=\"toc\"><input type=\"checkbox\" role=\"button\" id=\"toctogglecheckbox\" class=\"toctogglecheckbox\" style=\"display:none\" /><div class=\"toctitle\" lang=\"en\" dir=\"ltr\"><h2>Contents</h2><span class=\"toctogglespan\"><label class=\"toctogglelabel\" for=\"toctogglecheckbox\"></label></span></div>\n<ul>\n<li class=\"toclevel-1 tocsection-1\"><a href=\"#Biography\"><span class=\"tocnumber\">1</span> <span class=\"toctext\">Biography</span></a>\n<ul>\n<li class=\"toclevel-2 tocsection-2\"><a href=\"#An_Instructor_of_Magic\"><span class=\"tocnumber\">1.1</span> <span class=\"toctext\">An Instructor of Magic</span></a></li>\n<li class=\"toclevel-2 tocsection-3\"><a href=\"#The_King.27s_Promise\"><span class=\"tocnumber\">1.2</span> <span class=\"toctext\">The King's Promise</span></a></li>\n</ul>\n</li>\n<li class=\"toclevel-1 tocsection-4\"><a href=\"#Relationships\"><span class=\"tocnumber\">2</span> <span class=\"toctext\">Relationships</span></a>\n<ul>\n<li class=\"toclevel-2 tocsection-5\"><a href=\"#The_King\"><span class=\"tocnumber\">2.1</span> <span class=\"toctext\">The King</span></a></li>\n<li class=\"toclevel-2 tocsection-6\"><a href=\"#The_Charlatan\"><span class=\"tocnumber\">2.2</span> <span class=\"toctext\">The Charlatan</span></a></li>\n</ul>\n</li>\n<li class=\"toclevel-1 tocsection-7\"><a href=\"#Personality_and_traits\"><span class=\"tocnumber\">3</span> <span class=\"toctext\">Personality and traits</span></a></li>\n<li class=\"toclevel-1 tocsection-8\"><a href=\"#Magical_abilities_and_skills\"><span class=\"tocnumber\">4</span> <span class=\"toctext\">Magical abilities and skills</span></a></li>\n<li class=\"toclevel-1 tocsection-9\"><a href=\"#Influence\"><span class=\"tocnumber\">5</span> <span class=\"toctext\">Influence</span></a></li>\n<li class=\"toclevel-1 tocsection-10\"><a href=\"#Etymology\"><span class=\"tocnumber\">6</span> <span class=\"toctext\">Etymology</span></a></li>\n<li class=\"toclevel-1 tocsection-11\"><a href=\"#See_also\"><span class=\"tocnumber\">7</span> <span class=\"toctext\">See also</span></a></li>\n<li class=\"toclevel-1 tocsection-12\"><a href=\"#Appearances\"><span class=\"tocnumber\">8</span> <span class=\"toctext\">Appearances</span></a></li>\n<li class=\"toclevel-1 tocsection-13\"><a href=\"#Notes_and_references\"><span class=\"tocnumber\">9</span> <span class=\"toctext\">Notes and references</span></a></li>\n</ul>\n</div>\n\n<h2><span class=\"mw-headline\" id=\"Biography\">Biography</span><span class=\"mw-editsection\"><span class=\"mw-editsection-bracket\">[</span><a href=\"/wiki/Babbitty_Rabbity?veaction=edit&amp;section=1\" class=\"mw-editsection-visualeditor\" title=\"Edit section: Biography\">edit</a><span class=\"mw-editsection-divider\"> | </span><a href=\"/wiki/Babbitty_Rabbity?action=edit&amp;section=1\" title=\"Edit section: Biography\"><svg class=\"wds-icon wds-icon-tiny section-edit-pencil-icon\"><use xlink:href=\"#wds-icons-pencil-tiny\"></use></svg>edit source</a><span class=\"mw-editsection-bracket\">]</span></span></h2>\n<h3><span class=\"mw-headline\" id=\"An_Instructor_of_Magic\">An Instructor of Magic</span><span class=\"mw-editsection\"><span class=\"mw-editsection-bracket\">[</span><a href=\"/wiki/Babbitty_Rabbity?veaction=edit&amp;section=2\" class=\"mw-editsection-visualeditor\" title=\"Edit section: An Instructor of Magic\">edit</a><span class=\"mw-editsection-divider\"> | </span><a href=\"/wiki/Babbitty_Rabbity?action=edit&amp;section=2\" title=\"Edit section: An Instructor of Magic\"><svg class=\"wds-icon wds-icon-tiny section-edit-pencil-icon\"><use xlink:href=\"#wds-icons-pencil-tiny\"></use></svg>edit source</a><span class=\"mw-editsection-bracket\">]</span></span></h3>\n<div class=\"quote\">\n<dl><dd><span title=\"Source:&#160;The Tales of Beedle the Bard (real)\">\"<i>I must look most undignified, to make the old washerwoman laugh so</i>\"</span></dd>\n<dd>&#8212;The <a href=\"/wiki/King_(Babbitty_Rabbitty_and_her_Cackling_Stump)\" title=\"King (Babbitty Rabbitty and her Cackling Stump)\">King</a><sup class=\"noprint\"><a href=\"/wiki/The_Tales_of_Beedle_the_Bard_(real)\" title=\"The Tales of Beedle the Bard (real)\">[src]</a></sup></dd>\n<dd></dd></dl></div><p>When a <a href=\"/wiki/Charlatan\" title=\"Charlatan\">charlatan</a> attempted to teach the king <a href=\"/wiki/Magic\" title=\"Magic\">magic</a>, her cackling made the king suspect the charlatan. The charlatan enlisted Babbitty's help in continuing his ruse through a demonstration by the king. The king cast <a href=\"/wiki/Spell\" title=\"Spell\">spells</a>, which were actually done by Babbitty who was hiding in a bush. When someone asked the king to resurrect a dog, neither the king nor Babbitty could oblige. This made the subjects ridicule the king. The king sentenced the charlatan to death, who turned around and accused Babbitty and said that a wicked <a href=\"/wiki/Wizardkind\" title=\"Wizardkind\">witch</a> was blocking them. Babbitty ran from the bush, and when the hounds chased after her she \"disappeared\", leaving the dogs barking at a tree.<sup id=\"cite_ref-TBB_1-7\" class=\"reference\"><a href=\"#cite_note-TBB-1\">&#91;1&#93;</a></sup>\n</p><h3><span id=\"The_King's_Promise\"></span><span class=\"mw-headline\" id=\"The_King.27s_Promise\">The King's Promise</span><span class=\"mw-editsection\"><span class=\"mw-editsection-bracket\">[</span><a href=\"/wiki/Babbitty_Rabbity?veaction=edit&amp;section=3\" class=\"mw-editsection-visualeditor\" title=\"Edit section: The King&#039;s Promise\">edit</a><span class=\"mw-editsection-divider\"> | </span><a href=\"/wiki/Babbitty_Rabbity?action=edit&amp;section=3\" title=\"Edit section: The King&#039;s Promise\"><svg class=\"wds-icon wds-icon-tiny section-edit-pencil-icon\"><use xlink:href=\"#wds-icons-pencil-tiny\"></use></svg>edit source</a><span class=\"mw-editsection-bracket\">]</span></span></h3>\n<div class=\"quote\">\n<dl><dd><span title=\"Source:&#160;The Tales of Beedle the Bard (real)\">\"<i>You will erect a statue of Babbitty upon me, in memory of your poor washerwoman, and to remind you for ever of your foolishness!</i>\"</span></dd>\n<dd>&#8212;Babbitty<sup class=\"noprint\"><a href=\"/wiki/The_Tales_of_Beedle_the_Bard_(real)\" title=\"The Tales of Beedle the Bard (real)\">[src]</a></sup></dd>\n<dd></dd></dl></div><figure class=\"thumb tright show-info-icon\" style=\"width: 278px\"> \t<a href=\"https://static.wikia.nocookie.net/harrypotter/images/f/f7/Babbitty%2C_a_Coeha_e_o_Toco_Gargalhante.jpg/revision/latest?cb=20170514004803\" class=\"image\"><img alt=\"Babbitty, a Coeha e o Toco Gargalhante.jpg\" src=\"https://static.wikia.nocookie.net/harrypotter/images/f/f7/Babbitty%2C_a_Coeha_e_o_Toco_Gargalhante.jpg/revision/latest/scale-to-width-down/276?cb=20170514004803\" decoding=\"async\" width=\"276\" height=\"224\" class=\"thumbimage\" data-image-name=\"Babbitty, a Coeha e o Toco Gargalhante.jpg\" data-image-key=\"Babbitty,_a_Coeha_e_o_Toco_Gargalhante.jpg\" /></a> \t \t<figcaption class=\"thumbcaption\"> \t\t \t\t\t<a href=\"/wiki/File:Babbitty,_a_Coeha_e_o_Toco_Gargalhante.jpg\" class=\"info-icon\"><svg><use xlink:href=\"#wds-icons-info-small\"></use></svg></a> \t\t \t\t \t\t \t</figcaption> </figure>\n<p>The charlatan told the king and the crowd that Babbitty had turned into a tree, and that the tree must be cut down, because she is an \"<a href=\"/wiki/Dark_Wizard\" title=\"Dark Wizard\">evil</a>\" witch. The king was wild, and the tree was cut down. As the crowd and the king started to leave, they heard a cackling coming from the stump. Babbitty told the king that real <a href=\"/wiki/Wizardkind\" title=\"Wizardkind\">wizards and witches</a> cannot be cut in half, and that they should cut the charlatan in half to prove it. The charlatan confessed he was a fraud, and the witch told them that the King is cursed, and he'll wish for death every time a witch or wizard was harmed. Babbitty demanded a statue be built of herself, to remind them of what they've done. The King promised. Soon after, an old <a href=\"/wiki/Rabbit\" title=\"Rabbit\">rabbit</a> appeared out of a hole in the stump, with a <a href=\"/wiki/Wand\" title=\"Wand\">wand</a> in its mouth, revealing that she was an <a href=\"/wiki/Animagus\" title=\"Animagus\">Animagus</a>, and left the kingdom. Forever after, the statue of Babbitty remained on top of the stump.<sup id=\"cite_ref-TBB_1-8\" class=\"reference\"><a href=\"#cite_note-TBB-1\">&#91;1&#93;</a></sup>\n</p>\n<h2><span class=\"mw-headline\" id=\"Relationships\">Relationships</span><span class=\"mw-editsection\"><span class=\"mw-editsection-bracket\">[</span><a href=\"/wiki/Babbitty_Rabbity?veaction=edit&amp;section=4\" class=\"mw-editsection-visualeditor\" title=\"Edit section: Relationships\">edit</a><span class=\"mw-editsection-divider\"> | </span><a href=\"/wiki/Babbitty_Rabbity?action=edit&amp;section=4\" title=\"Edit section: Relationships\"><svg class=\"wds-icon wds-icon-tiny section-edit-pencil-icon\"><use xlink:href=\"#wds-icons-pencil-tiny\"></use></svg>edit source</a><span class=\"mw-editsection-bracket\">]</span></span></h2>\n<h3><span class=\"mw-headline\" id=\"The_King\">The King</span><span class=\"mw-editsection\"><span class=\"mw-editsection-bracket\">[</span><a href=\"/wiki/Babbitty_Rabbity?veaction=edit&amp;section=5\" class=\"mw-editsection-visualeditor\" title=\"Edit section: The King\">edit</a><span class=\"mw-editsection-divider\"> | </span><a href=\"/wiki/Babbitty_Rabbity?action=edit&amp;section=5\" title=\"Edit section: The King\"><svg class=\"wds-icon wds-icon-tiny section-edit-pencil-icon\"><use xlink:href=\"#wds-icons-pencil-tiny\"></use></svg>edit source</a><span class=\"mw-editsection-bracket\">]</span></span></h3>\n<figure class=\"thumb tleft show-info-icon\" style=\"width: 102px\"> \t<a href=\"https://static.wikia.nocookie.net/harrypotter/images/a/ae/King_babbity_rabbity.jpg/revision/latest?cb=20090404231456\" class=\"image\"><img alt=\"\" src=\"https://static.wikia.nocookie.net/harrypotter/images/a/ae/King_babbity_rabbity.jpg/revision/latest/scale-to-width-down/100?cb=20090404231456\" decoding=\"async\" width=\"100\" height=\"224\" class=\"thumbimage\" data-image-name=\"King babbity rabbity.jpg\" data-image-key=\"King_babbity_rabbity.jpg\" /></a> \t \t<figcaption class=\"thumbcaption\"> \t\t \t\t\t<a href=\"/wiki/File:King_babbity_rabbity.jpg\" class=\"info-icon\"><svg><use xlink:href=\"#wds-icons-info-small\"></use></svg></a> \t\t \t\t \t\t \t\t\t<p class=\"caption\">The King</p> \t\t \t</figcaption> </figure>\n<div class=\"quote\">\n<dl><dd><span title=\"Source:&#160;The Tales of Beedle the Bard (real)\">\"<i>Very good, but you have not yet made amends to Babbitty</i>\"</span></dd>\n<dd>&#8212;Babbitty<sup class=\"noprint\"><a href=\"/wiki/The_Tales_of_Beedle_the_Bard_(real)\" title=\"The Tales of Beedle the Bard (real)\">[src]</a></sup></dd>\n<dd></dd></dl></div>\n<p>Babbitty was the king's washerwoman, and while he was her employer, she knew that he was terribly foolish. Much more intelligent than the king, Babbitty turned into a rabbit and hid inside a tree. When the King had the tree chopped down, she told the petrified King that by cutting a <a href=\"/wiki/Wizardkind\" title=\"Wizardkind\">witch</a> in half, he had unleashed a terrible curse upon his kingdom and every stroke of harm that he inflicted upon fellow wizards and witches would feel like an axe stroke in his side. Fooled into believing this, the naive King promised that he would issue a proclamation at once, protecting wizards and witches of the kingdom and to erect a staue of Babbitty on the stump.<sup id=\"cite_ref-TBB_1-9\" class=\"reference\"><a href=\"#cite_note-TBB-1\">&#91;1&#93;</a></sup>\n</p>\n<h3><span class=\"mw-headline\" id=\"The_Charlatan\">The Charlatan</span><span class=\"mw-editsection\"><span class=\"mw-editsection-bracket\">[</span><a href=\"/wiki/Babbitty_Rabbity?veaction=edit&amp;section=6\" class=\"mw-editsection-visualeditor\" title=\"Edit section: The Charlatan\">edit</a><span class=\"mw-editsection-divider\"> | </span><a href=\"/wiki/Babbitty_Rabbity?action=edit&amp;section=6\" title=\"Edit section: The Charlatan\"><svg class=\"wds-icon wds-icon-tiny section-edit-pencil-icon\"><use xlink:href=\"#wds-icons-pencil-tiny\"></use></svg>edit source</a><span class=\"mw-editsection-bracket\">]</span></span></h3>\n<figure class=\"thumb tright show-info-icon\" style=\"width: 102px\"> \t<a href=\"https://static.wikia.nocookie.net/harrypotter/images/f/f9/Charlatan.jpg/revision/latest?cb=20090408160117\" class=\"image\"><img alt=\"\" src=\"https://static.wikia.nocookie.net/harrypotter/images/f/f9/Charlatan.jpg/revision/latest/scale-to-width-down/100?cb=20090408160117\" decoding=\"async\" width=\"100\" height=\"216\" class=\"thumbimage\" data-image-name=\"Charlatan.jpg\" data-image-key=\"Charlatan.jpg\" /></a> \t \t<figcaption class=\"thumbcaption\"> \t\t \t\t\t<a href=\"/wiki/File:Charlatan.jpg\" class=\"info-icon\"><svg><use xlink:href=\"#wds-icons-info-small\"></use></svg></a> \t\t \t\t \t\t \t\t\t<p class=\"caption\">The Charlatan</p> \t\t \t</figcaption> </figure>\n<div class=\"quote\">\n<dl><dd><span title=\"Source:&#160;The Tales of Beedle the Bard (real)\">\"<i>Cut her down, <a href=\"/wiki/King_(Babbitty_Rabbitty_and_her_Cackling_Stump)\" title=\"King (Babbitty Rabbitty and her Cackling Stump)\">Your Majesty</a>, that is the way to treat evil <a href=\"/wiki/Wizardkind\" title=\"Wizardkind\">witches</a></i>\"</span></dd>\n<dd>&#8212;The Charlatan<sup class=\"noprint\"><a href=\"/wiki/The_Tales_of_Beedle_the_Bard_(real)\" title=\"The Tales of Beedle the Bard (real)\">[src]</a></sup></dd>\n<dd></dd></dl></div>\n<p>She thought that the charlatan and King's \"lessons\" were ridiculous and laughed at the King, causing the charlatan to become in danger. Babbity was blackmailed by to perform the King's spells for him without his knowledge, or else he denounce her as a witch to the <a href=\"/wiki/Brigade_of_Witch-Hunters\" title=\"Brigade of Witch-Hunters\">Brigade of Witch-Hunters</a>. Babbity disliked the charlatan, and the charlatan was willing to have her killed to save his own skin, as he suggested that the king chop down the tree that Babbitty had \"turned into\". Babbitty told the crowd that real wizards and witches cannot be cut in half, and that they should cut the charlatan in half to prove it. Terrified, the charlatan then confessed he is a fraud.<sup id=\"cite_ref-TBB_1-10\" class=\"reference\"><a href=\"#cite_note-TBB-1\">&#91;1&#93;</a></sup>\n</p>\n<h2><span class=\"mw-headline\" id=\"Personality_and_traits\">Personality and traits</span><span class=\"mw-editsection\"><span class=\"mw-editsection-bracket\">[</span><a href=\"/wiki/Babbitty_Rabbity?veaction=edit&amp;section=7\" class=\"mw-editsection-visualeditor\" title=\"Edit section: Personality and traits\">edit</a><span class=\"mw-editsection-divider\"> | </span><a href=\"/wiki/Babbitty_Rabbity?action=edit&amp;section=7\" title=\"Edit section: Personality and traits\"><svg class=\"wds-icon wds-icon-tiny section-edit-pencil-icon\"><use xlink:href=\"#wds-icons-pencil-tiny\"></use></svg>edit source</a><span class=\"mw-editsection-bracket\">]</span></span></h2>\n<div class=\"quote\">\n<dl><dd><span title=\"Source:&#160;The Tales of Beedle the Bard\">\"<i>...was watching the King and the charlatan from the window of her tiny cottage, and was laughing so hard she she soon sank out of sight, too weak to stand</i>\"</span></dd>\n<dd>&#8212;Babbity's humour<sup class=\"noprint\"><a href=\"/wiki/The_Tales_of_Beedle_the_Bard\" title=\"The Tales of Beedle the Bard\">[src]</a></sup></dd>\n<dd></dd></dl></div><p>Babbitty was a wise and resourceful witch. She had a strong sense of humour as she cackles uncontrollably when the King and charlatan practise their \"magic\". She was also quite the quick-thinker, shown when she swiftly conjured an intelligent plan even though, at the time, she was fleeing from the <a href=\"/wiki/Brigade_of_Witch-Hunters\" title=\"Brigade of Witch-Hunters\">Brigade of Witch-Hunters</a>. She was a folk hero to young <a href=\"/wiki/Wizardkind\" title=\"Wizardkind\">wizards and witches</a> across the <a href=\"/wiki/Wizarding_world\" title=\"Wizarding world\">wizarding world</a>, displaying ingenuity and cleverness.<sup id=\"cite_ref-TBB_1-11\" class=\"reference\"><a href=\"#cite_note-TBB-1\">&#91;1&#93;</a></sup>\n</p><h2><span class=\"mw-headline\" id=\"Magical_abilities_and_skills\">Magical abilities and skills</span><span class=\"mw-editsection\"><span class=\"mw-editsection-bracket\">[</span><a href=\"/wiki/Babbitty_Rabbity?veaction=edit&amp;section=8\" class=\"mw-editsection-visualeditor\" title=\"Edit section: Magical abilities and skills\">edit</a><span class=\"mw-editsection-divider\"> | </span><a href=\"/wiki/Babbitty_Rabbity?action=edit&amp;section=8\" title=\"Edit section: Magical abilities and skills\"><svg class=\"wds-icon wds-icon-tiny section-edit-pencil-icon\"><use xlink:href=\"#wds-icons-pencil-tiny\"></use></svg>edit source</a><span class=\"mw-editsection-bracket\">]</span></span></h2>\n<ul><li><b><a href=\"/wiki/Charm\" title=\"Charm\">Charms</a></b>: Babbitty was apparently good with charms. She could <a href=\"/wiki/Levitation_Charm\" title=\"Levitation Charm\">levitate</a> a <a href=\"/wiki/Horse\" title=\"Horse\">horse</a> and do her wash duties with <a href=\"/wiki/Magic\" title=\"Magic\">magic</a> for example, showing she was skilled with <a href=\"/wiki/Household_magic\" title=\"Household magic\">household spells</a>.<sup id=\"cite_ref-TBB_1-12\" class=\"reference\"><a href=\"#cite_note-TBB-1\">&#91;1&#93;</a></sup></li>\n<li><b><a href=\"/wiki/Transfiguration\" title=\"Transfiguration\">Transfiguration</a></b>: Babbitty was evidently very powerful in this branch of <a href=\"/wiki/Magic\" title=\"Magic\">magic</a>, as she mastered a difficult branch of transfiguration to became an <a href=\"/wiki/Animagus\" title=\"Animagus\">Animagus</a>. She could transform into a white <a href=\"/wiki/Rabbit\" title=\"Rabbit\">rabbit</a> at will. She was also proficient in <a href=\"/wiki/Vanishment\" title=\"Vanishment\">Vanishment</a>, as she shown when she successfully <a href=\"/wiki/Vanishing_spell\" class=\"mw-redirect\" title=\"Vanishing spell\">vanished</a> a hat, another advanced branch of transfiguration.<sup id=\"cite_ref-TBB_1-13\" class=\"reference\"><a href=\"#cite_note-TBB-1\">&#91;1&#93;</a></sup></li>\n<li><b><a href=\"/wiki/Potion\" title=\"Potion\">Potions</a></b>: Being an Animagus, she would have needed to have successfully brewed an <a href=\"/wiki/Animagus_potion\" title=\"Animagus potion\">Animagus potion</a>, in order to gain the ability to transform. This implies she had great skill in the art of potion-making, as brewing the Animagus potion is immensely difficult, complex and time-consuming.</li>\n<li><b><a href=\"/wiki/Dark_Arts\" title=\"Dark Arts\">Dark Arts</a> (possibly)</b>: Babbitty threatened the King that each time he hurt a Wizard or Witch, it would hurt himself. <a href=\"/wiki/Albus_Dumbledore\" title=\"Albus Dumbledore\">Albus Dumbledore</a> speculated that she could have inflicted this pain using the <a href=\"/wiki/Cruciatus_Curse\" title=\"Cruciatus Curse\">Cruciatus Curse</a>, which was legal at the time.<sup id=\"cite_ref-TBB_1-14\" class=\"reference\"><a href=\"#cite_note-TBB-1\">&#91;1&#93;</a></sup></li></ul>\n<h2><span class=\"mw-headline\" id=\"Influence\">Influence</span><span class=\"mw-editsection\"><span class=\"mw-editsection-bracket\">[</span><a href=\"/wiki/Babbitty_Rabbity?veaction=edit&amp;section=9\" class=\"mw-editsection-visualeditor\" title=\"Edit section: Influence\">edit</a><span class=\"mw-editsection-divider\"> | </span><a href=\"/wiki/Babbitty_Rabbity?action=edit&amp;section=9\" title=\"Edit section: Influence\"><svg class=\"wds-icon wds-icon-tiny section-edit-pencil-icon\"><use xlink:href=\"#wds-icons-pencil-tiny\"></use></svg>edit source</a><span class=\"mw-editsection-bracket\">]</span></span></h2>\n<div class=\"quote\">\n<dl><dd><span title=\"Source:&#160;The Tales of Beedle the Bard (real)\">\"<i>...some magical historians have suggested that <a href=\"/wiki/Beedle_the_Bard\" title=\"Beedle the Bard\">Beedle</a> modelled Babbitty on the famous French sorceress <a href=\"/wiki/Lisette_de_Lapin\" title=\"Lisette de Lapin\">Lisette de Lapin</a>, who was convicted of witchcraft in Paris in <a href=\"/wiki/1422\" class=\"mw-redirect\" title=\"1422\">1422</a>.</i>\"</span></dd>\n<dd>&#8212;<a href=\"/wiki/Albus_Dumbledore\" title=\"Albus Dumbledore\">Professor Dumbledore</a>'s notes<sup class=\"noprint\"><a href=\"/wiki/The_Tales_of_Beedle_the_Bard_(real)\" title=\"The Tales of Beedle the Bard (real)\">[src]</a></sup></dd>\n<dd></dd></dl></div>\n<p>Magical historians have suggested that <a href=\"/wiki/Lisette_de_Lapin\" title=\"Lisette de Lapin\">Lisette de Lapin</a> may have been the inspiration behind Babbitty.<sup id=\"cite_ref-TBB_1-15\" class=\"reference\"><a href=\"#cite_note-TBB-1\">&#91;1&#93;</a></sup>\n</p><p>In <a href=\"/wiki/1998\" title=\"1998\">1998</a>, <a href=\"/wiki/Ronald_Weasley\" title=\"Ronald Weasley\">Ron Weasley</a> mentioned being told the story of <a href=\"/wiki/Babbitty_Rabbitty_and_her_Cackling_Stump\" title=\"Babbitty Rabbitty and her Cackling Stump\">Babbitty Rabbitty and her Cackling Stump</a> by his <a href=\"/wiki/Molly_Weasley\" title=\"Molly Weasley\">mother</a> when he was a child.<sup id=\"cite_ref-DH7_2-0\" class=\"reference\"><a href=\"#cite_note-DH7-2\">&#91;2&#93;</a></sup>\n</p>\n<h2><span class=\"mw-headline\" id=\"Etymology\">Etymology</span><span class=\"mw-editsection\"><span class=\"mw-editsection-bracket\">[</span><a href=\"/wiki/Babbitty_Rabbity?veaction=edit&amp;section=10\" class=\"mw-editsection-visualeditor\" title=\"Edit section: Etymology\">edit</a><span class=\"mw-editsection-divider\"> | </span><a href=\"/wiki/Babbitty_Rabbity?action=edit&amp;section=10\" title=\"Edit section: Etymology\"><svg class=\"wds-icon wds-icon-tiny section-edit-pencil-icon\"><use xlink:href=\"#wds-icons-pencil-tiny\"></use></svg>edit source</a><span class=\"mw-editsection-bracket\">]</span></span></h2>\n<p>Babbitty might be the revised name for Babette, a <a href=\"/wiki/France\" title=\"France\">French</a> diminutive of Elizabeth. This seems to bolster Dumbledore's argument that Babbity was based on Lisette de Lapin; Lisette is also a diminutive of Elizabeth.\n</p>\n<ul><li>Babitty in her Animagus form is shown in several cover illustrations of <i><a href=\"/wiki/The_Tales_of_Beedle_the_Bard_(real)\" title=\"The Tales of Beedle the Bard (real)\">The Tales of Beedle the Bard</a></i>. The German version makes a mistake, as it depicts a brown rabbit instead of a white one.</li></ul>\n<h2><span class=\"mw-headline\" id=\"See_also\">See also</span><span class=\"mw-editsection\"><span class=\"mw-editsection-bracket\">[</span><a href=\"/wiki/Babbitty_Rabbity?veaction=edit&amp;section=11\" class=\"mw-editsection-visualeditor\" title=\"Edit section: See also\">edit</a><span class=\"mw-editsection-divider\"> | </span><a href=\"/wiki/Babbitty_Rabbity?action=edit&amp;section=11\" title=\"Edit section: See also\"><svg class=\"wds-icon wds-icon-tiny section-edit-pencil-icon\"><use xlink:href=\"#wds-icons-pencil-tiny\"></use></svg>edit source</a><span class=\"mw-editsection-bracket\">]</span></span></h2>\n<ul><li><i><a href=\"/wiki/Babbitty_Rabbitty_and_her_Cackling_Stump\" title=\"Babbitty Rabbitty and her Cackling Stump\">Babbitty Rabbitty and her Cackling Stump</a></i></li>\n<li><i><a href=\"/wiki/The_Tales_of_Beedle_the_Bard\" title=\"The Tales of Beedle the Bard\">The Tales of Beedle the Bard </a></i></li></ul>\n<h2><span class=\"mw-headline\" id=\"Appearances\">Appearances</span><span class=\"mw-editsection\"><span class=\"mw-editsection-bracket\">[</span><a href=\"/wiki/Babbitty_Rabbity?veaction=edit&amp;section=12\" class=\"mw-editsection-visualeditor\" title=\"Edit section: Appearances\">edit</a><span class=\"mw-editsection-divider\"> | </span><a href=\"/wiki/Babbitty_Rabbity?action=edit&amp;section=12\" title=\"Edit section: Appearances\"><svg class=\"wds-icon wds-icon-tiny section-edit-pencil-icon\"><use xlink:href=\"#wds-icons-pencil-tiny\"></use></svg>edit source</a><span class=\"mw-editsection-bracket\">]</span></span></h2>\n<ul><li><i><a href=\"/wiki/Harry_Potter_and_the_Deathly_Hallows\" title=\"Harry Potter and the Deathly Hallows\">Harry Potter and the Deathly Hallows</a></i> <small>(First mentioned)</small></li>\n<li><i><a href=\"/wiki/Harry_Potter_and_the_Deathly_Hallows:_Part_1\" title=\"Harry Potter and the Deathly Hallows: Part 1\">Harry Potter and the Deathly Hallows: Part 1</a></i> <small>(Mentioned only)</small></li>\n<li><i><a href=\"/wiki/The_Tales_of_Beedle_the_Bard_(real)\" title=\"The Tales of Beedle the Bard (real)\">The Tales of Beedle the Bard</a></i> <small>(First appearance)</small></li></ul>\n<h2><span class=\"mw-headline\" id=\"Notes_and_references\">Notes and references</span><span class=\"mw-editsection\"><span class=\"mw-editsection-bracket\">[</span><a href=\"/wiki/Babbitty_Rabbity?veaction=edit&amp;section=13\" class=\"mw-editsection-visualeditor\" title=\"Edit section: Notes and references\">edit</a><span class=\"mw-editsection-divider\"> | </span><a href=\"/wiki/Babbitty_Rabbity?action=edit&amp;section=13\" title=\"Edit section: Notes and references\"><svg class=\"wds-icon wds-icon-tiny section-edit-pencil-icon\"><use xlink:href=\"#wds-icons-pencil-tiny\"></use></svg>edit source</a><span class=\"mw-editsection-bracket\">]</span></span></h2>\n<div class=\"references-small\">\n<div class=\"mw-references-wrap\"><ol class=\"references\">\n<li id=\"cite_note-TBB-1\"><span class=\"mw-cite-backlink\">\u2191 <sup><a href=\"#cite_ref-TBB_1-0\">1.00</a></sup> <sup><a href=\"#cite_ref-TBB_1-1\">1.01</a></sup> <sup><a href=\"#cite_ref-TBB_1-2\">1.02</a></sup> <sup><a href=\"#cite_ref-TBB_1-3\">1.03</a></sup> <sup><a href=\"#cite_ref-TBB_1-4\">1.04</a></sup> <sup><a href=\"#cite_ref-TBB_1-5\">1.05</a></sup> <sup><a href=\"#cite_ref-TBB_1-6\">1.06</a></sup> <sup><a href=\"#cite_ref-TBB_1-7\">1.07</a></sup> <sup><a href=\"#cite_ref-TBB_1-8\">1.08</a></sup> <sup><a href=\"#cite_ref-TBB_1-9\">1.09</a></sup> <sup><a href=\"#cite_ref-TBB_1-10\">1.10</a></sup> <sup><a href=\"#cite_ref-TBB_1-11\">1.11</a></sup> <sup><a href=\"#cite_ref-TBB_1-12\">1.12</a></sup> <sup><a href=\"#cite_ref-TBB_1-13\">1.13</a></sup> <sup><a href=\"#cite_ref-TBB_1-14\">1.14</a></sup> <sup><a href=\"#cite_ref-TBB_1-15\">1.15</a></sup></span> <span class=\"reference-text\"><i><a href=\"/wiki/The_Tales_of_Beedle_the_Bard_(real)\" title=\"The Tales of Beedle the Bard (real)\">The Tales of Beedle the Bard (real)</a></i></span>\n</li>\n<li id=\"cite_note-DH7-2\"><span class=\"mw-cite-backlink\"><a href=\"#cite_ref-DH7_2-0\">\u2191</a></span> <span class=\"reference-text\"><i><a href=\"/wiki/Harry_Potter_and_the_Deathly_Hallows\" title=\"Harry Potter and the Deathly Hallows\">Harry Potter and the Deathly Hallows</a></i>, Chapter 7 (<i>The Will of Albus Dumbledore</i>)</span>\n</li>\n</ol></div></div>\n<p><br />\n<br clear=\"all\" />\n</p>\n<div class=\"NavFrame\" style=\"width: 100%; margin: 1px auto; align:center;\">\n<div class=\"NavHead\" style=\"background: #ccd\" align=\"center\"><i><b><a href=\"/wiki/The_Tales_of_Beedle_the_Bard\" title=\"The Tales of Beedle the Bard\">The Tales of Beedle the Bard</a></b></i></div>\n<div class=\"NavContent\">\n<table style=\"margin:0 auto; width: 100%; text-align:center;\" class=\"toccolours\" align=\"center\">\n\n<tbody><tr bgcolor=\"#white\">\n<td colspan=\"3\" width=\"100%\" style=\"background-color: #dfdfdf; font-size: 9pt;\"><center><b>By <a href=\"/wiki/Beedle_the_Bard\" title=\"Beedle the Bard\">Beedle the Bard</a></b></center>\n</td></tr>\n<tr>\n<td colspan=\"4\" style=\"font-size: 90%;\" align=\"center\"><a href=\"https://static.wikia.nocookie.net/harrypotter/images/6/6b/Tales_of_Beedle_the_Bard.png/revision/latest?cb=20161126064839\" class=\"image\"><img alt=\"Tales of Beedle the Bard.png\" src=\"data:image/gif;base64,R0lGODlhAQABAIABAAAAAP///yH5BAEAAAEALAAAAAABAAEAQAICTAEAOw%3D%3D\" decoding=\"async\" width=\"120\" height=\"143\" data-image-name=\"Tales of Beedle the Bard.png\" data-image-key=\"Tales_of_Beedle_the_Bard.png\" data-src=\"https://static.wikia.nocookie.net/harrypotter/images/6/6b/Tales_of_Beedle_the_Bard.png/revision/latest/scale-to-width-down/120?cb=20161126064839\" class=\"lazyload\" /></a>\n</td></tr>\n<tr>\n<td colspan=\"3\" width=\"100%\" style=\"background-color: #dfdfdf; font-size: 9pt;\"><center><b>Stories</b></center>\n</td></tr>\n<tr>\n<td colspan=\"3\" style=\"font-size: 8pt;\"><center>\n<p><i><a href=\"/wiki/Babbitty_Rabbitty_and_her_Cackling_Stump\" title=\"Babbitty Rabbitty and her Cackling Stump\">Babbitty Rabbitty and her Cackling Stump</a></i> &#183; \n<i><a href=\"/wiki/The_Fountain_of_Fair_Fortune\" title=\"The Fountain of Fair Fortune\">The Fountain of Fair Fortune</a></i> &#183; \n<i><a href=\"/wiki/The_Warlock%27s_Hairy_Heart\" title=\"The Warlock&#39;s Hairy Heart\">The Warlock's Hairy Heart</a></i> &#183; \n<i><a href=\"/wiki/The_Tale_of_the_Three_Brothers\" title=\"The Tale of the Three Brothers\">The Tale of the Three Brothers</a></i> &#183; \n<i><a href=\"/wiki/The_Wizard_and_the_Hopping_Pot\" title=\"The Wizard and the Hopping Pot\">The Wizard and the Hopping Pot</a></i>\n</p>\n</center>\n</td></tr>\n<tr>\n<td colspan=\"3\" width=\"100%\" style=\"background-color: #dfdfdf; font-size: 9pt;\"><center><b>Characters</b></center>\n</td></tr>\n<tr>\n<td colspan=\"3\" style=\"font-size: 8pt;\"><center>\n<p><a href=\"/wiki/Altheda\" title=\"Altheda\">Altheda</a> &#183; \n<a href=\"/wiki/Amata\" title=\"Amata\">Amata</a> &#183; \n<a href=\"/wiki/Amata%27s_lover\" title=\"Amata&#39;s lover\">Amata's lover</a> &#183; \n<a href=\"/wiki/Antioch_Peverell\" title=\"Antioch Peverell\">Antioch Peverell</a> &#183; \n<a href=\"/wiki/Antioch_Peverell%27s_enemy\" title=\"Antioch Peverell&#39;s enemy\">Antioch Peverell's enemy</a> &#183; \n<a href=\"/wiki/Antioch_Peverell%27s_killer\" title=\"Antioch Peverell&#39;s killer\">Antioch Peverell's killer</a> &#183; \n<a href=\"/wiki/Asha\" title=\"Asha\">Asha</a> &#183; \n<a href=\"/wiki/Babbitty\" class=\"mw-redirect\" title=\"Babbitty\">Babbitty</a> &#183; \n<a href=\"/wiki/Brigade_of_Witch-Hunters\" title=\"Brigade of Witch-Hunters\">Brigade of Witch-Hunters</a> &#183; \n<a href=\"/wiki/Cadmus_Peverell\" title=\"Cadmus Peverell\">Cadmus Peverell</a> &#183; \n<a href=\"/wiki/Cadmus_Peverell%27s_fianc%C3%A9e\" title=\"Cadmus Peverell&#39;s fianc\u00e9e\">Cadmus Peverell's fianc\u00e9e</a> &#183; \n<a href=\"/wiki/Captain_of_the_Brigade_of_Witch-Hunters\" title=\"Captain of the Brigade of Witch-Hunters\">Captain of the Brigade of Witch-Hunters</a> &#183; \n<a href=\"/wiki/Charlatan_(Babbitty_Rabbitty_and_her_Cackling_Stump)\" class=\"mw-redirect\" title=\"Charlatan (Babbitty Rabbitty and her Cackling Stump)\">Charlatan</a> &#183; \n<a href=\"/wiki/Death_(The_Tale_of_the_Three_Brothers)\" title=\"Death (The Tale of the Three Brothers)\">Death</a> &#183; \n<a href=\"/wiki/Evil_sorcerer_(The_Fountain_of_Fair_Fortune)\" class=\"mw-redirect\" title=\"Evil sorcerer (The Fountain of Fair Fortune)\">Evil Sorcerer</a> &#183; \n<a href=\"/wiki/Gigantic_white_worm\" title=\"Gigantic white worm\">Gigantic white worm</a> &#183; \n<a href=\"/wiki/Ignotus_Peverell\" title=\"Ignotus Peverell\">Ignotus Peverell</a> &#183; \n<a href=\"/wiki/Ignotus_Peverell%27s_son\" title=\"Ignotus Peverell&#39;s son\">Ignotus Peverell's son</a> &#183; \n<a href=\"/wiki/King_(Babbitty_Rabbitty_and_her_Cackling_Stump)\" title=\"King (Babbitty Rabbitty and her Cackling Stump)\">King</a> &#183; \n<a href=\"/wiki/Kinsfolk_(The_Warlock%27s_Hairy_Heart)\" class=\"mw-redirect\" title=\"Kinsfolk (The Warlock&#39;s Hairy Heart)\">Kinsfolk</a> &#183; \n<a href=\"/wiki/Maiden_(The_Warlock%27s_Hairy_Heart)\" class=\"mw-redirect\" title=\"Maiden (The Warlock&#39;s Hairy Heart)\">Maiden</a> &#183; \n<a href=\"/wiki/Old_man_(The_Wizard_and_the_Hopping_Pot)\" class=\"mw-redirect\" title=\"Old man (The Wizard and the Hopping Pot)\">Old man</a> &#183; \n<a href=\"/wiki/Old_man%27s_donkey\" title=\"Old man&#39;s donkey\">Old man's donkey</a> &#183; \n<a href=\"/wiki/Old_man%27s_family\" title=\"Old man&#39;s family\">Old man's family</a> &#183; \n<a href=\"/wiki/Peasant_woman_(The_Wizard_and_the_Hopping_Pot)\" class=\"mw-redirect\" title=\"Peasant woman (The Wizard and the Hopping Pot)\">Peasant woman</a> &#183; \n<a href=\"/wiki/Peasant_woman%27s_granddaughter_(The_Wizard_and_the_Hopping_Pot)\" class=\"mw-redirect\" title=\"Peasant woman&#39;s granddaughter (The Wizard and the Hopping Pot)\">Peasant woman's granddaughter</a> &#183; \n<a href=\"/wiki/Sabre\" title=\"Sabre\">Sabre</a> &#183; \n<a href=\"/wiki/Sir_Luckless\" title=\"Sir Luckless\">Sir Luckless</a> &#183; \n<a href=\"/wiki/Warlock_(The_Warlock%27s_Hairy_Heart)\" title=\"Warlock (The Warlock&#39;s Hairy Heart)\">Warlock</a> &#183; \n<a href=\"/wiki/The_Warlock%27s_friends_(The_Warlock%27s_Hairy_Heart)\" class=\"mw-redirect\" title=\"The Warlock&#39;s friends (The Warlock&#39;s Hairy Heart)\">The Warlock's friends</a> &#183; \n<a href=\"/wiki/Wizard_(The_Wizard_and_the_Hopping_Pot)\" title=\"Wizard (The Wizard and the Hopping Pot)\">Wizard</a> &#183; \n<a href=\"/wiki/Wizard%27s_father_(The_Wizard_and_the_Hopping_Pot)\" class=\"mw-redirect\" title=\"Wizard&#39;s father (The Wizard and the Hopping Pot)\">Wizard's father</a> &#183; \n<a href=\"/wiki/Young_woman_(The_Wizard_and_the_Hopping_Pot)\" class=\"mw-redirect\" title=\"Young woman (The Wizard and the Hopping Pot)\">Young woman</a> &#183; \n<a href=\"/wiki/Young_woman%27s_child_(The_Wizard_and_the_Hopping_Pot)\" class=\"mw-redirect\" title=\"Young woman&#39;s child (The Wizard and the Hopping Pot)\">Young woman's child</a>\n</p>\n</center>\n</td></tr>\n<tr>\n<td colspan=\"3\" width=\"100%\" style=\"background-color: #dfdfdf; font-size: 9pt;\"><center><b>Objects</b></center>\n</td></tr>\n<tr>\n<td colspan=\"3\" style=\"font-size: 8pt;\"><center>\n<p><a href=\"/wiki/Altheda%27s_potion\" title=\"Altheda&#39;s potion\">Altheda's potion</a> &#183; \n<a href=\"/wiki/Altheda%27s_wand\" title=\"Altheda&#39;s wand\">Altheda's wand</a> &#183; \n<a href=\"/wiki/Cloak_of_Invisibility\" title=\"Cloak of Invisibility\">Cloak of Invisibility</a> &#183; \n<a href=\"/wiki/Creepers\" title=\"Creepers\">Creepers</a> &#183; \n<a href=\"/wiki/Crystal_casket\" title=\"Crystal casket\">Crystal casket</a> &#183; \n<a href=\"/wiki/Elder_Wand\" title=\"Elder Wand\">Elder Wand</a> &#183; \n<a href=\"/wiki/Enchanted_garden\" title=\"Enchanted garden\">Enchanted garden</a> &#183; \n<a href=\"/wiki/Fountain_(The_Fountain_of_Fair_Fortune)\" title=\"Fountain (The Fountain of Fair Fortune)\">Fountain</a> &#183; \n<a href=\"/wiki/Gold_statue_of_Babbitty\" title=\"Gold statue of Babbitty\">Gold statue of Babbitty</a> &#183; \n<a href=\"/wiki/Hairy_Heart\" title=\"Hairy Heart\">Hairy Heart</a> &#183; \n<a href=\"/wiki/The_Hopping_Pot\" title=\"The Hopping Pot\">The Hopping Pot</a> &#183; \n<a href=\"/wiki/Never-ending_hill\" title=\"Never-ending hill\">Never-ending hill</a> &#183; \n<a href=\"/wiki/Poisonous_toadstool\" title=\"Poisonous toadstool\">Poisonous toadstool</a> &#183; \n<a href=\"/wiki/Poultice_for_warts\" title=\"Poultice for warts\">Poultice for warts</a> &#183; \n<a href=\"/wiki/Resurrection_Stone\" title=\"Resurrection Stone\">Resurrection Stone</a> &#183; \n<a href=\"/wiki/Silver_chalice\" title=\"Silver chalice\">Silver chalice</a>\n</p>\n</center>\n</td></tr></tbody></table>\n</div>\n</div>\n<p><br clear=\"all\" />\n</p>\n<div class=\"NavFrame\" style=\"width: 90%; margin: 1px auto; align:center;\">\n<div class=\"NavHead\" style=\"background: #ccd\" align=\"center\"><b><a href=\"/wiki/Animagus\" title=\"Animagus\">Animagi</a></b></div>\n<div class=\"NavContent\">\n<table style=\"margin:0 auto; width: 100%; text-align:center;\" class=\"toccolours\" align=\"center\">\n\n\n<tbody><tr>\n<td colspan=\"4\" style=\"font-size: 90%;\" align=\"center\"><a href=\"https://static.wikia.nocookie.net/harrypotter/images/8/8d/GF_37.jpg/revision/latest?cb=20110802074548\" class=\"image\"><img alt=\"GF 37.jpg\" src=\"data:image/gif;base64,R0lGODlhAQABAIABAAAAAP///yH5BAEAAAEALAAAAAABAAEAQAICTAEAOw%3D%3D\" decoding=\"async\" width=\"90\" height=\"90\" data-image-name=\"GF 37.jpg\" data-image-key=\"GF_37.jpg\" data-src=\"https://static.wikia.nocookie.net/harrypotter/images/8/8d/GF_37.jpg/revision/latest/scale-to-width-down/90?cb=20110802074548\" class=\"lazyload\" /></a>\n</td></tr>\n<tr>\n<td colspan=\"3\" width=\"100%\" style=\"background-color: #dfdfdf; font-size: 9pt;\"><center><b>Before Registration System</b></center>\n</td></tr>\n<tr>\n<td colspan=\"3\" style=\"font-size: 8pt;\"><center><a href=\"/wiki/Falco_Aesalon\" title=\"Falco Aesalon\">Falco Aesalon</a> (<a href=\"/wiki/Falcon\" title=\"Falcon\">Falcon</a>) &#183; <a href=\"/wiki/Morgan_le_Fay\" title=\"Morgan le Fay\">Morgan le Fay</a> (<a href=\"/wiki/Bird\" title=\"Bird\">Bird</a>) &#183; <a href=\"/wiki/Morrigan\" title=\"Morrigan\">Morrigan</a> (<a href=\"/wiki/Crow\" title=\"Crow\">Crow</a>) &#183; <a href=\"/wiki/Cliodna\" title=\"Cliodna\">Cliodna</a> (<a href=\"http://en.wikipedia.org/wiki/Seabird\" class=\"extiw\" title=\"wikipedia:Seabird\">Sea Bird</a>)</center>\n</td></tr>\n<tr>\n<td colspan=\"3\" width=\"100%\" style=\"background-color: #dfdfdf; font-size: 9pt;\"><center><b>Registered</b></center>\n</td></tr>\n<tr>\n<td colspan=\"3\" style=\"font-size: 8pt;\"><center><a href=\"/wiki/Minerva_McGonagall\" title=\"Minerva McGonagall\">Minerva McGonagall</a> (<a href=\"/wiki/Cat\" title=\"Cat\">Cat</a>) &#183; <a href=\"/wiki/Talbott_Winger%27s_mother\" title=\"Talbott Winger&#39;s mother\">Talbott Winger's mother</a> (<a href=\"/wiki/White_Swan\" title=\"White Swan\">White Swan</a>) &#183; <a href=\"/wiki/Unidentified_registered_Animagus\" title=\"Unidentified registered Animagus\">Unidentified witch</a> (<a href=\"/wiki/Cat\" title=\"Cat\">Cat</a>) &#183; <a href=\"/wiki/Unidentified_five_Animagi\" title=\"Unidentified five Animagi\">Five unidentified individuals</a> (Unknown) &#183; <a href=\"/wiki/Adrian_Tutley\" title=\"Adrian Tutley\">Adrian Tutley</a> (<a href=\"/wiki/Gerbil\" title=\"Gerbil\">Gerbil</a>) &#183; <a href=\"/wiki/Jacob%27s_sibling\" title=\"Jacob&#39;s sibling\">Jacob's sibling</a></center>\n</td></tr>\n<tr>\n<td colspan=\"3\" width=\"100%\" style=\"background-color: #dfdfdf; font-size: 9pt;\"><center><b>Unregistered</b></center>\n</td></tr>\n<tr>\n<td colspan=\"3\" style=\"font-size: 8pt;\"><center><a href=\"/wiki/James_Potter_I\" title=\"James Potter I\">James Potter</a> (<a href=\"/wiki/Deer\" title=\"Deer\">Stag</a>) &#183; <a href=\"/wiki/Sirius_Black\" title=\"Sirius Black\">Sirius Black</a> (<a href=\"/wiki/Dog\" title=\"Dog\">Dog</a>) &#183; <a href=\"/wiki/Peter_Pettigrew\" title=\"Peter Pettigrew\">Peter Pettigrew</a> (<a href=\"/wiki/Rat\" title=\"Rat\">Rat</a>) &#183; <a href=\"/wiki/Rita_Skeeter\" title=\"Rita Skeeter\">Rita Skeeter</a> (<a href=\"/wiki/Beetle\" title=\"Beetle\">Beetle</a>) &#183; <a href=\"/wiki/Talbott_Winger\" title=\"Talbott Winger\">Talbott Winger</a> (<a href=\"/wiki/Eagle\" title=\"Eagle\">Eagle</a>)</center>\n</td></tr>\n<tr>\n<td colspan=\"3\" width=\"100%\" style=\"background-color: #dfdfdf; font-size: 9pt;\"><center><b>Fictional Animagi</b></center>\n</td></tr>\n<tr>\n<td colspan=\"3\" style=\"font-size: 8pt;\"><center><strong class=\"mw-selflink selflink\">Babbitty Rabbity</strong> (<a href=\"/wiki/Rabbit\" title=\"Rabbit\">Rabbit</a>)</center>\n</td></tr></tbody></table>\n</div>\n</div></div>"}]}}}}