{"batchcomplete": "", "warnings": {"main": {"*": "Subscribe to the mediawiki-api-announce mailing list at <https://lists.wikimedia.org/mailman/listinfo/mediawiki-api-announce> for notice of API deprecations and breaking changes."}, "revisions": {"*": "The parameter \"rvparse\" has been deprecated.\nBecause \"rvslots\" was not specified, a legacy format has been used for the output. This format is deprecated, and in the future the new format will always be used."}}, "query": {"normalized": [{"from": "Badgered_Boy", "to": "Badgered Boy"}], "pages": {"84689": {"pageid": 84689, "ns": 0, "title": "Badgered Boy", "revisions": [{"*": "<div class=\"mw-parser-output\"><p>\n<aside role=\"region\" class=\"portable-infobox pi-background pi-theme-wizard pi-layout-default\">\n<figure class=\"pi-item pi-image\" data-source=\"image\">\n\t<a href=\"https://static.wikia.nocookie.net/harrypotter/images/a/ae/Badgered_Boy.jpg/revision/latest?cb=20100201201204\" class=\"image image-thumbnail\"\n\t   title=\"\">\n\t\t<img src=\"https://static.wikia.nocookie.net/harrypotter/images/a/ae/Badgered_Boy.jpg/revision/latest/scale-to-width-down/262?cb=20100201201204\" srcset=\"https://static.wikia.nocookie.net/harrypotter/images/a/ae/Badgered_Boy.jpg/revision/latest/scale-to-width-down/262?cb=20100201201204 1x, https://static.wikia.nocookie.net/harrypotter/images/a/ae/Badgered_Boy.jpg/revision/latest/scale-to-width-down/524?cb=20100201201204 2x\" class=\"pi-image-thumbnail\" alt=\"\" width=\"262\" height=\"179\"\n\t\t     data-image-key=\"Badgered_Boy.jpg\" data-image-name=\"Badgered Boy.jpg\"/>\n\t\t\n\t</a>\n\t\n</figure>\n<section class=\"pi-item pi-group pi-border-color\">\n\t\n<h2 class=\"pi-item pi-item-spacing pi-title\" data-source=\"name\">Badgered Boy</h2>\n\n</section>\n<section class=\"pi-item pi-group pi-border-color\">\n\t<h2 class=\"pi-item pi-header pi-secondary-font pi-item-spacing pi-secondary-background\">Biographical information</h2>\n\n<div class=\"pi-item pi-data pi-item-spacing pi-border-color\" data-source=\"born\">\n\t\n\t\t<h3 class=\"pi-data-label pi-secondary-font\">Born</h3>\n\t\n\t<div class=\"pi-data-value pi-font\"><a href=\"/wiki/31_August\" title=\"31 August\">31 August</a> <a href=\"/wiki/1981\" title=\"1981\">1981</a> or earlier <sup id=\"cite_ref-year_1-0\" class=\"reference\"><a href=\"#cite_note-year-1\">&#91;1&#93;</a></sup></div>\n</div>\n\n<div class=\"pi-item pi-data pi-item-spacing pi-border-color\" data-source=\"nationality\">\n\t\n\t\t<h3 class=\"pi-data-label pi-secondary-font\">Nationality</h3>\n\t\n\t<div class=\"pi-data-value pi-font\"><a href=\"/wiki/Great_Britain\" title=\"Great Britain\">British</a> or <a href=\"/wiki/Ireland\" title=\"Ireland\">Irish</a><sup id=\"cite_ref-2\" class=\"reference\"><a href=\"#cite_note-2\">&#91;2&#93;</a></sup></div>\n</div>\n\n</section>\n<section class=\"pi-item pi-group pi-border-color\">\n\t<h2 class=\"pi-item pi-header pi-secondary-font pi-item-spacing pi-secondary-background\">Physical information</h2>\n\n<div class=\"pi-item pi-data pi-item-spacing pi-border-color\" data-source=\"species\">\n\t\n\t\t<h3 class=\"pi-data-label pi-secondary-font\">Species</h3>\n\t\n\t<div class=\"pi-data-value pi-font\"><ul><li><a href=\"/wiki/Human\" title=\"Human\">Human</a><sup id=\"cite_ref-COS11_3-0\" class=\"reference\"><a href=\"#cite_note-COS11-3\">&#91;3&#93;</a></sup></li><li><a href=\"/wiki/Badger\" title=\"Badger\">Badger</a><sup id=\"cite_ref-COS11_3-1\" class=\"reference\"><a href=\"#cite_note-COS11-3\">&#91;3&#93;</a></sup></li></ul></div>\n</div>\n\n<div class=\"pi-item pi-data pi-item-spacing pi-border-color\" data-source=\"gender\">\n\t\n\t\t<h3 class=\"pi-data-label pi-secondary-font\">Gender</h3>\n\t\n\t<div class=\"pi-data-value pi-font\">Male<sup id=\"cite_ref-TCG_4-0\" class=\"reference\"><a href=\"#cite_note-TCG-4\">&#91;4&#93;</a></sup></div>\n</div>\n\n<div class=\"pi-item pi-data pi-item-spacing pi-border-color\" data-source=\"hair\">\n\t\n\t\t<h3 class=\"pi-data-label pi-secondary-font\">Hair colour</h3>\n\t\n\t<div class=\"pi-data-value pi-font\"><ul><li>Unknown (human)</li><li>White (badger)<sup id=\"cite_ref-TCG_4-1\" class=\"reference\"><a href=\"#cite_note-TCG-4\">&#91;4&#93;</a></sup></li></ul></div>\n</div>\n\n<div class=\"pi-item pi-data pi-item-spacing pi-border-color\" data-source=\"skin\">\n\t\n\t\t<h3 class=\"pi-data-label pi-secondary-font\">Skin colour</h3>\n\t\n\t<div class=\"pi-data-value pi-font\"><ul><li>Unknown (human)</li><li>Black and white (badger)<sup id=\"cite_ref-TCG_4-2\" class=\"reference\"><a href=\"#cite_note-TCG-4\">&#91;4&#93;</a></sup></li></ul></div>\n</div>\n\n</section>\n<section class=\"pi-item pi-group pi-border-color\">\n\t<h2 class=\"pi-item pi-header pi-secondary-font pi-item-spacing pi-secondary-background\">Affiliation</h2>\n\n<div class=\"pi-item pi-data pi-item-spacing pi-border-color\" data-source=\"loyalty\">\n\t\n\t\t<h3 class=\"pi-data-label pi-secondary-font\">Loyalty</h3>\n\t\n\t<div class=\"pi-data-value pi-font\"><a href=\"/wiki/Hogwarts_School_of_Witchcraft_and_Wizardry\" title=\"Hogwarts School of Witchcraft and Wizardry\">Hogwarts School of Witchcraft and Wizardry</a><sup id=\"cite_ref-COS11_3-2\" class=\"reference\"><a href=\"#cite_note-COS11-3\">&#91;3&#93;</a></sup></div>\n</div>\n\n</section>\n<nav class=\"pi-navigation pi-item-spacing pi-secondary-background pi-secondary-font\"><small><a href=\"/wiki/Template:Individual_infobox\" title=\"Template:Individual infobox\">[Source]</a><span class=\"hidable-button\"></span></small></nav>\n</aside>\n\n</p>\n<div class=\"quote\">\n<dl><dd><span title=\"Source:&#160;Harry Potter and the Chamber of Secrets\">\"<i>Professor McGonagall was shouting at <a href=\"/wiki/Unidentified_boy_who_transfigured_his_friend\" title=\"Unidentified boy who transfigured his friend\">someone</a> who, by the sound of it, had turned his friend into a badger.</i>\"</span></dd>\n<dd>&#8212;Description<sup class=\"noprint\"><a href=\"/wiki/Harry_Potter_and_the_Chamber_of_Secrets\" title=\"Harry Potter and the Chamber of Secrets\">[src]</a></sup></dd>\n<dd></dd></dl></div>\n<p>This <b>individual</b> was a <a href=\"/wiki/Wizardkind\" title=\"Wizardkind\">wizard</a> who attended <a href=\"/wiki/Hogwarts_School_of_Witchcraft_and_Wizardry\" title=\"Hogwarts School of Witchcraft and Wizardry\">Hogwarts School of Witchcraft and Wizardry</a> in the <a href=\"/wiki/1990s\" title=\"1990s\">1990s</a>. In <a href=\"/wiki/1992\" title=\"1992\">1992</a>, he was <a href=\"/wiki/Transfiguration\" title=\"Transfiguration\">transfigured</a> by <a href=\"/wiki/Unidentified_boy_who_transfigured_his_friend\" title=\"Unidentified boy who transfigured his friend\">his friend</a> into a <a href=\"/wiki/Badger\" title=\"Badger\">badger</a>. He was later seen, still with black and white striped hair.<sup id=\"cite_ref-COS11_3-3\" class=\"reference\"><a href=\"#cite_note-COS11-3\">&#91;3&#93;</a></sup>\n</p>\n<h2><span class=\"mw-headline\" id=\"Appearances\">Appearances</span><span class=\"mw-editsection\"><span class=\"mw-editsection-bracket\">[</span><a href=\"/wiki/Badgered_Boy?veaction=edit&amp;section=1\" class=\"mw-editsection-visualeditor\" title=\"Edit section: Appearances\">edit</a><span class=\"mw-editsection-divider\"> | </span><a href=\"/wiki/Badgered_Boy?action=edit&amp;section=1\" title=\"Edit section: Appearances\"><svg class=\"wds-icon wds-icon-tiny section-edit-pencil-icon\"><use xlink:href=\"#wds-icons-pencil-tiny\"></use></svg>edit source</a><span class=\"mw-editsection-bracket\">]</span></span></h2>\n<ul><li><i><a href=\"/wiki/Harry_Potter_and_the_Chamber_of_Secrets\" title=\"Harry Potter and the Chamber of Secrets\">Harry Potter and the Chamber of Secrets</a></i> <small>(First mentioned)</small></li>\n<li><i><a href=\"/wiki/Harry_Potter_Trading_Card_Game\" title=\"Harry Potter Trading Card Game\">Harry Potter Trading Card Game</a></i> <small>(First identified as Badgered Boy)</small> <small>(First appearance)</small></li></ul>\n<h2><span class=\"mw-headline\" id=\"Notes_and_references\">Notes and references</span><span class=\"mw-editsection\"><span class=\"mw-editsection-bracket\">[</span><a href=\"/wiki/Badgered_Boy?veaction=edit&amp;section=2\" class=\"mw-editsection-visualeditor\" title=\"Edit section: Notes and references\">edit</a><span class=\"mw-editsection-divider\"> | </span><a href=\"/wiki/Badgered_Boy?action=edit&amp;section=2\" title=\"Edit section: Notes and references\"><svg class=\"wds-icon wds-icon-tiny section-edit-pencil-icon\"><use xlink:href=\"#wds-icons-pencil-tiny\"></use></svg>edit source</a><span class=\"mw-editsection-bracket\">]</span></span></h2>\n<div class=\"references-small\">\n<div class=\"mw-references-wrap\"><ol class=\"references\">\n<li id=\"cite_note-year-1\"><span class=\"mw-cite-backlink\"><a href=\"#cite_ref-year_1-0\">\u2191</a></span> <span class=\"reference-text\">He attended Hogwarts School of Witchcraft and Wizardry in 1992, meaning he was at least 11 years old.</span>\n</li>\n<li id=\"cite_note-2\"><span class=\"mw-cite-backlink\"><a href=\"#cite_ref-2\">\u2191</a></span> <span class=\"reference-text\"><a target=\"_blank\" rel=\"noreferrer noopener\" class=\"external text\" href=\"http://www.accio-quote.org/articles/2000/0700-swns-alfie.htm\">\"World Exclusive Interview with J K Rowling,\" <i>South West News Service</i>, 8 July 2000</a>  - \"Hogwarts just serves Britain and Ireland.\"</span>\n</li>\n<li id=\"cite_note-COS11-3\"><span class=\"mw-cite-backlink\">\u2191 <sup><a href=\"#cite_ref-COS11_3-0\">3.0</a></sup> <sup><a href=\"#cite_ref-COS11_3-1\">3.1</a></sup> <sup><a href=\"#cite_ref-COS11_3-2\">3.2</a></sup> <sup><a href=\"#cite_ref-COS11_3-3\">3.3</a></sup></span> <span class=\"reference-text\"><i><a href=\"/wiki/Harry_Potter_and_the_Chamber_of_Secrets\" title=\"Harry Potter and the Chamber of Secrets\">Harry Potter and the Chamber of Secrets</a></i>, Chapter 11 (<i>The Duelling Club</i>)</span>\n</li>\n<li id=\"cite_note-TCG-4\"><span class=\"mw-cite-backlink\">\u2191 <sup><a href=\"#cite_ref-TCG_4-0\">4.0</a></sup> <sup><a href=\"#cite_ref-TCG_4-1\">4.1</a></sup> <sup><a href=\"#cite_ref-TCG_4-2\">4.2</a></sup></span> <span class=\"reference-text\"><i><a href=\"/wiki/Harry_Potter_Trading_Card_Game\" title=\"Harry Potter Trading Card Game\">Harry Potter Trading Card Game</a></i></span>\n</li>\n</ol></div></div></div>"}]}}}}