{"batchcomplete": "", "warnings": {"main": {"*": "Subscribe to the mediawiki-api-announce mailing list at <https://lists.wikimedia.org/mailman/listinfo/mediawiki-api-announce> for notice of API deprecations and breaking changes."}, "revisions": {"*": "The parameter \"rvparse\" has been deprecated.\nBecause \"rvslots\" was not specified, a legacy format has been used for the output. This format is deprecated, and in the future the new format will always be used."}}, "query": {"normalized": [{"from": "Barman_at_the_Three_Broomsticks", "to": "Barman at the Three Broomsticks"}], "pages": {"143051": {"pageid": 143051, "ns": 0, "title": "Barman at the Three Broomsticks", "revisions": [{"*": "<div class=\"mw-parser-output\"><table class=\"notice metadata\" cellpadding=\"3px\" style=\"text-align: center; background: snow; border: #a00 1px solid; margin: 1em 10% 1em 10%;\">\n\n<tbody><tr>\n<td><a href=\"https://static.wikia.nocookie.net/harrypotter/images/1/11/Hermione_Granger_%28HBP_promo%29_5.jpg/revision/latest?cb=20090817203540\" class=\"image\"><img alt=\"Hermione Granger (HBP promo) 5.jpg\" src=\"https://static.wikia.nocookie.net/harrypotter/images/1/11/Hermione_Granger_%28HBP_promo%29_5.jpg/revision/latest/scale-to-width-down/60?cb=20090817203540\" decoding=\"async\" width=\"60\" height=\"80\" data-image-name=\"Hermione Granger (HBP promo) 5.jpg\" data-image-key=\"Hermione_Granger_(HBP_promo)_5.jpg\" /></a>\n</td>\n<td><i><b>\"Are you a wizard or not?\"</b></i>\n<p>The title of this article is conjectural.  Although it is based on <a href=\"/wiki/Canon\" title=\"Canon\">canonical information</a>, the actual name is a conjecture and may be supplanted at any time by additional information released from canonical sources.  If this occurs, please move this page to the appropriate title.\n</p>\n</td></tr></tbody></table>\n<p>\n<aside role=\"region\" class=\"portable-infobox pi-background pi-theme-wizard pi-layout-default\"><section class=\"pi-item pi-group pi-border-color\">\n\t\n<h2 class=\"pi-item pi-item-spacing pi-title\" data-source=\"name\">Three Broomsticks barman</h2>\n\n</section>\n<section class=\"pi-item pi-group pi-border-color\">\n\t<h2 class=\"pi-item pi-header pi-secondary-font pi-item-spacing pi-secondary-background\">Biographical information</h2>\n\n<div class=\"pi-item pi-data pi-item-spacing pi-border-color\" data-source=\"nationality\">\n\t\n\t\t<h3 class=\"pi-data-label pi-secondary-font\">Nationality</h3>\n\t\n\t<div class=\"pi-data-value pi-font\"><a href=\"/wiki/Great_Britain\" title=\"Great Britain\">British</a><sup id=\"cite_ref-HBPF_1-0\" class=\"reference\"><a href=\"#cite_note-HBPF-1\">&#91;1&#93;</a></sup></div>\n</div>\n\n</section>\n<section class=\"pi-item pi-group pi-border-color\">\n\t<h2 class=\"pi-item pi-header pi-secondary-font pi-item-spacing pi-secondary-background\">Physical information</h2>\n\n<div class=\"pi-item pi-data pi-item-spacing pi-border-color\" data-source=\"species\">\n\t\n\t\t<h3 class=\"pi-data-label pi-secondary-font\">Species</h3>\n\t\n\t<div class=\"pi-data-value pi-font\"><a href=\"/wiki/Human\" title=\"Human\">Human</a><sup id=\"cite_ref-HBPF_1-1\" class=\"reference\"><a href=\"#cite_note-HBPF-1\">&#91;1&#93;</a></sup></div>\n</div>\n\n<div class=\"pi-item pi-data pi-item-spacing pi-border-color\" data-source=\"gender\">\n\t\n\t\t<h3 class=\"pi-data-label pi-secondary-font\">Gender</h3>\n\t\n\t<div class=\"pi-data-value pi-font\">Male<sup id=\"cite_ref-HBPF_1-2\" class=\"reference\"><a href=\"#cite_note-HBPF-1\">&#91;1&#93;</a></sup></div>\n</div>\n\n<div class=\"pi-item pi-data pi-item-spacing pi-border-color\" data-source=\"hair\">\n\t\n\t\t<h3 class=\"pi-data-label pi-secondary-font\">Hair colour</h3>\n\t\n\t<div class=\"pi-data-value pi-font\">Grey<sup id=\"cite_ref-HBPF_1-3\" class=\"reference\"><a href=\"#cite_note-HBPF-1\">&#91;1&#93;</a></sup></div>\n</div>\n\n<div class=\"pi-item pi-data pi-item-spacing pi-border-color\" data-source=\"skin\">\n\t\n\t\t<h3 class=\"pi-data-label pi-secondary-font\">Skin colour</h3>\n\t\n\t<div class=\"pi-data-value pi-font\">White<sup id=\"cite_ref-HBPF_1-4\" class=\"reference\"><a href=\"#cite_note-HBPF-1\">&#91;1&#93;</a></sup></div>\n</div>\n\n</section>\n<section class=\"pi-item pi-group pi-border-color\">\n\t<h2 class=\"pi-item pi-header pi-secondary-font pi-item-spacing pi-secondary-background\">Affiliation</h2>\n\n<div class=\"pi-item pi-data pi-item-spacing pi-border-color\" data-source=\"job\">\n\t\n\t\t<h3 class=\"pi-data-label pi-secondary-font\">Occupation</h3>\n\t\n\t<div class=\"pi-data-value pi-font\">Barman<sup id=\"cite_ref-HBPF_1-5\" class=\"reference\"><a href=\"#cite_note-HBPF-1\">&#91;1&#93;</a></sup></div>\n</div>\n\n<div class=\"pi-item pi-data pi-item-spacing pi-border-color\" data-source=\"loyalty\">\n\t\n\t\t<h3 class=\"pi-data-label pi-secondary-font\">Loyalty</h3>\n\t\n\t<div class=\"pi-data-value pi-font\">The <a href=\"/wiki/Three_Broomsticks_Inn\" title=\"Three Broomsticks Inn\">Three Broomsticks Inn</a><sup id=\"cite_ref-HBPF_1-6\" class=\"reference\"><a href=\"#cite_note-HBPF-1\">&#91;1&#93;</a></sup></div>\n</div>\n\n</section>\n<nav class=\"pi-navigation pi-item-spacing pi-secondary-background pi-secondary-font\"><small><a href=\"/wiki/Template:Individual_infobox\" title=\"Template:Individual infobox\">[Source]</a><span class=\"hidable-button\"></span></small></nav>\n</aside>\n\nThis <b>barman</b> was employed at the <a href=\"/wiki/Three_Broomsticks_Inn\" title=\"Three Broomsticks Inn\">Three Broomsticks Inn</a> by <a href=\"/wiki/Rosmerta\" title=\"Rosmerta\">Madam Rosmerta</a> during the <a href=\"/wiki/1990s\" title=\"1990s\">1990s</a>. In <a href=\"/wiki/1996\" title=\"1996\">1996</a>, he gave three glasses of <a href=\"/wiki/Butterbeer\" title=\"Butterbeer\">Butterbeer</a> to <a href=\"/wiki/Harry_Potter\" title=\"Harry Potter\">Harry Potter</a>, <a href=\"/wiki/Hermione_Granger\" title=\"Hermione Granger\">Hermione Granger</a> and <a href=\"/wiki/Ronald_Weasley\" title=\"Ronald Weasley\">Ronald Weasley</a>.<sup id=\"cite_ref-HBPF_1-7\" class=\"reference\"><a href=\"#cite_note-HBPF-1\">&#91;1&#93;</a></sup>\n</p>\n<h2><span class=\"mw-headline\" id=\"Behind_the_scenes\">Behind the scenes</span><span class=\"mw-editsection\"><span class=\"mw-editsection-bracket\">[</span><a href=\"/wiki/Barman_at_the_Three_Broomsticks?veaction=edit&amp;section=1\" class=\"mw-editsection-visualeditor\" title=\"Edit section: Behind the scenes\">edit</a><span class=\"mw-editsection-divider\"> | </span><a href=\"/wiki/Barman_at_the_Three_Broomsticks?action=edit&amp;section=1\" title=\"Edit section: Behind the scenes\"><svg class=\"wds-icon wds-icon-tiny section-edit-pencil-icon\"><use xlink:href=\"#wds-icons-pencil-tiny\"></use></svg>edit source</a><span class=\"mw-editsection-bracket\">]</span></span></h2>\n<ul><li>He, along with the <a href=\"/wiki/Waiter_at_the_Three_Broomsticks\" title=\"Waiter at the Three Broomsticks\">Waiter at the Three Broomsticks</a>, appears instead of <a href=\"/wiki/Rosmerta\" title=\"Rosmerta\">Madam Rosmerta</a> in <i><a href=\"/wiki/Harry_Potter_and_the_Half-Blood_Prince_(film)\" title=\"Harry Potter and the Half-Blood Prince (film)\">Harry Potter and the Half-Blood Prince (film)</a></i>.</li></ul>\n<h2><span class=\"mw-headline\" id=\"Appearances\">Appearances</span><span class=\"mw-editsection\"><span class=\"mw-editsection-bracket\">[</span><a href=\"/wiki/Barman_at_the_Three_Broomsticks?veaction=edit&amp;section=2\" class=\"mw-editsection-visualeditor\" title=\"Edit section: Appearances\">edit</a><span class=\"mw-editsection-divider\"> | </span><a href=\"/wiki/Barman_at_the_Three_Broomsticks?action=edit&amp;section=2\" title=\"Edit section: Appearances\"><svg class=\"wds-icon wds-icon-tiny section-edit-pencil-icon\"><use xlink:href=\"#wds-icons-pencil-tiny\"></use></svg>edit source</a><span class=\"mw-editsection-bracket\">]</span></span></h2>\n<ul><li><i><a href=\"/wiki/Harry_Potter_and_the_Half-Blood_Prince_(film)\" title=\"Harry Potter and the Half-Blood Prince (film)\">Harry Potter and the Half-Blood Prince (film)</a></i> <small>(First appearance)</small></li></ul>\n<h2><span class=\"mw-headline\" id=\"Notes_and_references\">Notes and references</span><span class=\"mw-editsection\"><span class=\"mw-editsection-bracket\">[</span><a href=\"/wiki/Barman_at_the_Three_Broomsticks?veaction=edit&amp;section=3\" class=\"mw-editsection-visualeditor\" title=\"Edit section: Notes and references\">edit</a><span class=\"mw-editsection-divider\"> | </span><a href=\"/wiki/Barman_at_the_Three_Broomsticks?action=edit&amp;section=3\" title=\"Edit section: Notes and references\"><svg class=\"wds-icon wds-icon-tiny section-edit-pencil-icon\"><use xlink:href=\"#wds-icons-pencil-tiny\"></use></svg>edit source</a><span class=\"mw-editsection-bracket\">]</span></span></h2>\n<div class=\"references-small\">\n<div class=\"mw-references-wrap\"><ol class=\"references\">\n<li id=\"cite_note-HBPF-1\"><span class=\"mw-cite-backlink\">\u2191 <sup><a href=\"#cite_ref-HBPF_1-0\">1.0</a></sup> <sup><a href=\"#cite_ref-HBPF_1-1\">1.1</a></sup> <sup><a href=\"#cite_ref-HBPF_1-2\">1.2</a></sup> <sup><a href=\"#cite_ref-HBPF_1-3\">1.3</a></sup> <sup><a href=\"#cite_ref-HBPF_1-4\">1.4</a></sup> <sup><a href=\"#cite_ref-HBPF_1-5\">1.5</a></sup> <sup><a href=\"#cite_ref-HBPF_1-6\">1.6</a></sup> <sup><a href=\"#cite_ref-HBPF_1-7\">1.7</a></sup></span> <span class=\"reference-text\"><i><a href=\"/wiki/Harry_Potter_and_the_Half-Blood_Prince_(film)\" title=\"Harry Potter and the Half-Blood Prince (film)\">Harry Potter and the Half-Blood Prince (film)</a></i></span>\n</li>\n</ol></div></div>\n<table style=\"margin:0 auto; width: 100%; text-align:center;\" class=\"toccolours\" align=\"center\">\n\n<tbody><tr bgcolor=\"#white\">\n<th style=\"background-color: #ccd;\"><a href=\"/wiki/Hogsmeade\" title=\"Hogsmeade\">Hogsmeade</a>\n</th></tr>\n<tr>\n<th style=\"background-color: #dfdfdf; font-size: 9pt;\"><a href=\"/wiki/Scotland\" title=\"Scotland\">Scotland</a>, <a href=\"/wiki/Great_Britain\" title=\"Great Britain\">Great Britain</a>\n</th></tr>\n<tr>\n<th style=\"background-color: #dfdfdf; font-size: 9pt;\">Founder:  <a href=\"/wiki/Hengist_of_Woodcroft\" title=\"Hengist of Woodcroft\">Hengist of Woodcroft</a>\n</th></tr>\n<tr>\n<th style=\"background-color: #dfdfdf; font-size: 9pt;\"><a href=\"/wiki/Category:Shops\" title=\"Category:Shops\">Shops</a>\n</th></tr>\n<tr>\n<td style=\"font-size: 8pt;\"><a href=\"/wiki/Baby_Witch\" title=\"Baby Witch\">Baby Witch</a> \u00b7 <a href=\"/wiki/Brews_and_Stews_Caf%C3%A9\" title=\"Brews and Stews Caf\u00e9\">Brews and Stews Caf\u00e9</a> \u00b7 <a href=\"/wiki/Ceridwen%27s_Cauldrons\" title=\"Ceridwen&#39;s Cauldrons\">Ceridwen's Cauldrons</a> \u00b7 <a href=\"/wiki/Dervish_and_Banges\" title=\"Dervish and Banges\">Dervish and Banges</a> \u00b7 <a href=\"/wiki/Dogweed_and_Deathcap\" title=\"Dogweed and Deathcap\">Dogweed and Deathcap</a> \u00b7 <a href=\"/wiki/Dominic_Maestro%27s_Music_Shop\" title=\"Dominic Maestro&#39;s Music Shop\">Dominic Maestro's</a> \u00b7 <a href=\"/wiki/Gladrags_Wizardwear\" title=\"Gladrags Wizardwear\">Gladrags Wizardwear</a> \u00b7 <a href=\"/wiki/Hog%27s_Head_Inn\" title=\"Hog&#39;s Head Inn\">Hog's Head Inn</a> \u00b7 <a href=\"/wiki/Honeydukes\" title=\"Honeydukes\">Honeydukes</a> \u00b7 <a href=\"/wiki/J._Pippin%27s_Potions\" title=\"J. Pippin&#39;s Potions\">J. Pippin's Potions</a> \u00b7 <a href=\"/wiki/Madam_Puddifoot%27s_Tea_Shop\" title=\"Madam Puddifoot&#39;s Tea Shop\">Madam Puddifoot's Tea Shop</a> \u00b7 <a href=\"/wiki/The_Magic_Neep\" title=\"The Magic Neep\">The Magic Neep</a> \u00b7 <a href=\"/wiki/McBloom_%26_McMuck\" title=\"McBloom &amp; McMuck\">McBloom &amp; McMuck</a> \u00b7 <a href=\"/wiki/McHavelock%27s_Wizarding_Headgear\" title=\"McHavelock&#39;s Wizarding Headgear\">McHavelock's Wizarding Headgear</a> \u00b7 <a href=\"/wiki/Ollivanders#Hogsmeade\" title=\"Ollivanders\">Ollivanders</a> \u00b7 <a href=\"/wiki/Pedrus_Pridgeon\" title=\"Pedrus Pridgeon\">Pedrus Pridgeon</a> \u00b7 <a href=\"/wiki/Rosa_Lee_Teabag\" title=\"Rosa Lee Teabag\">Rosa Lee Teabag</a> \u00b7 <a href=\"/wiki/Scribbulus_Writing_Implements\" title=\"Scribbulus Writing Implements\">Scribbulus Writing Implements</a> \u00b7 <a href=\"/wiki/Scrivenshaft%27s_Quill_Shop\" title=\"Scrivenshaft&#39;s Quill Shop\">Scrivenshaft's Quill Shop</a> \u00b7 <a href=\"/wiki/Spintwitches\" class=\"mw-redirect\" title=\"Spintwitches\">Spintwitches</a> \u00b7 <a href=\"/wiki/Three_Broomsticks_Inn\" title=\"Three Broomsticks Inn\">Three Broomsticks Inn</a> \u00b7 <a href=\"/wiki/Tomes_and_Scrolls\" title=\"Tomes and Scrolls\">Tomes and Scrolls</a> \u00b7 <a href=\"/wiki/Zonko%27s_Joke_Shop\" title=\"Zonko&#39;s Joke Shop\">Zonko's Joke Shop</a>\n</td></tr>\n<tr>\n<th style=\"background-color: #dfdfdf; font-size: 9pt;\">Other locations\n</th></tr>\n<tr>\n<td style=\"font-size: 8pt;\"><a href=\"/wiki/Hogsmeade_Station\" class=\"mw-redirect\" title=\"Hogsmeade Station\">Hogsmeade Station</a> \u00b7 <a href=\"/wiki/Hogsmeade_Post_Office\" title=\"Hogsmeade Post Office\">Hogsmeade Post Office</a> \u00b7 <a href=\"/wiki/Wizarding_hairdressing_salon\" title=\"Wizarding hairdressing salon\">Hairdressing salon</a> \u00b7 <a href=\"/wiki/Merge_Publications\" title=\"Merge Publications\">Merge Publications</a> \u00b7 <a href=\"/wiki/Office_323\" title=\"Office 323\">Office 323</a> \u00b7 <a href=\"/wiki/Shrieking_Shack\" title=\"Shrieking Shack\">Shrieking Shack</a> \u00b7 <a href=\"/wiki/Vladimir_Plot_Plumbing_Supplies\" title=\"Vladimir Plot Plumbing Supplies\">Vladimir Plot Plumbing Supplies</a> \u00b7 <a href=\"/wiki/Wizarding_Wireless_Network\" title=\"Wizarding Wireless Network\">Wizarding Wireless Network Headquarters</a>\n</td></tr>\n<tr>\n<th style=\"background-color: #dfdfdf; font-size: 9pt;\">Known residents and shop employees\n</th></tr>\n<tr>\n<td style=\"font-size: 8pt;\"><a href=\"/wiki/Rosmerta\" title=\"Rosmerta\">Madam Rosmerta</a> \u00b7 <a href=\"/wiki/Aberforth_Dumbledore\" title=\"Aberforth Dumbledore\">Aberforth Dumbledore</a> \u00b7 <a href=\"/wiki/Puddifoot\" title=\"Puddifoot\">Madam Puddifoot</a> \u00b7 <a href=\"/wiki/Ambrosius_Flume\" title=\"Ambrosius Flume\">Ambrosius Flume</a> \u00b7 <a href=\"/wiki/Ambrosius_Flume%27s_wife\" title=\"Ambrosius Flume&#39;s wife\">Ambrosius Flume's wife</a> \u00b7 <a href=\"/wiki/Dominic_Maestro\" title=\"Dominic Maestro\">Dominic Maestro</a> \u00b7 <a href=\"/wiki/Unidentified_Ollivander%27s_associate\" class=\"mw-redirect\" title=\"Unidentified Ollivander&#39;s associate\">Unidentified Ollivander's associate</a> \u00b7 <a href=\"/wiki/Employee_of_the_Hogsmeade_Post_Office\" title=\"Employee of the Hogsmeade Post Office\">Employee of the Hogsmeade Post Office</a> \u00b7 <a href=\"/wiki/Archibald_Bennett\" title=\"Archibald Bennett\">Archibald Bennett</a> \u00b7 <a href=\"/wiki/Waiter_at_the_Three_Broomsticks\" title=\"Waiter at the Three Broomsticks\">Three Broomsticks waiter</a> \u00b7 <a href=\"/wiki/Horace\" title=\"Horace\">Horace</a> \u00b7 <a href=\"/wiki/J._Pippin\" title=\"J. Pippin\">J. Pippin</a> \u00b7 <a href=\"/wiki/McHavelock\" title=\"McHavelock\">McHavelock</a> \u00b7 <a href=\"/wiki/Scrivenshaft\" title=\"Scrivenshaft\">Scrivenshaft</a> \u00b7 <a href=\"/wiki/Vladimir_Plot\" title=\"Vladimir Plot\">Vladimir Plot</a> \u00b7 <a href=\"/wiki/Zonko\" title=\"Zonko\">Zonko</a> \u00b7 <a href=\"/wiki/Bilton_Bilmes\" title=\"Bilton Bilmes\">Bilton Bilmes</a> \u00b7 <a href=\"/wiki/Gwendoline_Babcocke\" title=\"Gwendoline Babcocke\">Gwendoline Babcocke</a> \u00b7 <a href=\"/wiki/Gwendoline_Babcocke%27s_mother\" title=\"Gwendoline Babcocke&#39;s mother\">Gwendoline Babcocke's mother</a>\n</td></tr></tbody></table></div>"}]}}}}