{"batchcomplete": "", "warnings": {"main": {"*": "Subscribe to the mediawiki-api-announce mailing list at <https://lists.wikimedia.org/mailman/listinfo/mediawiki-api-announce> for notice of API deprecations and breaking changes."}, "revisions": {"*": "The parameter \"rvparse\" has been deprecated.\nBecause \"rvslots\" was not specified, a legacy format has been used for the output. This format is deprecated, and in the future the new format will always be used."}}, "query": {"normalized": [{"from": "Barnaby_Lee's_father", "to": "Barnaby Lee's father"}], "pages": {"208659": {"pageid": 208659, "ns": 0, "title": "Barnaby Lee's father", "revisions": [{"*": "<div class=\"mw-parser-output\"><table class=\"notice metadata\" id=\"spoiler\" style=\"text-align: center; background: beige; margin: 1em 05%; padding: 0 1em; border: #a00 1px solid;\">\n\n<tbody><tr>\n<td><a href=\"https://static.wikia.nocookie.net/harrypotter/images/8/8c/Hogwarts_Mystery.jpeg/revision/latest?cb=20180504083359\" class=\"image\"><img alt=\"Hogwarts Mystery.jpeg\" src=\"https://static.wikia.nocookie.net/harrypotter/images/8/8c/Hogwarts_Mystery.jpeg/revision/latest/scale-to-width-down/175?cb=20180504083359\" decoding=\"async\" width=\"175\" height=\"77\" data-image-name=\"Hogwarts Mystery.jpeg\" data-image-key=\"Hogwarts_Mystery.jpeg\" /></a>\n</td>\n<td><b>Warning!</b>\n<p>At least some content in this article is derived from information featured in <i><a href=\"/wiki/Harry_Potter:_Hogwarts_Mystery\" title=\"Harry Potter: Hogwarts Mystery\">Harry Potter: Hogwarts Mystery</a></i>. Spoilers will be present within the article.\n</p>\n</td></tr></tbody></table>\n<table class=\"notice metadata\" cellpadding=\"3px\" style=\"text-align: center; background: snow; border: #a00 1px solid; margin: 1em 10% 1em 10%;\">\n\n<tbody><tr>\n<td><a href=\"https://static.wikia.nocookie.net/harrypotter/images/1/11/Hermione_Granger_%28HBP_promo%29_5.jpg/revision/latest?cb=20090817203540\" class=\"image\"><img alt=\"Hermione Granger (HBP promo) 5.jpg\" src=\"https://static.wikia.nocookie.net/harrypotter/images/1/11/Hermione_Granger_%28HBP_promo%29_5.jpg/revision/latest/scale-to-width-down/60?cb=20090817203540\" decoding=\"async\" width=\"60\" height=\"80\" data-image-name=\"Hermione Granger (HBP promo) 5.jpg\" data-image-key=\"Hermione_Granger_(HBP_promo)_5.jpg\" /></a>\n</td>\n<td><i><b>\"Are you a wizard or not?\"</b></i>\n<p>The title of this article is conjectural.  Although it is based on <a href=\"/wiki/Canon\" title=\"Canon\">canonical information</a>, the actual name is a conjecture and may be supplanted at any time by additional information released from canonical sources.  If this occurs, please move this page to the appropriate title.\n</p>\n</td></tr></tbody></table>\n<p>\n<aside role=\"region\" class=\"portable-infobox pi-background pi-theme-death-eater pi-layout-default\"><section class=\"pi-item pi-group pi-border-color\">\n\t\n<h2 class=\"pi-item pi-item-spacing pi-title\" data-source=\"name\">Barnaby Lee's father</h2>\n\n</section>\n<section class=\"pi-item pi-group pi-border-color\">\n\t<h2 class=\"pi-item pi-header pi-secondary-font pi-item-spacing pi-secondary-background\">Biographical information</h2>\n\n<div class=\"pi-item pi-data pi-item-spacing pi-border-color\" data-source=\"born\">\n\t\n\t\t<h3 class=\"pi-data-label pi-secondary-font\">Born</h3>\n\t\n\t<div class=\"pi-data-value pi-font\">Before <a href=\"/wiki/1970s\" title=\"1970s\">1970s</a></div>\n</div>\n\n<div class=\"pi-item pi-data pi-item-spacing pi-border-color\" data-source=\"marital\">\n\t\n\t\t<h3 class=\"pi-data-label pi-secondary-font\">Marital status</h3>\n\t\n\t<div class=\"pi-data-value pi-font\">Married</div>\n</div>\n\n</section>\n<section class=\"pi-item pi-group pi-border-color\">\n\t<h2 class=\"pi-item pi-header pi-secondary-font pi-item-spacing pi-secondary-background\">Physical information</h2>\n\n<div class=\"pi-item pi-data pi-item-spacing pi-border-color\" data-source=\"species\">\n\t\n\t\t<h3 class=\"pi-data-label pi-secondary-font\">Species</h3>\n\t\n\t<div class=\"pi-data-value pi-font\"><a href=\"/wiki/Human\" title=\"Human\">Human</a></div>\n</div>\n\n<div class=\"pi-item pi-data pi-item-spacing pi-border-color\" data-source=\"gender\">\n\t\n\t\t<h3 class=\"pi-data-label pi-secondary-font\">Gender</h3>\n\t\n\t<div class=\"pi-data-value pi-font\">Male</div>\n</div>\n\n</section>\n<section class=\"pi-item pi-group pi-border-color\">\n\t<h2 class=\"pi-item pi-header pi-secondary-font pi-item-spacing pi-secondary-background\">Relationship information</h2>\n\n<div class=\"pi-item pi-data pi-item-spacing pi-border-color\" data-source=\"family\">\n\t\n\t\t<h3 class=\"pi-data-label pi-secondary-font\">Family members</h3>\n\t\n\t<div class=\"pi-data-value pi-font\"><ul><li><a href=\"/wiki/Barnaby_Lee%27s_grandmother\" title=\"Barnaby Lee&#039;s grandmother\">Mother or mother-in-law</a></li><li><a href=\"/wiki/Cecil_Lee\" title=\"Cecil Lee\">Cecil Lee</a> (brother)</li><li><a href=\"/wiki/Barnaby_Lee%27s_mother\" title=\"Barnaby Lee&#039;s mother\">Wife</a></li><li><a href=\"/wiki/Barnaby_Lee\" title=\"Barnaby Lee\">Barnaby Lee</a> (son)</li></ul></div>\n</div>\n\n</section>\n<section class=\"pi-item pi-group pi-border-color\">\n\t<h2 class=\"pi-item pi-header pi-secondary-font pi-item-spacing pi-secondary-background\">Magical characteristics</h2>\n\n<div class=\"pi-item pi-data pi-item-spacing pi-border-color\" data-source=\"patronus\">\n\t\n\t\t<h3 class=\"pi-data-label pi-secondary-font\">Patronus</h3>\n\t\n\t<div class=\"pi-data-value pi-font\">None<sup id=\"cite_ref-1\" class=\"reference\"><a href=\"#cite_note-1\">&#91;1&#93;</a></sup></div>\n</div>\n\n</section>\n<section class=\"pi-item pi-group pi-border-color\">\n\t<h2 class=\"pi-item pi-header pi-secondary-font pi-item-spacing pi-secondary-background\">Affiliation</h2>\n\n<div class=\"pi-item pi-data pi-item-spacing pi-border-color\" data-source=\"loyalty\">\n\t\n\t\t<h3 class=\"pi-data-label pi-secondary-font\">Loyalty</h3>\n\t\n\t<div class=\"pi-data-value pi-font\"><ul><li><a href=\"/wiki/Tom_Riddle\" title=\"Tom Riddle\">Lord Voldemort</a><ul><li><a href=\"/wiki/Death_Eaters\" title=\"Death Eaters\">Death Eaters</a></li></ul></li><li><a href=\"/wiki/Lee_family\" title=\"Lee family\">Lee family</a></li></ul></div>\n</div>\n\n</section>\n<nav class=\"pi-navigation pi-item-spacing pi-secondary-background pi-secondary-font\"><small><a href=\"/wiki/Template:Individual_infobox\" title=\"Template:Individual infobox\">[Source]</a><span class=\"hidable-button\"></span></small></nav>\n</aside>\n\n</p>\n<div class=\"quote\">\n<dl><dd><span title=\"Source:&#160;Harry Potter: Hogwarts Mystery\">\"<i>My dad always said he was going to get me some brains for my birthday.</i>\"</span></dd>\n<dd>&#8212;<a href=\"/wiki/Barnaby_Lee\" title=\"Barnaby Lee\">Barnaby Lee</a><sup class=\"noprint\"><a href=\"/wiki/Harry_Potter:_Hogwarts_Mystery\" title=\"Harry Potter: Hogwarts Mystery\">[src]</a></sup></dd>\n<dd></dd></dl></div>\n<p><b>Barnaby Lee's father</b> was a <a href=\"/wiki/Dark_Wizard\" title=\"Dark Wizard\">Dark Wizard</a> who was a <a href=\"/wiki/Death_Eaters\" title=\"Death Eaters\">Death Eater</a> during the <a href=\"/wiki/First_Wizarding_War\" title=\"First Wizarding War\">First Wizarding War</a>.<sup id=\"cite_ref-2\" class=\"reference\"><a href=\"#cite_note-2\">&#91;2&#93;</a></sup>\n</p>\n<div id=\"toc\" class=\"toc\"><input type=\"checkbox\" role=\"button\" id=\"toctogglecheckbox\" class=\"toctogglecheckbox\" style=\"display:none\" /><div class=\"toctitle\" lang=\"en\" dir=\"ltr\"><h2>Contents</h2><span class=\"toctogglespan\"><label class=\"toctogglelabel\" for=\"toctogglecheckbox\"></label></span></div>\n<ul>\n<li class=\"toclevel-1 tocsection-1\"><a href=\"#Biography\"><span class=\"tocnumber\">1</span> <span class=\"toctext\">Biography</span></a></li>\n<li class=\"toclevel-1 tocsection-2\"><a href=\"#Possessions\"><span class=\"tocnumber\">2</span> <span class=\"toctext\">Possessions</span></a></li>\n<li class=\"toclevel-1 tocsection-3\"><a href=\"#Appearances\"><span class=\"tocnumber\">3</span> <span class=\"toctext\">Appearances</span></a></li>\n<li class=\"toclevel-1 tocsection-4\"><a href=\"#Notes_and_references\"><span class=\"tocnumber\">4</span> <span class=\"toctext\">Notes and references</span></a></li>\n</ul>\n</div>\n\n<h2><span class=\"mw-headline\" id=\"Biography\">Biography</span><span class=\"mw-editsection\"><span class=\"mw-editsection-bracket\">[</span><a href=\"/wiki/Barnaby_Lee%27s_father?veaction=edit&amp;section=1\" class=\"mw-editsection-visualeditor\" title=\"Edit section: Biography\">edit</a><span class=\"mw-editsection-divider\"> | </span><a href=\"/wiki/Barnaby_Lee%27s_father?action=edit&amp;section=1\" title=\"Edit section: Biography\"><svg class=\"wds-icon wds-icon-tiny section-edit-pencil-icon\"><use xlink:href=\"#wds-icons-pencil-tiny\"></use></svg>edit source</a><span class=\"mw-editsection-bracket\">]</span></span></h2>\n<p>He once owned a pet <a href=\"/wiki/Kneazle\" title=\"Kneazle\">Kneazle</a>, which <a href=\"/wiki/Tom_Riddle\" title=\"Tom Riddle\">Lord Voldemort</a> drowned.<sup id=\"cite_ref-HM4_3-0\" class=\"reference\"><a href=\"#cite_note-HM4-3\">&#91;3&#93;</a></sup> One time he and his son were exterminating <a href=\"/wiki/Pixie\" title=\"Pixie\">Pixies</a> at their house, and he yelled at Barnaby for crying.<sup id=\"cite_ref-4\" class=\"reference\"><a href=\"#cite_note-4\">&#91;4&#93;</a></sup> Mr Lee also always used to say he ought to get his son some brains for his birthday, clearly showing him as a rather cruel and abusive father.<sup id=\"cite_ref-task_5-0\" class=\"reference\"><a href=\"#cite_note-task-5\">&#91;5&#93;</a></sup>\n</p>\n<h2><span class=\"mw-headline\" id=\"Possessions\">Possessions</span><span class=\"mw-editsection\"><span class=\"mw-editsection-bracket\">[</span><a href=\"/wiki/Barnaby_Lee%27s_father?veaction=edit&amp;section=2\" class=\"mw-editsection-visualeditor\" title=\"Edit section: Possessions\">edit</a><span class=\"mw-editsection-divider\"> | </span><a href=\"/wiki/Barnaby_Lee%27s_father?action=edit&amp;section=2\" title=\"Edit section: Possessions\"><svg class=\"wds-icon wds-icon-tiny section-edit-pencil-icon\"><use xlink:href=\"#wds-icons-pencil-tiny\"></use></svg>edit source</a><span class=\"mw-editsection-bracket\">]</span></span></h2>\n<ul><li><b><a href=\"/wiki/Kneazle\" title=\"Kneazle\">Kneazle</a></b>: He once owned a pet <a href=\"/wiki/Kneazle\" title=\"Kneazle\">Kneazle</a>, which <a href=\"/wiki/Tom_Riddle\" title=\"Tom Riddle\">Lord Voldemort</a> drowned.<sup id=\"cite_ref-HM4_3-1\" class=\"reference\"><a href=\"#cite_note-HM4-3\">&#91;3&#93;</a></sup></li></ul>\n<h2><span class=\"mw-headline\" id=\"Appearances\">Appearances</span><span class=\"mw-editsection\"><span class=\"mw-editsection-bracket\">[</span><a href=\"/wiki/Barnaby_Lee%27s_father?veaction=edit&amp;section=3\" class=\"mw-editsection-visualeditor\" title=\"Edit section: Appearances\">edit</a><span class=\"mw-editsection-divider\"> | </span><a href=\"/wiki/Barnaby_Lee%27s_father?action=edit&amp;section=3\" title=\"Edit section: Appearances\"><svg class=\"wds-icon wds-icon-tiny section-edit-pencil-icon\"><use xlink:href=\"#wds-icons-pencil-tiny\"></use></svg>edit source</a><span class=\"mw-editsection-bracket\">]</span></span></h2>\n<ul><li><i><a href=\"/wiki/Harry_Potter:_Hogwarts_Mystery\" title=\"Harry Potter: Hogwarts Mystery\">Harry Potter: Hogwarts Mystery</a></i> <small>(First mentioned)</small></li></ul>\n<h2><span class=\"mw-headline\" id=\"Notes_and_references\">Notes and references</span><span class=\"mw-editsection\"><span class=\"mw-editsection-bracket\">[</span><a href=\"/wiki/Barnaby_Lee%27s_father?veaction=edit&amp;section=4\" class=\"mw-editsection-visualeditor\" title=\"Edit section: Notes and references\">edit</a><span class=\"mw-editsection-divider\"> | </span><a href=\"/wiki/Barnaby_Lee%27s_father?action=edit&amp;section=4\" title=\"Edit section: Notes and references\"><svg class=\"wds-icon wds-icon-tiny section-edit-pencil-icon\"><use xlink:href=\"#wds-icons-pencil-tiny\"></use></svg>edit source</a><span class=\"mw-editsection-bracket\">]</span></span></h2>\n<div class=\"references-small\">\n<div class=\"mw-references-wrap\"><ol class=\"references\">\n<li id=\"cite_note-1\"><span class=\"mw-cite-backlink\"><a href=\"#cite_ref-1\">\u2191</a></span> <span class=\"reference-text\"><a target=\"_blank\" rel=\"noreferrer noopener\" class=\"external text\" href=\"http://www.accio-quote.org/articles/2007/0730-bloomsbury-chat.html\">J.K. Rowling and the Live Chat, Bloomsbury.com, July 30, 2007</a></span>\n</li>\n<li id=\"cite_note-2\"><span class=\"mw-cite-backlink\"><a href=\"#cite_ref-2\">\u2191</a></span> <span class=\"reference-text\"><i><a href=\"/wiki/Harry_Potter:_Hogwarts_Mystery\" title=\"Harry Potter: Hogwarts Mystery\">Harry Potter: Hogwarts Mystery</a></i>, Year 3, Chapter 8 (<i>Barnaby Lee</i>)</span>\n</li>\n<li id=\"cite_note-HM4-3\"><span class=\"mw-cite-backlink\">\u2191 <sup><a href=\"#cite_ref-HM4_3-0\">3.0</a></sup> <sup><a href=\"#cite_ref-HM4_3-1\">3.1</a></sup></span> <span class=\"reference-text\"><i><a href=\"/wiki/Harry_Potter:_Hogwarts_Mystery\" title=\"Harry Potter: Hogwarts Mystery\">Harry Potter: Hogwarts Mystery</a></i>, Year 4, Chapter 13 (<i>The Centaur's Arrow</i>) - Care of Magical Creatures Lesson \"Kneazle\"</span>\n</li>\n<li id=\"cite_note-4\"><span class=\"mw-cite-backlink\"><a href=\"#cite_ref-4\">\u2191</a></span> <span class=\"reference-text\"><i><a href=\"/wiki/Harry_Potter:_Hogwarts_Mystery\" title=\"Harry Potter: Hogwarts Mystery\">Harry Potter: Hogwarts Mystery</a></i>, Year 5, Chapter 7 (<i>The Life and Death of Duncan Ashe</i>)</span>\n</li>\n<li id=\"cite_note-task-5\"><span class=\"mw-cite-backlink\"><a href=\"#cite_ref-task_5-0\">\u2191</a></span> <span class=\"reference-text\"><i><a href=\"/wiki/Harry_Potter:_Hogwarts_Mystery\" title=\"Harry Potter: Hogwarts Mystery\">Harry Potter: Hogwarts Mystery</a></i>, Year 1, \"Party Planner\" Achievement - Part 1, Side Quest \"Happy Birthday, Hagrid!\"</span>\n</li>\n</ol></div></div>\n<table style=\"margin:0 auto; text-align: center;\" align=\"center\" class=\"toccolours\" width=\"90%\">\n\n<tbody><tr bgcolor=\"#white\">\n<th style=\"background:#ccd;\"><a href=\"/wiki/Death_Eaters\" title=\"Death Eaters\">Death Eaters</a>\n</th></tr>\n<tr>\n<td><div class=\"center\"><div class=\"floatnone\"><a href=\"https://static.wikia.nocookie.net/harrypotter/images/b/b5/Dark_Mark_Pottermore.png/revision/latest?cb=20161122220030\" class=\"image\"><img alt=\"Dark Mark Pottermore.png\" src=\"https://static.wikia.nocookie.net/harrypotter/images/b/b5/Dark_Mark_Pottermore.png/revision/latest/scale-to-width-down/90?cb=20161122220030\" decoding=\"async\" width=\"90\" height=\"51\" data-image-name=\"Dark Mark Pottermore.png\" data-image-key=\"Dark_Mark_Pottermore.png\" /></a></div></div>\n</td></tr>\n<tr>\n<td style=\"font-size: 90%;\"><b><a href=\"/wiki/Death_Eaters\" title=\"Death Eaters\">Leader</a>:</b> <a href=\"/wiki/Tom_Riddle\" title=\"Tom Riddle\">Lord Voldemort</a>\n</td></tr>\n<tr>\n<td style=\"font-size: 90%;\"><b><a href=\"/wiki/Death_Eaters\" title=\"Death Eaters\">Death Eaters</a></b><br />\n<p><a href=\"/wiki/Avery_II\" title=\"Avery II\">Avery (II)</a> | <a href=\"/wiki/Alecto_Carrow\" title=\"Alecto Carrow\">Alecto Carrow</a> | <a href=\"/wiki/Amycus_Carrow\" title=\"Amycus Carrow\">Amycus Carrow</a> | <a href=\"/wiki/Crabbe\" title=\"Crabbe\">Crabbe</a> | <a href=\"/wiki/Bartemius_Crouch_Jr.\" class=\"mw-redirect\" title=\"Bartemius Crouch Jr.\">Barty Crouch Jr.</a> (deceased) | <a href=\"/wiki/Antonin_Dolohov\" title=\"Antonin Dolohov\">Antonin Dolohov</a> | <a href=\"/wiki/Gibbon\" title=\"Gibbon\">Gibbon</a> (deceased) | <a href=\"/wiki/Goyle\" title=\"Goyle\">Goyle</a> | <a href=\"/wiki/Jugson\" title=\"Jugson\">Jugson</a> | <strong class=\"mw-selflink selflink\">Barnaby Lee's father</strong> | <a href=\"/wiki/Barnaby_Lee%27s_mother\" title=\"Barnaby Lee&#39;s mother\">Barnaby Lee's mother</a> | <a href=\"/wiki/Bellatrix_Lestrange\" title=\"Bellatrix Lestrange\">Bellatrix Lestrange</a> (deceased) | <a href=\"/wiki/Rabastan_Lestrange\" title=\"Rabastan Lestrange\">Rabastan Lestrange</a> | <a href=\"/wiki/Rodolphus_Lestrange\" title=\"Rodolphus Lestrange\">Rodolphus Lestrange</a> | <a href=\"/wiki/Walden_Macnair\" title=\"Walden Macnair\">Walden Macnair</a> | <a href=\"/wiki/Mulciber_(Riddle-era)\" class=\"mw-redirect\" title=\"Mulciber (Riddle-era)\">Mulciber (I)</a> | <a href=\"/wiki/Mulciber_(Marauder-era)\" class=\"mw-redirect\" title=\"Mulciber (Marauder-era)\">Mulciber (II)</a> | <a href=\"/wiki/Nott\" title=\"Nott\">Nott</a> | <a href=\"/wiki/Pyrites\" title=\"Pyrites\">Pyrites</a> (possibly) | <a href=\"/wiki/Augustus_Rookwood\" title=\"Augustus Rookwood\">Augustus Rookwood</a> | <a href=\"/wiki/Rosier_(male)\" title=\"Rosier (male)\">Rosier</a> | <a href=\"/wiki/Evan_Rosier\" title=\"Evan Rosier\">Evan Rosier</a> (deceased) | <a href=\"/wiki/Thorfinn_Rowle\" title=\"Thorfinn Rowle\">Thorfinn Rowle</a> | <a href=\"/wiki/Selwyn\" title=\"Selwyn\">Selwyn</a> | <a href=\"/wiki/Merula_Snyde%27s_father\" title=\"Merula Snyde&#39;s father\">Merula Snyde's father</a> | <a href=\"/wiki/Merula_Snyde%27s_mother\" title=\"Merula Snyde&#39;s mother\">Merula Snyde's mother</a> | <a href=\"/wiki/Travers\" title=\"Travers\">Travers</a> | <a href=\"/wiki/Wilkes\" title=\"Wilkes\">Wilkes</a> (deceased) | <a href=\"/wiki/Corban_Yaxley\" title=\"Corban Yaxley\">Corban Yaxley</a> | <a href=\"/wiki/Category:Unidentified_Death_Eaters\" title=\"Category:Unidentified Death Eaters\">Unidentified Death Eaters</a>\n</p>\n</td></tr>\n<tr>\n<td style=\"font-size: 90%;\"><b><a href=\"/wiki/Category:Death_Eater_defectors\" title=\"Category:Death Eater defectors\">Death Eater defectors</a></b><br />\n<p><a href=\"/wiki/Regulus_Black\" title=\"Regulus Black\">Regulus Black</a> (deceased) | <a href=\"/wiki/Igor_Karkaroff\" title=\"Igor Karkaroff\">Igor Karkaroff</a> (deceased) | <a href=\"/wiki/Draco_Malfoy\" title=\"Draco Malfoy\">Draco Malfoy</a> | <a href=\"/wiki/Lucius_Malfoy\" title=\"Lucius Malfoy\">Lucius Malfoy</a> | <a href=\"/wiki/Peter_Pettigrew\" title=\"Peter Pettigrew\">Peter Pettigrew</a> (deceased) | <a href=\"/wiki/Severus_Snape\" title=\"Severus Snape\">Severus Snape</a> (deceased)\n</p>\n</td></tr>\n<tr>\n<td style=\"font-size: 90%;\"><b><a href=\"/wiki/Category:Death_Eater_allies\" title=\"Category:Death Eater allies\">Death Eater allies</a></b><br />\n<p><a href=\"/wiki/Borgin\" title=\"Borgin\">Borgin</a> | <a href=\"/wiki/Vincent_Crabbe\" title=\"Vincent Crabbe\">Vincent Crabbe</a> | <a href=\"/wiki/John_Dawlish\" title=\"John Dawlish\">John Dawlish</a> | <a href=\"/wiki/Delphini\" title=\"Delphini\">Delphini</a> | <a href=\"/wiki/Golgomath\" title=\"Golgomath\">Golgomath</a> | <a href=\"/wiki/Gregory_Goyle\" title=\"Gregory Goyle\">Gregory Goyle</a> | <a href=\"/wiki/Fenrir_Greyback\" title=\"Fenrir Greyback\">Fenrir Greyback</a> | <a href=\"/wiki/Mafalda_Hopkirk\" title=\"Mafalda Hopkirk\">Mafalda Hopkirk</a> | <a href=\"/wiki/Narcissa_Malfoy\" title=\"Narcissa Malfoy\">Narcissa Malfoy</a> (defected) | <a href=\"/wiki/Nagini\" title=\"Nagini\">Nagini</a> | <a href=\"/wiki/Penelope_Fawley%27s_father\" title=\"Penelope Fawley&#39;s father\">Mr Padget</a> | <a href=\"/wiki/Penelope_Fawley%27s_mother\" title=\"Penelope Fawley&#39;s mother\">Mrs Padgett</a> | <a href=\"/wiki/Pansy_Parkinson\" title=\"Pansy Parkinson\">Pansy Parkinson</a> | <a href=\"/wiki/Quirinus_Quirrell\" title=\"Quirinus Quirrell\">Quirinus Quirrell</a> | <a href=\"/wiki/Albert_Runcorn\" title=\"Albert Runcorn\">Albert Runcorn</a> | <a href=\"/wiki/Scabior\" title=\"Scabior\">Scabior</a> | <a href=\"/wiki/Serpent_of_Slytherin\" title=\"Serpent of Slytherin\">Serpent of Slytherin</a> | <a href=\"/wiki/Pius_Thicknesse\" title=\"Pius Thicknesse\">Pius Thicknesse</a> (<a href=\"/wiki/Imperius_Curse\" title=\"Imperius Curse\">Imperiused</a>) | <a href=\"/wiki/Dolores_Umbridge\" title=\"Dolores Umbridge\">Dolores Umbridge</a> |\n</p>\n</td></tr>\n<tr>\n<td style=\"font-size: 90%;\"><b>Other affiliations</b><br />\n<p><a href=\"/wiki/British_Ministry_of_Magic\" title=\"British Ministry of Magic\">British Ministry of Magic</a> (under <a href=\"/wiki/Tom_Riddle\" title=\"Tom Riddle\">Voldemort</a>'s <a href=\"/wiki/Fall_of_the_Ministry_of_Magic\" title=\"Fall of the Ministry of Magic\">control</a>) | <a href=\"/wiki/Daily_Prophet\" title=\"Daily Prophet\">Daily Prophet</a> (Under <a href=\"/wiki/Tom_Riddle\" title=\"Tom Riddle\">Voldemort</a>'s control) | <a href=\"/wiki/Dementor\" title=\"Dementor\">Dementors</a> | <a href=\"/wiki/Draco_Malfoy%27s_gang\" title=\"Draco Malfoy&#39;s gang\">Draco Malfoy's gang</a> | <a href=\"/wiki/Tom_Riddle%27s_gang\" title=\"Tom Riddle&#39;s gang\">Tom Riddle's gang</a> | <a href=\"/wiki/Gang_of_Slytherins\" title=\"Gang of Slytherins\">Gang of Slytherins</a> | <a href=\"/wiki/Giant_colony\" title=\"Giant colony\">Giants</a> (<a href=\"/wiki/Golgomath\" title=\"Golgomath\">Golgomath</a>'s control) | <a href=\"/wiki/Inferius\" title=\"Inferius\">Inferius</a> | <a href=\"/wiki/Muggle-Born_Registration_Commission\" title=\"Muggle-Born Registration Commission\">Muggle-Born Registration Commission</a> | <a href=\"/wiki/Theodore_Nott\" title=\"Theodore Nott\">Theodore Nott</a> (possibly) | <a href=\"/wiki/Snatchers\" title=\"Snatchers\">Snatchers</a> | <a href=\"/wiki/Werewolf_army\" title=\"Werewolf army\">Werewolf army</a>\n</p>\n</td></tr>\n<tr>\n<td style=\"font-size: 90%;\"><b><a href=\"/wiki/Category:Locations_used_by_the_Death_Eaters\" title=\"Category:Locations used by the Death Eaters\">Death Eater establishments</a></b><br />\n<p><a href=\"/wiki/Abandoned_nuclear_power_plant\" title=\"Abandoned nuclear power plant\">Abandoned nuclear power plant</a> | <a href=\"/wiki/Borgin_and_Burkes\" title=\"Borgin and Burkes\">Borgin and Burkes</a> | <a href=\"/wiki/British_Ministry_of_Magic_Headquarters\" title=\"British Ministry of Magic Headquarters\">British Ministry of Magic Headquarters</a> (under Voldemort's control)  | <a href=\"/wiki/The_Cave\" title=\"The Cave\">The Cave</a> | <a href=\"/wiki/Chamber_of_Secrets\" title=\"Chamber of Secrets\">Chamber of Secrets</a> | <a href=\"/wiki/Forbidden_Forest\" title=\"Forbidden Forest\">Forbidden Forest</a> | <a href=\"/wiki/Gaunt_Shack\" title=\"Gaunt Shack\">Gaunt Shack</a> | <a href=\"/wiki/Lee_family_house\" title=\"Lee family house\">Lee family house</a> | <a href=\"/wiki/Lestrange_Vault\" title=\"Lestrange Vault\">Lestrange Vault</a> | <a href=\"/wiki/Little_Hangleton_graveyard\" title=\"Little Hangleton graveyard\">Little Hangleton graveyard</a> | <a href=\"/wiki/Malfoy_Manor\" title=\"Malfoy Manor\">Malfoy Manor</a> | <a href=\"/wiki/Riddle_House\" title=\"Riddle House\">Riddle House</a> | <a href=\"/wiki/The_Ruins\" title=\"The Ruins\">The Ruins</a> | <a href=\"/wiki/Spinner%27s_End\" title=\"Spinner&#39;s End\">Spinner's End</a>\n</p>\n</td></tr></tbody></table></div>"}]}}}}