{"batchcomplete": "", "warnings": {"main": {"*": "Subscribe to the mediawiki-api-announce mailing list at <https://lists.wikimedia.org/mailman/listinfo/mediawiki-api-announce> for notice of API deprecations and breaking changes."}, "revisions": {"*": "The parameter \"rvparse\" has been deprecated.\nBecause \"rvslots\" was not specified, a legacy format has been used for the output. This format is deprecated, and in the future the new format will always be used."}}, "query": {"normalized": [{"from": "Barnabus_Blenkinsop", "to": "Barnabus Blenkinsop"}], "pages": {"10380": {"pageid": 10380, "ns": 0, "title": "Barnabus Blenkinsop", "revisions": [{"*": "<div class=\"mw-parser-output\"><p>\n<aside role=\"region\" class=\"portable-infobox pi-background pi-theme-wizard pi-layout-default\"><section class=\"pi-item pi-group pi-border-color\">\n\t\n<h2 class=\"pi-item pi-item-spacing pi-title\" data-source=\"name\">Barnabus Blenkinsop</h2>\n\n</section>\n<section class=\"pi-item pi-group pi-border-color\">\n\t<h2 class=\"pi-item pi-header pi-secondary-font pi-item-spacing pi-secondary-background\">Biographical information</h2>\n\n<div class=\"pi-item pi-data pi-item-spacing pi-border-color\" data-source=\"died\">\n\t\n\t\t<h3 class=\"pi-data-label pi-secondary-font\">Died</h3>\n\t\n\t<div class=\"pi-data-value pi-font\"><a href=\"/wiki/7_February\" title=\"7 February\">7 February</a>, <a href=\"/wiki/1999\" title=\"1999\">1999</a><sup id=\"cite_ref-DoD_1-0\" class=\"reference\"><a href=\"#cite_note-DoD-1\">&#91;1&#93;</a></sup></div>\n</div>\n\n<div class=\"pi-item pi-data pi-item-spacing pi-border-color\" data-source=\"nationality\">\n\t\n\t\t<h3 class=\"pi-data-label pi-secondary-font\">Nationality</h3>\n\t\n\t<div class=\"pi-data-value pi-font\"><a href=\"/wiki/Great_Britain\" title=\"Great Britain\">British</a></div>\n</div>\n\n</section>\n<section class=\"pi-item pi-group pi-border-color\">\n\t<h2 class=\"pi-item pi-header pi-secondary-font pi-item-spacing pi-secondary-background\">Physical information</h2>\n\n<div class=\"pi-item pi-data pi-item-spacing pi-border-color\" data-source=\"species\">\n\t\n\t\t<h3 class=\"pi-data-label pi-secondary-font\">Species</h3>\n\t\n\t<div class=\"pi-data-value pi-font\"><a href=\"/wiki/Human\" title=\"Human\">Human</a></div>\n</div>\n\n<div class=\"pi-item pi-data pi-item-spacing pi-border-color\" data-source=\"gender\">\n\t\n\t\t<h3 class=\"pi-data-label pi-secondary-font\">Gender</h3>\n\t\n\t<div class=\"pi-data-value pi-font\">Male</div>\n</div>\n\n</section>\n<section class=\"pi-item pi-group pi-border-color\">\n\t<h2 class=\"pi-item pi-header pi-secondary-font pi-item-spacing pi-secondary-background\">Relationship information</h2>\n\n<div class=\"pi-item pi-data pi-item-spacing pi-border-color\" data-source=\"family\">\n\t\n\t\t<h3 class=\"pi-data-label pi-secondary-font\">Family members</h3>\n\t\n\t<div class=\"pi-data-value pi-font\"><a href=\"/wiki/Timothy_Blenkinsop\" title=\"Timothy Blenkinsop\">Timothy Blenkinsop</a> (possibly)</div>\n</div>\n\n</section>\n<nav class=\"pi-navigation pi-item-spacing pi-secondary-background pi-secondary-font\"><small><a href=\"/wiki/Template:Individual_infobox\" title=\"Template:Individual infobox\">[Source]</a><span class=\"hidable-button\"></span></small></nav>\n</aside>\n\n<b>Barnabus Blenkinsop</b> (d. <a href=\"/wiki/7_February\" title=\"7 February\">7 February</a>, <a href=\"/wiki/1999\" title=\"1999\">1999</a>)<sup id=\"cite_ref-DoD_1-1\" class=\"reference\"><a href=\"#cite_note-DoD-1\">&#91;1&#93;</a></sup> was a <a href=\"/wiki/Wizardkind\" title=\"Wizardkind\">wizard</a>. His death was announced in the <i><a href=\"/wiki/Daily_Prophet\" title=\"Daily Prophet\">Daily Prophet</a></i>. His obituary offered a reward for information about what happened to him, since all that was found in his bed in <a href=\"/wiki/St_Mungo%27s_Hospital_for_Magical_Maladies_and_Injuries\" title=\"St Mungo&#39;s Hospital for Magical Maladies and Injuries\">St Mungo's</a> was a can of <a href=\"/wiki/Anchovie\" title=\"Anchovie\">anchovies</a>.<sup id=\"cite_ref-DP_2-0\" class=\"reference\"><a href=\"#cite_note-DP-2\">&#91;2&#93;</a></sup>\n</p>\n<h2><span class=\"mw-headline\" id=\"Appearances\">Appearances</span><span class=\"mw-editsection\"><span class=\"mw-editsection-bracket\">[</span><a href=\"/wiki/Barnabus_Blenkinsop?veaction=edit&amp;section=1\" class=\"mw-editsection-visualeditor\" title=\"Edit section: Appearances\">edit</a><span class=\"mw-editsection-divider\"> | </span><a href=\"/wiki/Barnabus_Blenkinsop?action=edit&amp;section=1\" title=\"Edit section: Appearances\"><svg class=\"wds-icon wds-icon-tiny section-edit-pencil-icon\"><use xlink:href=\"#wds-icons-pencil-tiny\"></use></svg>edit source</a><span class=\"mw-editsection-bracket\">]</span></span></h2>\n<ul><li><i><a href=\"/wiki/The_Daily_Prophet_(real-world)\" title=\"The Daily Prophet (real-world)\">Daily Prophet Newsletters</a></i> <small>(First appearance)</small></li></ul>\n<h2><span class=\"mw-headline\" id=\"Notes_and_references\">Notes and references</span><span class=\"mw-editsection\"><span class=\"mw-editsection-bracket\">[</span><a href=\"/wiki/Barnabus_Blenkinsop?veaction=edit&amp;section=2\" class=\"mw-editsection-visualeditor\" title=\"Edit section: Notes and references\">edit</a><span class=\"mw-editsection-divider\"> | </span><a href=\"/wiki/Barnabus_Blenkinsop?action=edit&amp;section=2\" title=\"Edit section: Notes and references\"><svg class=\"wds-icon wds-icon-tiny section-edit-pencil-icon\"><use xlink:href=\"#wds-icons-pencil-tiny\"></use></svg>edit source</a><span class=\"mw-editsection-bracket\">]</span></span></h2>\n<div class=\"references-small\">\n<div class=\"mw-references-wrap\"><ol class=\"references\">\n<li id=\"cite_note-DoD-1\"><span class=\"mw-cite-backlink\">\u2191 <sup><a href=\"#cite_ref-DoD_1-0\">1.0</a></sup> <sup><a href=\"#cite_ref-DoD_1-1\">1.1</a></sup></span> <span class=\"reference-text\">His obituary is featured on a <i>Daily Prophet</i> dated 8 February, however it is most likely he died the day before.</span>\n</li>\n<li id=\"cite_note-DP-2\"><span class=\"mw-cite-backlink\"><a href=\"#cite_ref-DP_2-0\">\u2191</a></span> <span class=\"reference-text\"><i><a href=\"/wiki/The_Daily_Prophet_(real-world)\" title=\"The Daily Prophet (real-world)\">Daily Prophet Newsletters</a></i></span>\n</li>\n</ol></div></div></div>"}]}}}}