{"batchcomplete": "", "warnings": {"main": {"*": "Subscribe to the mediawiki-api-announce mailing list at <https://lists.wikimedia.org/mailman/listinfo/mediawiki-api-announce> for notice of API deprecations and breaking changes."}, "revisions": {"*": "The parameter \"rvparse\" has been deprecated.\nBecause \"rvslots\" was not specified, a legacy format has been used for the output. This format is deprecated, and in the future the new format will always be used."}}, "query": {"normalized": [{"from": "Barny_the_Fruitbat", "to": "Barny the Fruitbat"}], "pages": {"5780": {"pageid": 5780, "ns": 0, "title": "Barny the Fruitbat", "revisions": [{"*": "<div class=\"mw-parser-output\"><p>\n<aside role=\"region\" class=\"portable-infobox pi-background pi-theme-pet pi-layout-default\">\n<h2 class=\"pi-item pi-item-spacing pi-title\" data-source=\"name\">Barny the Fruitbat</h2>\n<section class=\"pi-item pi-group pi-border-color\">\n\t<h2 class=\"pi-item pi-header pi-secondary-font pi-item-spacing pi-secondary-background\">Physical information</h2>\n\n<div class=\"pi-item pi-data pi-item-spacing pi-border-color\" data-source=\"species\">\n\t\n\t\t<h3 class=\"pi-data-label pi-secondary-font\">Species</h3>\n\t\n\t<div class=\"pi-data-value pi-font\"><a href=\"/wiki/Fruit_bat\" title=\"Fruit bat\">Fruit bat</a><sup id=\"cite_ref-QTA7_1-0\" class=\"reference\"><a href=\"#cite_note-QTA7-1\">&#91;1&#93;</a></sup></div>\n</div>\n\n<div class=\"pi-item pi-data pi-item-spacing pi-border-color\" data-source=\"gender\">\n\t\n\t\t<h3 class=\"pi-data-label pi-secondary-font\">Gender</h3>\n\t\n\t<div class=\"pi-data-value pi-font\">Male<sup id=\"cite_ref-QTA7_1-1\" class=\"reference\"><a href=\"#cite_note-QTA7-1\">&#91;1&#93;</a></sup></div>\n</div>\n\n<div class=\"pi-item pi-data pi-item-spacing pi-border-color\" data-source=\"hair\">\n\t\n\t\t<h3 class=\"pi-data-label pi-secondary-font\">Hair colour</h3>\n\t\n\t<div class=\"pi-data-value pi-font\">Black or brown</div>\n</div>\n\n<div class=\"pi-item pi-data pi-item-spacing pi-border-color\" data-source=\"eyes\">\n\t\n\t\t<h3 class=\"pi-data-label pi-secondary-font\">Eye colour</h3>\n\t\n\t<div class=\"pi-data-value pi-font\">Black or brown</div>\n</div>\n\n</section>\n<section class=\"pi-item pi-group pi-border-color\">\n\t<h2 class=\"pi-item pi-header pi-secondary-font pi-item-spacing pi-secondary-background\">Affiliation</h2>\n\n<div class=\"pi-item pi-data pi-item-spacing pi-border-color\" data-source=\"loyalty\">\n\t\n\t\t<h3 class=\"pi-data-label pi-secondary-font\">Loyalty</h3>\n\t\n\t<div class=\"pi-data-value pi-font\"><a href=\"/wiki/Ballycastle_Bats\" title=\"Ballycastle Bats\">Ballycastle Bats</a><sup id=\"cite_ref-QTA7_1-2\" class=\"reference\"><a href=\"#cite_note-QTA7-1\">&#91;1&#93;</a></sup></div>\n</div>\n\n</section>\n<nav class=\"pi-navigation pi-item-spacing pi-secondary-background pi-secondary-font\"><small><a href=\"/wiki/Template:Pet_individual_infobox\" title=\"Template:Pet individual infobox\">[Source]</a><span class=\"hidable-button\"></span></small></nav>\n</aside>\n\n<b>Barny the <a href=\"/wiki/Fruit_bat\" title=\"Fruit bat\">Fruitbat</a></b> was the mascot for the <a href=\"/wiki/Ballycastle_Bats\" title=\"Ballycastle Bats\">Ballycastle Bats</a> <a href=\"/wiki/Quidditch\" title=\"Quidditch\">Quidditch</a> <a href=\"/wiki/Quidditch_team\" title=\"Quidditch team\">team</a>. Barny was also featured in advertisements for <a href=\"/wiki/Butterbeer\" title=\"Butterbeer\">Butterbeer</a>, with the slogan <i>Barny says: I'm just batty about Butterbeer!</i><sup id=\"cite_ref-QTA7_1-3\" class=\"reference\"><a href=\"#cite_note-QTA7-1\">&#91;1&#93;</a></sup>\n</p>\n<h2><span class=\"mw-headline\" id=\"Appearances\">Appearances</span><span class=\"mw-editsection\"><span class=\"mw-editsection-bracket\">[</span><a href=\"/wiki/Barny_the_Fruitbat?veaction=edit&amp;section=1\" class=\"mw-editsection-visualeditor\" title=\"Edit section: Appearances\">edit</a><span class=\"mw-editsection-divider\"> | </span><a href=\"/wiki/Barny_the_Fruitbat?action=edit&amp;section=1\" title=\"Edit section: Appearances\"><svg class=\"wds-icon wds-icon-tiny section-edit-pencil-icon\"><use xlink:href=\"#wds-icons-pencil-tiny\"></use></svg>edit source</a><span class=\"mw-editsection-bracket\">]</span></span></h2>\n<ul><li><i><a href=\"/wiki/Quidditch_Through_the_Ages\" title=\"Quidditch Through the Ages\">Quidditch Through the Ages</a></i> <small>(First mentioned)</small></li></ul>\n<h2><span class=\"mw-headline\" id=\"Notes_and_references\">Notes and references</span><span class=\"mw-editsection\"><span class=\"mw-editsection-bracket\">[</span><a href=\"/wiki/Barny_the_Fruitbat?veaction=edit&amp;section=2\" class=\"mw-editsection-visualeditor\" title=\"Edit section: Notes and references\">edit</a><span class=\"mw-editsection-divider\"> | </span><a href=\"/wiki/Barny_the_Fruitbat?action=edit&amp;section=2\" title=\"Edit section: Notes and references\"><svg class=\"wds-icon wds-icon-tiny section-edit-pencil-icon\"><use xlink:href=\"#wds-icons-pencil-tiny\"></use></svg>edit source</a><span class=\"mw-editsection-bracket\">]</span></span></h2>\n<div class=\"references-small\">\n<div class=\"mw-references-wrap\"><ol class=\"references\">\n<li id=\"cite_note-QTA7-1\"><span class=\"mw-cite-backlink\">\u2191 <sup><a href=\"#cite_ref-QTA7_1-0\">1.0</a></sup> <sup><a href=\"#cite_ref-QTA7_1-1\">1.1</a></sup> <sup><a href=\"#cite_ref-QTA7_1-2\">1.2</a></sup> <sup><a href=\"#cite_ref-QTA7_1-3\">1.3</a></sup></span> <span class=\"reference-text\"><i><a href=\"/wiki/Quidditch_Through_the_Ages\" title=\"Quidditch Through the Ages\">Quidditch Through the Ages</a></i>, Chapter 7 (<i>Quidditch Teams of Britain and Ireland</i>)</span>\n</li>\n</ol></div></div><p>&#160;</p></div>"}]}}}}