{"batchcomplete": "", "warnings": {"main": {"*": "Subscribe to the mediawiki-api-announce mailing list at <https://lists.wikimedia.org/mailman/listinfo/mediawiki-api-announce> for notice of API deprecations and breaking changes."}, "revisions": {"*": "The parameter \"rvparse\" has been deprecated.\nBecause \"rvslots\" was not specified, a legacy format has been used for the output. This format is deprecated, and in the future the new format will always be used."}}, "query": {"normalized": [{"from": "Barnaby_Lee's_grandmother", "to": "Barnaby Lee's grandmother"}], "pages": {"211297": {"pageid": 211297, "ns": 0, "title": "Barnaby Lee's grandmother", "revisions": [{"*": "<div class=\"mw-parser-output\"><table class=\"notice metadata\" id=\"spoiler\" style=\"text-align: center; background: beige; margin: 1em 05%; padding: 0 1em; border: #a00 1px solid;\">\n\n<tbody><tr>\n<td><a href=\"https://static.wikia.nocookie.net/harrypotter/images/8/8c/Hogwarts_Mystery.jpeg/revision/latest?cb=20180504083359\" class=\"image\"><img alt=\"Hogwarts Mystery.jpeg\" src=\"https://static.wikia.nocookie.net/harrypotter/images/8/8c/Hogwarts_Mystery.jpeg/revision/latest/scale-to-width-down/175?cb=20180504083359\" decoding=\"async\" width=\"175\" height=\"77\" data-image-name=\"Hogwarts Mystery.jpeg\" data-image-key=\"Hogwarts_Mystery.jpeg\" /></a>\n</td>\n<td><b>Warning!</b>\n<p>At least some content in this article is derived from information featured in <i><a href=\"/wiki/Harry_Potter:_Hogwarts_Mystery\" title=\"Harry Potter: Hogwarts Mystery\">Harry Potter: Hogwarts Mystery</a></i>. Spoilers will be present within the article.\n</p>\n</td></tr></tbody></table>\n<table class=\"notice metadata\" cellpadding=\"3px\" style=\"text-align: center; background: snow; border: #a00 1px solid; margin: 1em 10% 1em 10%;\">\n\n<tbody><tr>\n<td><a href=\"https://static.wikia.nocookie.net/harrypotter/images/1/11/Hermione_Granger_%28HBP_promo%29_5.jpg/revision/latest?cb=20090817203540\" class=\"image\"><img alt=\"Hermione Granger (HBP promo) 5.jpg\" src=\"https://static.wikia.nocookie.net/harrypotter/images/1/11/Hermione_Granger_%28HBP_promo%29_5.jpg/revision/latest/scale-to-width-down/60?cb=20090817203540\" decoding=\"async\" width=\"60\" height=\"80\" data-image-name=\"Hermione Granger (HBP promo) 5.jpg\" data-image-key=\"Hermione_Granger_(HBP_promo)_5.jpg\" /></a>\n</td>\n<td><i><b>\"Are you a wizard or not?\"</b></i>\n<p>The title of this article is conjectural.  Although it is based on <a href=\"/wiki/Canon\" title=\"Canon\">canonical information</a>, the actual name is a conjecture and may be supplanted at any time by additional information released from canonical sources.  If this occurs, please move this page to the appropriate title.\n</p>\n</td></tr></tbody></table>\n<p>\n<aside role=\"region\" class=\"portable-infobox pi-background pi-theme-dark-wizard pi-layout-default\"><section class=\"pi-item pi-group pi-border-color\">\n\t\n<h2 class=\"pi-item pi-item-spacing pi-title\" data-source=\"name\">Barnaby Lee's grandmother</h2>\n\n</section>\n<section class=\"pi-item pi-group pi-border-color\">\n\t<h2 class=\"pi-item pi-header pi-secondary-font pi-item-spacing pi-secondary-background\">Physical information</h2>\n\n<div class=\"pi-item pi-data pi-item-spacing pi-border-color\" data-source=\"species\">\n\t\n\t\t<h3 class=\"pi-data-label pi-secondary-font\">Species</h3>\n\t\n\t<div class=\"pi-data-value pi-font\"><a href=\"/wiki/Human\" title=\"Human\">Human</a></div>\n</div>\n\n<div class=\"pi-item pi-data pi-item-spacing pi-border-color\" data-source=\"gender\">\n\t\n\t\t<h3 class=\"pi-data-label pi-secondary-font\">Gender</h3>\n\t\n\t<div class=\"pi-data-value pi-font\">Female</div>\n</div>\n\n</section>\n<section class=\"pi-item pi-group pi-border-color\">\n\t<h2 class=\"pi-item pi-header pi-secondary-font pi-item-spacing pi-secondary-background\">Relationship information</h2>\n\n<div class=\"pi-item pi-data pi-item-spacing pi-border-color\" data-source=\"family\">\n\t\n\t\t<h3 class=\"pi-data-label pi-secondary-font\">Family members</h3>\n\t\n\t<div class=\"pi-data-value pi-font\"><ul><li><a href=\"/wiki/Barnaby_Lee%27s_father\" title=\"Barnaby Lee&#039;s father\">Son or son-in-law</a></li><li><a href=\"/wiki/Barnaby_Lee%27s_mother\" title=\"Barnaby Lee&#039;s mother\">Daughter or daughter-in-law</a></li><li><a href=\"/wiki/Barnaby_Lee\" title=\"Barnaby Lee\">Barnaby Lee</a> (grandson)<sup id=\"cite_ref-HM_1-0\" class=\"reference\"><a href=\"#cite_note-HM-1\">&#91;1&#93;</a></sup></li></ul></div>\n</div>\n\n</section>\n<section class=\"pi-item pi-group pi-border-color\">\n\t<h2 class=\"pi-item pi-header pi-secondary-font pi-item-spacing pi-secondary-background\">Affiliation</h2>\n\n<div class=\"pi-item pi-data pi-item-spacing pi-border-color\" data-source=\"loyalty\">\n\t\n\t\t<h3 class=\"pi-data-label pi-secondary-font\">Loyalty</h3>\n\t\n\t<div class=\"pi-data-value pi-font\"><a href=\"/wiki/Lee_family\" title=\"Lee family\">Lee family</a></div>\n</div>\n\n</section>\n<nav class=\"pi-navigation pi-item-spacing pi-secondary-background pi-secondary-font\"><small><a href=\"/wiki/Template:Individual_infobox\" title=\"Template:Individual infobox\">[Source]</a><span class=\"hidable-button\"></span></small></nav>\n</aside>\n\nThe <b>grandmother</b> of <a href=\"/wiki/Barnaby_Lee\" title=\"Barnaby Lee\">Barnaby Lee</a> (whom he called his \"grandmum\") owned a collection of <a href=\"/wiki/Dark_Arts\" title=\"Dark Arts\">Dark</a> Artefacts. Since she never bought him toys as a child, Barnaby used to play with her artefacts instead. She also owned a <a href=\"/wiki/Crup\" title=\"Crup\">crup</a>, although her grandson suspected she only did to scare <a href=\"/wiki/Non-magic_people\" title=\"Non-magic people\">Muggles</a>.<sup id=\"cite_ref-HM_1-1\" class=\"reference\"><a href=\"#cite_note-HM-1\">&#91;1&#93;</a></sup>\n</p>\n<h2><span class=\"mw-headline\" id=\"Physical_description\">Physical description</span><span class=\"mw-editsection\"><span class=\"mw-editsection-bracket\">[</span><a href=\"/wiki/Barnaby_Lee%27s_grandmother?veaction=edit&amp;section=1\" class=\"mw-editsection-visualeditor\" title=\"Edit section: Physical description\">edit</a><span class=\"mw-editsection-divider\"> | </span><a href=\"/wiki/Barnaby_Lee%27s_grandmother?action=edit&amp;section=1\" title=\"Edit section: Physical description\"><svg class=\"wds-icon wds-icon-tiny section-edit-pencil-icon\"><use xlink:href=\"#wds-icons-pencil-tiny\"></use></svg>edit source</a><span class=\"mw-editsection-bracket\">]</span></span></h2>\n<div class=\"quote\">\n<dl><dd><span title=\"Source:&#160;Barnaby Lee\">\"<i>My grandma looks a bit like a Dementor.</i>\"</span></dd>\n<dd>&#8212;A description of Barnaby's grandma's appearance.<sup class=\"noprint\"><a href=\"/wiki/Barnaby_Lee\" title=\"Barnaby Lee\">[src]</a></sup></dd>\n<dd></dd></dl></div><p>Barnaby's grandmother was described by him as looking a bit like a <a href=\"/wiki/Dementor\" title=\"Dementor\">Dementor</a>; therefore her appearance can be assumed to be somewhat frail, with a skeletal appearance.<sup id=\"cite_ref-2\" class=\"reference\"><a href=\"#cite_note-2\">&#91;2&#93;</a></sup>\n</p><h2><span class=\"mw-headline\" id=\"Appearances\">Appearances</span><span class=\"mw-editsection\"><span class=\"mw-editsection-bracket\">[</span><a href=\"/wiki/Barnaby_Lee%27s_grandmother?veaction=edit&amp;section=2\" class=\"mw-editsection-visualeditor\" title=\"Edit section: Appearances\">edit</a><span class=\"mw-editsection-divider\"> | </span><a href=\"/wiki/Barnaby_Lee%27s_grandmother?action=edit&amp;section=2\" title=\"Edit section: Appearances\"><svg class=\"wds-icon wds-icon-tiny section-edit-pencil-icon\"><use xlink:href=\"#wds-icons-pencil-tiny\"></use></svg>edit source</a><span class=\"mw-editsection-bracket\">]</span></span></h2>\n<ul><li><i><a href=\"/wiki/Harry_Potter:_Hogwarts_Mystery\" title=\"Harry Potter: Hogwarts Mystery\">Harry Potter: Hogwarts Mystery</a></i> <small>(First mentioned)</small></li></ul>\n<h2><span class=\"mw-headline\" id=\"Notes_and_references\">Notes and references</span><span class=\"mw-editsection\"><span class=\"mw-editsection-bracket\">[</span><a href=\"/wiki/Barnaby_Lee%27s_grandmother?veaction=edit&amp;section=3\" class=\"mw-editsection-visualeditor\" title=\"Edit section: Notes and references\">edit</a><span class=\"mw-editsection-divider\"> | </span><a href=\"/wiki/Barnaby_Lee%27s_grandmother?action=edit&amp;section=3\" title=\"Edit section: Notes and references\"><svg class=\"wds-icon wds-icon-tiny section-edit-pencil-icon\"><use xlink:href=\"#wds-icons-pencil-tiny\"></use></svg>edit source</a><span class=\"mw-editsection-bracket\">]</span></span></h2>\n<div class=\"references-small\">\n<div class=\"mw-references-wrap\"><ol class=\"references\">\n<li id=\"cite_note-HM-1\"><span class=\"mw-cite-backlink\">\u2191 <sup><a href=\"#cite_ref-HM_1-0\">1.0</a></sup> <sup><a href=\"#cite_ref-HM_1-1\">1.1</a></sup></span> <span class=\"reference-text\"><i><a href=\"/wiki/Harry_Potter:_Hogwarts_Mystery\" title=\"Harry Potter: Hogwarts Mystery\">Harry Potter: Hogwarts Mystery</a></i></span>\n</li>\n<li id=\"cite_note-2\"><span class=\"mw-cite-backlink\"><a href=\"#cite_ref-2\">\u2191</a></span> <span class=\"reference-text\"><i><a href=\"/wiki/Harry_Potter:_Hogwarts_Mystery\" title=\"Harry Potter: Hogwarts Mystery\">Harry Potter: Hogwarts Mystery</a></i>, Year 4, \"Conjure a Patronus\" Achievement</span>\n</li>\n</ol></div></div></div>"}]}}}}