{"batchcomplete": "", "warnings": {"main": {"*": "Subscribe to the mediawiki-api-announce mailing list at <https://lists.wikimedia.org/mailman/listinfo/mediawiki-api-announce> for notice of API deprecations and breaking changes."}, "revisions": {"*": "The parameter \"rvparse\" has been deprecated.\nBecause \"rvslots\" was not specified, a legacy format has been used for the output. This format is deprecated, and in the future the new format will always be used."}}, "query": {"normalized": [{"from": "Bartemius_Crouch_Junior's_mother", "to": "Bartemius Crouch Junior's mother"}], "pages": {"6696": {"pageid": 6696, "ns": 0, "title": "Bartemius Crouch Junior's mother", "revisions": [{"*": "<div class=\"mw-parser-output\"><table class=\"notice metadata\" cellpadding=\"3px\" style=\"text-align: center; background: snow; border: #a00 1px solid; margin: 1em 10% 1em 10%;\">\n\n<tbody><tr>\n<td><a href=\"https://static.wikia.nocookie.net/harrypotter/images/1/11/Hermione_Granger_%28HBP_promo%29_5.jpg/revision/latest?cb=20090817203540\" class=\"image\"><img alt=\"Hermione Granger (HBP promo) 5.jpg\" src=\"https://static.wikia.nocookie.net/harrypotter/images/1/11/Hermione_Granger_%28HBP_promo%29_5.jpg/revision/latest/scale-to-width-down/60?cb=20090817203540\" decoding=\"async\" width=\"60\" height=\"80\" data-image-name=\"Hermione Granger (HBP promo) 5.jpg\" data-image-key=\"Hermione_Granger_(HBP_promo)_5.jpg\" /></a>\n</td>\n<td><i><b>\"Are you a wizard or not?\"</b></i>\n<p>The title of this article is conjectural.  Although it is based on <a href=\"/wiki/Canon\" title=\"Canon\">canonical information</a>, the actual name is a conjecture and may be supplanted at any time by additional information released from canonical sources.  If this occurs, please move this page to the appropriate title.\n</p>\n</td></tr></tbody></table>\n<p>\n<aside role=\"region\" class=\"portable-infobox pi-background pi-theme-wizard pi-layout-default\">\n<figure class=\"pi-item pi-image\" data-source=\"image\">\n\t<a href=\"https://static.wikia.nocookie.net/harrypotter/images/e/e0/MrsCrouch.png/revision/latest?cb=20140730121106\" class=\"image image-thumbnail\"\n\t   title=\"\">\n\t\t<img src=\"https://static.wikia.nocookie.net/harrypotter/images/e/e0/MrsCrouch.png/revision/latest/scale-to-width-down/190?cb=20140730121106\" srcset=\"https://static.wikia.nocookie.net/harrypotter/images/e/e0/MrsCrouch.png/revision/latest/scale-to-width-down/190?cb=20140730121106 1x, https://static.wikia.nocookie.net/harrypotter/images/e/e0/MrsCrouch.png/revision/latest/scale-to-width-down/380?cb=20140730121106 2x\" class=\"pi-image-thumbnail\" alt=\"\" width=\"190\" height=\"199\"\n\t\t     data-image-key=\"MrsCrouch.png\" data-image-name=\"MrsCrouch.png\"/>\n\t\t\n\t</a>\n\t\n</figure>\n<section class=\"pi-item pi-group pi-border-color\">\n\t\n<h2 class=\"pi-item pi-item-spacing pi-title\" data-source=\"name\">Mrs Crouch</h2>\n\n</section>\n<section class=\"pi-item pi-group pi-border-color\">\n\t<h2 class=\"pi-item pi-header pi-secondary-font pi-item-spacing pi-secondary-background\">Biographical information</h2>\n\n<div class=\"pi-item pi-data pi-item-spacing pi-border-color\" data-source=\"born\">\n\t\n\t\t<h3 class=\"pi-data-label pi-secondary-font\">Born</h3>\n\t\n\t<div class=\"pi-data-value pi-font\">pre <a href=\"/wiki/1945\" title=\"1945\">1945</a><sup id=\"cite_ref-1\" class=\"reference\"><a href=\"#cite_note-1\">&#91;1&#93;</a></sup></div>\n</div>\n\n<div class=\"pi-item pi-data pi-item-spacing pi-border-color\" data-source=\"died\">\n\t\n\t\t<h3 class=\"pi-data-label pi-secondary-font\">Died</h3>\n\t\n\t<div class=\"pi-data-value pi-font\">Shortly after <a href=\"/wiki/1981\" title=\"1981\">1981</a><sup id=\"cite_ref-DOD_2-0\" class=\"reference\"><a href=\"#cite_note-DOD-2\">&#91;2&#93;</a></sup> <br/> <a href=\"/wiki/Azkaban\" title=\"Azkaban\">Azkaban</a>, <a href=\"/wiki/North_Sea\" title=\"North Sea\">North Sea</a><sup id=\"cite_ref-DOD_2-1\" class=\"reference\"><a href=\"#cite_note-DOD-2\">&#91;2&#93;</a></sup></div>\n</div>\n\n<div class=\"pi-item pi-data pi-item-spacing pi-border-color\" data-source=\"blood\">\n\t\n\t\t<h3 class=\"pi-data-label pi-secondary-font\">Blood status</h3>\n\t\n\t<div class=\"pi-data-value pi-font\"><a href=\"/wiki/Pure-blood\" title=\"Pure-blood\">Pure-blood</a> or <a href=\"/wiki/Half-blood\" title=\"Half-blood\">half-blood</a><sup id=\"cite_ref-Blood_3-0\" class=\"reference\"><a href=\"#cite_note-Blood-3\">&#91;3&#93;</a></sup></div>\n</div>\n\n<div class=\"pi-item pi-data pi-item-spacing pi-border-color\" data-source=\"marital\">\n\t\n\t\t<h3 class=\"pi-data-label pi-secondary-font\">Marital status</h3>\n\t\n\t<div class=\"pi-data-value pi-font\">Married</div>\n</div>\n\n</section>\n<section class=\"pi-item pi-group pi-border-color\">\n\t<h2 class=\"pi-item pi-header pi-secondary-font pi-item-spacing pi-secondary-background\">Physical information</h2>\n\n<div class=\"pi-item pi-data pi-item-spacing pi-border-color\" data-source=\"species\">\n\t\n\t\t<h3 class=\"pi-data-label pi-secondary-font\">Species</h3>\n\t\n\t<div class=\"pi-data-value pi-font\"><a href=\"/wiki/Human\" title=\"Human\">Human</a></div>\n</div>\n\n<div class=\"pi-item pi-data pi-item-spacing pi-border-color\" data-source=\"gender\">\n\t\n\t\t<h3 class=\"pi-data-label pi-secondary-font\">Gender</h3>\n\t\n\t<div class=\"pi-data-value pi-font\">Female</div>\n</div>\n\n<div class=\"pi-item pi-data pi-item-spacing pi-border-color\" data-source=\"skin\">\n\t\n\t\t<h3 class=\"pi-data-label pi-secondary-font\">Skin colour</h3>\n\t\n\t<div class=\"pi-data-value pi-font\">White</div>\n</div>\n\n</section>\n<section class=\"pi-item pi-group pi-border-color\">\n\t<h2 class=\"pi-item pi-header pi-secondary-font pi-item-spacing pi-secondary-background\">Relationship information</h2>\n\n<div class=\"pi-item pi-data pi-item-spacing pi-border-color\" data-source=\"family\">\n\t\n\t\t<h3 class=\"pi-data-label pi-secondary-font\">Family members</h3>\n\t\n\t<div class=\"pi-data-value pi-font\"><ul><li><a href=\"/wiki/Bartemius_Crouch_Senior\" title=\"Bartemius Crouch Senior\">Bartemius Crouch Snr</a> (husband) \u2020</li><li><a href=\"/wiki/Bartemius_Crouch_Junior\" title=\"Bartemius Crouch Junior\">Bartemius Crouch Jnr</a> (son) \u2020</li></ul></div>\n</div>\n\n</section>\n<section class=\"pi-item pi-group pi-border-color\">\n\t<h2 class=\"pi-item pi-header pi-secondary-font pi-item-spacing pi-secondary-background\">Affiliation</h2>\n\n<div class=\"pi-item pi-data pi-item-spacing pi-border-color\" data-source=\"loyalty\">\n\t\n\t\t<h3 class=\"pi-data-label pi-secondary-font\">Loyalty</h3>\n\t\n\t<div class=\"pi-data-value pi-font\"><a href=\"/wiki/Crouch_family\" title=\"Crouch family\">Crouch family</a></div>\n</div>\n\n</section>\n<nav class=\"pi-navigation pi-item-spacing pi-secondary-background pi-secondary-font\"><small><a href=\"/wiki/Template:Individual_infobox\" title=\"Template:Individual infobox\">[Source]</a><span class=\"hidable-button\"></span></small></nav>\n</aside>\n\n</p>\n<div class=\"quote\">\n<dl><dd><span title=\"Source:&#160;Harry Potter and the Goblet of Fire\">\"<i>My mother saved me. She knew she was dying. She persuaded my father to rescue me as a last favour to her. He loved her as he had never loved me. He agreed. They came to visit me. They gave me a draft of Polyjuice Potion containing one of my mother's hairs. She took a draft of Polyjuice Potion containing one of my hairs. We took on each other's appearance.</i>\"</span></dd>\n<dd>&#8212;Mrs Crouch's loving sacrifice<sup class=\"noprint\"><a href=\"/wiki/Harry_Potter_and_the_Goblet_of_Fire\" title=\"Harry Potter and the Goblet of Fire\">[src]</a></sup></dd>\n<dd></dd></dl></div>\n<p><b>Mrs Crouch</b> (d.<a href=\"/wiki/1980s\" title=\"1980s\">1980s</a>) was the wife of <a href=\"/wiki/Bartemius_Crouch_Senior\" title=\"Bartemius Crouch Senior\">Bartemius Crouch Snr</a>. She participated in one of the few <a href=\"/wiki/Azkaban_escapes#1982\" title=\"Azkaban escapes\">escapes</a> from <a href=\"/wiki/Azkaban\" title=\"Azkaban\">Azkaban</a> in the prison's history, taking the place of her son, <a href=\"/wiki/Bartemius_Crouch_Junior\" title=\"Bartemius Crouch Junior\">Bartemius Crouch Junior</a>.\n</p>\n<div id=\"toc\" class=\"toc\"><input type=\"checkbox\" role=\"button\" id=\"toctogglecheckbox\" class=\"toctogglecheckbox\" style=\"display:none\" /><div class=\"toctitle\" lang=\"en\" dir=\"ltr\"><h2>Contents</h2><span class=\"toctogglespan\"><label class=\"toctogglelabel\" for=\"toctogglecheckbox\"></label></span></div>\n<ul>\n<li class=\"toclevel-1 tocsection-1\"><a href=\"#Biography\"><span class=\"tocnumber\">1</span> <span class=\"toctext\">Biography</span></a>\n<ul>\n<li class=\"toclevel-2 tocsection-2\"><a href=\"#Early_life\"><span class=\"tocnumber\">1.1</span> <span class=\"toctext\">Early life</span></a></li>\n<li class=\"toclevel-2 tocsection-3\"><a href=\"#First_Wizarding_War_and_aftermath\"><span class=\"tocnumber\">1.2</span> <span class=\"toctext\">First Wizarding War and aftermath</span></a>\n<ul>\n<li class=\"toclevel-3 tocsection-4\"><a href=\"#Rescuing_her_son_and_death\"><span class=\"tocnumber\">1.2.1</span> <span class=\"toctext\">Rescuing her son and death</span></a></li>\n</ul>\n</li>\n<li class=\"toclevel-2 tocsection-5\"><a href=\"#Postmortem\"><span class=\"tocnumber\">1.3</span> <span class=\"toctext\">Postmortem</span></a></li>\n</ul>\n</li>\n<li class=\"toclevel-1 tocsection-6\"><a href=\"#Physical_appearance\"><span class=\"tocnumber\">2</span> <span class=\"toctext\">Physical appearance</span></a></li>\n<li class=\"toclevel-1 tocsection-7\"><a href=\"#Personality_and_traits\"><span class=\"tocnumber\">3</span> <span class=\"toctext\">Personality and traits</span></a></li>\n<li class=\"toclevel-1 tocsection-8\"><a href=\"#Relationships\"><span class=\"tocnumber\">4</span> <span class=\"toctext\">Relationships</span></a>\n<ul>\n<li class=\"toclevel-2 tocsection-9\"><a href=\"#Barty_Crouch_Snr\"><span class=\"tocnumber\">4.1</span> <span class=\"toctext\">Barty Crouch Snr</span></a></li>\n<li class=\"toclevel-2 tocsection-10\"><a href=\"#Barty_Crouch_Jnr\"><span class=\"tocnumber\">4.2</span> <span class=\"toctext\">Barty Crouch Jnr</span></a></li>\n</ul>\n</li>\n<li class=\"toclevel-1 tocsection-11\"><a href=\"#Behind_the_scenes\"><span class=\"tocnumber\">5</span> <span class=\"toctext\">Behind the scenes</span></a></li>\n<li class=\"toclevel-1 tocsection-12\"><a href=\"#Appearances\"><span class=\"tocnumber\">6</span> <span class=\"toctext\">Appearances</span></a></li>\n<li class=\"toclevel-1 tocsection-13\"><a href=\"#Notes_and_references\"><span class=\"tocnumber\">7</span> <span class=\"toctext\">Notes and references</span></a></li>\n</ul>\n</div>\n\n<h2><span class=\"mw-headline\" id=\"Biography\">Biography</span><span class=\"mw-editsection\"><span class=\"mw-editsection-bracket\">[</span><a href=\"/wiki/Bartemius_Crouch_Junior%27s_mother?veaction=edit&amp;section=1\" class=\"mw-editsection-visualeditor\" title=\"Edit section: Biography\">edit</a><span class=\"mw-editsection-divider\"> | </span><a href=\"/wiki/Bartemius_Crouch_Junior%27s_mother?action=edit&amp;section=1\" title=\"Edit section: Biography\"><svg class=\"wds-icon wds-icon-tiny section-edit-pencil-icon\"><use xlink:href=\"#wds-icons-pencil-tiny\"></use></svg>edit source</a><span class=\"mw-editsection-bracket\">]</span></span></h2>\n<h3><span class=\"mw-headline\" id=\"Early_life\">Early life</span><span class=\"mw-editsection\"><span class=\"mw-editsection-bracket\">[</span><a href=\"/wiki/Bartemius_Crouch_Junior%27s_mother?veaction=edit&amp;section=2\" class=\"mw-editsection-visualeditor\" title=\"Edit section: Early life\">edit</a><span class=\"mw-editsection-divider\"> | </span><a href=\"/wiki/Bartemius_Crouch_Junior%27s_mother?action=edit&amp;section=2\" title=\"Edit section: Early life\"><svg class=\"wds-icon wds-icon-tiny section-edit-pencil-icon\"><use xlink:href=\"#wds-icons-pencil-tiny\"></use></svg>edit source</a><span class=\"mw-editsection-bracket\">]</span></span></h3>\n<p>Mrs Crouch was born into a <a href=\"/wiki/Pure-blood\" title=\"Pure-blood\">pure-blood</a> family.<sup id=\"cite_ref-Blood_3-1\" class=\"reference\"><a href=\"#cite_note-Blood-3\">&#91;3&#93;</a></sup> She married <a href=\"/wiki/Bartemius_Crouch_Senior\" title=\"Bartemius Crouch Senior\">Bartemius Crouch</a> and had one son, also named <a href=\"/wiki/Bartemius_Crouch_Junior\" title=\"Bartemius Crouch Junior\">Bartemius</a>. Mr Crouch was so focused on his career within the <a href=\"/wiki/British_Ministry_of_Magic\" title=\"British Ministry of Magic\">Ministry of Magic</a> that he gave little devotion to his duties as a husband and father. As such, Mrs Crouch was namely responsible for home and raising their child.<sup id=\"cite_ref-GOF27_4-0\" class=\"reference\"><a href=\"#cite_note-GOF27-4\">&#91;4&#93;</a></sup>\n</p>\n<h3><span class=\"mw-headline\" id=\"First_Wizarding_War_and_aftermath\">First Wizarding War and aftermath</span><span class=\"mw-editsection\"><span class=\"mw-editsection-bracket\">[</span><a href=\"/wiki/Bartemius_Crouch_Junior%27s_mother?veaction=edit&amp;section=3\" class=\"mw-editsection-visualeditor\" title=\"Edit section: First Wizarding War and aftermath\">edit</a><span class=\"mw-editsection-divider\"> | </span><a href=\"/wiki/Bartemius_Crouch_Junior%27s_mother?action=edit&amp;section=3\" title=\"Edit section: First Wizarding War and aftermath\"><svg class=\"wds-icon wds-icon-tiny section-edit-pencil-icon\"><use xlink:href=\"#wds-icons-pencil-tiny\"></use></svg>edit source</a><span class=\"mw-editsection-bracket\">]</span></span></h3>\n<figure class=\"thumb tleft show-info-icon\" style=\"width: 262px\"> \t<a href=\"https://static.wikia.nocookie.net/harrypotter/images/a/ae/B4C30M1_Wizengamot_trial_Pensieve_memory.png/revision/latest?cb=20190313000102\" class=\"image\"><img alt=\"\" src=\"https://static.wikia.nocookie.net/harrypotter/images/a/ae/B4C30M1_Wizengamot_trial_Pensieve_memory.png/revision/latest/scale-to-width-down/260?cb=20190313000102\" decoding=\"async\" width=\"260\" height=\"104\" class=\"thumbimage\" data-image-name=\"B4C30M1 Wizengamot trial Pensieve memory.png\" data-image-key=\"B4C30M1_Wizengamot_trial_Pensieve_memory.png\" /></a> \t \t<figcaption class=\"thumbcaption\"> \t\t \t\t\t<a href=\"/wiki/File:B4C30M1_Wizengamot_trial_Pensieve_memory.png\" class=\"info-icon\"><svg><use xlink:href=\"#wds-icons-info-small\"></use></svg></a> \t\t \t\t \t\t \t\t\t<p class=\"caption\">Mrs Crouch witnessing her son on trial</p> \t\t \t</figcaption> </figure>\n<p>Shortly after <a href=\"/wiki/Tom_Riddle\" title=\"Tom Riddle\">Lord Voldemort's</a> first downfall, in <a href=\"/wiki/1981\" title=\"1981\">1981</a>, Barty Jnr was caught amongst a group of <a href=\"/wiki/Death_Eaters\" title=\"Death Eaters\">Death Eaters</a> who were convicted of <a href=\"/wiki/Cruciatus_Curse\" title=\"Cruciatus Curse\">torturing</a> <a href=\"/wiki/Auror\" title=\"Auror\">Aurors</a> <a href=\"/wiki/Alice_Longbottom\" title=\"Alice Longbottom\">Alice</a> and <a href=\"/wiki/Frank_Longbottom\" title=\"Frank Longbottom\">Frank Longbottom</a> into <a href=\"/wiki/Insanity\" title=\"Insanity\">insanity</a>. Mrs Crouch was present for her son's trial in <a href=\"/wiki/Courtroom_Ten\" title=\"Courtroom Ten\">Courtroom Ten</a>, sitting next to her husband, who presided as the judge, sobbing. She suffered the terrible and sad experience of watching her husband renounce their nineteen-year-old son and condemn him to life in <a href=\"/wiki/Azkaban\" title=\"Azkaban\">Azkaban</a> without listening to boy's crying pleas and explanations. After the sentence was passed, she collapsed in shock and grief of what had happened.<sup id=\"cite_ref-GOF30_5-0\" class=\"reference\"><a href=\"#cite_note-GOF30-5\">&#91;5&#93;</a></sup>\n</p>\n<h4><span class=\"mw-headline\" id=\"Rescuing_her_son_and_death\">Rescuing her son and death</span><span class=\"mw-editsection\"><span class=\"mw-editsection-bracket\">[</span><a href=\"/wiki/Bartemius_Crouch_Junior%27s_mother?veaction=edit&amp;section=4\" class=\"mw-editsection-visualeditor\" title=\"Edit section: Rescuing her son and death\">edit</a><span class=\"mw-editsection-divider\"> | </span><a href=\"/wiki/Bartemius_Crouch_Junior%27s_mother?action=edit&amp;section=4\" title=\"Edit section: Rescuing her son and death\"><svg class=\"wds-icon wds-icon-tiny section-edit-pencil-icon\"><use xlink:href=\"#wds-icons-pencil-tiny\"></use></svg>edit source</a><span class=\"mw-editsection-bracket\">]</span></span></h4>\n<div class=\"quote\">\n<dl><dd><span title=\"Source:&#160;Harry Potter and the Goblet of Fire\">\"<i>My mother saved me. She knew she was dying. She persuaded my father to rescue me as a last favour to her.</i>\"</span></dd>\n<dd>&#8212;Barty Jnr describing his mother's last favour.<sup class=\"noprint\"><a href=\"/wiki/Harry_Potter_and_the_Goblet_of_Fire\" title=\"Harry Potter and the Goblet of Fire\">[src]</a></sup></dd>\n<dd></dd></dl></div><p>About one year after their son's imprisonment, Mrs Crouch's health deteriorated drastically from the stress. In the last few weeks of her life, Mrs Crouch convinced her husband to allow her to trade places with her son in the wizard prison during their deathbed visit of their son that was permitted due to her husband's high status in the Ministry. Both mother and son drank <a href=\"/wiki/Polyjuice_Potion\" title=\"Polyjuice Potion\">Polyjuice Potion</a> to take each other's appearance, and she went to Azkaban while Barty Jnr went to live in hiding with the help of their <a href=\"/wiki/House-elf\" title=\"House-elf\">House-elf</a> <a href=\"/wiki/Winky\" title=\"Winky\">Winky</a>. Mrs Crouch drank the remaining potion slowly and sparingly, to ensure herself not to be exposed for the other prisoners to see, and died shortly thereafter in Azkaban. She was buried by the <a href=\"/wiki/Dementor\" title=\"Dementor\">Dementors</a> outside the walls under her son's name and appearance,<sup id=\"cite_ref-GOF35_6-0\" class=\"reference\"><a href=\"#cite_note-GOF35-6\">&#91;6&#93;</a></sup> as <a href=\"/wiki/Sirius_Black\" title=\"Sirius Black\">Sirius Black</a> witnessed.<sup id=\"cite_ref-GOF27_4-1\" class=\"reference\"><a href=\"#cite_note-GOF27-4\">&#91;4&#93;</a></sup>\n</p><h3><span class=\"mw-headline\" id=\"Postmortem\">Postmortem</span><span class=\"mw-editsection\"><span class=\"mw-editsection-bracket\">[</span><a href=\"/wiki/Bartemius_Crouch_Junior%27s_mother?veaction=edit&amp;section=5\" class=\"mw-editsection-visualeditor\" title=\"Edit section: Postmortem\">edit</a><span class=\"mw-editsection-divider\"> | </span><a href=\"/wiki/Bartemius_Crouch_Junior%27s_mother?action=edit&amp;section=5\" title=\"Edit section: Postmortem\"><svg class=\"wds-icon wds-icon-tiny section-edit-pencil-icon\"><use xlink:href=\"#wds-icons-pencil-tiny\"></use></svg>edit source</a><span class=\"mw-editsection-bracket\">]</span></span></h3>\n<p>Since Barty Snr could not have retrieved his wife's body from Azkaban without exposing what they had done, he staged her death, and then held a quiet, private funeral for her, with an empty grave.<sup id=\"cite_ref-GOF35_6-1\" class=\"reference\"><a href=\"#cite_note-GOF35-6\">&#91;6&#93;</a></sup>\n</p><p>Winky would use Mrs Crouch's dying wish for her son's freedom to persuade the elder Barty to allow his son attend the 422nd <a href=\"/wiki/Quidditch_World_Cup\" title=\"Quidditch World Cup\">Quidditch World Cup</a>. Though Crouch eventually relented, this led to a downward spiral of negative events that led to both father and son to be destroyed along with Voldemort's return to full power, leaving Mrs Crouch's efforts for her son to be tragically wasted.<sup id=\"cite_ref-GOF35_6-2\" class=\"reference\"><a href=\"#cite_note-GOF35-6\">&#91;6&#93;</a></sup>\n</p>\n<h2><span class=\"mw-headline\" id=\"Physical_appearance\">Physical appearance</span><span class=\"mw-editsection\"><span class=\"mw-editsection-bracket\">[</span><a href=\"/wiki/Bartemius_Crouch_Junior%27s_mother?veaction=edit&amp;section=6\" class=\"mw-editsection-visualeditor\" title=\"Edit section: Physical appearance\">edit</a><span class=\"mw-editsection-divider\"> | </span><a href=\"/wiki/Bartemius_Crouch_Junior%27s_mother?action=edit&amp;section=6\" title=\"Edit section: Physical appearance\"><svg class=\"wds-icon wds-icon-tiny section-edit-pencil-icon\"><use xlink:href=\"#wds-icons-pencil-tiny\"></use></svg>edit source</a><span class=\"mw-editsection-bracket\">]</span></span></h2>\n<p>Mrs Crouch was a short, frail and wispy-looking witch.<sup id=\"cite_ref-GOF30_5-1\" class=\"reference\"><a href=\"#cite_note-GOF30-5\">&#91;5&#93;</a></sup> When she swapped places with her son in prison, she took on his 20-years old appearance for the remainder of her life, and died bearing his form and name.<sup id=\"cite_ref-GOF35_6-3\" class=\"reference\"><a href=\"#cite_note-GOF35-6\">&#91;6&#93;</a></sup>\n</p>\n<h2><span class=\"mw-headline\" id=\"Personality_and_traits\">Personality and traits</span><span class=\"mw-editsection\"><span class=\"mw-editsection-bracket\">[</span><a href=\"/wiki/Bartemius_Crouch_Junior%27s_mother?veaction=edit&amp;section=7\" class=\"mw-editsection-visualeditor\" title=\"Edit section: Personality and traits\">edit</a><span class=\"mw-editsection-divider\"> | </span><a href=\"/wiki/Bartemius_Crouch_Junior%27s_mother?action=edit&amp;section=7\" title=\"Edit section: Personality and traits\"><svg class=\"wds-icon wds-icon-tiny section-edit-pencil-icon\"><use xlink:href=\"#wds-icons-pencil-tiny\"></use></svg>edit source</a><span class=\"mw-editsection-bracket\">]</span></span></h2>\n<p>Mrs Crouch was a frail and emotional woman, as she was sobbing when her son was accused of crimes punishable by life sentence, to the point of fainting when her husband ruthlessly carried out the sentence and denouncing their son.<sup id=\"cite_ref-GOF30_5-2\" class=\"reference\"><a href=\"#cite_note-GOF30-5\">&#91;5&#93;</a></sup> She was a very <a href=\"/wiki/Love\" title=\"Love\">loving</a> mother, as she swapped places with her son to allow him to escape prison while suffering in his place and desiring him to live out his new life for the better. According to Winky, Mrs Crouch would have wanted her son to enjoy some fresh air and freedom, not to be imprisoned by the <a href=\"/wiki/Imperius_Curse\" title=\"Imperius Curse\">Imperius Curse</a>.<sup id=\"cite_ref-GOF35_6-4\" class=\"reference\"><a href=\"#cite_note-GOF35-6\">&#91;6&#93;</a></sup> However, despite her love for her son, she had a poor judge of character, being oblivious or in denial to her son's true nature, with her act in rescuing him from Azkaban ultimately resulting in Voldemort's return and the downfalls of both both her son and husband.\n</p>\n<h2><span class=\"mw-headline\" id=\"Relationships\">Relationships</span><span class=\"mw-editsection\"><span class=\"mw-editsection-bracket\">[</span><a href=\"/wiki/Bartemius_Crouch_Junior%27s_mother?veaction=edit&amp;section=8\" class=\"mw-editsection-visualeditor\" title=\"Edit section: Relationships\">edit</a><span class=\"mw-editsection-divider\"> | </span><a href=\"/wiki/Bartemius_Crouch_Junior%27s_mother?action=edit&amp;section=8\" title=\"Edit section: Relationships\"><svg class=\"wds-icon wds-icon-tiny section-edit-pencil-icon\"><use xlink:href=\"#wds-icons-pencil-tiny\"></use></svg>edit source</a><span class=\"mw-editsection-bracket\">]</span></span></h2>\n<h3><span class=\"mw-headline\" id=\"Barty_Crouch_Snr\">Barty Crouch Snr</span><span class=\"mw-editsection\"><span class=\"mw-editsection-bracket\">[</span><a href=\"/wiki/Bartemius_Crouch_Junior%27s_mother?veaction=edit&amp;section=9\" class=\"mw-editsection-visualeditor\" title=\"Edit section: Barty Crouch Snr\">edit</a><span class=\"mw-editsection-divider\"> | </span><a href=\"/wiki/Bartemius_Crouch_Junior%27s_mother?action=edit&amp;section=9\" title=\"Edit section: Barty Crouch Snr\"><svg class=\"wds-icon wds-icon-tiny section-edit-pencil-icon\"><use xlink:href=\"#wds-icons-pencil-tiny\"></use></svg>edit source</a><span class=\"mw-editsection-bracket\">]</span></span></h3>\n<div class=\"quote\">\n<dl><dd><span title=\"Source:&#160;Harry Potter and the Goblet of Fire\">\"<i>He loved her as he had never loved me.</i>\"</span></dd>\n<dd>&#8212;Barty Jnr describing his father's love for Mrs Crouch.<sup class=\"noprint\"><a href=\"/wiki/Harry_Potter_and_the_Goblet_of_Fire\" title=\"Harry Potter and the Goblet of Fire\">[src]</a></sup></dd>\n<dd></dd></dl></div><figure class=\"thumb tright show-info-icon\" style=\"width: 154px\"> \t<a href=\"https://static.wikia.nocookie.net/harrypotter/images/1/15/Roger_Lloyd_Pack_as_Barty_Crouch_Snr_%28GoF-promo-02%29.jpg/revision/latest?cb=20100123214858\" class=\"image\"><img alt=\"\" src=\"https://static.wikia.nocookie.net/harrypotter/images/1/15/Roger_Lloyd_Pack_as_Barty_Crouch_Snr_%28GoF-promo-02%29.jpg/revision/latest/scale-to-width-down/152?cb=20100123214858\" decoding=\"async\" width=\"152\" height=\"217\" class=\"thumbimage\" data-image-name=\"Roger Lloyd Pack as Barty Crouch Snr (GoF-promo-02).jpg\" data-image-key=\"Roger_Lloyd_Pack_as_Barty_Crouch_Snr_(GoF-promo-02).jpg\" /></a> \t \t<figcaption class=\"thumbcaption\"> \t\t \t\t\t<a href=\"/wiki/File:Roger_Lloyd_Pack_as_Barty_Crouch_Snr_(GoF-promo-02).jpg\" class=\"info-icon\"><svg><use xlink:href=\"#wds-icons-info-small\"></use></svg></a> \t\t \t\t \t\t \t\t\t<p class=\"caption\"><a href=\"/wiki/Bartemius_Crouch_Senior\" title=\"Bartemius Crouch Senior\">Bartemius Crouch Senior</a>, her husband</p> \t\t \t</figcaption> </figure>\n<p>Mrs Crouch's husband, <a href=\"/wiki/Bartemius_Crouch_Senior\" title=\"Bartemius Crouch Senior\">Barty Crouch Snr</a>, was very neglectful of his family life due to his devotion in the <a href=\"/wiki/British_Ministry_of_Magic\" title=\"British Ministry of Magic\">Ministry of Magic</a>'s eradication of the <a href=\"/wiki/Dark_Arts\" title=\"Dark Arts\">Dark Forces</a> such as the <a href=\"/wiki/Death_Eaters\" title=\"Death Eaters\">Death Eaters</a>.<sup id=\"cite_ref-GOF27_4-2\" class=\"reference\"><a href=\"#cite_note-GOF27-4\">&#91;4&#93;</a></sup> She was crushed when he dismissed their only son and sentenced him to Azkaban for life.<sup id=\"cite_ref-GOF30_5-3\" class=\"reference\"><a href=\"#cite_note-GOF30-5\">&#91;5&#93;</a></sup> However, they clearly loved each other deeply, no matter how the public views Mr Crouch's ruthlessness, as he agreed to his wife's dying wish to save their son in exchange for the last few weeks of her terminally-ill life. As Barty could not retrieve his wife's corpse without fearing exposure of the jailbreak, he had to stage her death and hold a quiet, private funeral for her with an empty grave. Barty would be persuaded to let his son attend the Quidditch World Cup when his wife's wishes were brought up by Winky, showing he still love her despite thirteen years have passed.<sup id=\"cite_ref-GOF35_6-5\" class=\"reference\"><a href=\"#cite_note-GOF35-6\">&#91;6&#93;</a></sup>\n</p><p>During his <a href=\"/wiki/Insanity\" title=\"Insanity\">delusive state</a> from barely escaping <a href=\"/wiki/Tom_Riddle\" title=\"Tom Riddle\">Lord Voldemort's</a> <a href=\"/wiki/Imperius_Curse\" title=\"Imperius Curse\">Imperius Curse</a>, Barty was muttering to a tree, talking as though his wife is still alive.<sup id=\"cite_ref-7\" class=\"reference\"><a href=\"#cite_note-7\">&#91;7&#93;</a></sup>\n</p>\n<h3><span class=\"mw-headline\" id=\"Barty_Crouch_Jnr\">Barty Crouch Jnr</span><span class=\"mw-editsection\"><span class=\"mw-editsection-bracket\">[</span><a href=\"/wiki/Bartemius_Crouch_Junior%27s_mother?veaction=edit&amp;section=10\" class=\"mw-editsection-visualeditor\" title=\"Edit section: Barty Crouch Jnr\">edit</a><span class=\"mw-editsection-divider\"> | </span><a href=\"/wiki/Bartemius_Crouch_Junior%27s_mother?action=edit&amp;section=10\" title=\"Edit section: Barty Crouch Jnr\"><svg class=\"wds-icon wds-icon-tiny section-edit-pencil-icon\"><use xlink:href=\"#wds-icons-pencil-tiny\"></use></svg>edit source</a><span class=\"mw-editsection-bracket\">]</span></span></h3>\n<div class=\"quote\">\n<dl><dd><span title=\"Source:&#160;Harry Potter and the Goblet of Fire\">\"<i>She said my mother would have wanted it. She told my father that my mother had died to give me freedom. She had not saved me for a life of imprisonment.</i>\"</span></dd>\n<dd>&#8212;Barty Jnr reiterating what Winky claimed Mrs Crouch would have wanted<sup class=\"noprint\"><a href=\"/wiki/Harry_Potter_and_the_Goblet_of_Fire\" title=\"Harry Potter and the Goblet of Fire\">[src]</a></sup></dd>\n<dd></dd></dl></div><p>Mrs Crouch loved her only son, <a href=\"/wiki/Bartemius_Crouch_Junior\" title=\"Bartemius Crouch Junior\">Barty Crouch Jnr</a>, very much. She was sobbing uncontrollably when he was convicted of a crime, and collapsed in shock and grief when her husband sentenced their child to life in prison.<sup id=\"cite_ref-GOF30_5-4\" class=\"reference\"><a href=\"#cite_note-GOF30-5\">&#91;5&#93;</a></sup> Mrs Crouch's love was what led to her health to deteriorate, and made her sacrifice her own life to rescue her son, while hoping that he would be able to live a second chance of freedom and a new leaf. She died bearing his appearance and name.<sup id=\"cite_ref-GOF35_6-6\" class=\"reference\"><a href=\"#cite_note-GOF35-6\">&#91;6&#93;</a></sup>\n</p><p>Originally, Barty Jnr seemed to have loved his mother in return, as he was crying for her help during his sentencing,<sup id=\"cite_ref-GOF30_5-5\" class=\"reference\"><a href=\"#cite_note-GOF30-5\">&#91;5&#93;</a></sup> and was screaming for her for the first week in his cell.<sup id=\"cite_ref-GOF35_6-7\" class=\"reference\"><a href=\"#cite_note-GOF35-6\">&#91;6&#93;</a></sup> However, as time passed, with the combination of the <a href=\"/wiki/Dementor\" title=\"Dementor\">Dementors</a>' negative effects and his father's cruel and ruthless disinheriting, this caused Crouch Jnr to suffer a severe mental decline, changing him into an insane and psychopathic murderer who was fanatically loyal to Lord Voldemort, thus blinding him from those who truly loved him, namely his mother and the house-elf Winky. This renewed hatred led Barty to forget his mother and commit more crimes, such as patricide and reentering Voldemort's services, and then receiving the worse-than-<a href=\"/wiki/Death\" title=\"Death\">death</a> <a href=\"/wiki/Dementor%27s_Kiss\" title=\"Dementor&#39;s Kiss\">Dementor's Kiss</a>. Conclusively, Mrs Crouch's love, sacrifices and good intentions were tragically wasted.\n</p>\n<h2><span class=\"mw-headline\" id=\"Behind_the_scenes\">Behind the scenes</span><span class=\"mw-editsection\"><span class=\"mw-editsection-bracket\">[</span><a href=\"/wiki/Bartemius_Crouch_Junior%27s_mother?veaction=edit&amp;section=11\" class=\"mw-editsection-visualeditor\" title=\"Edit section: Behind the scenes\">edit</a><span class=\"mw-editsection-divider\"> | </span><a href=\"/wiki/Bartemius_Crouch_Junior%27s_mother?action=edit&amp;section=11\" title=\"Edit section: Behind the scenes\"><svg class=\"wds-icon wds-icon-tiny section-edit-pencil-icon\"><use xlink:href=\"#wds-icons-pencil-tiny\"></use></svg>edit source</a><span class=\"mw-editsection-bracket\">]</span></span></h2>\n<ul><li>Mrs Crouch and the role she played in her son's escape from <a href=\"/wiki/Azkaban\" title=\"Azkaban\">Azkaban</a> was omitted from the <a href=\"/wiki/Harry_Potter_and_the_Goblet_of_Fire_(film)\" title=\"Harry Potter and the Goblet of Fire (film)\">film adaptation</a> of <i><a href=\"/wiki/Harry_Potter_and_the_Goblet_of_Fire\" title=\"Harry Potter and the Goblet of Fire\">Harry Potter and the Goblet of Fire</a></i>.</li></ul>\n<h2><span class=\"mw-headline\" id=\"Appearances\">Appearances</span><span class=\"mw-editsection\"><span class=\"mw-editsection-bracket\">[</span><a href=\"/wiki/Bartemius_Crouch_Junior%27s_mother?veaction=edit&amp;section=12\" class=\"mw-editsection-visualeditor\" title=\"Edit section: Appearances\">edit</a><span class=\"mw-editsection-divider\"> | </span><a href=\"/wiki/Bartemius_Crouch_Junior%27s_mother?action=edit&amp;section=12\" title=\"Edit section: Appearances\"><svg class=\"wds-icon wds-icon-tiny section-edit-pencil-icon\"><use xlink:href=\"#wds-icons-pencil-tiny\"></use></svg>edit source</a><span class=\"mw-editsection-bracket\">]</span></span></h2>\n<ul><li><i><a href=\"/wiki/Harry_Potter_and_the_Goblet_of_Fire\" title=\"Harry Potter and the Goblet of Fire\">Harry Potter and the Goblet of Fire</a></i> <small>(First appearance)</small> <small>(Appears in flashback(s))</small></li>\n<li><i><a href=\"/wiki/Pottermore\" title=\"Pottermore\">Pottermore</a></i> <small>(Appears in flashback(s))</small></li>\n<li><i><a href=\"/wiki/Wizarding_World_(website)\" title=\"Wizarding World (website)\">Wizarding World</a></i> <small>(Appears in flashback(s))</small></li></ul>\n<h2><span class=\"mw-headline\" id=\"Notes_and_references\">Notes and references</span><span class=\"mw-editsection\"><span class=\"mw-editsection-bracket\">[</span><a href=\"/wiki/Bartemius_Crouch_Junior%27s_mother?veaction=edit&amp;section=13\" class=\"mw-editsection-visualeditor\" title=\"Edit section: Notes and references\">edit</a><span class=\"mw-editsection-divider\"> | </span><a href=\"/wiki/Bartemius_Crouch_Junior%27s_mother?action=edit&amp;section=13\" title=\"Edit section: Notes and references\"><svg class=\"wds-icon wds-icon-tiny section-edit-pencil-icon\"><use xlink:href=\"#wds-icons-pencil-tiny\"></use></svg>edit source</a><span class=\"mw-editsection-bracket\">]</span></span></h2>\n<div class=\"references-small\">\n<div class=\"mw-references-wrap\"><ol class=\"references\">\n<li id=\"cite_note-1\"><span class=\"mw-cite-backlink\"><a href=\"#cite_ref-1\">\u2191</a></span> <span class=\"reference-text\">She is referred to as \"Mrs Crouch\" meaning that she and Bartemius Crouch Snr were married. Presumably, she had, at least, graduated from Hogwarts at the time. Adding on a nine month (assumed) pregnancy places her around eighteen at the birth of her son - assuming she married right out of Hogwarts.</span>\n</li>\n<li id=\"cite_note-DOD-2\"><span class=\"mw-cite-backlink\">\u2191 <sup><a href=\"#cite_ref-DOD_2-0\">2.0</a></sup> <sup><a href=\"#cite_ref-DOD_2-1\">2.1</a></sup></span> <span class=\"reference-text\"><b><a href=\"/wiki/Bartemius_Crouch_Junior\" title=\"Bartemius Crouch Junior\">Barty Crouch Jnr</a></b>: My mother died a short while afterward in Azkaban. She was careful to drink Polyjuice Potion until the end. She was buried under my name and bearing my appearance. (<i><a href=\"/wiki/Harry_Potter_and_the_Goblet_of_Fire\" title=\"Harry Potter and the Goblet of Fire\">Harry Potter and the Goblet of Fire</a></i>, Chapter 35 (<i>Veritaserum</i>))</span>\n</li>\n<li id=\"cite_note-Blood-3\"><span class=\"mw-cite-backlink\">\u2191 <sup><a href=\"#cite_ref-Blood_3-0\">3.0</a></sup> <sup><a href=\"#cite_ref-Blood_3-1\">3.1</a></sup></span> <span class=\"reference-text\"><i><a href=\"/wiki/Harry_Potter_and_the_Goblet_of_Fire\" title=\"Harry Potter and the Goblet of Fire\">Harry Potter and the Goblet of Fire</a></i>, Chapter 36 (<i>The Parting of the Ways</i>) - \"Your dementor has just destroyed the last remaining member of a pure-blood family as old as any \u2014\" The Crouch family was a pure-blood family, listed in the Sacred Twenty-Eight directory, so its members would need to have been pure-blood or half-blood, like the Malfoys. (see <a target=\"_blank\" rel=\"noreferrer noopener\" class=\"external text\" href=\"http://www.wizardingworld.com/writing-by-jk-rowling/the-malfoy-family\">Writing by J.K. Rowling: \"The Malfoy Family\"</a> at <i><a href=\"/wiki/Wizarding_World_(website)\" title=\"Wizarding World (website)\">Wizarding World</a></i>)</span>\n</li>\n<li id=\"cite_note-GOF27-4\"><span class=\"mw-cite-backlink\">\u2191 <sup><a href=\"#cite_ref-GOF27_4-0\">4.0</a></sup> <sup><a href=\"#cite_ref-GOF27_4-1\">4.1</a></sup> <sup><a href=\"#cite_ref-GOF27_4-2\">4.2</a></sup></span> <span class=\"reference-text\"><i><a href=\"/wiki/Harry_Potter_and_the_Goblet_of_Fire\" title=\"Harry Potter and the Goblet of Fire\">Harry Potter and the Goblet of Fire</a></i>, Chapter 27 (<i>Padfoot Returns</i>)</span>\n</li>\n<li id=\"cite_note-GOF30-5\"><span class=\"mw-cite-backlink\">\u2191 <sup><a href=\"#cite_ref-GOF30_5-0\">5.0</a></sup> <sup><a href=\"#cite_ref-GOF30_5-1\">5.1</a></sup> <sup><a href=\"#cite_ref-GOF30_5-2\">5.2</a></sup> <sup><a href=\"#cite_ref-GOF30_5-3\">5.3</a></sup> <sup><a href=\"#cite_ref-GOF30_5-4\">5.4</a></sup> <sup><a href=\"#cite_ref-GOF30_5-5\">5.5</a></sup></span> <span class=\"reference-text\"><i><a href=\"/wiki/Harry_Potter_and_the_Goblet_of_Fire\" title=\"Harry Potter and the Goblet of Fire\">Harry Potter and the Goblet of Fire</a></i>, Chapter 30 (<i>The Pensieve</i>)</span>\n</li>\n<li id=\"cite_note-GOF35-6\"><span class=\"mw-cite-backlink\">\u2191 <sup><a href=\"#cite_ref-GOF35_6-0\">6.0</a></sup> <sup><a href=\"#cite_ref-GOF35_6-1\">6.1</a></sup> <sup><a href=\"#cite_ref-GOF35_6-2\">6.2</a></sup> <sup><a href=\"#cite_ref-GOF35_6-3\">6.3</a></sup> <sup><a href=\"#cite_ref-GOF35_6-4\">6.4</a></sup> <sup><a href=\"#cite_ref-GOF35_6-5\">6.5</a></sup> <sup><a href=\"#cite_ref-GOF35_6-6\">6.6</a></sup> <sup><a href=\"#cite_ref-GOF35_6-7\">6.7</a></sup></span> <span class=\"reference-text\"><i><a href=\"/wiki/Harry_Potter_and_the_Goblet_of_Fire\" title=\"Harry Potter and the Goblet of Fire\">Harry Potter and the Goblet of Fire</a></i>, Chapter 35 (<i>Veritaserum</i>)</span>\n</li>\n<li id=\"cite_note-7\"><span class=\"mw-cite-backlink\"><a href=\"#cite_ref-7\">\u2191</a></span> <span class=\"reference-text\"><i><a href=\"/wiki/Harry_Potter_and_the_Goblet_of_Fire\" title=\"Harry Potter and the Goblet of Fire\">Harry Potter and the Goblet of Fire</a></i>, Chapter 28 (<i>The Madness of Mr Crouch</i>)</span>\n</li>\n</ol></div></div></div>"}]}}}}