{"batchcomplete": "", "warnings": {"main": {"*": "Subscribe to the mediawiki-api-announce mailing list at <https://lists.wikimedia.org/mailman/listinfo/mediawiki-api-announce> for notice of API deprecations and breaking changes."}, "revisions": {"*": "The parameter \"rvparse\" has been deprecated.\nBecause \"rvslots\" was not specified, a legacy format has been used for the output. This format is deprecated, and in the future the new format will always be used."}}, "query": {"pages": {"9793": {"pageid": 9793, "ns": 0, "title": "Baruffio", "revisions": [{"*": "<div class=\"mw-parser-output\"><table class=\"notice metadata\" cellpadding=\"3px\" style=\"text-align: center; background: snow; border: #a00 1px solid; margin: 1em 10% 1em 10%;\">\n\n<tbody><tr>\n<td><a href=\"https://static.wikia.nocookie.net/harrypotter/images/4/49/Art.jpg/revision/latest?cb=20180611012530\" class=\"image\"><img alt=\"Art.jpg\" src=\"https://static.wikia.nocookie.net/harrypotter/images/4/49/Art.jpg/revision/latest/scale-to-width-down/80?cb=20180611012530\" decoding=\"async\" width=\"80\" height=\"111\" data-image-name=\"Art.jpg\" data-image-key=\"Art.jpg\" /></a>\n</td>\n<td><i><b>\"I mistranslated 'ehwaz'! It means 'partnership', not 'defence'. I mixed it up with 'eihwaz'.\"</b></i>\n<p>At least some content in this article is derived from information present only in official translations of <a href=\"/wiki/Harry_Potter_series\" title=\"Harry Potter series\"><i>Harry Potter</i> media</a> to other languages. As such, the contents of the article may or may not be considered canonical, depending on how well they overlap with <a href=\"/wiki/Harry_Potter_Wiki:Canon\" title=\"Harry Potter Wiki:Canon\">established canon</a>.\n</p>\n</td></tr></tbody></table>\n<p>\n<aside role=\"region\" class=\"portable-infobox pi-background pi-theme-wizard pi-layout-default\"><section class=\"pi-item pi-group pi-border-color\">\n\t\n<h2 class=\"pi-item pi-item-spacing pi-title\" data-source=\"name\">Baruffio</h2>\n\n</section>\n<section class=\"pi-item pi-group pi-border-color\">\n\t<h2 class=\"pi-item pi-header pi-secondary-font pi-item-spacing pi-secondary-background\">Biographical information</h2>\n\n<div class=\"pi-item pi-data pi-item-spacing pi-border-color\" data-source=\"marital\">\n\t\n\t\t<h3 class=\"pi-data-label pi-secondary-font\">Marital status</h3>\n\t\n\t<div class=\"pi-data-value pi-font\">Married</div>\n</div>\n\n<div class=\"pi-item pi-data pi-item-spacing pi-border-color\" data-source=\"title\">\n\t\n\t\t<h3 class=\"pi-data-label pi-secondary-font\">Title(s)</h3>\n\t\n\t<div class=\"pi-data-value pi-font\"><a href=\"/wiki/Wizardkind\" title=\"Wizardkind\">Wizard</a></div>\n</div>\n\n</section>\n<section class=\"pi-item pi-group pi-border-color\">\n\t<h2 class=\"pi-item pi-header pi-secondary-font pi-item-spacing pi-secondary-background\">Physical information</h2>\n\n<div class=\"pi-item pi-data pi-item-spacing pi-border-color\" data-source=\"species\">\n\t\n\t\t<h3 class=\"pi-data-label pi-secondary-font\">Species</h3>\n\t\n\t<div class=\"pi-data-value pi-font\"><a href=\"/wiki/Human\" title=\"Human\">Human</a></div>\n</div>\n\n<div class=\"pi-item pi-data pi-item-spacing pi-border-color\" data-source=\"gender\">\n\t\n\t\t<h3 class=\"pi-data-label pi-secondary-font\">Gender</h3>\n\t\n\t<div class=\"pi-data-value pi-font\">Male</div>\n</div>\n\n</section>\n<section class=\"pi-item pi-group pi-border-color\">\n\t<h2 class=\"pi-item pi-header pi-secondary-font pi-item-spacing pi-secondary-background\">Relationship information</h2>\n\n<div class=\"pi-item pi-data pi-item-spacing pi-border-color\" data-source=\"family\">\n\t\n\t\t<h3 class=\"pi-data-label pi-secondary-font\">Family members</h3>\n\t\n\t<div class=\"pi-data-value pi-font\"><a href=\"/wiki/Baruffio%27s_wife\" title=\"Baruffio&#039;s wife\">Wife</a></div>\n</div>\n\n</section>\n<nav class=\"pi-navigation pi-item-spacing pi-secondary-background pi-secondary-font\"><small><a href=\"/wiki/Template:Individual_infobox\" title=\"Template:Individual infobox\">[Source]</a><span class=\"hidable-button\"></span></small></nav>\n</aside>\n\n</p>\n<div class=\"quote\">\n<dl><dd><span title=\"Source:&#160;Harry Potter and the Philosopher&#39;s Stone\">\"<i>Swish and flick, remember, swish and flick. And saying the magic words properly is very important, too \u2014 never forget Wizard Baruffio, who said 's' instead of 'f' and found himself on the floor with a buffalo on his chest.</i>\"</span></dd>\n<dd>&#8212;<a href=\"/wiki/Filius_Flitwick\" title=\"Filius Flitwick\">Filius Flitwick</a> on the importance of <a href=\"/wiki/Incantation\" title=\"Incantation\">incanting</a> correctly<sup class=\"noprint\"><a href=\"/wiki/Harry_Potter_and_the_Philosopher%27s_Stone\" title=\"Harry Potter and the Philosopher&#39;s Stone\">[src]</a></sup></dd>\n<dd></dd></dl></div>\n<p><b>Wizard</b><sup id=\"cite_ref-PS10_1-0\" class=\"reference\"><a href=\"#cite_note-PS10-1\">&#91;1&#93;</a></sup><sup id=\"cite_ref-2\" class=\"reference\"><a href=\"#cite_note-2\">&#91;2&#93;</a></sup><b> Baruffio</b> was a <a href=\"/wiki/Wizardkind\" title=\"Wizardkind\">wizard</a> with a speech impediment.<sup id=\"cite_ref-PS10french_3-0\" class=\"reference\"><a href=\"#cite_note-PS10french-3\">&#91;3&#93;</a></sup> On account of his condition, he did not seem to have been able to perform particularly satisfactory magic, as he would mispronounce the <a href=\"/wiki/Incantation\" title=\"Incantation\">incantations</a>: once he said 's' instead of 'f' and conjured a <a href=\"/wiki/Buffalo\" title=\"Buffalo\">buffalo</a> on top of him,<sup id=\"cite_ref-PS10_1-1\" class=\"reference\"><a href=\"#cite_note-PS10-1\">&#91;1&#93;</a></sup>\nBaruffio presumably lent his name to <a href=\"/wiki/Baruffio%27s_Brain_Elixir\" title=\"Baruffio&#39;s Brain Elixir\">Baruffio's Brain Elixir</a>, a brain stimulant.<sup id=\"cite_ref-OP31_4-0\" class=\"reference\"><a href=\"#cite_note-OP31-4\">&#91;4&#93;</a></sup>\n</p>\n<h2><span class=\"mw-headline\" id=\"Behind_the_scenes\">Behind the scenes</span><span class=\"mw-editsection\"><span class=\"mw-editsection-bracket\">[</span><a href=\"/wiki/Baruffio?veaction=edit&amp;section=1\" class=\"mw-editsection-visualeditor\" title=\"Edit section: Behind the scenes\">edit</a><span class=\"mw-editsection-divider\"> | </span><a href=\"/wiki/Baruffio?action=edit&amp;section=1\" title=\"Edit section: Behind the scenes\"><svg class=\"wds-icon wds-icon-tiny section-edit-pencil-icon\"><use xlink:href=\"#wds-icons-pencil-tiny\"></use></svg>edit source</a><span class=\"mw-editsection-bracket\">]</span></span></h2>\n<ul><li>Despite the fact that Flitwick mentions Baruffio's incident while teaching Harry and the other first year students <i><a href=\"/wiki/Levitation_Charm\" title=\"Levitation Charm\">Wingardium Leviosa</a></i>, this could not have been the spell to which he was referring as there is no \"f\" in the Levitation Charm's incantation.</li>\n<li>However, <a href=\"/wiki/Filius_Flitwick\" title=\"Filius Flitwick\">he</a> was probably mentioning a line in the introduction of <i><a href=\"/wiki/The_Standard_Book_of_Spells,_Grade_1\" title=\"The Standard Book of Spells, Grade 1\">The Standard Book of Spells, Grade 1</a></i> which mentions Baruffio.</li>\n<li>On the French translation of <i><a href=\"/wiki/Harry_Potter_and_the_Philosopher%27s_Stone\" title=\"Harry Potter and the Philosopher&#39;s Stone\">Harry Potter and the Philosopher's Stone</a></i> Baruffio's incident with a buffalo is slightly different. It introduces another character: Baruffio's wife. Quoting from the French translation: \"<i>N'oubliez jamais le sorcier Baruffio qui avait un d\u00e9faut de prononciation et dont la femme s'est retrouv\u00e9e avec un bison sur les \u00e9paules au lieu d'un vison</i>\". (Loosely translated: \"<i>Remember wizard Baruffio who had a speech impediment and whose wife was left with a buffalo on her shoulders instead of a mink</i>\".). The translator, <a href=\"/wiki/Jean-Fran%C3%A7ois_M%C3%A9nard\" title=\"Jean-Fran\u00e7ois M\u00e9nard\">Jean-Fran\u00e7ois M\u00e9nard</a>, plays with the alliteration \"<i>bison</i>\"/\"<i>vison</i>\" (\"buffalo\"/\"mink\"). As it is usually women who wear furs, the introduction of a female character was necessary.</li></ul>\n<h2><span class=\"mw-headline\" id=\"Appearances\">Appearances</span><span class=\"mw-editsection\"><span class=\"mw-editsection-bracket\">[</span><a href=\"/wiki/Baruffio?veaction=edit&amp;section=2\" class=\"mw-editsection-visualeditor\" title=\"Edit section: Appearances\">edit</a><span class=\"mw-editsection-divider\"> | </span><a href=\"/wiki/Baruffio?action=edit&amp;section=2\" title=\"Edit section: Appearances\"><svg class=\"wds-icon wds-icon-tiny section-edit-pencil-icon\"><use xlink:href=\"#wds-icons-pencil-tiny\"></use></svg>edit source</a><span class=\"mw-editsection-bracket\">]</span></span></h2>\n<ul><li><i><a href=\"/wiki/Harry_Potter_and_the_Philosopher%27s_Stone\" title=\"Harry Potter and the Philosopher&#39;s Stone\">Harry Potter and the Philosopher's Stone</a></i> <small>(First mentioned)</small></li>\n<li><i><a href=\"/wiki/Harry_Potter_and_the_Order_of_the_Phoenix\" title=\"Harry Potter and the Order of the Phoenix\">Harry Potter and the Order of the Phoenix</a></i> <small>(Mentioned only)</small></li></ul>\n<h2><span class=\"mw-headline\" id=\"Notes_and_references\">Notes and references</span><span class=\"mw-editsection\"><span class=\"mw-editsection-bracket\">[</span><a href=\"/wiki/Baruffio?veaction=edit&amp;section=3\" class=\"mw-editsection-visualeditor\" title=\"Edit section: Notes and references\">edit</a><span class=\"mw-editsection-divider\"> | </span><a href=\"/wiki/Baruffio?action=edit&amp;section=3\" title=\"Edit section: Notes and references\"><svg class=\"wds-icon wds-icon-tiny section-edit-pencil-icon\"><use xlink:href=\"#wds-icons-pencil-tiny\"></use></svg>edit source</a><span class=\"mw-editsection-bracket\">]</span></span></h2>\n<div class=\"references-small\">\n<div class=\"mw-references-wrap\"><ol class=\"references\">\n<li id=\"cite_note-PS10-1\"><span class=\"mw-cite-backlink\">\u2191 <sup><a href=\"#cite_ref-PS10_1-0\">1.0</a></sup> <sup><a href=\"#cite_ref-PS10_1-1\">1.1</a></sup></span> <span class=\"reference-text\"><i><a href=\"/wiki/Harry_Potter_and_the_Philosopher%27s_Stone\" title=\"Harry Potter and the Philosopher&#39;s Stone\">Harry Potter and the Philosopher's Stone</a></i>, Chapter 10 (<i>Hallowe'en</i>)</span>\n</li>\n<li id=\"cite_note-2\"><span class=\"mw-cite-backlink\"><a href=\"#cite_ref-2\">\u2191</a></span> <span class=\"reference-text\"> <i><a href=\"/wiki/Pottermore\" title=\"Pottermore\">Pottermore</a></i></span>\n</li>\n<li id=\"cite_note-PS10french-3\"><span class=\"mw-cite-backlink\"><a href=\"#cite_ref-PS10french_3-0\">\u2191</a></span> <span class=\"reference-text\"><i><a href=\"/wiki/Harry_Potter_and_the_Philosopher%27s_Stone\" title=\"Harry Potter and the Philosopher&#39;s Stone\">Harry Potter and the Philosopher's Stone</a></i>, Chapter 10 (<i>Hallowe'en</i>); French translation</span>\n</li>\n<li id=\"cite_note-OP31-4\"><span class=\"mw-cite-backlink\"><a href=\"#cite_ref-OP31_4-0\">\u2191</a></span> <span class=\"reference-text\"><i><a href=\"/wiki/Harry_Potter_and_the_Order_of_the_Phoenix\" title=\"Harry Potter and the Order of the Phoenix\">Harry Potter and the Order of the Phoenix</a></i>, Chapter 31 (<i>O.W.L.s</i>)</span>\n</li>\n</ol></div></div></div>"}]}}}}