{"batchcomplete": "", "warnings": {"main": {"*": "Subscribe to the mediawiki-api-announce mailing list at <https://lists.wikimedia.org/mailman/listinfo/mediawiki-api-announce> for notice of API deprecations and breaking changes."}, "revisions": {"*": "The parameter \"rvparse\" has been deprecated.\nBecause \"rvslots\" was not specified, a legacy format has been used for the output. This format is deprecated, and in the future the new format will always be used."}}, "query": {"normalized": [{"from": "Baruffio's_wife", "to": "Baruffio's wife"}], "pages": {"62537": {"pageid": 62537, "ns": 0, "title": "Baruffio's wife", "revisions": [{"*": "<div class=\"mw-parser-output\"><table class=\"notice metadata\" cellpadding=\"3px\" style=\"text-align: center; background: snow; border: #a00 1px solid; margin: 1em 10% 1em 10%;\">\n\n<tbody><tr>\n<td><a href=\"https://static.wikia.nocookie.net/harrypotter/images/4/49/Art.jpg/revision/latest?cb=20180611012530\" class=\"image\"><img alt=\"Art.jpg\" src=\"https://static.wikia.nocookie.net/harrypotter/images/4/49/Art.jpg/revision/latest/scale-to-width-down/80?cb=20180611012530\" decoding=\"async\" width=\"80\" height=\"111\" data-image-name=\"Art.jpg\" data-image-key=\"Art.jpg\" /></a>\n</td>\n<td><i><b>\"I mistranslated 'ehwaz'! It means 'partnership', not 'defence'. I mixed it up with 'eihwaz'.\"</b></i>\n<p>At least some content in this article is derived from information present only in official translations of <a href=\"/wiki/Harry_Potter_series\" title=\"Harry Potter series\"><i>Harry Potter</i> media</a> to other languages. As such, the contents of the article may or may not be considered canonical, depending on how well they overlap with <a href=\"/wiki/Harry_Potter_Wiki:Canon\" title=\"Harry Potter Wiki:Canon\">established canon</a>.\n</p>\n</td></tr></tbody></table>\n<table class=\"notice metadata\" cellpadding=\"3px\" style=\"text-align: center; background: snow; border: #a00 1px solid; margin: 1em 10% 1em 10%;\">\n\n<tbody><tr>\n<td><a href=\"https://static.wikia.nocookie.net/harrypotter/images/1/11/Hermione_Granger_%28HBP_promo%29_5.jpg/revision/latest?cb=20090817203540\" class=\"image\"><img alt=\"Hermione Granger (HBP promo) 5.jpg\" src=\"https://static.wikia.nocookie.net/harrypotter/images/1/11/Hermione_Granger_%28HBP_promo%29_5.jpg/revision/latest/scale-to-width-down/60?cb=20090817203540\" decoding=\"async\" width=\"60\" height=\"80\" data-image-name=\"Hermione Granger (HBP promo) 5.jpg\" data-image-key=\"Hermione_Granger_(HBP_promo)_5.jpg\" /></a>\n</td>\n<td><i><b>\"Are you a wizard or not?\"</b></i>\n<p>The title of this article is conjectural.  Although it is based on <a href=\"/wiki/Canon\" title=\"Canon\">canonical information</a>, the actual name is a conjecture and may be supplanted at any time by additional information released from canonical sources.  If this occurs, please move this page to the appropriate title.\n</p>\n</td></tr></tbody></table>\n<p>\n<aside role=\"region\" class=\"portable-infobox pi-background pi-theme-individual pi-layout-default\"><section class=\"pi-item pi-group pi-border-color\">\n\t\n<h2 class=\"pi-item pi-item-spacing pi-title\" data-source=\"name\">Baruffio's wife</h2>\n\n</section>\n<section class=\"pi-item pi-group pi-border-color\">\n\t<h2 class=\"pi-item pi-header pi-secondary-font pi-item-spacing pi-secondary-background\">Biographical information</h2>\n\n<div class=\"pi-item pi-data pi-item-spacing pi-border-color\" data-source=\"marital\">\n\t\n\t\t<h3 class=\"pi-data-label pi-secondary-font\">Marital status</h3>\n\t\n\t<div class=\"pi-data-value pi-font\">Married</div>\n</div>\n\n</section>\n<section class=\"pi-item pi-group pi-border-color\">\n\t<h2 class=\"pi-item pi-header pi-secondary-font pi-item-spacing pi-secondary-background\">Physical information</h2>\n\n<div class=\"pi-item pi-data pi-item-spacing pi-border-color\" data-source=\"species\">\n\t\n\t\t<h3 class=\"pi-data-label pi-secondary-font\">Species</h3>\n\t\n\t<div class=\"pi-data-value pi-font\"><a href=\"/wiki/Human\" title=\"Human\">Human</a></div>\n</div>\n\n<div class=\"pi-item pi-data pi-item-spacing pi-border-color\" data-source=\"gender\">\n\t\n\t\t<h3 class=\"pi-data-label pi-secondary-font\">Gender</h3>\n\t\n\t<div class=\"pi-data-value pi-font\">Female</div>\n</div>\n\n</section>\n<section class=\"pi-item pi-group pi-border-color\">\n\t<h2 class=\"pi-item pi-header pi-secondary-font pi-item-spacing pi-secondary-background\">Relationship information</h2>\n\n<div class=\"pi-item pi-data pi-item-spacing pi-border-color\" data-source=\"family\">\n\t\n\t\t<h3 class=\"pi-data-label pi-secondary-font\">Family members</h3>\n\t\n\t<div class=\"pi-data-value pi-font\"><a href=\"/wiki/Baruffio\" title=\"Baruffio\">Baruffio</a> (husband)</div>\n</div>\n\n</section>\n<nav class=\"pi-navigation pi-item-spacing pi-secondary-background pi-secondary-font\"><small><a href=\"/wiki/Template:Individual_infobox\" title=\"Template:Individual infobox\">[Source]</a><span class=\"hidable-button\"></span></small></nav>\n</aside>\n\n</p><p>This <b>individual</b> was the wife of <a href=\"/wiki/Wizardkind\" title=\"Wizardkind\">wizard</a> <a href=\"/wiki/Baruffio\" title=\"Baruffio\">Baruffio</a>. Once, while trying to <a href=\"/wiki/Conjuration\" title=\"Conjuration\">conjure</a> furs for his wife, Baruffio mispronounced the spell, leaving her with a <a href=\"/wiki/Buffalo\" title=\"Buffalo\">buffalo</a> on her shoulders.<sup id=\"cite_ref-1\" class=\"reference\"><a href=\"#cite_note-1\">&#91;1&#93;</a></sup>\n</p>\n<h2><span class=\"mw-headline\" id=\"Behind_the_scenes\">Behind the scenes</span><span class=\"mw-editsection\"><span class=\"mw-editsection-bracket\">[</span><a href=\"/wiki/Baruffio%27s_wife?veaction=edit&amp;section=1\" class=\"mw-editsection-visualeditor\" title=\"Edit section: Behind the scenes\">edit</a><span class=\"mw-editsection-divider\"> | </span><a href=\"/wiki/Baruffio%27s_wife?action=edit&amp;section=1\" title=\"Edit section: Behind the scenes\"><svg class=\"wds-icon wds-icon-tiny section-edit-pencil-icon\"><use xlink:href=\"#wds-icons-pencil-tiny\"></use></svg>edit source</a><span class=\"mw-editsection-bracket\">]</span></span></h2>\n<div class=\"quote\">\n<dl><dd><span title=\"Source:&#160;Harry Potter and the Philosopher&#39;s Stone\">\"<i>N'oubliez jamais le sorcier Baruffio qui avait un d\u00e9faut de prononciation et dont la femme s'est retrouv\u00e9e avec un bison sur les \u00e9paules au lieu d'un vison.</i>\"</span></dd>\n<dd>&#8212;<a href=\"/wiki/Filius_Flitwick\" title=\"Filius Flitwick\">Filius Flitwick</a>.<sup class=\"noprint\"><a href=\"/wiki/Harry_Potter_and_the_Philosopher%27s_Stone\" title=\"Harry Potter and the Philosopher&#39;s Stone\">[src]</a></sup></dd>\n<dd></dd></dl></div>\n<ul><li>In the original English version of <i><a href=\"/wiki/Harry_Potter_and_the_Philosopher%27s_Stone\" title=\"Harry Potter and the Philosopher&#39;s Stone\">Harry Potter and the Philosopher's Stone</a></i>, Baruffio mispronounces \"s\" instead of \"f\" and ends up with a buffalo on his chest. On the French translation, Baruffio's incident is slightly different. It introduces another character: Baruffio's wife. Quoting from the French translation: \"<i>N'oubliez jamais le sorcier Baruffio qui avait un d\u00e9faut de prononciation et dont la femme s'est retrouv\u00e9e avec un bison sur les \u00e9paules au lieu d'un vison</i>\". (Loosely translated: \"<i>Remember wizard Baruffio who had a speech impediment and whose wife was left with a buffalo on her shoulders instead of a mink</i>\".). The translator, <a href=\"/wiki/Jean-Fran%C3%A7ois_M%C3%A9nard\" title=\"Jean-Fran\u00e7ois M\u00e9nard\">Jean-Fran\u00e7ois M\u00e9nard</a>, plays with the alliteration \"<i>bison</i>\"/\"<i>vison</i>\" (\"buffalo\"/\"mink\"). As it is usually women who wear furs, the introduction of a female character was necessary. This change in translation is maintained on the French language version of  <i><a href=\"/wiki/Pottermore\" title=\"Pottermore\">Pottermore</a></i> when Baruffio is mentioned in the entry for <i><a href=\"/wiki/The_Standard_Book_of_Spells,_Grade_1\" title=\"The Standard Book of Spells, Grade 1\">The Standard Book of Spells, Grade 1</a></i>.</li></ul>\n<h2><span class=\"mw-headline\" id=\"Appearances\">Appearances</span><span class=\"mw-editsection\"><span class=\"mw-editsection-bracket\">[</span><a href=\"/wiki/Baruffio%27s_wife?veaction=edit&amp;section=2\" class=\"mw-editsection-visualeditor\" title=\"Edit section: Appearances\">edit</a><span class=\"mw-editsection-divider\"> | </span><a href=\"/wiki/Baruffio%27s_wife?action=edit&amp;section=2\" title=\"Edit section: Appearances\"><svg class=\"wds-icon wds-icon-tiny section-edit-pencil-icon\"><use xlink:href=\"#wds-icons-pencil-tiny\"></use></svg>edit source</a><span class=\"mw-editsection-bracket\">]</span></span></h2>\n<ul><li><i><a href=\"/wiki/Harry_Potter_and_the_Philosopher%27s_Stone\" title=\"Harry Potter and the Philosopher&#39;s Stone\">Harry Potter and the Philosopher's Stone</a></i> <small>(Mentioned only)</small> <span class=\"template-c\">(French version)</span></li>\n<li><i><a href=\"/wiki/Pottermore\" title=\"Pottermore\">Pottermore</a></i> <small>(Mentioned only)</small> <span class=\"template-c\">(French version)</span></li></ul>\n<h2><span class=\"mw-headline\" id=\"Notes_and_references\">Notes and references</span><span class=\"mw-editsection\"><span class=\"mw-editsection-bracket\">[</span><a href=\"/wiki/Baruffio%27s_wife?veaction=edit&amp;section=3\" class=\"mw-editsection-visualeditor\" title=\"Edit section: Notes and references\">edit</a><span class=\"mw-editsection-divider\"> | </span><a href=\"/wiki/Baruffio%27s_wife?action=edit&amp;section=3\" title=\"Edit section: Notes and references\"><svg class=\"wds-icon wds-icon-tiny section-edit-pencil-icon\"><use xlink:href=\"#wds-icons-pencil-tiny\"></use></svg>edit source</a><span class=\"mw-editsection-bracket\">]</span></span></h2>\n<div class=\"references-small\">\n<div class=\"mw-references-wrap\"><ol class=\"references\">\n<li id=\"cite_note-1\"><span class=\"mw-cite-backlink\"><a href=\"#cite_ref-1\">\u2191</a></span> <span class=\"reference-text\"><i><a href=\"/wiki/Harry_Potter_and_the_Philosopher%27s_Stone\" title=\"Harry Potter and the Philosopher&#39;s Stone\">Harry Potter and the Philosopher's Stone</a></i> <span class=\"template-c\">(French version)</span></span>\n</li>\n</ol></div></div></div>"}]}}}}