{"batchcomplete": "", "warnings": {"main": {"*": "Subscribe to the mediawiki-api-announce mailing list at <https://lists.wikimedia.org/mailman/listinfo/mediawiki-api-announce> for notice of API deprecations and breaking changes."}, "revisions": {"*": "The parameter \"rvparse\" has been deprecated.\nBecause \"rvslots\" was not specified, a legacy format has been used for the output. This format is deprecated, and in the future the new format will always be used."}}, "query": {"normalized": [{"from": "Basil_Fronsac", "to": "Basil Fronsac"}], "pages": {"14701": {"pageid": 14701, "ns": 0, "title": "Basil Fronsac", "revisions": [{"*": "<div class=\"mw-parser-output\"><table class=\"notice metadata\" id=\"spoiler\" style=\"text-align: center; background: beige; margin: 1em 05%; padding: 0 1em; border: #a00 1px solid;\">\n\n<tbody><tr>\n<td><a href=\"https://static.wikia.nocookie.net/harrypotter/images/8/8c/Hogwarts_Mystery.jpeg/revision/latest?cb=20180504083359\" class=\"image\"><img alt=\"Hogwarts Mystery.jpeg\" src=\"https://static.wikia.nocookie.net/harrypotter/images/8/8c/Hogwarts_Mystery.jpeg/revision/latest/scale-to-width-down/175?cb=20180504083359\" decoding=\"async\" width=\"175\" height=\"77\" data-image-name=\"Hogwarts Mystery.jpeg\" data-image-key=\"Hogwarts_Mystery.jpeg\" /></a>\n</td>\n<td><b>Warning!</b>\n<p>At least some content in this article is derived from information featured in <i><a href=\"/wiki/Harry_Potter:_Hogwarts_Mystery\" title=\"Harry Potter: Hogwarts Mystery\">Harry Potter: Hogwarts Mystery</a></i>. Spoilers will be present within the article.\n</p>\n</td></tr></tbody></table>\n<p>\n<aside role=\"region\" class=\"portable-infobox pi-background pi-theme-hogwarts-staff pi-layout-default\">\n<figure class=\"pi-item pi-image\" data-source=\"image\">\n\t<a href=\"https://static.wikia.nocookie.net/harrypotter/images/c/cd/Basil_Fronsac_Old.png/revision/latest?cb=20150921161814\" class=\"image image-thumbnail\"\n\t   title=\"\">\n\t\t<img src=\"https://static.wikia.nocookie.net/harrypotter/images/c/cd/Basil_Fronsac_Old.png/revision/latest/scale-to-width-down/294?cb=20150921161814\" srcset=\"https://static.wikia.nocookie.net/harrypotter/images/c/cd/Basil_Fronsac_Old.png/revision/latest/scale-to-width-down/294?cb=20150921161814 1x, https://static.wikia.nocookie.net/harrypotter/images/c/cd/Basil_Fronsac_Old.png/revision/latest/scale-to-width-down/588?cb=20150921161814 2x\" class=\"pi-image-thumbnail\" alt=\"\" width=\"270\" height=\"459\"\n\t\t     data-image-key=\"Basil_Fronsac_Old.png\" data-image-name=\"Basil Fronsac Old.png\"/>\n\t\t\n\t</a>\n\t\n</figure>\n<section class=\"pi-item pi-group pi-border-color\">\n\t\n<h2 class=\"pi-item pi-item-spacing pi-title\" data-source=\"name\">Basil Fronsac</h2>\n\n</section>\n<section class=\"pi-item pi-group pi-border-color\">\n\t<h2 class=\"pi-item pi-header pi-secondary-font pi-item-spacing pi-secondary-background\">Biographical information</h2>\n\n<div class=\"pi-item pi-data pi-item-spacing pi-border-color\" data-source=\"born\">\n\t\n\t\t<h3 class=\"pi-data-label pi-secondary-font\">Born</h3>\n\t\n\t<div class=\"pi-data-value pi-font\">Mid-<a href=\"/wiki/19th_century\" title=\"19th century\">19th century</a> (most likely)<sup id=\"cite_ref-1\" class=\"reference\"><a href=\"#cite_note-1\">&#91;1&#93;</a></sup></div>\n</div>\n\n<div class=\"pi-item pi-data pi-item-spacing pi-border-color\" data-source=\"died\">\n\t\n\t\t<h3 class=\"pi-data-label pi-secondary-font\">Died</h3>\n\t\n\t<div class=\"pi-data-value pi-font\">In or before <a href=\"/wiki/1992\" title=\"1992\">1992</a><sup id=\"cite_ref-DOD_2-0\" class=\"reference\"><a href=\"#cite_note-DOD-2\">&#91;2&#93;</a></sup></div>\n</div>\n\n<div class=\"pi-item pi-data pi-item-spacing pi-border-color\" data-source=\"nationality\">\n\t\n\t\t<h3 class=\"pi-data-label pi-secondary-font\">Nationality</h3>\n\t\n\t<div class=\"pi-data-value pi-font\"><a href=\"/wiki/Great_Britain\" title=\"Great Britain\">British</a> or <a href=\"/wiki/Ireland\" title=\"Ireland\">Irish</a><sup id=\"cite_ref-3\" class=\"reference\"><a href=\"#cite_note-3\">&#91;3&#93;</a></sup></div>\n</div>\n\n<div class=\"pi-item pi-data pi-item-spacing pi-border-color\" data-source=\"title\">\n\t\n\t\t<h3 class=\"pi-data-label pi-secondary-font\">Title(s)</h3>\n\t\n\t<div class=\"pi-data-value pi-font\"><ul><li><a href=\"/wiki/Professor\" title=\"Professor\">Professor</a></li><li><a href=\"/wiki/Headmaster\" title=\"Headmaster\">Headmaster</a></li></ul></div>\n</div>\n\n</section>\n<section class=\"pi-item pi-group pi-border-color\">\n\t<h2 class=\"pi-item pi-header pi-secondary-font pi-item-spacing pi-secondary-background\">Physical information</h2>\n\n<div class=\"pi-item pi-data pi-item-spacing pi-border-color\" data-source=\"species\">\n\t\n\t\t<h3 class=\"pi-data-label pi-secondary-font\">Species</h3>\n\t\n\t<div class=\"pi-data-value pi-font\"><a href=\"/wiki/Human\" title=\"Human\">Human</a></div>\n</div>\n\n<div class=\"pi-item pi-data pi-item-spacing pi-border-color\" data-source=\"gender\">\n\t\n\t\t<h3 class=\"pi-data-label pi-secondary-font\">Gender</h3>\n\t\n\t<div class=\"pi-data-value pi-font\">Male</div>\n</div>\n\n<div class=\"pi-item pi-data pi-item-spacing pi-border-color\" data-source=\"hair\">\n\t\n\t\t<h3 class=\"pi-data-label pi-secondary-font\">Hair colour</h3>\n\t\n\t<div class=\"pi-data-value pi-font\">Grey</div>\n</div>\n\n<div class=\"pi-item pi-data pi-item-spacing pi-border-color\" data-source=\"skin\">\n\t\n\t\t<h3 class=\"pi-data-label pi-secondary-font\">Skin colour</h3>\n\t\n\t<div class=\"pi-data-value pi-font\">White</div>\n</div>\n\n</section>\n<section class=\"pi-item pi-group pi-border-color\">\n\t<h2 class=\"pi-item pi-header pi-secondary-font pi-item-spacing pi-secondary-background\">Affiliation</h2>\n\n<div class=\"pi-item pi-data pi-item-spacing pi-border-color\" data-source=\"job\">\n\t\n\t\t<h3 class=\"pi-data-label pi-secondary-font\">Occupation</h3>\n\t\n\t<div class=\"pi-data-value pi-font\"><a href=\"/wiki/Headmaster\" title=\"Headmaster\">Headmaster</a> of <a href=\"/wiki/Hogwarts_School_of_Witchcraft_and_Wizardry\" title=\"Hogwarts School of Witchcraft and Wizardry\">Hogwarts School</a></div>\n</div>\n\n<div class=\"pi-item pi-data pi-item-spacing pi-border-color\" data-source=\"house\">\n\t\n\t\t<h3 class=\"pi-data-label pi-secondary-font\">House</h3>\n\t\n\t<div class=\"pi-data-value pi-font\"><a href=\"/wiki/Ravenclaw\" title=\"Ravenclaw\">Ravenclaw</a></div>\n</div>\n\n<div class=\"pi-item pi-data pi-item-spacing pi-border-color\" data-source=\"loyalty\">\n\t\n\t\t<h3 class=\"pi-data-label pi-secondary-font\">Loyalty</h3>\n\t\n\t<div class=\"pi-data-value pi-font\"><ul><li><a href=\"/wiki/Hogwarts_School_of_Witchcraft_and_Wizardry\" title=\"Hogwarts School of Witchcraft and Wizardry\">Hogwarts School of Witchcraft and Wizardry</a><ul><li><a href=\"/wiki/Ravenclaw\" title=\"Ravenclaw\">Ravenclaw</a></li></ul></li></ul></div>\n</div>\n\n</section>\n<nav class=\"pi-navigation pi-item-spacing pi-secondary-background pi-secondary-font\"><small><a href=\"/wiki/Template:Individual_infobox\" title=\"Template:Individual infobox\">[Source]</a><span class=\"hidable-button\"></span></small></nav>\n</aside>\n\n</p>\n<div class=\"quote\">\n<dl><dd><span title=\"Source:&#160;Harry Potter and the Order of the Phoenix (video game)\">\"<i>A healthy mind is an inquisitive mind.</i>\"</span></dd>\n<dd>&#8212;Basil Fronsac's portrait<sup class=\"noprint\"><a href=\"/wiki/Harry_Potter_and_the_Order_of_the_Phoenix_(video_game)\" title=\"Harry Potter and the Order of the Phoenix (video game)\">[src]</a></sup></dd>\n<dd></dd></dl></div>\n<p><b>Professor Basil Fronsac</b> was a <a href=\"/wiki/Wizardkind\" title=\"Wizardkind\">wizard</a>. A scholar and a strong supporter of <a href=\"/wiki/Ravenclaw\" title=\"Ravenclaw\">Ravenclaw</a> house, he was appointed as <a href=\"/wiki/Headmaster\" title=\"Headmaster\">Headmaster</a> of <a href=\"/wiki/Hogwarts_School_of_Witchcraft_and_Wizardry\" title=\"Hogwarts School of Witchcraft and Wizardry\">Hogwarts School of Witchcraft and Wizardry</a> sometime before <a href=\"/wiki/Armando_Dippet\" title=\"Armando Dippet\">Armando Dippet</a>. There is a <a href=\"/wiki/Portrait\" title=\"Portrait\">portrait</a> of him hung in the <a href=\"/wiki/Headmaster%27s_office\" class=\"mw-redirect\" title=\"Headmaster&#39;s office\">Headmaster's office</a>, in order to give advice to the current Head,<sup id=\"cite_ref-COSf_4-0\" class=\"reference\"><a href=\"#cite_note-COSf-4\">&#91;4&#93;</a></sup> and several others of a younger him on the Castle's main halls.\n</p>\n<div id=\"toc\" class=\"toc\"><input type=\"checkbox\" role=\"button\" id=\"toctogglecheckbox\" class=\"toctogglecheckbox\" style=\"display:none\" /><div class=\"toctitle\" lang=\"en\" dir=\"ltr\"><h2>Contents</h2><span class=\"toctogglespan\"><label class=\"toctogglelabel\" for=\"toctogglecheckbox\"></label></span></div>\n<ul>\n<li class=\"toclevel-1 tocsection-1\"><a href=\"#Biography\"><span class=\"tocnumber\">1</span> <span class=\"toctext\">Biography</span></a>\n<ul>\n<li class=\"toclevel-2 tocsection-2\"><a href=\"#Early_life\"><span class=\"tocnumber\">1.1</span> <span class=\"toctext\">Early life</span></a></li>\n<li class=\"toclevel-2 tocsection-3\"><a href=\"#Portrait_at_Hogwarts\"><span class=\"tocnumber\">1.2</span> <span class=\"toctext\">Portrait at Hogwarts</span></a></li>\n</ul>\n</li>\n<li class=\"toclevel-1 tocsection-4\"><a href=\"#Behind_the_scenes\"><span class=\"tocnumber\">2</span> <span class=\"toctext\">Behind the scenes</span></a></li>\n<li class=\"toclevel-1 tocsection-5\"><a href=\"#Etymology\"><span class=\"tocnumber\">3</span> <span class=\"toctext\">Etymology</span></a></li>\n<li class=\"toclevel-1 tocsection-6\"><a href=\"#Appearances\"><span class=\"tocnumber\">4</span> <span class=\"toctext\">Appearances</span></a></li>\n<li class=\"toclevel-1 tocsection-7\"><a href=\"#Notes_and_references\"><span class=\"tocnumber\">5</span> <span class=\"toctext\">Notes and references</span></a></li>\n</ul>\n</div>\n\n<h2><span class=\"mw-headline\" id=\"Biography\">Biography</span><span class=\"mw-editsection\"><span class=\"mw-editsection-bracket\">[</span><a href=\"/wiki/Basil_Fronsac?veaction=edit&amp;section=1\" class=\"mw-editsection-visualeditor\" title=\"Edit section: Biography\">edit</a><span class=\"mw-editsection-divider\"> | </span><a href=\"/wiki/Basil_Fronsac?action=edit&amp;section=1\" title=\"Edit section: Biography\"><svg class=\"wds-icon wds-icon-tiny section-edit-pencil-icon\"><use xlink:href=\"#wds-icons-pencil-tiny\"></use></svg>edit source</a><span class=\"mw-editsection-bracket\">]</span></span></h2>\n<h3><span class=\"mw-headline\" id=\"Early_life\">Early life</span><span class=\"mw-editsection\"><span class=\"mw-editsection-bracket\">[</span><a href=\"/wiki/Basil_Fronsac?veaction=edit&amp;section=2\" class=\"mw-editsection-visualeditor\" title=\"Edit section: Early life\">edit</a><span class=\"mw-editsection-divider\"> | </span><a href=\"/wiki/Basil_Fronsac?action=edit&amp;section=2\" title=\"Edit section: Early life\"><svg class=\"wds-icon wds-icon-tiny section-edit-pencil-icon\"><use xlink:href=\"#wds-icons-pencil-tiny\"></use></svg>edit source</a><span class=\"mw-editsection-bracket\">]</span></span></h3>\n<p>Basil Fronsac attended <a href=\"/wiki/Hogwarts_School_of_Witchcraft_and_Wizardry\" title=\"Hogwarts School of Witchcraft and Wizardry\">Hogwarts School of Witchcraft and Wizardry</a> in his youth and was <a href=\"/wiki/Sorting_ceremony\" title=\"Sorting ceremony\">sorted</a> into <a href=\"/wiki/Ravenclaw\" title=\"Ravenclaw\">Ravenclaw</a>.<sup id=\"cite_ref-OPg_5-0\" class=\"reference\"><a href=\"#cite_note-OPg-5\">&#91;5&#93;</a></sup> In his elderly years, Professor Fronsac was appointed <a href=\"/wiki/Headmaster\" title=\"Headmaster\">Headmaster</a> of Hogwarts.<sup id=\"cite_ref-COSf_4-1\" class=\"reference\"><a href=\"#cite_note-COSf-4\">&#91;4&#93;</a></sup>\n</p>\n<h3><span class=\"mw-headline\" id=\"Portrait_at_Hogwarts\">Portrait at Hogwarts</span><span class=\"mw-editsection\"><span class=\"mw-editsection-bracket\">[</span><a href=\"/wiki/Basil_Fronsac?veaction=edit&amp;section=3\" class=\"mw-editsection-visualeditor\" title=\"Edit section: Portrait at Hogwarts\">edit</a><span class=\"mw-editsection-divider\"> | </span><a href=\"/wiki/Basil_Fronsac?action=edit&amp;section=3\" title=\"Edit section: Portrait at Hogwarts\"><svg class=\"wds-icon wds-icon-tiny section-edit-pencil-icon\"><use xlink:href=\"#wds-icons-pencil-tiny\"></use></svg>edit source</a><span class=\"mw-editsection-bracket\">]</span></span></h3>\n<figure class=\"thumb tleft show-info-icon\" style=\"width: 144px\"> \t<a href=\"https://static.wikia.nocookie.net/harrypotter/images/8/88/Basil_Fronsac.jpg/revision/latest?cb=20100119235540\" class=\"image\"><img alt=\"\" src=\"https://static.wikia.nocookie.net/harrypotter/images/8/88/Basil_Fronsac.jpg/revision/latest/scale-to-width-down/142?cb=20100119235540\" decoding=\"async\" width=\"142\" height=\"251\" class=\"thumbimage\" data-image-name=\"Basil Fronsac.jpg\" data-image-key=\"Basil_Fronsac.jpg\" /></a> \t \t<figcaption class=\"thumbcaption\"> \t\t \t\t\t<a href=\"/wiki/File:Basil_Fronsac.jpg\" class=\"info-icon\"><svg><use xlink:href=\"#wds-icons-info-small\"></use></svg></a> \t\t \t\t \t\t \t\t\t<p class=\"caption\">A middle-aged Fronsac</p> \t\t \t</figcaption> </figure>\n<p>In <a href=\"/wiki/1993\" title=\"1993\">1993</a>, Professor Fronsac had several portraits hung at <a href=\"/wiki/Hogwarts_Castle\" title=\"Hogwarts Castle\">Hogwarts Castle</a>; quite a few of them at the <a href=\"/wiki/Grand_Staircase\" title=\"Grand Staircase\">Grand Staircase</a>.<sup id=\"cite_ref-6\" class=\"reference\"><a href=\"#cite_note-6\">&#91;6&#93;</a></sup>\n</p><p>By <a href=\"/wiki/1995\" title=\"1995\">1995</a>, his portrait was hung at the <a href=\"/wiki/Grand_Staircase\" title=\"Grand Staircase\">Grand Staircase</a>. The portrait guarded a shortcut leading to the second-floor corridor, near the <a href=\"/wiki/Hogwarts_Library\" title=\"Hogwarts Library\">Library</a>. He held a <a href=\"/wiki/Basil_Fronsac%27s_pocket_watch\" title=\"Basil Fronsac&#39;s pocket watch\">pocket watch</a> and his password was \"<i>Studious Success</i>\". He would be happy to help any \"inquisitive minds\" that could find out where <a href=\"/wiki/Rowena_Ravenclaw\" title=\"Rowena Ravenclaw\">Rowena Ravenclaw</a> came from.<sup id=\"cite_ref-OPg_5-1\" class=\"reference\"><a href=\"#cite_note-OPg-5\">&#91;5&#93;</a></sup>\n</p><p>In the next school year, the portrait was moved to the <a href=\"/wiki/Dungeons\" title=\"Dungeons\">Dungeons</a>. He still guarded a secret passage, this time leading to the <a href=\"/wiki/Grand_Staircase\" title=\"Grand Staircase\">Grand Staircase</a>. His password became \"<i>Libraries Liberate</i>\".<sup id=\"cite_ref-7\" class=\"reference\"><a href=\"#cite_note-7\">&#91;7&#93;</a></sup>\n</p>\n<h2><span class=\"mw-headline\" id=\"Behind_the_scenes\">Behind the scenes</span><span class=\"mw-editsection\"><span class=\"mw-editsection-bracket\">[</span><a href=\"/wiki/Basil_Fronsac?veaction=edit&amp;section=4\" class=\"mw-editsection-visualeditor\" title=\"Edit section: Behind the scenes\">edit</a><span class=\"mw-editsection-divider\"> | </span><a href=\"/wiki/Basil_Fronsac?action=edit&amp;section=4\" title=\"Edit section: Behind the scenes\"><svg class=\"wds-icon wds-icon-tiny section-edit-pencil-icon\"><use xlink:href=\"#wds-icons-pencil-tiny\"></use></svg>edit source</a><span class=\"mw-editsection-bracket\">]</span></span></h2>\n<ul><li>The portrait of the middle-aged Basil Fronsac appears to be a homage to a <a target=\"_blank\" rel=\"noreferrer noopener\" class=\"external text\" href=\"http://upload.wikimedia.org/wikipedia/commons/e/ed/Henry_James_by_John_Singer_Sargent_cleaned.jpg\">portrait of Henry James</a> by John Singer Sargent, which was painted in 1913.<sup id=\"cite_ref-8\" class=\"reference\"><a href=\"#cite_note-8\">&#91;8&#93;</a></sup> This might suggest that Fronsac served as the Hogwarts <a href=\"/wiki/Headmaster\" title=\"Headmaster\">headmaster</a> in the early <a href=\"/wiki/20th_century\" title=\"20th century\">twentieth century</a> or late <a href=\"/wiki/19th_century\" title=\"19th century\">nineteenth century</a>.</li></ul>\n<h2><span class=\"mw-headline\" id=\"Etymology\">Etymology</span><span class=\"mw-editsection\"><span class=\"mw-editsection-bracket\">[</span><a href=\"/wiki/Basil_Fronsac?veaction=edit&amp;section=5\" class=\"mw-editsection-visualeditor\" title=\"Edit section: Etymology\">edit</a><span class=\"mw-editsection-divider\"> | </span><a href=\"/wiki/Basil_Fronsac?action=edit&amp;section=5\" title=\"Edit section: Etymology\"><svg class=\"wds-icon wds-icon-tiny section-edit-pencil-icon\"><use xlink:href=\"#wds-icons-pencil-tiny\"></use></svg>edit source</a><span class=\"mw-editsection-bracket\">]</span></span></h2>\n<p>The name \"Basil\" is from the Greek name \"\u0392\u03b1\u03c3\u03b9\u03bb\u03b5\u03b9\u03bf\u03c2\" (\"<i>Vasileios</i>\"), which was derived from \"\u03b2\u03b1\u03c3\u03b9\u03bb\u03b5\u03c5\u03c2\" (\"<i>Basileus</i>\"), meaning \"king\". Saint Basil the Great was a 4th-century bishop of Caesarea and one of the fathers of the early Christian church. It was also borne by two Byzantine emperors.\n</p><p>\"Fronsac\" is a French surname denoting a person who came from the town of <a target=\"_blank\" rel=\"noreferrer noopener\" class=\"external text\" href=\"https://en.wikipedia.org/wiki/Fronsac,_Gironde\">Fronsac</a>, which dates back to Gaulish times. In modern times, it is most notable for its <a target=\"_blank\" rel=\"noreferrer noopener\" class=\"external text\" href=\"https://en.wikipedia.org/wiki/Fronsac_AOC\">namesake wine</a>.\n</p>\n<h2><span class=\"mw-headline\" id=\"Appearances\">Appearances</span><span class=\"mw-editsection\"><span class=\"mw-editsection-bracket\">[</span><a href=\"/wiki/Basil_Fronsac?veaction=edit&amp;section=6\" class=\"mw-editsection-visualeditor\" title=\"Edit section: Appearances\">edit</a><span class=\"mw-editsection-divider\"> | </span><a href=\"/wiki/Basil_Fronsac?action=edit&amp;section=6\" title=\"Edit section: Appearances\"><svg class=\"wds-icon wds-icon-tiny section-edit-pencil-icon\"><use xlink:href=\"#wds-icons-pencil-tiny\"></use></svg>edit source</a><span class=\"mw-editsection-bracket\">]</span></span></h2>\n<div class=\"noprint\" style=\"float: right; clear: right; margin-top: 2px; margin-left: 2px; margin-bottom: 2px; background-color: #D8E9FC; text-align: left; font-size: 90%; width: 250px;\"><span class=\"rtop\" style=\"\"><span class=\"r1\" style=\"background: #D8E9FC\"></span><span class=\"r2\" style=\"background: #D8E9FC\"></span><span class=\"r3\" style=\"background: #D8E9FC\"></span><span class=\"r4\" style=\"background: #D8E9FC\"></span></span><div style=\"float:left; margin-left: 5px;\"><a href=\"https://static.wikia.nocookie.net/harrypotter/images/b/bc/Wiki.png/revision/latest?cb=20091217124448\" class=\"image\"><img alt=\"Wiki.png\" src=\"https://static.wikia.nocookie.net/harrypotter/images/b/bc/Wiki.png/revision/latest/scale-to-width-down/35?cb=20091217124448\" decoding=\"async\" width=\"35\" height=\"21\" data-image-name=\"Wiki.png\" data-image-key=\"Wiki.png\" /></a></div><div style=\"margin-left:50px\">The Harry Potter Wiki has 2 images related to <i><b><a href=\"/wiki/Category:Images_of_Basil_Fronsac\" title=\"Category:Images of Basil Fronsac\">Basil Fronsac</a></b></i>.</div><span class=\"content-bg rbottom\" style=\"\"><span class=\"r4\" style=\"background: #D8E9FC\"></span><span class=\"r3\" style=\"background: #D8E9FC\"></span><span class=\"r2\" style=\"background: #D8E9FC\"></span><span class=\"r1\" style=\"background: #D8E9FC\"></span></span></div>\n<ul><li><i><a href=\"/wiki/Harry_Potter_and_the_Chamber_of_Secrets_(film)\" title=\"Harry Potter and the Chamber of Secrets (film)\">Harry Potter and the Chamber of Secrets (film)</a></i> <span class=\"template-c\">(Disc 2)</span></li>\n<li><i><a href=\"/wiki/Harry_Potter_and_the_Prisoner_of_Azkaban_(video_game)\" title=\"Harry Potter and the Prisoner of Azkaban (video game)\">Harry Potter and the Prisoner of Azkaban (video game)</a></i> <small>(Appears in portrait(s))</small></li>\n<li><i><a href=\"/wiki/Harry_Potter_and_the_Order_of_the_Phoenix_(video_game)\" title=\"Harry Potter and the Order of the Phoenix (video game)\">Harry Potter and the Order of the Phoenix (video game)</a></i> <small>(Appears in portrait(s))</small></li>\n<li><i><a href=\"/wiki/Harry_Potter_and_the_Half-Blood_Prince_(video_game)\" title=\"Harry Potter and the Half-Blood Prince (video game)\">Harry Potter and the Half-Blood Prince (video game)</a></i> <small>(Appears in portrait(s))</small></li>\n<li><a href=\"/wiki/The_Wizarding_World_of_Harry_Potter\" title=\"The Wizarding World of Harry Potter\">The Wizarding World of Harry Potter</a> <small>(Appears in portrait(s))</small></li>\n<li><i><a href=\"/wiki/The_Making_of_Harry_Potter\" title=\"The Making of Harry Potter\">The Making of Harry Potter</a></i> <small>(Appears in portrait(s))</small></li>\n<li><i><a href=\"/wiki/Harry_Potter:_Hogwarts_Mystery\" title=\"Harry Potter: Hogwarts Mystery\">Harry Potter: Hogwarts Mystery</a></i></li></ul>\n<h2><span class=\"mw-headline\" id=\"Notes_and_references\">Notes and references</span><span class=\"mw-editsection\"><span class=\"mw-editsection-bracket\">[</span><a href=\"/wiki/Basil_Fronsac?veaction=edit&amp;section=7\" class=\"mw-editsection-visualeditor\" title=\"Edit section: Notes and references\">edit</a><span class=\"mw-editsection-divider\"> | </span><a href=\"/wiki/Basil_Fronsac?action=edit&amp;section=7\" title=\"Edit section: Notes and references\"><svg class=\"wds-icon wds-icon-tiny section-edit-pencil-icon\"><use xlink:href=\"#wds-icons-pencil-tiny\"></use></svg>edit source</a><span class=\"mw-editsection-bracket\">]</span></span></h2>\n<div class=\"references-small\">\n<div class=\"mw-references-wrap\"><ol class=\"references\">\n<li id=\"cite_note-1\"><span class=\"mw-cite-backlink\"><a href=\"#cite_ref-1\">\u2191</a></span> <span class=\"reference-text\">The clothing worn by Basil on his portrait reveals that he was portrayed during the 1910s. By the 1910s he was already a middle-aged wizard, as evidenced by his sparse, white hair.</span>\n</li>\n<li id=\"cite_note-DOD-2\"><span class=\"mw-cite-backlink\"><a href=\"#cite_ref-DOD_2-0\">\u2191</a></span> <span class=\"reference-text\"><a href=\"/wiki/J._K._Rowling\" title=\"J. K. Rowling\">J. K. Rowling</a> stated at the Edinburgh Book Festival on 15 August 2004 (<a target=\"_blank\" rel=\"noreferrer noopener\" class=\"external text\" href=\"http://www.accio-quote.org/articles/2004/0804-ebf.htm\">source</a>) that all portraits at <a href=\"/wiki/Hogwarts_School_of_Witchcraft_and_Wizardry\" title=\"Hogwarts School of Witchcraft and Wizardry\">Hogwarts School of Witchcraft and Wizardry</a> are of deceased individuals. Thus, Fronsac must have died sometime in or before <a href=\"/wiki/1992\" title=\"1992\">1992</a>, given his portrait's appearance in the <a href=\"/wiki/Headmaster%27s_office\" class=\"mw-redirect\" title=\"Headmaster&#39;s office\">Headmaster's office</a> in the <a href=\"/wiki/Harry_Potter_and_the_Chamber_of_Secrets_(film)\" title=\"Harry Potter and the Chamber of Secrets (film)\">film adaptation</a> of <i><a href=\"/wiki/Harry_Potter_and_the_Chamber_of_Secrets\" title=\"Harry Potter and the Chamber of Secrets\">Harry Potter and the Chamber of Secrets</a></i>.</span>\n</li>\n<li id=\"cite_note-3\"><span class=\"mw-cite-backlink\"><a href=\"#cite_ref-3\">\u2191</a></span> <span class=\"reference-text\"><a target=\"_blank\" rel=\"noreferrer noopener\" class=\"external text\" href=\"http://www.accio-quote.org/articles/2000/0700-swns-alfie.htm\">\"World Exclusive Interview with J K Rowling,\" <i>South West News Service</i>, 8 July 2000</a>  - \"Hogwarts just serves Britain and Ireland.\"</span>\n</li>\n<li id=\"cite_note-COSf-4\"><span class=\"mw-cite-backlink\">\u2191 <sup><a href=\"#cite_ref-COSf_4-0\">4.0</a></sup> <sup><a href=\"#cite_ref-COSf_4-1\">4.1</a></sup></span> <span class=\"reference-text\"><i><a href=\"/wiki/Harry_Potter_and_the_Chamber_of_Secrets_(film)\" title=\"Harry Potter and the Chamber of Secrets (film)\">Harry Potter and the Chamber of Secrets (film)</a></i> DVD (Disc 2 - <i>Dumbledore's Office</i>)</span>\n</li>\n<li id=\"cite_note-OPg-5\"><span class=\"mw-cite-backlink\">\u2191 <sup><a href=\"#cite_ref-OPg_5-0\">5.0</a></sup> <sup><a href=\"#cite_ref-OPg_5-1\">5.1</a></sup></span> <span class=\"reference-text\"><i><a href=\"/wiki/Harry_Potter_and_the_Order_of_the_Phoenix_(video_game)\" title=\"Harry Potter and the Order of the Phoenix (video game)\">Harry Potter and the Order of the Phoenix (video game)</a></i></span>\n</li>\n<li id=\"cite_note-6\"><span class=\"mw-cite-backlink\"><a href=\"#cite_ref-6\">\u2191</a></span> <span class=\"reference-text\"><i><a href=\"/wiki/Harry_Potter_and_the_Prisoner_of_Azkaban_(video_game)\" title=\"Harry Potter and the Prisoner of Azkaban (video game)\">Harry Potter and the Prisoner of Azkaban (video game)</a></i></span>\n</li>\n<li id=\"cite_note-7\"><span class=\"mw-cite-backlink\"><a href=\"#cite_ref-7\">\u2191</a></span> <span class=\"reference-text\"><i><a href=\"/wiki/Harry_Potter_and_the_Half-Blood_Prince_(video_game)\" title=\"Harry Potter and the Half-Blood Prince (video game)\">Harry Potter and the Half-Blood Prince (video game)</a></i></span>\n</li>\n<li id=\"cite_note-8\"><span class=\"mw-cite-backlink\"><a href=\"#cite_ref-8\">\u2191</a></span> <span class=\"reference-text\"><a target=\"_blank\" rel=\"noreferrer noopener\" class=\"external free\" href=\"https://www.npg.org.uk/collections/search/portrait/mw03436/Henry-James\">https://www.npg.org.uk/collections/search/portrait/mw03436/Henry-James</a></span>\n</li>\n</ol></div></div>\n<p><br clear=\"all\" />\n</p>\n<table style=\"text-align:center\" align=\"center\" class=\"toccolours\" width=\"90%\">\n\n<tbody><tr bgcolor=\"#white\">\n<th style=\"background:#ccd;\"><a href=\"/wiki/Hogwarts_Castle\" title=\"Hogwarts Castle\">Hogwarts Castle</a>\n</th></tr>\n<tr>\n<th width=\"45%\" style=\"background-color: #dfdfdf; font-size: 9pt;\">Locations below ground floor\n</th></tr>\n<tr>\n<td style=\"font-size: 8pt;\">\n<p><a href=\"/wiki/Boathouse\" title=\"Boathouse\">Boathouse</a> \u00b7 \n<a href=\"/wiki/Chamber_of_Secrets\" title=\"Chamber of Secrets\">Chamber of Secrets</a> \u00b7 \n<a href=\"/wiki/Conical_Crypt\" title=\"Conical Crypt\">Conical Crypt</a> \u00b7 \n<a href=\"/wiki/Dark_Hall\" title=\"Dark Hall\">Dark Hall</a> \u00b7 \n<a href=\"/wiki/Deathday_Party_Hall\" title=\"Deathday Party Hall\">Deathday Party Hall</a> \u00b7 \n<a href=\"/wiki/Defence_Against_the_Dark_Arts_dungeon\" title=\"Defence Against the Dark Arts dungeon\">Defence Against the Dark Arts dungeon</a> \u00b7 \n<a href=\"/wiki/Dungeons\" title=\"Dungeons\">Dungeons</a> \u00b7 \n<a href=\"/wiki/Dungeon_cave\" title=\"Dungeon cave\">Dungeon cave</a> \u00b7 \n<a href=\"/wiki/Dungeon_Five\" title=\"Dungeon Five\">Dungeon Five</a> \u00b7 \n<a href=\"/wiki/Dungeon_hall\" title=\"Dungeon hall\">Dungeon hall</a> \u00b7 \n<a href=\"/wiki/Dungeon_Pit\" title=\"Dungeon Pit\">Dungeon Pit</a> \u00b7 \n<a href=\"/wiki/Entrance_Dungeon\" title=\"Entrance Dungeon\">Entrance Dungeon</a> \u00b7 \n<a href=\"/wiki/Forgotten_Cavern\" title=\"Forgotten Cavern\">Forgotten Cavern</a> \u00b7 \n<a href=\"/wiki/Hieroglyphic_Hall\" title=\"Hieroglyphic Hall\">Hieroglyphic Hall</a> \u00b7 \n<a href=\"/wiki/Hogwarts_Basement\" title=\"Hogwarts Basement\">Hogwarts Basement</a> \u00b7 \n<a href=\"/wiki/Hufflepuff_Basement\" title=\"Hufflepuff Basement\">Hufflepuff Basement</a> \u00b7 \n<a href=\"/wiki/Hogwarts_kitchens\" title=\"Hogwarts kitchens\">Kitchens</a> \u00b7 \n<a href=\"/wiki/Lever_Rooms\" title=\"Lever Rooms\">Lever Rooms</a> \u00b7 \n<a href=\"/wiki/Porticus_Circumscriptus\" title=\"Porticus Circumscriptus\">Porticus Circumscriptus</a> \u00b7 \n<a href=\"/wiki/Porticus_Periculum\" title=\"Porticus Periculum\">Porticus Periculum</a> \u00b7 \n<a href=\"/wiki/Porticus_Imago\" title=\"Porticus Imago\">Porticus Imago</a> \u00b7 \n<a href=\"/wiki/Porticus_Medius\" title=\"Porticus Medius\">Porticus Medius</a> \u00b7 \n<a href=\"/wiki/Potion-Mixing_Room\" title=\"Potion-Mixing Room\">Potion-Mixing Room</a> \u00b7 \n<a href=\"/wiki/Potions_basement\" title=\"Potions basement\">Potions basement</a> \u00b7 \n<a href=\"/wiki/Potions_Classroom\" title=\"Potions Classroom\">Potions Classroom</a> \u00b7 \n<a href=\"/wiki/Quidditch_cave\" title=\"Quidditch cave\">Quidditch cave</a> \u00b7 \n<a href=\"/wiki/Room_of_Doom\" title=\"Room of Doom\">Room of Doom</a> \u00b7 \n<a href=\"/wiki/Room_of_Runes\" title=\"Room of Runes\">Room of Runes</a> \u00b7 \n<a href=\"/wiki/Severus_Snape%27s_office\" title=\"Severus Snape&#39;s office\">Severus Snape's office</a> \u00b7 \n<a href=\"/wiki/Shop\" title=\"Shop\">Shop</a> \u00b7 \n<a href=\"/wiki/Slug_Pit\" title=\"Slug Pit\">Slug Pit</a> \u00b7 \n<a href=\"/wiki/Slytherin_Boys%27_Dormitory\" title=\"Slytherin Boys&#39; Dormitory\">Slytherin Boys' Dormitory</a> \u00b7 \n<a href=\"/wiki/Slytherin_Duelling_Dungeon\" title=\"Slytherin Duelling Dungeon\">Slytherin Duelling Dungeon</a> \u00b7 \n<a href=\"/wiki/Slytherin_Dungeon\" title=\"Slytherin Dungeon\">Slytherin Dungeon</a> \u00b7 \n<a href=\"/wiki/Slytherin_Girls%27_Dormitory\" title=\"Slytherin Girls&#39; Dormitory\">Slytherin Girls' Dormitory</a> \u00b7 \n<a href=\"/wiki/Underground_Chambers\" title=\"Underground Chambers\">Underground Chambers</a> \u00b7 \n<a href=\"/wiki/Vestibule_of_Mischief\" title=\"Vestibule of Mischief\">Vestibule of Mischief</a>\n</p>\n</td></tr>\n<tr>\n<th width=\"45%\" style=\"background-color: #dfdfdf; font-size: 9pt;\">Paths and staircases\n</th></tr>\n<tr>\n<td style=\"font-size: 8pt;\">\n<p><a href=\"/wiki/Boathouse_passageway\" title=\"Boathouse passageway\">Boathouse passageway</a> \u00b7 \n<a href=\"/wiki/Corridor_of_Secrets\" title=\"Corridor of Secrets\">Corridor of Secrets</a> \u00b7 \n<a href=\"/wiki/Detention_escape_route\" class=\"mw-redirect\" title=\"Detention escape route\">Detention escape route</a> \u00b7 \n<a href=\"/wiki/Dungeon_Corridor\" title=\"Dungeon Corridor\">Dungeon Corridor</a> \u00b7 \n<a href=\"/wiki/Dungeon_Staircase\" title=\"Dungeon Staircase\">Dungeon Staircase</a> \u00b7 \n<a href=\"/wiki/Lost_Tunnel\" title=\"Lost Tunnel\">Lost Tunnel</a> \u00b7 \n<a href=\"/wiki/Lower_Chambers_Corridor_North-East\" title=\"Lower Chambers Corridor North-East\">Lower Chambers Corridor North-East</a> \u00b7 \n<a href=\"/wiki/Lower_Chambers_Corridor_West\" title=\"Lower Chambers Corridor West\">Lower Chambers Corridor West</a> \u00b7 \n<a href=\"/wiki/Lower_Chambers_Portrait_Corridor\" title=\"Lower Chambers Portrait Corridor\">Lower Chambers Portrait Corridor</a> \u00b7 \n<a href=\"/wiki/Poltergeist_Passage\" title=\"Poltergeist Passage\">Poltergeist Passage</a> \u00b7 \n<a href=\"/wiki/Prowling_Passage\" title=\"Prowling Passage\">Prowling Passage</a> \u00b7 \n<a href=\"/wiki/Slughorn%27s_Stairs\" title=\"Slughorn&#39;s Stairs\">Slughorn's Stairs</a> \u00b7 \n<a href=\"/wiki/Undercover_route_to_the_Kitchens\" title=\"Undercover route to the Kitchens\">Undercover route to the Kitchens</a> \u00b7 \n<a href=\"/wiki/Way_to_Courtyard\" title=\"Way to Courtyard\">Way to Courtyard</a>\n</p>\n</td></tr>\n<tr>\n<th width=\"45%\" style=\"background-color: #dfdfdf; font-size: 9pt;\"><a href=\"/wiki/Portraits\" class=\"mw-redirect\" title=\"Portraits\">Portraits</a>, statues and other artwork located below ground floor\n</th></tr>\n<tr>\n<td style=\"font-size: 8pt;\">\n<p><strong class=\"mw-selflink selflink\">Basil Fronsac</strong> \u00b7 \n<a href=\"/wiki/Bloody_Baron\" title=\"Bloody Baron\">Bloody Baron</a> \u00b7 \n<a href=\"/wiki/Cecilia_Gallerani\" title=\"Cecilia Gallerani\">Cecilia Gallerani</a> \u00b7 \n<a href=\"/wiki/Elizabeth_Burke\" title=\"Elizabeth Burke\">Elizabeth Burke</a> \u00b7 \n<a href=\"/wiki/Hooky\" title=\"Hooky\">Hooky</a> \u00b7 \n<a href=\"/wiki/Portrait_of_a_mad_old_man\" title=\"Portrait of a mad old man\">Mad old man</a> \u00b7 \n<a href=\"/wiki/Mopsus_(antiquity)\" title=\"Mopsus (antiquity)\">Mopsus</a> \u00b7 \n<a href=\"/wiki/Portrait_of_an_old_man\" class=\"mw-redirect\" title=\"Portrait of an old man\">Old man</a> \u00b7 \n<a href=\"/wiki/Percival_Pratt\" title=\"Percival Pratt\">Percival Pratt</a> \u00b7 \n<a href=\"/wiki/Salazar_Slytherin\" title=\"Salazar Slytherin\">Salazar Slytherin</a> \u00b7 \n<a href=\"/wiki/Portrait_of_a_sleeping_hermit\" title=\"Portrait of a sleeping hermit\">Sleeping hermit</a> \u00b7 \n<a href=\"/wiki/Portrait_of_a_bearded_man_holding_a_book\" title=\"Portrait of a bearded man holding a book\">Bearded man with book</a>\n</p>\n</td></tr></tbody></table>\n<p><br />\n<br clear=\"all\" />\n</p>\n<table style=\"margin:0 auto\" align=\"center\" class=\"toccolours\" width=\"90%\">\n\n<tbody><tr bgcolor=\"#white\">\n<th colspan=\"3\" style=\"background:#ccd;\"><center><b>Second-floor of <a href=\"/wiki/Hogwarts_Castle\" title=\"Hogwarts Castle\">Hogwarts Castle</a></b></center>\n</th></tr>\n<tr>\n<td colspan=\"3\" width=\"45%\" style=\"background-color: #dfdfdf; font-size: 9pt;\"><center><b><a href=\"/wiki/Classroom\" title=\"Classroom\">Classrooms</a></b></center>\n</td></tr>\n<tr>\n<td colspan=\"3\" style=\"font-size: 8pt;\"><center><a href=\"/wiki/Class_31\" title=\"Class 31\">Class 31</a></center>\n</td></tr>\n<tr>\n<td colspan=\"3\" width=\"45%\" style=\"background-color: #dfdfdf; font-size: 9pt;\"><center><b>Corridors</b></center>\n</td></tr>\n<tr>\n<td colspan=\"3\" style=\"font-size: 8pt;\"><center><a href=\"/wiki/Gargoyle_Corridor\" title=\"Gargoyle Corridor\">Gargoyle Corridor</a> &#183; <a href=\"/wiki/Second-floor_corridor\" title=\"Second-floor corridor\">Second-floor corridor</a></center>\n</td></tr>\n<tr>\n<td colspan=\"3\" width=\"45%\" style=\"background-color: #dfdfdf; font-size: 9pt;\"><center><b>Halls and rooms</b></center>\n</td></tr>\n<tr>\n<td colspan=\"3\" style=\"font-size: 8pt;\"><center><a href=\"/wiki/Second-floor_potions_storeroom\" title=\"Second-floor potions storeroom\">Potions storeroom</a> &#183; <a href=\"/wiki/Second-floor_arcade\" title=\"Second-floor arcade\">Second-floor arcade</a> &#183; <a href=\"/wiki/Second-floor_foyer\" title=\"Second-floor foyer\">Second-floor foyer</a> &#183; <a href=\"/wiki/Second-floor_hall\" title=\"Second-floor hall\">Second-floor hall</a> &#183; <a href=\"/wiki/Second-floor_secret_storeroom\" title=\"Second-floor secret storeroom\">Second-floor secret storeroom</a></center>\n</td></tr>\n<tr>\n<td colspan=\"3\" width=\"45%\" style=\"background-color: #dfdfdf; font-size: 9pt;\"><center><b>Offices</b></center>\n</td></tr>\n<tr>\n<td colspan=\"3\" style=\"font-size: 8pt;\"><center><a href=\"/wiki/Defence_Against_the_Dark_Arts_teacher%27s_office\" title=\"Defence Against the Dark Arts teacher&#39;s office\">Defence Against the Dark Arts teacher's office</a></center>\n</td></tr>\n<tr>\n<td colspan=\"3\" width=\"45%\" style=\"background-color: #dfdfdf; font-size: 9pt;\"><center><b>Other locations</b></center>\n</td></tr>\n<tr>\n<td colspan=\"3\" style=\"font-size: 8pt;\"><center><a href=\"/wiki/No_entry_due_to_flooding_-_Mr._Filch\" title=\"No entry due to flooding - Mr. Filch\">No entry due to flooding - Mr. Filch</a></center>\n</td></tr>\n<tr>\n<td colspan=\"3\" width=\"45%\" style=\"background-color: #dfdfdf; font-size: 9pt;\"><center><b><a href=\"/wiki/Portraits\" class=\"mw-redirect\" title=\"Portraits\">Portraits</a>, statues and other artwork</b></center>\n</td></tr>\n<tr>\n<td colspan=\"3\" style=\"font-size: 8pt;\"><center><a href=\"/wiki/Anne_Boleyn\" title=\"Anne Boleyn\">Anne Boleyn</a> &#183; <a href=\"/wiki/Bust_of_a_medieval_wizard\" title=\"Bust of a medieval wizard\">Bust of a medieval wizard</a> &#183; <strong class=\"mw-selflink selflink\">Basil Fronsac</strong> &#183; <a href=\"/wiki/Map_of_Argyllshire\" title=\"Map of Argyllshire\">Map of Argyllshire</a> &#183; <a href=\"/wiki/Painting_of_apples\" title=\"Painting of apples\">Painting of apples</a> &#183; <a href=\"/wiki/Temeritus_Shanks\" title=\"Temeritus Shanks\">Temeritus Shanks</a> &#183;<a href=\"/wiki/Portrait_of_a_family\" title=\"Portrait of a family\">Wizarding family</a></center>\n</td></tr>\n<tr>\n<td colspan=\"3\" width=\"45%\" style=\"background-color: #dfdfdf; font-size: 9pt;\"><center><b>Staircases</b></center>\n</td></tr>\n<tr>\n<td colspan=\"3\" style=\"font-size: 8pt;\"><center><a href=\"/wiki/Staircase_between_the_ground-floor_and_second-floor_corridor\" title=\"Staircase between the ground-floor and second-floor corridor\">Staircase to the ground-floor</a> &#183; <a href=\"/wiki/Staircase_between_the_first_and_second-floor_corridors\" title=\"Staircase between the first and second-floor corridors\">Staircase between the first and second-floor corridors</a> &#183; <a href=\"/wiki/Staircase_between_the_library_and_second-floor_corridors\" title=\"Staircase between the library and second-floor corridors\">Staircase to the library corridor</a> &#183; <a href=\"/wiki/Staircase_between_the_second_and_third-floors\" title=\"Staircase between the second and third-floors\">Staircase to the third-floor</a></center>\n</td></tr></tbody></table>\n<p><br clear=\"all\" />\n</p>\n<table style=\"margin:0 auto\" align=\"center\" class=\"toccolours\" width=\"90%\">\n\n<tbody><tr bgcolor=\"#white\">\n<th colspan=\"3\" style=\"background:#ccd;\"><center><b>Third-floor of <a href=\"/wiki/Hogwarts_Castle\" title=\"Hogwarts Castle\">Hogwarts Castle</a></b></center>\n</th></tr>\n<tr>\n<td colspan=\"3\" width=\"45%\" style=\"background-color: #dfdfdf; font-size: 9pt;\"><center><b><a href=\"/wiki/Classroom\" title=\"Classroom\">Classrooms</a></b></center>\n</td></tr>\n<tr>\n<td colspan=\"3\" style=\"font-size: 8pt;\"><center><a href=\"/wiki/Advanced_Arithmancy_Studies_classroom\" title=\"Advanced Arithmancy Studies classroom\">Advanced Arithmancy Studies classroom</a> &#183; <a href=\"/wiki/Class_34\" title=\"Class 34\">Class 34</a> &#183; <a href=\"/wiki/Class_72\" title=\"Class 72\">Class 72</a> &#183; <a href=\"/wiki/Charms_Classroom\" title=\"Charms Classroom\">Classroom 2E</a> &#183; <a href=\"/wiki/Classroom_3C\" title=\"Classroom 3C\">Classroom 3C</a> &#183; <a href=\"/wiki/Classroom_3C_backrooms\" title=\"Classroom 3C backrooms\">Classroom 3C backrooms</a> &#183;  <a href=\"/wiki/Classroom_3D\" title=\"Classroom 3D\">Classroom 3D</a> &#183; <a href=\"/wiki/Classroom_7A\" title=\"Classroom 7A\">Classroom 7A</a> &#183; <a href=\"/wiki/Classroom_off_of_the_Charms_corridor\" title=\"Classroom off of the Charms corridor\">Classroom off of the Charms corridor</a> &#183; <a href=\"/wiki/Classroom_off_of_the_Gunhilda_of_Gorsemoor_Corridor\" title=\"Classroom off of the Gunhilda of Gorsemoor Corridor\">Classroom off of the Gunhilda of Gorsemoor Corridor</a> &#183; <a href=\"/wiki/Ghoul_Studies_classroom\" title=\"Ghoul Studies classroom\">Ghoul Studies classroom</a></center>\n</td></tr>\n<tr>\n<td colspan=\"3\" width=\"45%\" style=\"background-color: #dfdfdf; font-size: 9pt;\"><center><b>Corridors</b></center>\n</td></tr>\n<tr>\n<td colspan=\"3\" style=\"font-size: 8pt;\"><center><a href=\"/wiki/Charms_corridor\" title=\"Charms corridor\">Charms corridor</a> &#183; <a href=\"/wiki/Third-floor_corridor\" title=\"Third-floor corridor\">Third-floor corridor</a> &#183; <a href=\"/wiki/Gunhilda_of_Gorsemoor_Corridor\" title=\"Gunhilda of Gorsemoor Corridor\">Gunhilda of Gorsemoor Corridor</a> &#183; <a href=\"/wiki/Serpentine_Corridor\" title=\"Serpentine Corridor\">Serpentine Corridor</a></center>\n</td></tr>\n<tr>\n<td colspan=\"3\" width=\"45%\" style=\"background-color: #dfdfdf; font-size: 9pt;\"><center><b>Halls and rooms</b></center>\n</td></tr>\n<tr>\n<td colspan=\"3\" style=\"font-size: 8pt;\"><center><a href=\"/wiki/Armoury\" title=\"Armoury\">Armoury</a> &#183; <a href=\"/wiki/Clock_Tower_Entrance\" title=\"Clock Tower Entrance\">Clock Tower Entrance</a> &#183; <a href=\"/wiki/Hesperius_Hall\" title=\"Hesperius Hall\">Hesperius Hall</a> &#183; <a href=\"/wiki/Storeroom_(third_floor)\" title=\"Storeroom (third floor)\">Storeroom</a> &#183; <a href=\"/wiki/Trophy_Room\" title=\"Trophy Room\">Trophy Room</a> &#183; <a href=\"/wiki/Vastus_Vestibule\" title=\"Vastus Vestibule\">Vastus Vestibule</a></center>\n</td></tr>\n<tr>\n<td colspan=\"3\" width=\"45%\" style=\"background-color: #dfdfdf; font-size: 9pt;\"><center><b>Other locations</b></center>\n</td></tr>\n<tr>\n<td colspan=\"3\" style=\"font-size: 8pt;\"><center><a href=\"/wiki/Trophy_Secret_Passage\" title=\"Trophy Secret Passage\">Trophy Secret Passage</a> &#183; <a href=\"/wiki/Turret_Stairwell\" title=\"Turret Stairwell\">Turret Stairwell</a></center>\n</td></tr>\n<tr>\n<td colspan=\"3\" width=\"45%\" style=\"background-color: #dfdfdf; font-size: 9pt;\"><center><b><a href=\"/wiki/Portraits\" class=\"mw-redirect\" title=\"Portraits\">Portraits</a>, statues and other artwork</b></center>\n</td></tr>\n<tr>\n<td colspan=\"3\" style=\"font-size: 8pt;\"><center><a href=\"/wiki/Damara_Dodderidge\" title=\"Damara Dodderidge\">Damara Dodderidge</a> &#183; <a href=\"/wiki/Picture_of_drunk_monks\" title=\"Picture of drunk monks\">Drunk Monks</a> &#183; <a href=\"/wiki/Google_Flange\" title=\"Google Flange\">Google Flange</a> &#183; <strong class=\"mw-selflink selflink\">Basil Fronsac</strong> &#183; <a href=\"/wiki/Gunhilda_of_Gorsemoor\" class=\"mw-redirect\" title=\"Gunhilda of Gorsemoor\">Gunhilda of Gorsemoor</a> &#183; <a href=\"/wiki/Merwyn_the_Malicious\" title=\"Merwyn the Malicious\">Merwyn the Malicious</a> &#183; <a href=\"/wiki/Nicholas_de_Mimsy-Porpington\" title=\"Nicholas de Mimsy-Porpington\">Nicholas de Mimsy-Porpington</a> &#183; <a href=\"/wiki/Valeria_Myriadd\" title=\"Valeria Myriadd\">Valeria Myriadd</a> &#183; <a href=\"/wiki/Helena_Ravenclaw\" title=\"Helena Ravenclaw\">Helena Ravenclaw</a> &#183; <a href=\"/wiki/Brutus_Scrimgeour\" title=\"Brutus Scrimgeour\">Brutus Scrimgeour</a> &#183; <a href=\"/wiki/Temeritus_Shanks\" title=\"Temeritus Shanks\">Temeritus Shanks</a> &#183; <a href=\"/wiki/Shepherdess\" title=\"Shepherdess\">Shepherdess</a> &#183; <a href=\"/wiki/Portrait_of_a_witch_in_green\" title=\"Portrait of a witch in green\">Witch in green</a> &#183; <a href=\"/wiki/Portrait_of_a_witch_in_Pompadour_hairstyle\" title=\"Portrait of a witch in Pompadour hairstyle\">Witch in Pompadour hairstyle</a> &#183; <a href=\"/wiki/Portrait_of_a_wizard_in_black\" title=\"Portrait of a wizard in black\">Wizard in black</a> &#183; <a href=\"/wiki/Portrait_of_a_wizard_in_red\" title=\"Portrait of a wizard in red\">Wizard in red</a></center>\n</td></tr>\n<tr>\n<td colspan=\"3\" width=\"45%\" style=\"background-color: #dfdfdf; font-size: 9pt;\"><center><b>Staircases</b></center>\n</td></tr>\n<tr>\n<td colspan=\"3\" style=\"font-size: 8pt;\"><center><a href=\"/wiki/Staircase_between_the_courtyard_and_Serpentine_corridors\" title=\"Staircase between the courtyard and Serpentine corridors\">Staircase to the courtyard corridor</a> &#183; <a href=\"/wiki/Staircase_between_the_first-floor_and_Serpentine_corridors\" title=\"Staircase between the first-floor and Serpentine corridors\">Staircase to the first-floor corridor</a> &#183; <a href=\"/wiki/Staircase_between_the_second_and_third-floors\" title=\"Staircase between the second and third-floors\">Staircase to the second-floor arcade</a></center>\n</td></tr></tbody></table>\n<p><br />\n</p>\n<table style=\"width: 100%; border: 0px none; border-style: none; margin-left: 0; margin-right: 0; text-align: left\">\n<tbody><tr>\n<th align=\"center\" colspan=\"2\" style=\"background-color:#ccd\"><a href=\"/wiki/Professor\" title=\"Professor\">Hogwarts Faculty</a><br /><a href=\"https://static.wikia.nocookie.net/harrypotter/images/a/ae/Hogwartscrest.png/revision/latest?cb=20110806202805\" class=\"image\"><img alt=\"Hogwartscrest.png\" src=\"data:image/gif;base64,R0lGODlhAQABAIABAAAAAP///yH5BAEAAAEALAAAAAABAAEAQAICTAEAOw%3D%3D\" decoding=\"async\" width=\"80\" height=\"81\" data-image-name=\"Hogwartscrest.png\" data-image-key=\"Hogwartscrest.png\" data-src=\"https://static.wikia.nocookie.net/harrypotter/images/a/ae/Hogwartscrest.png/revision/latest/scale-to-width-down/80?cb=20110806202805\" class=\"lazyload\" /></a>\n</th></tr>\n<tr>\n<th align=\"left\" style=\"background-color:#ccd\"><a href=\"/wiki/Hogwarts_founders\" title=\"Hogwarts founders\">Founders</a>\n</th>\n<td valign=\"top\" style=\"background-color:white\"><a href=\"/wiki/Godric_Gryffindor\" title=\"Godric Gryffindor\">Godric Gryffindor</a> | <a href=\"/wiki/Helga_Hufflepuff\" title=\"Helga Hufflepuff\">Helga Hufflepuff</a> | <a href=\"/wiki/Rowena_Ravenclaw\" title=\"Rowena Ravenclaw\">Rowena Ravenclaw</a> | <a href=\"/wiki/Salazar_Slytherin\" title=\"Salazar Slytherin\">Salazar Slytherin</a>\n</td></tr>\n<tr>\n<th style=\"background-color:#ccd\"><a href=\"/wiki/Hogwarts_Headmaster\" title=\"Hogwarts Headmaster\">Headteachers</a>\n</th>\n<td valign=\"top\" style=\"background-color:white\"><a href=\"/wiki/Eupraxia_Mole\" title=\"Eupraxia Mole\">Eupraxia Mole</a> | <a href=\"/wiki/Vulpus\" title=\"Vulpus\">Vulpus</a> | <a href=\"/wiki/Phyllida_Spore\" title=\"Phyllida Spore\">Phyllida Spore</a> | <a href=\"/wiki/Dexter_Fortescue\" title=\"Dexter Fortescue\">Dexter Fortescue</a> | <a href=\"/wiki/Edessa_Skandenberg\" title=\"Edessa Skandenberg\">Edessa Skandenberg</a> | <a href=\"/wiki/Amrose_Swott\" title=\"Amrose Swott\">Amrose Swott</a> | <a href=\"/wiki/Everard\" title=\"Everard\">Everard</a> | <a href=\"/wiki/Vindictus_Veridian\" class=\"mw-redirect\" title=\"Vindictus Veridian\">Vindictus Veridian</a> | <a href=\"/wiki/Dilys_Derwent\" title=\"Dilys Derwent\">Dilys Derwent</a> | <a href=\"/wiki/Quintin_Trimble\" class=\"mw-redirect\" title=\"Quintin Trimble\">Quintin Trimble</a> | <a href=\"/wiki/Limebert\" title=\"Limebert\">Limebert</a> | <a href=\"/wiki/Phineas_Nigellus_Black\" title=\"Phineas Nigellus Black\">Phineas Nigellus Black</a> | <a href=\"/wiki/Walter_Aragon\" title=\"Walter Aragon\">Walter Aragon</a> | <strong class=\"mw-selflink selflink\">Basil Fronsac</strong> | <a href=\"/wiki/Armando_Dippet\" title=\"Armando Dippet\">Armando Dippet</a> | <a href=\"/wiki/Albus_Dumbledore\" title=\"Albus Dumbledore\">Albus Dumbledore</a> | <a href=\"/wiki/Dolores_Umbridge\" title=\"Dolores Umbridge\">Dolores Umbridge</a> | <a href=\"/wiki/Severus_Snape\" title=\"Severus Snape\">Severus Snape</a> | <a href=\"/wiki/Minerva_McGonagall\" title=\"Minerva McGonagall\">Minerva McGonagall</a> | <a href=\"/wiki/Brian_Gagwilde\" title=\"Brian Gagwilde\">Brian Gagwilde</a> | <a href=\"/wiki/Elizabeth_Burke\" title=\"Elizabeth Burke\">Elizabeth Burke</a>\n</td></tr>\n<tr>\n<th style=\"background-color:#ccd; width:17%\"><a href=\"/wiki/Deputy_Headmaster\" title=\"Deputy Headmaster\">Deputy Heads</a>\n</th>\n<td valign=\"top\" style=\"background-color:white\"><a href=\"/wiki/Minerva_McGonagall\" title=\"Minerva McGonagall\">Minerva McGonagall</a> | <a href=\"/wiki/Amycus_Carrow\" title=\"Amycus Carrow\">Amycus Carrow</a> | <a href=\"/wiki/Alecto_Carrow\" title=\"Alecto Carrow\">Alecto Carrow</a>\n</td></tr>\n<tr>\n<th style=\"background-color:#ccd\"><a href=\"/wiki/Head_of_House\" title=\"Head of House\">Heads of House</a>\n</th>\n<td valign=\"top\" style=\"background-color:white\"><a href=\"/wiki/Filius_Flitwick\" title=\"Filius Flitwick\">Filius Flitwick</a> | <a href=\"/wiki/Minerva_McGonagall\" title=\"Minerva McGonagall\">Minerva McGonagall</a> | <a href=\"/wiki/Horace_Slughorn\" title=\"Horace Slughorn\">Horace Slughorn</a> | <a href=\"/wiki/Severus_Snape\" title=\"Severus Snape\">Severus Snape</a> | <a href=\"/wiki/Pomona_Sprout\" title=\"Pomona Sprout\">Pomona Sprout</a>\n</td></tr>\n<tr>\n<th style=\"background-color:#ccd\"><a href=\"/wiki/Professor#Hogwarts\" title=\"Professor\">Teaching Staff</a>\n</th>\n<td valign=\"top\" style=\"background-color:white\"><a href=\"/wiki/Bartholomew\" title=\"Bartholomew\">Bartholomew</a> | <a href=\"/wiki/Bathsheda_Babbling\" title=\"Bathsheda Babbling\">Bathsheda Babbling</a> | <a href=\"/wiki/Herbert_Beery\" title=\"Herbert Beery\">Herbert Beery</a> | <a href=\"/wiki/Cuthbert_Binns\" title=\"Cuthbert Binns\">Cuthbert Binns</a> | <a href=\"/wiki/Charity_Burbage\" title=\"Charity Burbage\">Charity Burbage</a> | <a href=\"/wiki/Alecto_Carrow\" title=\"Alecto Carrow\">Alecto Carrow</a> | <a href=\"/wiki/Amycus_Carrow\" title=\"Amycus Carrow\">Amycus Carrow</a> | <a href=\"/wiki/Albus_Dumbledore\" title=\"Albus Dumbledore\">Albus Dumbledore</a> | <a href=\"/wiki/Dolores_Umbridge\" title=\"Dolores Umbridge\">Dolores Umbridge</a> | <a href=\"/wiki/Firenze\" title=\"Firenze\">Firenze</a> | <a href=\"/wiki/Filius_Flitwick\" title=\"Filius Flitwick\">Filius Flitwick</a> | <a href=\"/wiki/Fortinbras\" title=\"Fortinbras\">Fortinbras</a> | <a href=\"/wiki/Rubeus_Hagrid\" title=\"Rubeus Hagrid\">Rubeus Hagrid</a> | <a href=\"/wiki/Rolanda_Hooch\" title=\"Rolanda Hooch\">Rolanda Hooch</a> | <a href=\"/wiki/Arsenius_Jigger\" title=\"Arsenius Jigger\">Arsenius Jigger</a> | <a href=\"/wiki/Silvanus_Kettleburn\" title=\"Silvanus Kettleburn\">Silvanus Kettleburn</a> | <a href=\"/wiki/Gilderoy_Lockhart\" title=\"Gilderoy Lockhart\">Gilderoy Lockhart</a> | <a href=\"/wiki/Neville_Longbottom\" title=\"Neville Longbottom\">Neville Longbottom</a> | <a href=\"/wiki/Remus_Lupin\" title=\"Remus Lupin\">Remus Lupin</a> | <a href=\"/wiki/Minerva_McGonagall\" title=\"Minerva McGonagall\">Minerva McGonagall</a> | <a href=\"/wiki/Galatea_Merrythought\" title=\"Galatea Merrythought\">Galatea Merrythought</a> | <a href=\"/wiki/Quirinus_Quirrell\" title=\"Quirinus Quirrell\">Quirinus Quirrell</a> | <a href=\"/wiki/Patricia_Rakepick\" title=\"Patricia Rakepick\">Patricia Rakepick</a> | <a href=\"/wiki/Aurora_Sinistra\" title=\"Aurora Sinistra\">Aurora Sinistra</a> | <a href=\"/wiki/Horace_Slughorn\" title=\"Horace Slughorn\">Horace Slughorn</a> | <a href=\"/wiki/Severus_Snape\" title=\"Severus Snape\">Severus Snape</a> | <a href=\"/wiki/Pomona_Sprout\" title=\"Pomona Sprout\">Pomona Sprout</a> | <a href=\"/wiki/Swoopstikes\" title=\"Swoopstikes\">Swoopstikes</a> | <a href=\"/wiki/Sybill_Trelawney\" title=\"Sybill Trelawney\">Sybill Trelawney</a> | <a href=\"/wiki/Septima_Vector\" title=\"Septima Vector\">Septima Vector</a> | <a href=\"/wiki/Unidentified_female_Hogwarts_teacher\" title=\"Unidentified female Hogwarts teacher\">Unidentified witch</a> | <a href=\"/wiki/Unidentified_19th-century_Herbology_professor\" title=\"Unidentified 19th-century Herbology professor\">Unidentified 19th-century Herbology professor</a> |  <a href=\"/wiki/Unidentified_19th-century_Potions_professor\" title=\"Unidentified 19th-century Potions professor\">Unidentified 19th-century Potions professor</a> |<a href=\"/wiki/16th_century_Potions_Professor\" title=\"16th century Potions Professor\">Unnamed Potions Professor</a> (16th century) | <a href=\"/wiki/Smoky-eyed_Potions_professor\" title=\"Smoky-eyed Potions professor\">Unnamed Potions Professor</a> (2021)\n</td></tr>\n<tr>\n<th style=\"background-color:#ccd\"><a href=\"/wiki/Hogwarts_School_of_Witchcraft_and_Wizardry#Support_staff\" title=\"Hogwarts School of Witchcraft and Wizardry\">Support Staff</a>\n</th>\n<td valign=\"top\" style=\"background-color:white\"><a href=\"/wiki/Boil-ridden_house-elf\" title=\"Boil-ridden house-elf\">Boil-ridden house-elf</a> | <a href=\"/wiki/Rancorous_Carpe\" title=\"Rancorous Carpe\">Rancorous Carpe</a> | <a href=\"/wiki/Dobby\" title=\"Dobby\">Dobby</a> | <a href=\"/wiki/Argus_Filch\" title=\"Argus Filch\">Argus Filch</a> | <a href=\"/wiki/Wilhelmina_Grubbly-Plank\" title=\"Wilhelmina Grubbly-Plank\">Wilhelmina Grubbly-Plank</a> | <a href=\"/wiki/Rubeus_Hagrid\" title=\"Rubeus Hagrid\">Rubeus Hagrid</a> | <a href=\"/wiki/Rolanda_Hooch\" title=\"Rolanda Hooch\">Rolanda Hooch</a> | <a href=\"/wiki/Hogwarts_house-elves\" title=\"Hogwarts house-elves\">Hogwarts house-elves</a> | <a href=\"/wiki/Hankerton_Humble\" title=\"Hankerton Humble\">Hankerton Humble</a> | <a href=\"/wiki/Krafty\" title=\"Krafty\">Krafty</a> | <a href=\"/wiki/Kreacher\" title=\"Kreacher\">Kreacher</a> | <a href=\"/wiki/Ogg\" title=\"Ogg\">Ogg</a> | <a href=\"/wiki/Irma_Pince\" title=\"Irma Pince\">Irma Pince</a> | <a href=\"/wiki/Pitts\" title=\"Pitts\">Pitts</a> | <a href=\"/wiki/Poppy_Pomfrey\" title=\"Poppy Pomfrey\">Poppy Pomfrey</a> | <a href=\"/wiki/Apollyon_Pringle\" title=\"Apollyon Pringle\">Apollyon Pringle</a> | <a href=\"/wiki/Lucinda_Thomsonicle-Pocus\" title=\"Lucinda Thomsonicle-Pocus\">Lucinda Thomsonicle-Pocus</a> | <a href=\"/wiki/Winky\" title=\"Winky\">Winky</a>\n</td></tr></tbody></table></div>"}]}}}}