{"batchcomplete": "", "warnings": {"main": {"*": "Subscribe to the mediawiki-api-announce mailing list at <https://lists.wikimedia.org/mailman/listinfo/mediawiki-api-announce> for notice of API deprecations and breaking changes."}, "revisions": {"*": "The parameter \"rvparse\" has been deprecated.\nBecause \"rvslots\" was not specified, a legacy format has been used for the output. This format is deprecated, and in the future the new format will always be used."}}, "query": {"normalized": [{"from": "Basil_Horton", "to": "Basil Horton"}], "pages": {"6373": {"pageid": 6373, "ns": 0, "title": "Basil Horton", "revisions": [{"*": "<div class=\"mw-parser-output\"><p>\n<aside role=\"region\" class=\"portable-infobox pi-background pi-theme-quidditch-player pi-layout-default\"><section class=\"pi-item pi-group pi-border-color\">\n\t\n<h2 class=\"pi-item pi-item-spacing pi-title\" data-source=\"name\">Basil Horton</h2>\n\n</section>\n<section class=\"pi-item pi-group pi-border-color\">\n\t<h2 class=\"pi-item pi-header pi-secondary-font pi-item-spacing pi-secondary-background\">Biographical information</h2>\n\n<div class=\"pi-item pi-data pi-item-spacing pi-border-color\" data-source=\"born\">\n\t\n\t\t<h3 class=\"pi-data-label pi-secondary-font\">Born</h3>\n\t\n\t<div class=\"pi-data-value pi-font\">c. <a href=\"/wiki/20th_century\" title=\"20th century\">20th century</a></div>\n</div>\n\n<div class=\"pi-item pi-data pi-item-spacing pi-border-color\" data-source=\"nationality\">\n\t\n\t\t<h3 class=\"pi-data-label pi-secondary-font\">Nationality</h3>\n\t\n\t<div class=\"pi-data-value pi-font\"><a href=\"/wiki/Great_Britain\" title=\"Great Britain\">British</a></div>\n</div>\n\n</section>\n<section class=\"pi-item pi-group pi-border-color\">\n\t<h2 class=\"pi-item pi-header pi-secondary-font pi-item-spacing pi-secondary-background\">Physical information</h2>\n\n<div class=\"pi-item pi-data pi-item-spacing pi-border-color\" data-source=\"species\">\n\t\n\t\t<h3 class=\"pi-data-label pi-secondary-font\">Species</h3>\n\t\n\t<div class=\"pi-data-value pi-font\"><a href=\"/wiki/Human\" title=\"Human\">Human</a></div>\n</div>\n\n<div class=\"pi-item pi-data pi-item-spacing pi-border-color\" data-source=\"gender\">\n\t\n\t\t<h3 class=\"pi-data-label pi-secondary-font\">Gender</h3>\n\t\n\t<div class=\"pi-data-value pi-font\">Male</div>\n</div>\n\n</section>\n<section class=\"pi-item pi-group pi-border-color\">\n\t<h2 class=\"pi-item pi-header pi-secondary-font pi-item-spacing pi-secondary-background\">Relationship information</h2>\n\n<div class=\"pi-item pi-data pi-item-spacing pi-border-color\" data-source=\"family\">\n\t\n\t\t<h3 class=\"pi-data-label pi-secondary-font\">Family members</h3>\n\t\n\t<div class=\"pi-data-value pi-font\"><ul><li><a href=\"/wiki/Gordon_Horton\" title=\"Gordon Horton\">Gordon Horton</a> (possibly)</li><li><a href=\"/wiki/Horton_family\" title=\"Horton family\">Horton family</a></li></ul></div>\n</div>\n\n</section>\n<section class=\"pi-item pi-group pi-border-color\">\n\t<h2 class=\"pi-item pi-header pi-secondary-font pi-item-spacing pi-secondary-background\">Affiliation</h2>\n\n<div class=\"pi-item pi-data pi-item-spacing pi-border-color\" data-source=\"job\">\n\t\n\t\t<h3 class=\"pi-data-label pi-secondary-font\">Occupation</h3>\n\t\n\t<div class=\"pi-data-value pi-font\"><ul><li><a href=\"/wiki/Quidditch\" title=\"Quidditch\">Quidditch</a> player for the <a href=\"/wiki/Falmouth_Falcons\" title=\"Falmouth Falcons\">Falmouth Falcons</a></li><li>Cofounder of the <a href=\"/wiki/Comet_Trading_Company\" title=\"Comet Trading Company\">Comet Trading Company</a></li></ul></div>\n</div>\n\n<div class=\"pi-item pi-data pi-item-spacing pi-border-color\" data-source=\"loyalty\">\n\t\n\t\t<h3 class=\"pi-data-label pi-secondary-font\">Loyalty</h3>\n\t\n\t<div class=\"pi-data-value pi-font\"><a href=\"/wiki/Comet_Trading_Company\" title=\"Comet Trading Company\">Comet Trading Company</a></div>\n</div>\n\n</section>\n<nav class=\"pi-navigation pi-item-spacing pi-secondary-background pi-secondary-font\"><small><a href=\"/wiki/Template:Individual_infobox\" title=\"Template:Individual infobox\">[Source]</a><span class=\"hidable-button\"></span></small></nav>\n</aside>\n<b>Basil Horton</b> (fl. 1929) was a <a href=\"/wiki/Great_Britain\" title=\"Great Britain\">British</a> <a href=\"/wiki/Wizardkind\" title=\"Wizardkind\">wizard</a> and <a href=\"/wiki/Quidditch\" title=\"Quidditch\">Quidditch</a> player for the <a href=\"/wiki/Falmouth_Falcons\" title=\"Falmouth Falcons\">Falmouth Falcons</a>.\n</p>\n<div id=\"toc\" class=\"toc\"><input type=\"checkbox\" role=\"button\" id=\"toctogglecheckbox\" class=\"toctogglecheckbox\" style=\"display:none\" /><div class=\"toctitle\" lang=\"en\" dir=\"ltr\"><h2>Contents</h2><span class=\"toctogglespan\"><label class=\"toctogglelabel\" for=\"toctogglecheckbox\"></label></span></div>\n<ul>\n<li class=\"toclevel-1 tocsection-1\"><a href=\"#Biography\"><span class=\"tocnumber\">1</span> <span class=\"toctext\">Biography</span></a></li>\n<li class=\"toclevel-1 tocsection-2\"><a href=\"#Magical_abilities_and_skills\"><span class=\"tocnumber\">2</span> <span class=\"toctext\">Magical abilities and skills</span></a></li>\n<li class=\"toclevel-1 tocsection-3\"><a href=\"#Etymology\"><span class=\"tocnumber\">3</span> <span class=\"toctext\">Etymology</span></a></li>\n<li class=\"toclevel-1 tocsection-4\"><a href=\"#Appearances\"><span class=\"tocnumber\">4</span> <span class=\"toctext\">Appearances</span></a></li>\n<li class=\"toclevel-1 tocsection-5\"><a href=\"#Notes_and_references\"><span class=\"tocnumber\">5</span> <span class=\"toctext\">Notes and references</span></a></li>\n</ul>\n</div>\n\n<h2><span class=\"mw-headline\" id=\"Biography\">Biography</span><span class=\"mw-editsection\"><span class=\"mw-editsection-bracket\">[</span><a href=\"/wiki/Basil_Horton?veaction=edit&amp;section=1\" class=\"mw-editsection-visualeditor\" title=\"Edit section: Biography\">edit</a><span class=\"mw-editsection-divider\"> | </span><a href=\"/wiki/Basil_Horton?action=edit&amp;section=1\" title=\"Edit section: Biography\"><svg class=\"wds-icon wds-icon-tiny section-edit-pencil-icon\"><use xlink:href=\"#wds-icons-pencil-tiny\"></use></svg>edit source</a><span class=\"mw-editsection-bracket\">]</span></span></h2>\n<p>In <a href=\"/wiki/1929\" title=\"1929\">1929</a>, he established the <a href=\"/wiki/Comet_Trading_Company\" title=\"Comet Trading Company\">Comet Trading Company</a> with fellow player <a href=\"/wiki/Randolph_Keitch\" title=\"Randolph Keitch\">Randolph Keitch</a>. Together they also invented the <a href=\"/wiki/Horton-Keitch_Braking_Charm\" title=\"Horton-Keitch Braking Charm\">Horton-Keitch Braking Charm</a>.<sup id=\"cite_ref-1\" class=\"reference\"><a href=\"#cite_note-1\">&#91;1&#93;</a></sup>\n</p>\n<h2><span class=\"mw-headline\" id=\"Magical_abilities_and_skills\">Magical abilities and skills</span><span class=\"mw-editsection\"><span class=\"mw-editsection-bracket\">[</span><a href=\"/wiki/Basil_Horton?veaction=edit&amp;section=2\" class=\"mw-editsection-visualeditor\" title=\"Edit section: Magical abilities and skills\">edit</a><span class=\"mw-editsection-divider\"> | </span><a href=\"/wiki/Basil_Horton?action=edit&amp;section=2\" title=\"Edit section: Magical abilities and skills\"><svg class=\"wds-icon wds-icon-tiny section-edit-pencil-icon\"><use xlink:href=\"#wds-icons-pencil-tiny\"></use></svg>edit source</a><span class=\"mw-editsection-bracket\">]</span></span></h2>\n<ul><li><b><a href=\"/wiki/Flight\" title=\"Flight\">Flying</a></b>: Horton was an accomplished and talented <a href=\"/wiki/Broomstick\" title=\"Broomstick\">broomstick</a> flyer, being a professional <a href=\"/wiki/Quidditch\" title=\"Quidditch\">Quidditch</a> player for the <a href=\"/wiki/Falmouth_Falcons\" title=\"Falmouth Falcons\">Falmouth Falcons</a></li>\n<li><b><a href=\"/wiki/Charm\" title=\"Charm\">Charms</a></b>: Horton was highly proficient in charm-work, given how he invented the <a href=\"/wiki/Horton-Keitch_Braking_Charm\" title=\"Horton-Keitch Braking Charm\">Horton-Keitch Braking Charm</a>.</li>\n<li><b><a href=\"/wiki/Spell_creation\" title=\"Spell creation\">Spell creation</a></b>: Horton succeeded in the immensely complex and difficult <a href=\"/wiki/Magic\" title=\"Magic\">magical</a> art of inventing new <a href=\"/wiki/Spell\" title=\"Spell\">spells</a>, as he successfully created the <a href=\"/wiki/Horton-Keitch_Braking_Charm\" title=\"Horton-Keitch Braking Charm\">Horton-Keitch Braking Charm</a>.</li></ul>\n<h2><span class=\"mw-headline\" id=\"Etymology\">Etymology</span><span class=\"mw-editsection\"><span class=\"mw-editsection-bracket\">[</span><a href=\"/wiki/Basil_Horton?veaction=edit&amp;section=3\" class=\"mw-editsection-visualeditor\" title=\"Edit section: Etymology\">edit</a><span class=\"mw-editsection-divider\"> | </span><a href=\"/wiki/Basil_Horton?action=edit&amp;section=3\" title=\"Edit section: Etymology\"><svg class=\"wds-icon wds-icon-tiny section-edit-pencil-icon\"><use xlink:href=\"#wds-icons-pencil-tiny\"></use></svg>edit source</a><span class=\"mw-editsection-bracket\">]</span></span></h2>\n<p>The name \"Basil\" comes from the Greek name \u0392\u03b1\u03c3\u03b9\u03bb\u03b5\u03b9\u03bf\u03c2 (Basileios) which was derived from \u03b2\u03b1\u03c3\u03b9\u03bb\u03b5\u03c5\u03c2 (basileus) meaning \"king\". Saint Basil the Great was a 4th-century bishop of Caesarea and one of the fathers of the early Christian church.\n</p>\n<h2><span class=\"mw-headline\" id=\"Appearances\">Appearances</span><span class=\"mw-editsection\"><span class=\"mw-editsection-bracket\">[</span><a href=\"/wiki/Basil_Horton?veaction=edit&amp;section=4\" class=\"mw-editsection-visualeditor\" title=\"Edit section: Appearances\">edit</a><span class=\"mw-editsection-divider\"> | </span><a href=\"/wiki/Basil_Horton?action=edit&amp;section=4\" title=\"Edit section: Appearances\"><svg class=\"wds-icon wds-icon-tiny section-edit-pencil-icon\"><use xlink:href=\"#wds-icons-pencil-tiny\"></use></svg>edit source</a><span class=\"mw-editsection-bracket\">]</span></span></h2>\n<ul><li><i><a href=\"/wiki/Quidditch_Through_the_Ages_(real)\" title=\"Quidditch Through the Ages (real)\">Quidditch Through the Ages</a></i> <small>(First appearance)</small></li></ul>\n<h2><span class=\"mw-headline\" id=\"Notes_and_references\">Notes and references</span><span class=\"mw-editsection\"><span class=\"mw-editsection-bracket\">[</span><a href=\"/wiki/Basil_Horton?veaction=edit&amp;section=5\" class=\"mw-editsection-visualeditor\" title=\"Edit section: Notes and references\">edit</a><span class=\"mw-editsection-divider\"> | </span><a href=\"/wiki/Basil_Horton?action=edit&amp;section=5\" title=\"Edit section: Notes and references\"><svg class=\"wds-icon wds-icon-tiny section-edit-pencil-icon\"><use xlink:href=\"#wds-icons-pencil-tiny\"></use></svg>edit source</a><span class=\"mw-editsection-bracket\">]</span></span></h2>\n<div class=\"references-small\">\n<div class=\"mw-references-wrap\"><ol class=\"references\">\n<li id=\"cite_note-1\"><span class=\"mw-cite-backlink\"><a href=\"#cite_ref-1\">\u2191</a></span> <span class=\"reference-text\"><i><a href=\"/wiki/Quidditch_Through_the_Ages_(real)\" title=\"Quidditch Through the Ages (real)\">Quidditch Through the Ages (real)</a></i> - Chapter Nine (The Development of the Racing Broom)</span>\n</li>\n</ol></div></div>\n<p><br clear=\"all\" />\n</p>\n<table style=\"margin:0 auto; text-align: center;\" align=\"center\" class=\"toccolours\" width=\"90%\">\n\n<tbody><tr>\n<th colspan=\"2\" style=\"background:#ccd;\"><a href=\"/wiki/Charms_(class)\" title=\"Charms (class)\">Charms (class)</a>\n</th></tr>\n<tr>\n<td colspan=\"2\"><div class=\"center\"><div class=\"floatnone\"><a href=\"https://static.wikia.nocookie.net/harrypotter/images/a/a1/PS_Wingardium_Leviosa_feather.gif/revision/latest?cb=20140407141259\" class=\"image\"><img alt=\"PS Wingardium Leviosa feather.gif\" src=\"https://static.wikia.nocookie.net/harrypotter/images/a/a1/PS_Wingardium_Leviosa_feather.gif/revision/latest/scale-to-width-down/90?cb=20140407141259\" decoding=\"async\" width=\"90\" height=\"54\" data-image-name=\"PS Wingardium Leviosa feather.gif\" data-image-key=\"PS_Wingardium_Leviosa_feather.gif\" /></a></div></div>\n</td></tr>\n<tr>\n<th colspan=\"2\" style=\"background-color: #dfdfdf;\">Charm-book writers and developers\n</th></tr>\n<tr>\n<td colspan=\"2\" style=\"font-size: 90%;border-bottom: 1pt solid #dfdfdf;\"><a href=\"/wiki/Blagdon_Blay\" title=\"Blagdon Blay\">Blagdon Blay</a> \u00b7 <a href=\"/wiki/Daisy_Pennifold\" title=\"Daisy Pennifold\">Daisy Pennifold</a> \u00b7 <a href=\"/wiki/Delfina_Crimp\" title=\"Delfina Crimp\">Delfina Crimp</a> \u00b7 <a href=\"/wiki/Miranda_Goshawk\" title=\"Miranda Goshawk\">Miranda Goshawk</a> \u00b7 <a href=\"/wiki/Jarleth_Hobart\" title=\"Jarleth Hobart\">Jarleth Hobart</a> \u00b7 <strong class=\"mw-selflink selflink\">Basil Horton</strong> \u00b7 <a href=\"/wiki/Helixa_Hyslop\" title=\"Helixa Hyslop\">Helixa Hyslop</a> \u00b7 <a href=\"/wiki/Syna_Hyslop\" title=\"Syna Hyslop\">Syna Hyslop</a> \u00b7 <a href=\"/wiki/Randolph_Keitch\" title=\"Randolph Keitch\">Randolph Keitch</a> \u00b7 <a href=\"/wiki/Levina_Monkstanley\" title=\"Levina Monkstanley\">Levina Monkstanley</a> \u00b7 <a href=\"/wiki/Orabella_Nuttley\" title=\"Orabella Nuttley\">Orabella Nuttley</a> \u00b7 <a href=\"/wiki/Mnemone_Radford\" title=\"Mnemone Radford\">Mnemone Radford</a> \u00b7 <a href=\"/wiki/Scarpin\" title=\"Scarpin\">Scarpin</a> \u00b7 <a href=\"/wiki/Elliot_Smethwyck\" title=\"Elliot Smethwyck\">Elliot Smethwyck</a> \u00b7 <a href=\"/wiki/Felix_Summerbee\" title=\"Felix Summerbee\">Felix Summerbee</a> \u00b7 <a href=\"/wiki/Fred_Weasley\" title=\"Fred Weasley\">Fred Weasley</a> \u00b7 <a href=\"/wiki/George_Weasley\" title=\"George Weasley\">George Weasley</a> \u00b7 <a href=\"/wiki/Violeta_Stitch\" title=\"Violeta Stitch\">Violeta Stitch</a>\n</td></tr>\n<tr>\n<th style=\"border-bottom: 1pt solid #dfdfdf;\"><a href=\"/wiki/Charms_Master\" title=\"Charms Master\">Professors</a>\n</th>\n<td style=\"font-size: 90%;border-bottom: 1pt solid #dfdfdf;\"><a href=\"/wiki/Fortinbras\" title=\"Fortinbras\">Fortinbras</a> \u00b7 <a href=\"/wiki/Filius_Flitwick\" title=\"Filius Flitwick\">Filius Flitwick</a> \u00b7 <a href=\"/wiki/Unidentified_male_Charms_Professor\" title=\"Unidentified male Charms Professor\">Unidentified male Charms Professor</a>\n</td></tr>\n<tr>\n<th>Textbooks\n</th>\n<td style=\"font-size: 90%;\"><i><a href=\"/wiki/Achievements_in_Charming\" title=\"Achievements in Charming\">Achievements in Charming</a></i> \u00b7 <i><a href=\"/wiki/Extreme_Incantations\" title=\"Extreme Incantations\">Extreme Incantations</a></i> \u00b7 <i><a href=\"/wiki/Quintessence:_A_Quest\" title=\"Quintessence: A Quest\">Quintessence: A Quest</a></i> \u00b7 <i><a href=\"/wiki/The_Standard_Book_of_Spells\" title=\"The Standard Book of Spells\">The Standard Book of Spells</a></i>\n</td></tr>\n<tr>\n<th colspan=\"2\" style=\"background-color: #dfdfdf;\">Charms studied at Hogwarts\n</th></tr>\n<tr>\n<td colspan=\"2\" style=\"font-size: 90%;\"><a href=\"/wiki/Banishing_Charm\" title=\"Banishing Charm\">Banishing Charm</a> (<i>Depulso</i>) \u00b7 <a href=\"/wiki/Blackboard_Writing_Spell\" title=\"Blackboard Writing Spell\">Blackboard Writing Spell</a> \u00b7 <a href=\"/wiki/Blue_sparks\" title=\"Blue sparks\">Blue sparks</a> \u00b7 <a href=\"/wiki/Box_Blasting_Charm\" title=\"Box Blasting Charm\">Box Blasting Charm</a> (<i>Cistem Aperio</i>) \u00b7 <a href=\"/wiki/Bubble-Head_Charm\" title=\"Bubble-Head Charm\">Bubble-Head Charm</a> \u00b7 <a href=\"/wiki/Cheering_Charm\" title=\"Cheering Charm\">Cheering Charm</a> \u00b7 <a href=\"/wiki/Cleaning_Charm\" title=\"Cleaning Charm\">Cleaning Charm</a> \u00b7 <a href=\"/wiki/Colour_Change_Charm\" title=\"Colour Change Charm\">Colour Change Charm</a> (<i>Colovaria</i>) \u00b7 <a href=\"/wiki/Confundus_Charm\" title=\"Confundus Charm\">Confundus Charm</a> (<i>Confundo</i>) \u00b7 <a href=\"/wiki/Counter-charm_for_hiccoughs\" title=\"Counter-charm for hiccoughs\">Counter-charm for hiccoughs</a> \u00b7 <a href=\"/wiki/Dancing_Feet_Spell\" title=\"Dancing Feet Spell\">Dancing Feet Spell</a> (<i>Tarantallegra</i>) \u00b7 <i><a href=\"/wiki/Descendo\" title=\"Descendo\">Descendo</a></i> \u00b7 <a href=\"/wiki/Disarming_Charm\" title=\"Disarming Charm\">Disarming Charm</a> (<i>Expelliarmus</i>) \u00b7 <a href=\"/wiki/Disillusionment_Charm\" title=\"Disillusionment Charm\">Disillusionment Charm</a> \u00b7 <a href=\"/wiki/Drought_Charm\" title=\"Drought Charm\">Drought Charm</a> \u00b7 <a href=\"/wiki/Eradication_Spell\" title=\"Eradication Spell\">Eradication Spell</a> (<i>Deletrius</i>) \u00b7 <a href=\"/wiki/Engorgement_Charm\" title=\"Engorgement Charm\">Engorgement Charm</a> (<i>Engorgio</i>) \u00b7 <a href=\"/wiki/Exploding_Charm\" title=\"Exploding Charm\">Exploding Charm</a> (<i>Bombarda</i>) \u00b7 <a href=\"/wiki/Fire-Making_Spell\" title=\"Fire-Making Spell\">Fire-Making Spell</a> (<i>Incendio</i>) \u00b7 <a href=\"/wiki/Freezing_Charm\" title=\"Freezing Charm\">Freezing Charm</a> (<i>Immobulus</i>) \u00b7 <a href=\"/wiki/Freezing_Spell\" title=\"Freezing Spell\">Freezing Spell</a> (<i>Glacius</i>) \u00b7 <a href=\"/wiki/Full_Body-Bind_Curse\" title=\"Full Body-Bind Curse\">Full Body-Bind Curse</a> (<i>Petrificus Totalus</i>) \u00b7 <a href=\"/wiki/General_Counter-Spell\" title=\"General Counter-Spell\">General Counter-Spell</a> (<i>Finite Incantatem</i>) \u00b7 <a href=\"/wiki/Gouging_Spell\" title=\"Gouging Spell\">Gouging Spell</a> (<i>Defodio</i>) \u00b7 <a href=\"/wiki/Growth_Charm\" title=\"Growth Charm\">Growth Charm</a> \u00b7 <a href=\"/wiki/Ice_Jinx\" title=\"Ice Jinx\">Ice Jinx</a> \u00b7 <a href=\"/wiki/Knitting_Charm\" title=\"Knitting Charm\">Knitting Charm</a> \u00b7 <a href=\"/wiki/Knockback_Jinx\" title=\"Knockback Jinx\">Knockback Jinx</a> (<i>Flipendo</i>) \u00b7 <a href=\"/wiki/Leg-Locker_Curse\" title=\"Leg-Locker Curse\">Leg-Locker Curse</a> (<i>Locomotor Mortis</i>) \u00b7 <a href=\"/wiki/Levitation_Charm\" title=\"Levitation Charm\">Levitation Charm</a> (<i>Wingardium Leviosa</i>) \u00b7 <a href=\"/wiki/Locking_Spell\" title=\"Locking Spell\">Locking Spell</a> (<i>Colloportus</i>) \u00b7 <a href=\"/wiki/Locomotion_Charm\" title=\"Locomotion Charm\">Locomotion Charm</a> (<i>Locomotor</i>) \u00b7 <a href=\"/wiki/Mending_Charm\" title=\"Mending Charm\">Mending Charm</a> (<i>Reparo</i>) \u00b7 <a href=\"/wiki/Memory_Charm\" title=\"Memory Charm\">Memory Charm</a> (<i>Obliviate</i>) \u00b7 <a href=\"/wiki/Muffliato_Charm\" title=\"Muffliato Charm\">Muffliato Charm</a> (<i>Muffliato</i>) \u00b7 <a href=\"/wiki/Nonverbal_spell\" title=\"Nonverbal spell\">Nonverbal spells</a> \u00b7 <a href=\"/wiki/Pack_Charm\" title=\"Pack Charm\">Pack Charm</a> (<i>Pack</i>) \u00b7 <a href=\"/wiki/Red_Sparks\" title=\"Red Sparks\">Red Sparks</a> (<i>Vermillious</i>) \u00b7 <a href=\"/wiki/Reductor_Curse\" title=\"Reductor Curse\">Reductor Curse</a> (<i>Reducto</i>) \u00b7 <a href=\"/wiki/Scouring_Charm\" title=\"Scouring Charm\">Scouring Charm</a> (<i>Scourgify</i>) \u00b7 <a href=\"/wiki/Seize_and_Pull_Charm\" title=\"Seize and Pull Charm\">Seize and Pull Charm</a> (<i>Carpe Retractum</i>) \u00b7 <a href=\"/wiki/Severing_Charm\" title=\"Severing Charm\">Severing Charm</a> (<i>Diffindo</i>) \u00b7 <a href=\"/wiki/Shrinking_Charm\" title=\"Shrinking Charm\">Shrinking Charm</a> (<i>Reducio</i>) \u00b7 <a href=\"/wiki/Silencing_Charm\" title=\"Silencing Charm\">Silencing Charm</a> (<i>Silencio</i>) \u00b7 <a href=\"/wiki/Slowing_Charm\" title=\"Slowing Charm\">Slowing Charm</a> (<i>Arresto Momentum</i>) \u00b7 <a href=\"/wiki/Skurge_Scouring_Charm\" class=\"mw-redirect\" title=\"Skurge Scouring Charm\">Skurge Scouring Charm</a> (<i>Skurge</i>) \u00b7 <a href=\"/wiki/Softening_Charm\" title=\"Softening Charm\">Softening Charm</a> (<i>Spongify</i>) \u00b7 <a href=\"/wiki/Spell_for_growing_legs\" title=\"Spell for growing legs\">Spell for growing legs</a> \u00b7 <a href=\"/wiki/Substantive_Charm\" title=\"Substantive Charm\">Substantive Charm</a> \u00b7 <a href=\"/wiki/Summoning_Charm\" title=\"Summoning Charm\">Summoning Charm</a> (<i>Accio</i>) \u00b7 <a href=\"/wiki/Tickling_Charm\" title=\"Tickling Charm\">Tickling Charm</a> (<i>Rictusempra</i>) \u00b7 <a href=\"/wiki/Unlocking_Charm\" title=\"Unlocking Charm\">Unlocking Charm</a> (<i>Alohomora</i>) \u00b7 <a href=\"/wiki/Vinegar_to_wine_spell\" title=\"Vinegar to wine spell\">Vinegar into Wine</a> \u00b7 <a href=\"/wiki/Wand-Extinguishing_Charm\" title=\"Wand-Extinguishing Charm\">Wand-Extinguishing Charm</a> (<i>Nox</i>) \u00b7 <a href=\"/wiki/Wand-Lighting_Charm\" title=\"Wand-Lighting Charm\">Wand-Lighting Charm</a> (<i>Lumos</i>) \u00b7 <i><a href=\"/wiki/Lumos_Maxima\" title=\"Lumos Maxima\">Lumos Maxima</a></i> \u00b7 <a href=\"/wiki/Water-Making_Spell\" title=\"Water-Making Spell\">Water-Making Spell</a> (<i>Aguamenti</i>)\n</td></tr></tbody></table></div>"}]}}}}