{"batchcomplete": "", "warnings": {"main": {"*": "Subscribe to the mediawiki-api-announce mailing list at <https://lists.wikimedia.org/mailman/listinfo/mediawiki-api-announce> for notice of API deprecations and breaking changes."}, "revisions": {"*": "The parameter \"rvparse\" has been deprecated.\nBecause \"rvslots\" was not specified, a legacy format has been used for the output. This format is deprecated, and in the future the new format will always be used."}}, "query": {"normalized": [{"from": "Bathsheda_Babbling", "to": "Bathsheda Babbling"}], "pages": {"8808": {"pageid": 8808, "ns": 0, "title": "Bathsheda Babbling", "revisions": [{"*": "<div class=\"mw-parser-output\"><p>\n<aside role=\"region\" class=\"portable-infobox pi-background pi-theme-hogwarts-staff pi-layout-default\"><section class=\"pi-item pi-group pi-border-color\">\n\t\n<h2 class=\"pi-item pi-item-spacing pi-title\" data-source=\"name\">Bathsheda Babbling</h2>\n\n</section>\n<section class=\"pi-item pi-group pi-border-color\">\n\t<h2 class=\"pi-item pi-header pi-secondary-font pi-item-spacing pi-secondary-background\">Biographical information</h2>\n\n<div class=\"pi-item pi-data pi-item-spacing pi-border-color\" data-source=\"born\">\n\t\n\t\t<h3 class=\"pi-data-label pi-secondary-font\">Born</h3>\n\t\n\t<div class=\"pi-data-value pi-font\">Before <a href=\"/wiki/1976\" title=\"1976\">1976</a><sup id=\"cite_ref-Birth_1-0\" class=\"reference\"><a href=\"#cite_note-Birth-1\">&#91;1&#93;</a></sup></div>\n</div>\n\n<div class=\"pi-item pi-data pi-item-spacing pi-border-color\" data-source=\"nationality\">\n\t\n\t\t<h3 class=\"pi-data-label pi-secondary-font\">Nationality</h3>\n\t\n\t<div class=\"pi-data-value pi-font\"><a href=\"/wiki/Great_Britain\" title=\"Great Britain\">British</a> or <a href=\"/wiki/Ireland\" title=\"Ireland\">Irish</a><sup id=\"cite_ref-2\" class=\"reference\"><a href=\"#cite_note-2\">&#91;2&#93;</a></sup></div>\n</div>\n\n<div class=\"pi-item pi-data pi-item-spacing pi-border-color\" data-source=\"title\">\n\t\n\t\t<h3 class=\"pi-data-label pi-secondary-font\">Title(s)</h3>\n\t\n\t<div class=\"pi-data-value pi-font\"><a href=\"/wiki/Professor\" title=\"Professor\">Professor</a><sup id=\"cite_ref-JKRS_3-0\" class=\"reference\"><a href=\"#cite_note-JKRS-3\">&#91;3&#93;</a></sup></div>\n</div>\n\n</section>\n<section class=\"pi-item pi-group pi-border-color\">\n\t<h2 class=\"pi-item pi-header pi-secondary-font pi-item-spacing pi-secondary-background\">Physical information</h2>\n\n<div class=\"pi-item pi-data pi-item-spacing pi-border-color\" data-source=\"species\">\n\t\n\t\t<h3 class=\"pi-data-label pi-secondary-font\">Species</h3>\n\t\n\t<div class=\"pi-data-value pi-font\"><a href=\"/wiki/Human\" title=\"Human\">Human</a><sup id=\"cite_ref-JKRS_3-1\" class=\"reference\"><a href=\"#cite_note-JKRS-3\">&#91;3&#93;</a></sup></div>\n</div>\n\n<div class=\"pi-item pi-data pi-item-spacing pi-border-color\" data-source=\"gender\">\n\t\n\t\t<h3 class=\"pi-data-label pi-secondary-font\">Gender</h3>\n\t\n\t<div class=\"pi-data-value pi-font\">Female<sup id=\"cite_ref-JKRS_3-2\" class=\"reference\"><a href=\"#cite_note-JKRS-3\">&#91;3&#93;</a></sup></div>\n</div>\n\n</section>\n<section class=\"pi-item pi-group pi-border-color\">\n\t<h2 class=\"pi-item pi-header pi-secondary-font pi-item-spacing pi-secondary-background\">Affiliation</h2>\n\n<div class=\"pi-item pi-data pi-item-spacing pi-border-color\" data-source=\"job\">\n\t\n\t\t<h3 class=\"pi-data-label pi-secondary-font\">Occupation</h3>\n\t\n\t<div class=\"pi-data-value pi-font\"><a href=\"/wiki/Professor\" title=\"Professor\">Professor</a> of the <a href=\"/wiki/Study_of_Ancient_Runes\" title=\"Study of Ancient Runes\">Study of Ancient Runes</a> (before <a href=\"/wiki/1993\" title=\"1993\">1993</a> - ?)<sup id=\"cite_ref-JKRS_3-3\" class=\"reference\"><a href=\"#cite_note-JKRS-3\">&#91;3&#93;</a></sup></div>\n</div>\n\n<div class=\"pi-item pi-data pi-item-spacing pi-border-color\" data-source=\"loyalty\">\n\t\n\t\t<h3 class=\"pi-data-label pi-secondary-font\">Loyalty</h3>\n\t\n\t<div class=\"pi-data-value pi-font\"><a href=\"/wiki/Hogwarts_School_of_Witchcraft_and_Wizardry\" title=\"Hogwarts School of Witchcraft and Wizardry\">Hogwarts School of Witchcraft and Wizardry</a><sup id=\"cite_ref-JKRS_3-4\" class=\"reference\"><a href=\"#cite_note-JKRS-3\">&#91;3&#93;</a></sup></div>\n</div>\n\n</section>\n<nav class=\"pi-navigation pi-item-spacing pi-secondary-background pi-secondary-font\"><small><a href=\"/wiki/Template:Individual_infobox\" title=\"Template:Individual infobox\">[Source]</a><span class=\"hidable-button\"></span></small></nav>\n</aside>\n\n<b>Professor Bathsheda Babbling</b> was a <a href=\"/wiki/Wizardkind\" title=\"Wizardkind\">witch</a>, <a href=\"/wiki/Professor\" title=\"Professor\">professor</a> of <a href=\"/wiki/Study_of_Ancient_Runes\" title=\"Study of Ancient Runes\">Study of Ancient Runes</a> and possibly <a href=\"/wiki/Ancient_Studies\" title=\"Ancient Studies\">Ancient Studies</a> at <a href=\"/wiki/Hogwarts_School_of_Witchcraft_and_Wizardry\" title=\"Hogwarts School of Witchcraft and Wizardry\">Hogwarts School of Witchcraft and Wizardry</a>.<sup id=\"cite_ref-JKRS_3-5\" class=\"reference\"><a href=\"#cite_note-JKRS-3\">&#91;3&#93;</a></sup>\n</p>\n<div id=\"toc\" class=\"toc\"><input type=\"checkbox\" role=\"button\" id=\"toctogglecheckbox\" class=\"toctogglecheckbox\" style=\"display:none\" /><div class=\"toctitle\" lang=\"en\" dir=\"ltr\"><h2>Contents</h2><span class=\"toctogglespan\"><label class=\"toctogglelabel\" for=\"toctogglecheckbox\"></label></span></div>\n<ul>\n<li class=\"toclevel-1 tocsection-1\"><a href=\"#Magical_abilities_and_skills\"><span class=\"tocnumber\">1</span> <span class=\"toctext\">Magical abilities and skills</span></a></li>\n<li class=\"toclevel-1 tocsection-2\"><a href=\"#Etymology\"><span class=\"tocnumber\">2</span> <span class=\"toctext\">Etymology</span></a></li>\n<li class=\"toclevel-1 tocsection-3\"><a href=\"#Behind_the_scenes\"><span class=\"tocnumber\">3</span> <span class=\"toctext\">Behind the scenes</span></a></li>\n<li class=\"toclevel-1 tocsection-4\"><a href=\"#Appearances\"><span class=\"tocnumber\">4</span> <span class=\"toctext\">Appearances</span></a></li>\n<li class=\"toclevel-1 tocsection-5\"><a href=\"#Notes_and_references\"><span class=\"tocnumber\">5</span> <span class=\"toctext\">Notes and references</span></a></li>\n</ul>\n</div>\n\n<h2><span class=\"mw-headline\" id=\"Magical_abilities_and_skills\">Magical abilities and skills</span><span class=\"mw-editsection\"><span class=\"mw-editsection-bracket\">[</span><a href=\"/wiki/Bathsheda_Babbling?veaction=edit&amp;section=1\" class=\"mw-editsection-visualeditor\" title=\"Edit section: Magical abilities and skills\">edit</a><span class=\"mw-editsection-divider\"> | </span><a href=\"/wiki/Bathsheda_Babbling?action=edit&amp;section=1\" title=\"Edit section: Magical abilities and skills\"><svg class=\"wds-icon wds-icon-tiny section-edit-pencil-icon\"><use xlink:href=\"#wds-icons-pencil-tiny\"></use></svg>edit source</a><span class=\"mw-editsection-bracket\">]</span></span></h2>\n<ul><li><b><a href=\"/wiki/Study_of_Ancient_Runes\" title=\"Study of Ancient Runes\">Study of Ancient Runes</a></b>: Being the Professor of Study of Ancient Runes at <a href=\"/wiki/Hogwarts_School_of_Witchcraft_and_Wizardry\" title=\"Hogwarts School of Witchcraft and Wizardry\">Hogwarts School of Witchcraft and Wizardry</a>, Professor Babbling was an expert in the <a href=\"/wiki/Magic\" title=\"Magic\">magical</a> study of Runology, being capable of understanding and translating ancient <a href=\"/wiki/Rune\" title=\"Rune\">runes</a>, symbols and alphabets, and her knowledge was sophisticated and wide enough that she taught this subject to students.<sup id=\"cite_ref-JKRS_3-6\" class=\"reference\"><a href=\"#cite_note-JKRS-3\">&#91;3&#93;</a></sup></li></ul>\n<h2><span class=\"mw-headline\" id=\"Etymology\">Etymology</span><span class=\"mw-editsection\"><span class=\"mw-editsection-bracket\">[</span><a href=\"/wiki/Bathsheda_Babbling?veaction=edit&amp;section=2\" class=\"mw-editsection-visualeditor\" title=\"Edit section: Etymology\">edit</a><span class=\"mw-editsection-divider\"> | </span><a href=\"/wiki/Bathsheda_Babbling?action=edit&amp;section=2\" title=\"Edit section: Etymology\"><svg class=\"wds-icon wds-icon-tiny section-edit-pencil-icon\"><use xlink:href=\"#wds-icons-pencil-tiny\"></use></svg>edit source</a><span class=\"mw-editsection-bracket\">]</span></span></h2>\n<ul><li>\"Babble\" is an English word meaning \"a foolish character\" or \"the sound of murmuring water\". Perhaps more to the point, \"to babble\" in modern vernacular use describes the act of speaking very fast, often in an obscure jargon (as in the phrase \"technobabble\") \u2014 which is fitting for the cryptic language that are the <a href=\"/wiki/Study_of_Ancient_Runes\" title=\"Study of Ancient Runes\">Ancient Runes</a> taught by Babbling.</li>\n<li>The similar name of \"Bathsheba\" is the name of the biblical wife of David and mother to Solomon.</li></ul>\n<h2><span class=\"mw-headline\" id=\"Behind_the_scenes\">Behind the scenes</span><span class=\"mw-editsection\"><span class=\"mw-editsection-bracket\">[</span><a href=\"/wiki/Bathsheda_Babbling?veaction=edit&amp;section=3\" class=\"mw-editsection-visualeditor\" title=\"Edit section: Behind the scenes\">edit</a><span class=\"mw-editsection-divider\"> | </span><a href=\"/wiki/Bathsheda_Babbling?action=edit&amp;section=3\" title=\"Edit section: Behind the scenes\"><svg class=\"wds-icon wds-icon-tiny section-edit-pencil-icon\"><use xlink:href=\"#wds-icons-pencil-tiny\"></use></svg>edit source</a><span class=\"mw-editsection-bracket\">]</span></span></h2>\n<ul><li>Professor Babbling's name only appeared on a list of the Hogwarts professors which was released on <a href=\"/wiki/J._K._Rowling\" title=\"J. K. Rowling\">J. K. Rowling</a>'s website.</li>\n<li>Rowling may originally have intended a male teacher to teach this subject.<sup id=\"cite_ref-JKRS_3-7\" class=\"reference\"><a href=\"#cite_note-JKRS-3\">&#91;3&#93;</a></sup></li>\n<li>The <a href=\"/wiki/Unidentified_female_Hogwarts_teacher\" title=\"Unidentified female Hogwarts teacher\">Unidentified female Hogwarts teacher</a> may be Bathsheda Babbling, although this is unconfirmed.</li></ul>\n<h2><span class=\"mw-headline\" id=\"Appearances\">Appearances</span><span class=\"mw-editsection\"><span class=\"mw-editsection-bracket\">[</span><a href=\"/wiki/Bathsheda_Babbling?veaction=edit&amp;section=4\" class=\"mw-editsection-visualeditor\" title=\"Edit section: Appearances\">edit</a><span class=\"mw-editsection-divider\"> | </span><a href=\"/wiki/Bathsheda_Babbling?action=edit&amp;section=4\" title=\"Edit section: Appearances\"><svg class=\"wds-icon wds-icon-tiny section-edit-pencil-icon\"><use xlink:href=\"#wds-icons-pencil-tiny\"></use></svg>edit source</a><span class=\"mw-editsection-bracket\">]</span></span></h2>\n<ul><li><a href=\"/wiki/J._K._Rowling%27s_official_site\" title=\"J. K. Rowling&#39;s official site\">J. K. Rowling's official site</a> <small>(First mentioned)</small></li>\n<li><i><a href=\"/wiki/Pottermore\" title=\"Pottermore\">Pottermore</a></i> <small>(Mentioned only)</small></li>\n<li><i><a href=\"/wiki/Wizarding_World_(website)\" title=\"Wizarding World (website)\">Wizarding World</a></i> <small>(Mentioned only)</small></li></ul>\n<h2><span class=\"mw-headline\" id=\"Notes_and_references\">Notes and references</span><span class=\"mw-editsection\"><span class=\"mw-editsection-bracket\">[</span><a href=\"/wiki/Bathsheda_Babbling?veaction=edit&amp;section=5\" class=\"mw-editsection-visualeditor\" title=\"Edit section: Notes and references\">edit</a><span class=\"mw-editsection-divider\"> | </span><a href=\"/wiki/Bathsheda_Babbling?action=edit&amp;section=5\" title=\"Edit section: Notes and references\"><svg class=\"wds-icon wds-icon-tiny section-edit-pencil-icon\"><use xlink:href=\"#wds-icons-pencil-tiny\"></use></svg>edit source</a><span class=\"mw-editsection-bracket\">]</span></span></h2>\n<div class=\"references-small\">\n<div class=\"mw-references-wrap\"><ol class=\"references\">\n<li id=\"cite_note-Birth-1\"><span class=\"mw-cite-backlink\"><a href=\"#cite_ref-Birth_1-0\">\u2191</a></span> <span class=\"reference-text\">As Bathsheda was employed at Hogwarts by 1993, she must have been of age (17) by then.</span>\n</li>\n<li id=\"cite_note-2\"><span class=\"mw-cite-backlink\"><a href=\"#cite_ref-2\">\u2191</a></span> <span class=\"reference-text\"><a target=\"_blank\" rel=\"noreferrer noopener\" class=\"external text\" href=\"http://www.accio-quote.org/articles/2000/0700-swns-alfie.htm\">\"World Exclusive Interview with J K Rowling,\" <i>South West News Service</i>, 8 July 2000</a>  - \"Hogwarts just serves Britain and Ireland.\"</span>\n</li>\n<li id=\"cite_note-JKRS-3\"><span class=\"mw-cite-backlink\">\u2191 <sup><a href=\"#cite_ref-JKRS_3-0\">3.0</a></sup> <sup><a href=\"#cite_ref-JKRS_3-1\">3.1</a></sup> <sup><a href=\"#cite_ref-JKRS_3-2\">3.2</a></sup> <sup><a href=\"#cite_ref-JKRS_3-3\">3.3</a></sup> <sup><a href=\"#cite_ref-JKRS_3-4\">3.4</a></sup> <sup><a href=\"#cite_ref-JKRS_3-5\">3.5</a></sup> <sup><a href=\"#cite_ref-JKRS_3-6\">3.6</a></sup> <sup><a href=\"#cite_ref-JKRS_3-7\">3.7</a></sup></span> <span class=\"reference-text\"><a target=\"_blank\" rel=\"noreferrer noopener\" class=\"external text\" href=\"http://www.hplex.info/about/sources/jkr.com/jkr-com-trans-jottings1.html\">HP Lexicon's transcript of JKR's notes</a></span>\n</li>\n</ol></div></div>\n<p><br />\n<br clear=\"all\" />\n</p>\n<table style=\"margin:0 auto\" align=\"center\" class=\"toccolours\" width=\"90%\">\n\n<tbody><tr bgcolor=\"#white\">\n<th colspan=\"4\" style=\"background:#ccd;\"><center><a href=\"/wiki/Study_of_Ancient_Runes\" title=\"Study of Ancient Runes\">Study of Ancient Runes</a></center>\n</th></tr>\n<tr>\n<td colspan=\"4\" style=\"font-size: 90%;\" align=\"center\"><a href=\"https://static.wikia.nocookie.net/harrypotter/images/8/8e/Ancient_Runes_Made_Easy.jpg/revision/latest?cb=20140419183719\" class=\"image\"><img alt=\"Ancient Runes Made Easy.jpg\" src=\"https://static.wikia.nocookie.net/harrypotter/images/8/8e/Ancient_Runes_Made_Easy.jpg/revision/latest/scale-to-width-down/90?cb=20140419183719\" decoding=\"async\" width=\"90\" height=\"62\" data-image-name=\"Ancient Runes Made Easy.jpg\" data-image-key=\"Ancient_Runes_Made_Easy.jpg\" /></a>\n</td></tr>\n<tr>\n<td colspan=\"3\" style=\"font-size: 90%;\" align=\"center\"><b>Professor:</b> <strong class=\"mw-selflink selflink\">Bathsheda Babbling</strong>\n</td></tr>\n<tr>\n<td colspan=\"6\" style=\"font-size: 90%;\" align=\"center\"><b>Textbooks:</b> <i><a href=\"/wiki/Advanced_Rune_Translation\" title=\"Advanced Rune Translation\">Advanced Rune Translation</a></i>  &#183;  <i><a href=\"/wiki/Ancient_Runes_Made_Easy\" title=\"Ancient Runes Made Easy\">Ancient Runes Made Easy</a></i>  &#183;  <i><a href=\"/wiki/Magical_Hieroglyphs_and_Logograms\" title=\"Magical Hieroglyphs and Logograms\">Magical Hieroglyphs and Logograms</a></i> &#183; <i><a href=\"/wiki/Rune_Dictionary\" title=\"Rune Dictionary\">Rune Dictionary</a></i> &#183; <i><a href=\"/wiki/Spellman%27s_Syllabary\" title=\"Spellman&#39;s Syllabary\">Spellman's Syllabary</a></i>\n</td></tr>\n<tr>\n<td colspan=\"4\" style=\"font-size: 90%;\" align=\"center\"><b>Known Runes:</b> <a href=\"/wiki/Acromantula\" title=\"Acromantula\">Acromantula</a>  &#183;  <a href=\"/wiki/Demiguise\" title=\"Demiguise\">Demiguise</a>  &#183;  <a href=\"/wiki/Ehwaz\" title=\"Ehwaz\">Ehwaz</a>  &#183;  <a href=\"/wiki/Eihwaz\" title=\"Eihwaz\">Eihwaz</a>  &#183;  <a href=\"/wiki/Fwooper\" title=\"Fwooper\">Fwooper</a>  &#183;  <a href=\"/wiki/Graphorn\" title=\"Graphorn\">Graphorn</a>  &#183;  <a href=\"/wiki/Hydra\" title=\"Hydra\">Hydra</a> &#183; <a href=\"/wiki/Quintaped\" title=\"Quintaped\">Quintaped</a> &#183; <a href=\"/wiki/Runespoor\" title=\"Runespoor\">Runespoor</a> &#183; <a href=\"/wiki/Salamander\" class=\"mw-redirect\" title=\"Salamander\">Salamander</a> &#183; <a href=\"/wiki/Unicorn\" title=\"Unicorn\">Unicorn</a> &#183; <a href=\"/wiki/Unknown\" title=\"Unknown\">Unknown</a> &#183; <a href=\"/wiki/Mark_of_Merlin\" title=\"Mark of Merlin\">Mark of Merlin</a>\n</td></tr></tbody></table>\n<table style=\"width: 100%; border: 0px none; border-style: none; margin-left: 0; margin-right: 0; text-align: left\">\n<tbody><tr>\n<th align=\"center\" colspan=\"2\" style=\"background-color:#ccd\"><a href=\"/wiki/Professor\" title=\"Professor\">Hogwarts Faculty</a><br /><a href=\"https://static.wikia.nocookie.net/harrypotter/images/a/ae/Hogwartscrest.png/revision/latest?cb=20110806202805\" class=\"image\"><img alt=\"Hogwartscrest.png\" src=\"https://static.wikia.nocookie.net/harrypotter/images/a/ae/Hogwartscrest.png/revision/latest/scale-to-width-down/80?cb=20110806202805\" decoding=\"async\" width=\"80\" height=\"81\" data-image-name=\"Hogwartscrest.png\" data-image-key=\"Hogwartscrest.png\" /></a>\n</th></tr>\n<tr>\n<th align=\"left\" style=\"background-color:#ccd\"><a href=\"/wiki/Hogwarts_founders\" title=\"Hogwarts founders\">Founders</a>\n</th>\n<td valign=\"top\" style=\"background-color:white\"><a href=\"/wiki/Godric_Gryffindor\" title=\"Godric Gryffindor\">Godric Gryffindor</a> | <a href=\"/wiki/Helga_Hufflepuff\" title=\"Helga Hufflepuff\">Helga Hufflepuff</a> | <a href=\"/wiki/Rowena_Ravenclaw\" title=\"Rowena Ravenclaw\">Rowena Ravenclaw</a> | <a href=\"/wiki/Salazar_Slytherin\" title=\"Salazar Slytherin\">Salazar Slytherin</a>\n</td></tr>\n<tr>\n<th style=\"background-color:#ccd\"><a href=\"/wiki/Hogwarts_Headmaster\" title=\"Hogwarts Headmaster\">Headteachers</a>\n</th>\n<td valign=\"top\" style=\"background-color:white\"><a href=\"/wiki/Eupraxia_Mole\" title=\"Eupraxia Mole\">Eupraxia Mole</a> | <a href=\"/wiki/Vulpus\" title=\"Vulpus\">Vulpus</a> | <a href=\"/wiki/Phyllida_Spore\" title=\"Phyllida Spore\">Phyllida Spore</a> | <a href=\"/wiki/Dexter_Fortescue\" title=\"Dexter Fortescue\">Dexter Fortescue</a> | <a href=\"/wiki/Edessa_Skandenberg\" title=\"Edessa Skandenberg\">Edessa Skandenberg</a> | <a href=\"/wiki/Amrose_Swott\" title=\"Amrose Swott\">Amrose Swott</a> | <a href=\"/wiki/Everard\" title=\"Everard\">Everard</a> | <a href=\"/wiki/Vindictus_Veridian\" class=\"mw-redirect\" title=\"Vindictus Veridian\">Vindictus Veridian</a> | <a href=\"/wiki/Dilys_Derwent\" title=\"Dilys Derwent\">Dilys Derwent</a> | <a href=\"/wiki/Quintin_Trimble\" class=\"mw-redirect\" title=\"Quintin Trimble\">Quintin Trimble</a> | <a href=\"/wiki/Limebert\" title=\"Limebert\">Limebert</a> | <a href=\"/wiki/Phineas_Nigellus_Black\" title=\"Phineas Nigellus Black\">Phineas Nigellus Black</a> | <a href=\"/wiki/Walter_Aragon\" title=\"Walter Aragon\">Walter Aragon</a> | <a href=\"/wiki/Basil_Fronsac\" title=\"Basil Fronsac\">Basil Fronsac</a> | <a href=\"/wiki/Armando_Dippet\" title=\"Armando Dippet\">Armando Dippet</a> | <a href=\"/wiki/Albus_Dumbledore\" title=\"Albus Dumbledore\">Albus Dumbledore</a> | <a href=\"/wiki/Dolores_Umbridge\" title=\"Dolores Umbridge\">Dolores Umbridge</a> | <a href=\"/wiki/Severus_Snape\" title=\"Severus Snape\">Severus Snape</a> | <a href=\"/wiki/Minerva_McGonagall\" title=\"Minerva McGonagall\">Minerva McGonagall</a> | <a href=\"/wiki/Brian_Gagwilde\" title=\"Brian Gagwilde\">Brian Gagwilde</a> | <a href=\"/wiki/Elizabeth_Burke\" title=\"Elizabeth Burke\">Elizabeth Burke</a>\n</td></tr>\n<tr>\n<th style=\"background-color:#ccd; width:17%\"><a href=\"/wiki/Deputy_Headmaster\" title=\"Deputy Headmaster\">Deputy Heads</a>\n</th>\n<td valign=\"top\" style=\"background-color:white\"><a href=\"/wiki/Minerva_McGonagall\" title=\"Minerva McGonagall\">Minerva McGonagall</a> | <a href=\"/wiki/Amycus_Carrow\" title=\"Amycus Carrow\">Amycus Carrow</a> | <a href=\"/wiki/Alecto_Carrow\" title=\"Alecto Carrow\">Alecto Carrow</a>\n</td></tr>\n<tr>\n<th style=\"background-color:#ccd\"><a href=\"/wiki/Head_of_House\" title=\"Head of House\">Heads of House</a>\n</th>\n<td valign=\"top\" style=\"background-color:white\"><a href=\"/wiki/Filius_Flitwick\" title=\"Filius Flitwick\">Filius Flitwick</a> | <a href=\"/wiki/Minerva_McGonagall\" title=\"Minerva McGonagall\">Minerva McGonagall</a> | <a href=\"/wiki/Horace_Slughorn\" title=\"Horace Slughorn\">Horace Slughorn</a> | <a href=\"/wiki/Severus_Snape\" title=\"Severus Snape\">Severus Snape</a> | <a href=\"/wiki/Pomona_Sprout\" title=\"Pomona Sprout\">Pomona Sprout</a>\n</td></tr>\n<tr>\n<th style=\"background-color:#ccd\"><a href=\"/wiki/Professor#Hogwarts\" title=\"Professor\">Teaching Staff</a>\n</th>\n<td valign=\"top\" style=\"background-color:white\"><a href=\"/wiki/Bartholomew\" title=\"Bartholomew\">Bartholomew</a> | <strong class=\"mw-selflink selflink\">Bathsheda Babbling</strong> | <a href=\"/wiki/Herbert_Beery\" title=\"Herbert Beery\">Herbert Beery</a> | <a href=\"/wiki/Cuthbert_Binns\" title=\"Cuthbert Binns\">Cuthbert Binns</a> | <a href=\"/wiki/Charity_Burbage\" title=\"Charity Burbage\">Charity Burbage</a> | <a href=\"/wiki/Alecto_Carrow\" title=\"Alecto Carrow\">Alecto Carrow</a> | <a href=\"/wiki/Amycus_Carrow\" title=\"Amycus Carrow\">Amycus Carrow</a> | <a href=\"/wiki/Albus_Dumbledore\" title=\"Albus Dumbledore\">Albus Dumbledore</a> | <a href=\"/wiki/Dolores_Umbridge\" title=\"Dolores Umbridge\">Dolores Umbridge</a> | <a href=\"/wiki/Firenze\" title=\"Firenze\">Firenze</a> | <a href=\"/wiki/Filius_Flitwick\" title=\"Filius Flitwick\">Filius Flitwick</a> | <a href=\"/wiki/Fortinbras\" title=\"Fortinbras\">Fortinbras</a> | <a href=\"/wiki/Rubeus_Hagrid\" title=\"Rubeus Hagrid\">Rubeus Hagrid</a> | <a href=\"/wiki/Rolanda_Hooch\" title=\"Rolanda Hooch\">Rolanda Hooch</a> | <a href=\"/wiki/Arsenius_Jigger\" title=\"Arsenius Jigger\">Arsenius Jigger</a> | <a href=\"/wiki/Silvanus_Kettleburn\" title=\"Silvanus Kettleburn\">Silvanus Kettleburn</a> | <a href=\"/wiki/Gilderoy_Lockhart\" title=\"Gilderoy Lockhart\">Gilderoy Lockhart</a> | <a href=\"/wiki/Neville_Longbottom\" title=\"Neville Longbottom\">Neville Longbottom</a> | <a href=\"/wiki/Remus_Lupin\" title=\"Remus Lupin\">Remus Lupin</a> | <a href=\"/wiki/Minerva_McGonagall\" title=\"Minerva McGonagall\">Minerva McGonagall</a> | <a href=\"/wiki/Galatea_Merrythought\" title=\"Galatea Merrythought\">Galatea Merrythought</a> | <a href=\"/wiki/Quirinus_Quirrell\" title=\"Quirinus Quirrell\">Quirinus Quirrell</a> | <a href=\"/wiki/Patricia_Rakepick\" title=\"Patricia Rakepick\">Patricia Rakepick</a> | <a href=\"/wiki/Aurora_Sinistra\" title=\"Aurora Sinistra\">Aurora Sinistra</a> | <a href=\"/wiki/Horace_Slughorn\" title=\"Horace Slughorn\">Horace Slughorn</a> | <a href=\"/wiki/Severus_Snape\" title=\"Severus Snape\">Severus Snape</a> | <a href=\"/wiki/Pomona_Sprout\" title=\"Pomona Sprout\">Pomona Sprout</a> | <a href=\"/wiki/Swoopstikes\" title=\"Swoopstikes\">Swoopstikes</a> | <a href=\"/wiki/Sybill_Trelawney\" title=\"Sybill Trelawney\">Sybill Trelawney</a> | <a href=\"/wiki/Septima_Vector\" title=\"Septima Vector\">Septima Vector</a> | <a href=\"/wiki/Unidentified_female_Hogwarts_teacher\" title=\"Unidentified female Hogwarts teacher\">Unidentified witch</a> | <a href=\"/wiki/Unidentified_19th-century_Herbology_professor\" title=\"Unidentified 19th-century Herbology professor\">Unidentified 19th-century Herbology professor</a> |  <a href=\"/wiki/Unidentified_19th-century_Potions_professor\" title=\"Unidentified 19th-century Potions professor\">Unidentified 19th-century Potions professor</a> |<a href=\"/wiki/16th_century_Potions_Professor\" title=\"16th century Potions Professor\">Unnamed Potions Professor</a> (16th century) | <a href=\"/wiki/Smoky-eyed_Potions_professor\" title=\"Smoky-eyed Potions professor\">Unnamed Potions Professor</a> (2021)\n</td></tr>\n<tr>\n<th style=\"background-color:#ccd\"><a href=\"/wiki/Hogwarts_School_of_Witchcraft_and_Wizardry#Support_staff\" title=\"Hogwarts School of Witchcraft and Wizardry\">Support Staff</a>\n</th>\n<td valign=\"top\" style=\"background-color:white\"><a href=\"/wiki/Boil-ridden_house-elf\" title=\"Boil-ridden house-elf\">Boil-ridden house-elf</a> | <a href=\"/wiki/Rancorous_Carpe\" title=\"Rancorous Carpe\">Rancorous Carpe</a> | <a href=\"/wiki/Dobby\" title=\"Dobby\">Dobby</a> | <a href=\"/wiki/Argus_Filch\" title=\"Argus Filch\">Argus Filch</a> | <a href=\"/wiki/Wilhelmina_Grubbly-Plank\" title=\"Wilhelmina Grubbly-Plank\">Wilhelmina Grubbly-Plank</a> | <a href=\"/wiki/Rubeus_Hagrid\" title=\"Rubeus Hagrid\">Rubeus Hagrid</a> | <a href=\"/wiki/Rolanda_Hooch\" title=\"Rolanda Hooch\">Rolanda Hooch</a> | <a href=\"/wiki/Hogwarts_house-elves\" title=\"Hogwarts house-elves\">Hogwarts house-elves</a> | <a href=\"/wiki/Hankerton_Humble\" title=\"Hankerton Humble\">Hankerton Humble</a> | <a href=\"/wiki/Krafty\" title=\"Krafty\">Krafty</a> | <a href=\"/wiki/Kreacher\" title=\"Kreacher\">Kreacher</a> | <a href=\"/wiki/Ogg\" title=\"Ogg\">Ogg</a> | <a href=\"/wiki/Irma_Pince\" title=\"Irma Pince\">Irma Pince</a> | <a href=\"/wiki/Pitts\" title=\"Pitts\">Pitts</a> | <a href=\"/wiki/Poppy_Pomfrey\" title=\"Poppy Pomfrey\">Poppy Pomfrey</a> | <a href=\"/wiki/Apollyon_Pringle\" title=\"Apollyon Pringle\">Apollyon Pringle</a> | <a href=\"/wiki/Lucinda_Thomsonicle-Pocus\" title=\"Lucinda Thomsonicle-Pocus\">Lucinda Thomsonicle-Pocus</a> | <a href=\"/wiki/Winky\" title=\"Winky\">Winky</a>\n</td></tr></tbody></table></div>"}]}}}}