{"batchcomplete": "", "warnings": {"main": {"*": "Subscribe to the mediawiki-api-announce mailing list at <https://lists.wikimedia.org/mailman/listinfo/mediawiki-api-announce> for notice of API deprecations and breaking changes."}, "revisions": {"*": "The parameter \"rvparse\" has been deprecated.\nBecause \"rvslots\" was not specified, a legacy format has been used for the output. This format is deprecated, and in the future the new format will always be used."}}, "query": {"normalized": [{"from": "Beedle_the_Bard", "to": "Beedle the Bard"}], "pages": {"6004": {"pageid": 6004, "ns": 0, "title": "Beedle the Bard", "revisions": [{"*": "<div class=\"mw-parser-output\"><div class=\"notice metadata\" id=\"spoiler\" style=\"text-align: center; background: #DCDCDC; margin: 1em 05%; padding: 0 1em; border: #696969 1px solid;\">\n<p><b>\"Point me!\"</b>\n</p>\nThis article is about <b>the fairy tale author</b>. You may be looking for <b>the <a href=\"/wiki/The_Tales_of_Beedle_the_Bard\" title=\"The Tales of Beedle the Bard\">book he wrote</a></b>.</div>\n<table class=\"notice metadata\" id=\"spoiler\" style=\"text-align: center; background: beige; margin: 1em 05%; padding: 0 1em; border: #a00 1px solid;\">\n\n<tbody><tr>\n<td><a href=\"https://static.wikia.nocookie.net/harrypotter/images/8/8c/Hogwarts_Mystery.jpeg/revision/latest?cb=20180504083359\" class=\"image\"><img alt=\"Hogwarts Mystery.jpeg\" src=\"https://static.wikia.nocookie.net/harrypotter/images/8/8c/Hogwarts_Mystery.jpeg/revision/latest/scale-to-width-down/175?cb=20180504083359\" decoding=\"async\" width=\"175\" height=\"77\" data-image-name=\"Hogwarts Mystery.jpeg\" data-image-key=\"Hogwarts_Mystery.jpeg\" /></a>\n</td>\n<td><b>Warning!</b>\n<p>At least some content in this article is derived from information featured in <i><a href=\"/wiki/Harry_Potter:_Hogwarts_Mystery\" title=\"Harry Potter: Hogwarts Mystery\">Harry Potter: Hogwarts Mystery</a></i>. Spoilers will be present within the article.\n</p>\n</td></tr></tbody></table>\n<p>\n<aside role=\"region\" class=\"portable-infobox pi-background pi-theme-wizard pi-layout-default\">\n<figure class=\"pi-item pi-image\" data-source=\"image\">\n\t<a href=\"https://static.wikia.nocookie.net/harrypotter/images/4/4a/Beedle_The_Bard_on_the_cover_of_his_own_tales.jpg/revision/latest?cb=20130225234029\" class=\"image image-thumbnail\"\n\t   title=\"\">\n\t\t<img src=\"https://static.wikia.nocookie.net/harrypotter/images/4/4a/Beedle_The_Bard_on_the_cover_of_his_own_tales.jpg/revision/latest/scale-to-width-down/350?cb=20130225234029\" srcset=\"https://static.wikia.nocookie.net/harrypotter/images/4/4a/Beedle_The_Bard_on_the_cover_of_his_own_tales.jpg/revision/latest/scale-to-width-down/350?cb=20130225234029 1x, https://static.wikia.nocookie.net/harrypotter/images/4/4a/Beedle_The_Bard_on_the_cover_of_his_own_tales.jpg/revision/latest/scale-to-width-down/700?cb=20130225234029 2x\" class=\"pi-image-thumbnail\" alt=\"\" width=\"270\" height=\"351\"\n\t\t     data-image-key=\"Beedle_The_Bard_on_the_cover_of_his_own_tales.jpg\" data-image-name=\"Beedle The Bard on the cover of his own tales.jpg\"/>\n\t\t\n\t</a>\n\t\n</figure>\n<section class=\"pi-item pi-group pi-border-color\">\n\t\n<h2 class=\"pi-item pi-item-spacing pi-title\" data-source=\"name\">Beedle the Bard</h2>\n\n</section>\n<section class=\"pi-item pi-group pi-border-color\">\n\t<h2 class=\"pi-item pi-header pi-secondary-font pi-item-spacing pi-secondary-background\">Biographical information</h2>\n\n<div class=\"pi-item pi-data pi-item-spacing pi-border-color\" data-source=\"born\">\n\t\n\t\t<h3 class=\"pi-data-label pi-secondary-font\">Born</h3>\n\t\n\t<div class=\"pi-data-value pi-font\">c. <a href=\"/wiki/15th_century\" title=\"15th century\">15th century</a><br/><a href=\"/wiki/Yorkshire\" title=\"Yorkshire\">Yorkshire</a>, <a href=\"/wiki/England\" title=\"England\">England</a>, <a href=\"/wiki/Great_Britain\" title=\"Great Britain\">Great Britain</a></div>\n</div>\n\n<div class=\"pi-item pi-data pi-item-spacing pi-border-color\" data-source=\"nationality\">\n\t\n\t\t<h3 class=\"pi-data-label pi-secondary-font\">Nationality</h3>\n\t\n\t<div class=\"pi-data-value pi-font\"><a href=\"/wiki/England\" title=\"England\">English</a></div>\n</div>\n\n</section>\n<section class=\"pi-item pi-group pi-border-color\">\n\t<h2 class=\"pi-item pi-header pi-secondary-font pi-item-spacing pi-secondary-background\">Physical information</h2>\n\n<div class=\"pi-item pi-data pi-item-spacing pi-border-color\" data-source=\"species\">\n\t\n\t\t<h3 class=\"pi-data-label pi-secondary-font\">Species</h3>\n\t\n\t<div class=\"pi-data-value pi-font\"><a href=\"/wiki/Human\" title=\"Human\">Human</a></div>\n</div>\n\n<div class=\"pi-item pi-data pi-item-spacing pi-border-color\" data-source=\"gender\">\n\t\n\t\t<h3 class=\"pi-data-label pi-secondary-font\">Gender</h3>\n\t\n\t<div class=\"pi-data-value pi-font\">Male</div>\n</div>\n\n<div class=\"pi-item pi-data pi-item-spacing pi-border-color\" data-source=\"skin\">\n\t\n\t\t<h3 class=\"pi-data-label pi-secondary-font\">Skin colour</h3>\n\t\n\t<div class=\"pi-data-value pi-font\">White</div>\n</div>\n\n</section>\n<section class=\"pi-item pi-group pi-border-color\">\n\t<h2 class=\"pi-item pi-header pi-secondary-font pi-item-spacing pi-secondary-background\">Affiliation</h2>\n\n<div class=\"pi-item pi-data pi-item-spacing pi-border-color\" data-source=\"job\">\n\t\n\t\t<h3 class=\"pi-data-label pi-secondary-font\">Occupation</h3>\n\t\n\t<div class=\"pi-data-value pi-font\">Bard</div>\n</div>\n\n</section>\n<nav class=\"pi-navigation pi-item-spacing pi-secondary-background pi-secondary-font\"><small><a href=\"/wiki/Template:Individual_infobox\" title=\"Template:Individual infobox\">[Source]</a><span class=\"hidable-button\"></span></small></nav>\n</aside>\n\n</p>\n<div class=\"quote\">\n<dl><dd><span title=\"Source:&#160;The Tales of Beedle the Bard\">\"<i>If his stories accurately reflect his opinions, he rather liked Muggles, whom he regarded as ignorant rather than malevolent; he mistrusted <a href=\"/wiki/Dark_Arts\" title=\"Dark Arts\">Dark Magic</a>, and he believed that the worst excesses of wizardkind sprang from the all-too-human traits of cruelty, apathy or arrogant misapplication of their own talents. The heroes and heroines who triumph in his stories are not those with the most powerful magic, but rather those who demonstrate the most kindness, common sense, and ingenuity.</i>\"</span></dd>\n<dd>&#8212;<a href=\"/wiki/J._K._Rowling_(in-universe)\" title=\"J. K. Rowling (in-universe)\">J. K. Rowling</a> regarding Beedle<sup class=\"noprint\"><a href=\"/wiki/The_Tales_of_Beedle_the_Bard\" title=\"The Tales of Beedle the Bard\">[src]</a></sup></dd>\n<dd></dd></dl></div>\n<p><b>Beedle the Bard</b> (fl. <a href=\"/wiki/15th_century\" title=\"15th century\">15th century</a>)<sup id=\"cite_ref-1\" class=\"reference\"><a href=\"#cite_note-1\">&#91;1&#93;</a></sup> was an <a href=\"/wiki/England\" title=\"England\">English</a>&#160;<a href=\"/wiki/Wizardkind\" title=\"Wizardkind\">wizard</a> and&#160;author of wizarding fairytales. Beedle was born in <a href=\"/wiki/Yorkshire\" title=\"Yorkshire\">Yorkshire</a>, <a href=\"/wiki/England\" title=\"England\">England</a>. At some point in his life he wrote <i><a href=\"/wiki/The_Tales_of_Beedle_the_Bard\" title=\"The Tales of Beedle the Bard\">The Tales of Beedle the Bard </a></i>. The only known image of Beedle is a woodcut that shows him with a \"luxuriant\" beard. Beedle wrote in ancient <a href=\"/wiki/Rune\" title=\"Rune\">runes</a>, which were later translated to English.\n</p><p>Taking his stories as an indicator of his opinions, he seems to have held <a href=\"/wiki/Non-magic_people\" title=\"Non-magic people\">Muggles</a> in higher esteem than most of his contemporaries. He also valued traits such as: kindness, common sense, and ingenuity.\n</p>\n<div id=\"toc\" class=\"toc\"><input type=\"checkbox\" role=\"button\" id=\"toctogglecheckbox\" class=\"toctogglecheckbox\" style=\"display:none\" /><div class=\"toctitle\" lang=\"en\" dir=\"ltr\"><h2>Contents</h2><span class=\"toctogglespan\"><label class=\"toctogglelabel\" for=\"toctogglecheckbox\"></label></span></div>\n<ul>\n<li class=\"toclevel-1 tocsection-1\"><a href=\"#Works\"><span class=\"tocnumber\">1</span> <span class=\"toctext\">Works</span></a></li>\n<li class=\"toclevel-1 tocsection-2\"><a href=\"#Etymology\"><span class=\"tocnumber\">2</span> <span class=\"toctext\">Etymology</span></a></li>\n<li class=\"toclevel-1 tocsection-3\"><a href=\"#Appearances\"><span class=\"tocnumber\">3</span> <span class=\"toctext\">Appearances</span></a></li>\n<li class=\"toclevel-1 tocsection-4\"><a href=\"#Notes_and_references\"><span class=\"tocnumber\">4</span> <span class=\"toctext\">Notes and references</span></a></li>\n</ul>\n</div>\n\n<h2><span class=\"mw-headline\" id=\"Works\">Works</span><span class=\"mw-editsection\"><span class=\"mw-editsection-bracket\">[</span><a href=\"/wiki/Beedle_the_Bard?veaction=edit&amp;section=1\" class=\"mw-editsection-visualeditor\" title=\"Edit section: Works\">edit</a><span class=\"mw-editsection-divider\"> | </span><a href=\"/wiki/Beedle_the_Bard?action=edit&amp;section=1\" title=\"Edit section: Works\"><svg class=\"wds-icon wds-icon-tiny section-edit-pencil-icon\"><use xlink:href=\"#wds-icons-pencil-tiny\"></use></svg>edit source</a><span class=\"mw-editsection-bracket\">]</span></span></h2>\n<p><i>The Tales of Beedle the Bard</i> consist of at least the following tales:\n</p>\n<ul><li><i><a href=\"/wiki/The_Wizard_and_the_Hopping_Pot\" title=\"The Wizard and the Hopping Pot\">The Wizard and the Hopping Pot</a></i></li>\n<li><i><a href=\"/wiki/The_Fountain_of_Fair_Fortune\" title=\"The Fountain of Fair Fortune\">The Fountain of Fair Fortune</a></i></li>\n<li><i><a href=\"/wiki/The_Warlock%27s_Hairy_Heart\" title=\"The Warlock&#39;s Hairy Heart\">The Warlock's Hairy Heart</a></i></li>\n<li><i><a href=\"/wiki/Babbitty_Rabbitty_and_her_Cackling_Stump\" title=\"Babbitty Rabbitty and her Cackling Stump\">Babbitty Rabbitty and her Cackling Stump</a></i></li>\n<li><i><a href=\"/wiki/The_Tale_of_the_Three_Brothers\" title=\"The Tale of the Three Brothers\">The Tale of the Three Brothers</a></i></li></ul>\n<h2><span class=\"mw-headline\" id=\"Etymology\">Etymology</span><span class=\"mw-editsection\"><span class=\"mw-editsection-bracket\">[</span><a href=\"/wiki/Beedle_the_Bard?veaction=edit&amp;section=2\" class=\"mw-editsection-visualeditor\" title=\"Edit section: Etymology\">edit</a><span class=\"mw-editsection-divider\"> | </span><a href=\"/wiki/Beedle_the_Bard?action=edit&amp;section=2\" title=\"Edit section: Etymology\"><svg class=\"wds-icon wds-icon-tiny section-edit-pencil-icon\"><use xlink:href=\"#wds-icons-pencil-tiny\"></use></svg>edit source</a><span class=\"mw-editsection-bracket\">]</span></span></h2>\n<ul><li>His name may refer to the medieval Anglo-Saxon historian <a href=\"http://en.wikipedia.org/wiki/Bede\" class=\"extiw\" title=\"wikipedia:Bede\">Bede</a>. His epithet could refer to English playwright <a href=\"/wiki/William_Shakespeare\" title=\"William Shakespeare\">William Shakespeare</a>, who is known as \"The Bard\".</li></ul>\n<h2><span class=\"mw-headline\" id=\"Appearances\">Appearances</span><span class=\"mw-editsection\"><span class=\"mw-editsection-bracket\">[</span><a href=\"/wiki/Beedle_the_Bard?veaction=edit&amp;section=3\" class=\"mw-editsection-visualeditor\" title=\"Edit section: Appearances\">edit</a><span class=\"mw-editsection-divider\"> | </span><a href=\"/wiki/Beedle_the_Bard?action=edit&amp;section=3\" title=\"Edit section: Appearances\"><svg class=\"wds-icon wds-icon-tiny section-edit-pencil-icon\"><use xlink:href=\"#wds-icons-pencil-tiny\"></use></svg>edit source</a><span class=\"mw-editsection-bracket\">]</span></span></h2>\n<ul><li><i><a href=\"/wiki/Harry_Potter_and_the_Deathly_Hallows\" title=\"Harry Potter and the Deathly Hallows\">Harry Potter and the Deathly Hallows</a></i> <small>(First mentioned)</small></li>\n<li><i><a href=\"/wiki/Harry_Potter_and_the_Deathly_Hallows:_Part_1\" title=\"Harry Potter and the Deathly Hallows: Part 1\">Harry Potter and the Deathly Hallows: Part 1</a></i> <span class=\"template-c\">(Depicted in a woodcut)</span></li>\n<li><i><a href=\"/wiki/Harry_Potter_and_the_Deathly_Hallows:_Part_1_(video_game)\" title=\"Harry Potter and the Deathly Hallows: Part 1 (video game)\">Harry Potter and the Deathly Hallows: Part 1 (video game)</a></i> <span class=\"template-c\">(Depicted in a woodcut)</span></li>\n<li><i><a href=\"/wiki/LEGO_Harry_Potter:_Years_5-7\" title=\"LEGO Harry Potter: Years 5-7\">LEGO Harry Potter: Years 5-7</a></i> <small>(Mentioned only)</small></li>\n<li><i><a href=\"/wiki/The_Tales_of_Beedle_the_Bard_(real)\" title=\"The Tales of Beedle the Bard (real)\">The Tales of Beedle the Bard</a></i> <small>(Mentioned only)</small></li>\n<li><i><a href=\"/wiki/Harry_Potter_Film_Wizardry\" title=\"Harry Potter Film Wizardry\">Harry Potter Film Wizardry</a></i> <span class=\"template-c\">(Depicted in a woodcut)</span></li>\n<li><i><a href=\"/wiki/Harry_Potter:_Hogwarts_Mystery\" title=\"Harry Potter: Hogwarts Mystery\">Harry Potter: Hogwarts Mystery</a></i> <small>(Mentioned only)</small></li>\n<li><a href=\"/wiki/Harry_Potter:_The_Wand_Collection\" title=\"Harry Potter: The Wand Collection\">Harry Potter: The Wand Collection</a> <small>(Mentioned only)</small></li></ul>\n<h2><span class=\"mw-headline\" id=\"Notes_and_references\">Notes and references</span><span class=\"mw-editsection\"><span class=\"mw-editsection-bracket\">[</span><a href=\"/wiki/Beedle_the_Bard?veaction=edit&amp;section=4\" class=\"mw-editsection-visualeditor\" title=\"Edit section: Notes and references\">edit</a><span class=\"mw-editsection-divider\"> | </span><a href=\"/wiki/Beedle_the_Bard?action=edit&amp;section=4\" title=\"Edit section: Notes and references\"><svg class=\"wds-icon wds-icon-tiny section-edit-pencil-icon\"><use xlink:href=\"#wds-icons-pencil-tiny\"></use></svg>edit source</a><span class=\"mw-editsection-bracket\">]</span></span></h2>\n<div class=\"references-small\">\n<div class=\"mw-references-wrap\"><ol class=\"references\">\n<li id=\"cite_note-1\"><span class=\"mw-cite-backlink\"><a href=\"#cite_ref-1\">\u2191</a></span> <span class=\"reference-text\"><i><a href=\"/wiki/The_Tales_of_Beedle_the_Bard\" title=\"The Tales of Beedle the Bard\">The Tales of Beedle the Bard </a></i>, pp. ix, 12</span>\n</li>\n</ol></div></div>\n<p><br clear=\"all\" />\n</p>\n<div class=\"NavFrame\" style=\"width: 100%; margin: 1px auto; align:center;\">\n<div class=\"NavHead\" style=\"background: #ccd\" align=\"center\"><i><b><a href=\"/wiki/The_Tales_of_Beedle_the_Bard\" title=\"The Tales of Beedle the Bard\">The Tales of Beedle the Bard</a></b></i></div>\n<div class=\"NavContent\">\n<table style=\"margin:0 auto; width: 100%; text-align:center;\" class=\"toccolours\" align=\"center\">\n\n<tbody><tr bgcolor=\"#white\">\n<td colspan=\"3\" width=\"100%\" style=\"background-color: #dfdfdf; font-size: 9pt;\"><center><b>By <strong class=\"mw-selflink selflink\">Beedle the Bard</strong></b></center>\n</td></tr>\n<tr>\n<td colspan=\"4\" style=\"font-size: 90%;\" align=\"center\"><a href=\"https://static.wikia.nocookie.net/harrypotter/images/6/6b/Tales_of_Beedle_the_Bard.png/revision/latest?cb=20161126064839\" class=\"image\"><img alt=\"Tales of Beedle the Bard.png\" src=\"https://static.wikia.nocookie.net/harrypotter/images/6/6b/Tales_of_Beedle_the_Bard.png/revision/latest/scale-to-width-down/120?cb=20161126064839\" decoding=\"async\" width=\"120\" height=\"143\" data-image-name=\"Tales of Beedle the Bard.png\" data-image-key=\"Tales_of_Beedle_the_Bard.png\" /></a>\n</td></tr>\n<tr>\n<td colspan=\"3\" width=\"100%\" style=\"background-color: #dfdfdf; font-size: 9pt;\"><center><b>Stories</b></center>\n</td></tr>\n<tr>\n<td colspan=\"3\" style=\"font-size: 8pt;\"><center>\n<p><i><a href=\"/wiki/Babbitty_Rabbitty_and_her_Cackling_Stump\" title=\"Babbitty Rabbitty and her Cackling Stump\">Babbitty Rabbitty and her Cackling Stump</a></i> &#183; \n<i><a href=\"/wiki/The_Fountain_of_Fair_Fortune\" title=\"The Fountain of Fair Fortune\">The Fountain of Fair Fortune</a></i> &#183; \n<i><a href=\"/wiki/The_Warlock%27s_Hairy_Heart\" title=\"The Warlock&#39;s Hairy Heart\">The Warlock's Hairy Heart</a></i> &#183; \n<i><a href=\"/wiki/The_Tale_of_the_Three_Brothers\" title=\"The Tale of the Three Brothers\">The Tale of the Three Brothers</a></i> &#183; \n<i><a href=\"/wiki/The_Wizard_and_the_Hopping_Pot\" title=\"The Wizard and the Hopping Pot\">The Wizard and the Hopping Pot</a></i>\n</p>\n</center>\n</td></tr>\n<tr>\n<td colspan=\"3\" width=\"100%\" style=\"background-color: #dfdfdf; font-size: 9pt;\"><center><b>Characters</b></center>\n</td></tr>\n<tr>\n<td colspan=\"3\" style=\"font-size: 8pt;\"><center>\n<p><a href=\"/wiki/Altheda\" title=\"Altheda\">Altheda</a> &#183; \n<a href=\"/wiki/Amata\" title=\"Amata\">Amata</a> &#183; \n<a href=\"/wiki/Amata%27s_lover\" title=\"Amata&#39;s lover\">Amata's lover</a> &#183; \n<a href=\"/wiki/Antioch_Peverell\" title=\"Antioch Peverell\">Antioch Peverell</a> &#183; \n<a href=\"/wiki/Antioch_Peverell%27s_enemy\" title=\"Antioch Peverell&#39;s enemy\">Antioch Peverell's enemy</a> &#183; \n<a href=\"/wiki/Antioch_Peverell%27s_killer\" title=\"Antioch Peverell&#39;s killer\">Antioch Peverell's killer</a> &#183; \n<a href=\"/wiki/Asha\" title=\"Asha\">Asha</a> &#183; \n<a href=\"/wiki/Babbitty\" class=\"mw-redirect\" title=\"Babbitty\">Babbitty</a> &#183; \n<a href=\"/wiki/Brigade_of_Witch-Hunters\" title=\"Brigade of Witch-Hunters\">Brigade of Witch-Hunters</a> &#183; \n<a href=\"/wiki/Cadmus_Peverell\" title=\"Cadmus Peverell\">Cadmus Peverell</a> &#183; \n<a href=\"/wiki/Cadmus_Peverell%27s_fianc%C3%A9e\" title=\"Cadmus Peverell&#39;s fianc\u00e9e\">Cadmus Peverell's fianc\u00e9e</a> &#183; \n<a href=\"/wiki/Captain_of_the_Brigade_of_Witch-Hunters\" title=\"Captain of the Brigade of Witch-Hunters\">Captain of the Brigade of Witch-Hunters</a> &#183; \n<a href=\"/wiki/Charlatan_(Babbitty_Rabbitty_and_her_Cackling_Stump)\" class=\"mw-redirect\" title=\"Charlatan (Babbitty Rabbitty and her Cackling Stump)\">Charlatan</a> &#183; \n<a href=\"/wiki/Death_(The_Tale_of_the_Three_Brothers)\" title=\"Death (The Tale of the Three Brothers)\">Death</a> &#183; \n<a href=\"/wiki/Evil_sorcerer_(The_Fountain_of_Fair_Fortune)\" class=\"mw-redirect\" title=\"Evil sorcerer (The Fountain of Fair Fortune)\">Evil Sorcerer</a> &#183; \n<a href=\"/wiki/Gigantic_white_worm\" title=\"Gigantic white worm\">Gigantic white worm</a> &#183; \n<a href=\"/wiki/Ignotus_Peverell\" title=\"Ignotus Peverell\">Ignotus Peverell</a> &#183; \n<a href=\"/wiki/Ignotus_Peverell%27s_son\" title=\"Ignotus Peverell&#39;s son\">Ignotus Peverell's son</a> &#183; \n<a href=\"/wiki/King_(Babbitty_Rabbitty_and_her_Cackling_Stump)\" title=\"King (Babbitty Rabbitty and her Cackling Stump)\">King</a> &#183; \n<a href=\"/wiki/Kinsfolk_(The_Warlock%27s_Hairy_Heart)\" class=\"mw-redirect\" title=\"Kinsfolk (The Warlock&#39;s Hairy Heart)\">Kinsfolk</a> &#183; \n<a href=\"/wiki/Maiden_(The_Warlock%27s_Hairy_Heart)\" class=\"mw-redirect\" title=\"Maiden (The Warlock&#39;s Hairy Heart)\">Maiden</a> &#183; \n<a href=\"/wiki/Old_man_(The_Wizard_and_the_Hopping_Pot)\" class=\"mw-redirect\" title=\"Old man (The Wizard and the Hopping Pot)\">Old man</a> &#183; \n<a href=\"/wiki/Old_man%27s_donkey\" title=\"Old man&#39;s donkey\">Old man's donkey</a> &#183; \n<a href=\"/wiki/Old_man%27s_family\" title=\"Old man&#39;s family\">Old man's family</a> &#183; \n<a href=\"/wiki/Peasant_woman_(The_Wizard_and_the_Hopping_Pot)\" class=\"mw-redirect\" title=\"Peasant woman (The Wizard and the Hopping Pot)\">Peasant woman</a> &#183; \n<a href=\"/wiki/Peasant_woman%27s_granddaughter_(The_Wizard_and_the_Hopping_Pot)\" class=\"mw-redirect\" title=\"Peasant woman&#39;s granddaughter (The Wizard and the Hopping Pot)\">Peasant woman's granddaughter</a> &#183; \n<a href=\"/wiki/Sabre\" title=\"Sabre\">Sabre</a> &#183; \n<a href=\"/wiki/Sir_Luckless\" title=\"Sir Luckless\">Sir Luckless</a> &#183; \n<a href=\"/wiki/Warlock_(The_Warlock%27s_Hairy_Heart)\" title=\"Warlock (The Warlock&#39;s Hairy Heart)\">Warlock</a> &#183; \n<a href=\"/wiki/The_Warlock%27s_friends_(The_Warlock%27s_Hairy_Heart)\" class=\"mw-redirect\" title=\"The Warlock&#39;s friends (The Warlock&#39;s Hairy Heart)\">The Warlock's friends</a> &#183; \n<a href=\"/wiki/Wizard_(The_Wizard_and_the_Hopping_Pot)\" title=\"Wizard (The Wizard and the Hopping Pot)\">Wizard</a> &#183; \n<a href=\"/wiki/Wizard%27s_father_(The_Wizard_and_the_Hopping_Pot)\" class=\"mw-redirect\" title=\"Wizard&#39;s father (The Wizard and the Hopping Pot)\">Wizard's father</a> &#183; \n<a href=\"/wiki/Young_woman_(The_Wizard_and_the_Hopping_Pot)\" class=\"mw-redirect\" title=\"Young woman (The Wizard and the Hopping Pot)\">Young woman</a> &#183; \n<a href=\"/wiki/Young_woman%27s_child_(The_Wizard_and_the_Hopping_Pot)\" class=\"mw-redirect\" title=\"Young woman&#39;s child (The Wizard and the Hopping Pot)\">Young woman's child</a>\n</p>\n</center>\n</td></tr>\n<tr>\n<td colspan=\"3\" width=\"100%\" style=\"background-color: #dfdfdf; font-size: 9pt;\"><center><b>Objects</b></center>\n</td></tr>\n<tr>\n<td colspan=\"3\" style=\"font-size: 8pt;\"><center>\n<p><a href=\"/wiki/Altheda%27s_potion\" title=\"Altheda&#39;s potion\">Altheda's potion</a> &#183; \n<a href=\"/wiki/Altheda%27s_wand\" title=\"Altheda&#39;s wand\">Altheda's wand</a> &#183; \n<a href=\"/wiki/Cloak_of_Invisibility\" title=\"Cloak of Invisibility\">Cloak of Invisibility</a> &#183; \n<a href=\"/wiki/Creepers\" title=\"Creepers\">Creepers</a> &#183; \n<a href=\"/wiki/Crystal_casket\" title=\"Crystal casket\">Crystal casket</a> &#183; \n<a href=\"/wiki/Elder_Wand\" title=\"Elder Wand\">Elder Wand</a> &#183; \n<a href=\"/wiki/Enchanted_garden\" title=\"Enchanted garden\">Enchanted garden</a> &#183; \n<a href=\"/wiki/Fountain_(The_Fountain_of_Fair_Fortune)\" title=\"Fountain (The Fountain of Fair Fortune)\">Fountain</a> &#183; \n<a href=\"/wiki/Gold_statue_of_Babbitty\" title=\"Gold statue of Babbitty\">Gold statue of Babbitty</a> &#183; \n<a href=\"/wiki/Hairy_Heart\" title=\"Hairy Heart\">Hairy Heart</a> &#183; \n<a href=\"/wiki/The_Hopping_Pot\" title=\"The Hopping Pot\">The Hopping Pot</a> &#183; \n<a href=\"/wiki/Never-ending_hill\" title=\"Never-ending hill\">Never-ending hill</a> &#183; \n<a href=\"/wiki/Poisonous_toadstool\" title=\"Poisonous toadstool\">Poisonous toadstool</a> &#183; \n<a href=\"/wiki/Poultice_for_warts\" title=\"Poultice for warts\">Poultice for warts</a> &#183; \n<a href=\"/wiki/Resurrection_Stone\" title=\"Resurrection Stone\">Resurrection Stone</a> &#183; \n<a href=\"/wiki/Silver_chalice\" title=\"Silver chalice\">Silver chalice</a>\n</p>\n</center>\n</td></tr></tbody></table>\n</div>\n</div></div>"}]}}}}