{"batchcomplete": "", "warnings": {"main": {"*": "Subscribe to the mediawiki-api-announce mailing list at <https://lists.wikimedia.org/mailman/listinfo/mediawiki-api-announce> for notice of API deprecations and breaking changes."}, "revisions": {"*": "The parameter \"rvparse\" has been deprecated.\nBecause \"rvslots\" was not specified, a legacy format has been used for the output. This format is deprecated, and in the future the new format will always be used."}}, "query": {"normalized": [{"from": "Bellatrix_Lestrange's_first_wand", "to": "Bellatrix Lestrange's first wand"}], "pages": {"17112": {"pageid": 17112, "ns": 0, "title": "Bellatrix Lestrange's first wand", "revisions": [{"*": "<div class=\"mw-parser-output\"><p>\n<aside role=\"region\" class=\"portable-infobox pi-background pi-theme-wand pi-layout-default\">\n<figure class=\"pi-item pi-image\" data-source=\"image\">\n\t<a href=\"https://static.wikia.nocookie.net/harrypotter/images/9/9f/Bellatrix_Lestrange_first_wand.png/revision/latest?cb=20161128043609\" class=\"image image-thumbnail\"\n\t   title=\"\">\n\t\t<img src=\"https://static.wikia.nocookie.net/harrypotter/images/9/9f/Bellatrix_Lestrange_first_wand.png/revision/latest/scale-to-width-down/350?cb=20161128043609\" srcset=\"https://static.wikia.nocookie.net/harrypotter/images/9/9f/Bellatrix_Lestrange_first_wand.png/revision/latest/scale-to-width-down/350?cb=20161128043609 1x, https://static.wikia.nocookie.net/harrypotter/images/9/9f/Bellatrix_Lestrange_first_wand.png/revision/latest/scale-to-width-down/700?cb=20161128043609 2x\" class=\"pi-image-thumbnail\" alt=\"\" width=\"270\" height=\"278\"\n\t\t     data-image-key=\"Bellatrix_Lestrange_first_wand.png\" data-image-name=\"Bellatrix Lestrange first wand.png\"/>\n\t\t\n\t</a>\n\t\n</figure>\n\n<h2 class=\"pi-item pi-item-spacing pi-title\" data-source=\"name\">Bellatrix Lestrange's first wand</h2>\n<section class=\"pi-item pi-group pi-border-color\">\n\t<h2 class=\"pi-item pi-header pi-secondary-font pi-item-spacing pi-secondary-background\">Historical information</h2>\n\n<div class=\"pi-item pi-data pi-item-spacing pi-border-color\" data-source=\"manufacturer\">\n\t\n\t\t<h3 class=\"pi-data-label pi-secondary-font\">Manufacturer</h3>\n\t\n\t<div class=\"pi-data-value pi-font\"><a href=\"/wiki/Garrick_Ollivander\" title=\"Garrick Ollivander\">Garrick Ollivander</a><sup id=\"cite_ref-DH24_1-0\" class=\"reference\"><a href=\"#cite_note-DH24-1\">&#91;1&#93;</a></sup></div>\n</div>\n\n<div class=\"pi-item pi-data pi-item-spacing pi-border-color\" data-source=\"made\">\n\t\n\t\t<h3 class=\"pi-data-label pi-secondary-font\">Made</h3>\n\t\n\t<div class=\"pi-data-value pi-font\">Pre <a href=\"/wiki/1982\" title=\"1982\">1982</a></div>\n</div>\n\n<div class=\"pi-item pi-data pi-item-spacing pi-border-color\" data-source=\"masters\">\n\t\n\t\t<h3 class=\"pi-data-label pi-secondary-font\">Master(s)</h3>\n\t\n\t<div class=\"pi-data-value pi-font\"><a href=\"/wiki/Bellatrix_Lestrange\" title=\"Bellatrix Lestrange\">Bellatrix Lestrange</a><sup id=\"cite_ref-DH24_1-1\" class=\"reference\"><a href=\"#cite_note-DH24-1\">&#91;1&#93;</a></sup></div>\n</div>\n\n<div class=\"pi-item pi-data pi-item-spacing pi-border-color\" data-source=\"owners\">\n\t\n\t\t<h3 class=\"pi-data-label pi-secondary-font\">Owner(s)</h3>\n\t\n\t<div class=\"pi-data-value pi-font\"><ul><li>Bellatrix Lestrange<sup id=\"cite_ref-DH24_1-2\" class=\"reference\"><a href=\"#cite_note-DH24-1\">&#91;1&#93;</a></sup></li><li><a href=\"/wiki/Hermione_Granger\" title=\"Hermione Granger\">Hermione Granger</a><sup id=\"cite_ref-DH24_1-3\" class=\"reference\"><a href=\"#cite_note-DH24-1\">&#91;1&#93;</a></sup></li></ul></div>\n</div>\n\n</section>\n<section class=\"pi-item pi-group pi-border-color\">\n\t<h2 class=\"pi-item pi-header pi-secondary-font pi-item-spacing pi-secondary-background\">Material information</h2>\n\n<div class=\"pi-item pi-data pi-item-spacing pi-border-color\" data-source=\"wood\">\n\t\n\t\t<h3 class=\"pi-data-label pi-secondary-font\">Wood</h3>\n\t\n\t<div class=\"pi-data-value pi-font\"><a href=\"/wiki/Walnut_(tree)\" title=\"Walnut (tree)\">Walnut</a><sup id=\"cite_ref-DH24_1-4\" class=\"reference\"><a href=\"#cite_note-DH24-1\">&#91;1&#93;</a></sup></div>\n</div>\n\n<div class=\"pi-item pi-data pi-item-spacing pi-border-color\" data-source=\"core\">\n\t\n\t\t<h3 class=\"pi-data-label pi-secondary-font\">Core</h3>\n\t\n\t<div class=\"pi-data-value pi-font\"><a href=\"/wiki/Dragon_heartstring\" title=\"Dragon heartstring\">Dragon heartstring</a><sup id=\"cite_ref-DH24_1-5\" class=\"reference\"><a href=\"#cite_note-DH24-1\">&#91;1&#93;</a></sup></div>\n</div>\n\n<div class=\"pi-item pi-data pi-item-spacing pi-border-color\" data-source=\"length\">\n\t\n\t\t<h3 class=\"pi-data-label pi-secondary-font\">Length</h3>\n\t\n\t<div class=\"pi-data-value pi-font\">12\u00be\"<sup id=\"cite_ref-DH24_1-6\" class=\"reference\"><a href=\"#cite_note-DH24-1\">&#91;1&#93;</a></sup></div>\n</div>\n\n<div class=\"pi-item pi-data pi-item-spacing pi-border-color\" data-source=\"characteristics\">\n\t\n\t\t<h3 class=\"pi-data-label pi-secondary-font\">Characteristics</h3>\n\t\n\t<div class=\"pi-data-value pi-font\">Unyielding<sup id=\"cite_ref-DH24_1-7\" class=\"reference\"><a href=\"#cite_note-DH24-1\">&#91;1&#93;</a></sup></div>\n</div>\n\n</section>\n<nav class=\"pi-navigation pi-item-spacing pi-secondary-background pi-secondary-font\"><small><a href=\"/wiki/Template:Wand_infobox\" title=\"Template:Wand infobox\">[Source]</a><span class=\"hidable-button\"></span></small></nav>\n</aside>\n\n</p>\n<div class=\"quote\">\n<dl><dd><span title=\"Source:&#160;Harry Potter and the Deathly Hallows\">\"<i>This is the wand that tortured Neville's mum and dad, and who knows how many other people? This is the wand that killed Sirius! I miss my wand.</i>\"</span></dd>\n<dd>&#8212;<a href=\"/wiki/Hermione_Granger\" title=\"Hermione Granger\">Hermione Granger</a><sup class=\"noprint\"><a href=\"/wiki/Harry_Potter_and_the_Deathly_Hallows\" title=\"Harry Potter and the Deathly Hallows\">[src]</a></sup></dd>\n<dd></dd></dl></div>\n<p><a href=\"/wiki/Bellatrix_Lestrange\" title=\"Bellatrix Lestrange\">Bellatrix Lestrange</a>'s wand was 12\u00be\" long, made of <a href=\"/wiki/Walnut_(tree)\" title=\"Walnut (tree)\">Walnut</a>, and had a <a href=\"/wiki/Dragon_heartstring\" title=\"Dragon heartstring\">dragon heartstring</a> <a href=\"/wiki/Wand_core\" title=\"Wand core\">core</a>. The wand was constructed by <a href=\"/wiki/Garrick_Ollivander\" title=\"Garrick Ollivander\">Garrick Ollivander</a>, who described it as \"<i>unyielding</i>\".<sup id=\"cite_ref-DH24_1-8\" class=\"reference\"><a href=\"#cite_note-DH24-1\">&#91;1&#93;</a></sup>\n</p>\n<div id=\"toc\" class=\"toc\"><input type=\"checkbox\" role=\"button\" id=\"toctogglecheckbox\" class=\"toctogglecheckbox\" style=\"display:none\" /><div class=\"toctitle\" lang=\"en\" dir=\"ltr\"><h2>Contents</h2><span class=\"toctogglespan\"><label class=\"toctogglelabel\" for=\"toctogglecheckbox\"></label></span></div>\n<ul>\n<li class=\"toclevel-1 tocsection-1\"><a href=\"#History\"><span class=\"tocnumber\">1</span> <span class=\"toctext\">History</span></a></li>\n<li class=\"toclevel-1 tocsection-2\"><a href=\"#Behind_the_scenes\"><span class=\"tocnumber\">2</span> <span class=\"toctext\">Behind the scenes</span></a></li>\n<li class=\"toclevel-1 tocsection-3\"><a href=\"#Appearances\"><span class=\"tocnumber\">3</span> <span class=\"toctext\">Appearances</span></a></li>\n<li class=\"toclevel-1 tocsection-4\"><a href=\"#Notes_and_references\"><span class=\"tocnumber\">4</span> <span class=\"toctext\">Notes and references</span></a></li>\n</ul>\n</div>\n\n<h2><span class=\"mw-headline\" id=\"History\">History</span><span class=\"mw-editsection\"><span class=\"mw-editsection-bracket\">[</span><a href=\"/wiki/Bellatrix_Lestrange%27s_first_wand?veaction=edit&amp;section=1\" class=\"mw-editsection-visualeditor\" title=\"Edit section: History\">edit</a><span class=\"mw-editsection-divider\"> | </span><a href=\"/wiki/Bellatrix_Lestrange%27s_first_wand?action=edit&amp;section=1\" title=\"Edit section: History\"><svg class=\"wds-icon wds-icon-tiny section-edit-pencil-icon\"><use xlink:href=\"#wds-icons-pencil-tiny\"></use></svg>edit source</a><span class=\"mw-editsection-bracket\">]</span></span></h2>\n<div class=\"quote\">\n<dl><dd><span title=\"Source:&#160;Harry Potter and the Deathly Hallows\">\"<i>He looked down at the wand and was visited by a brutal urge to snap it, to slice it in half with Gryffindor's sword </i>[...]<i> </i>\"</span></dd>\n<dd>&#8212;Harry Potter's thoughts on the wand upon securing it<sup class=\"noprint\"><a href=\"/wiki/Harry_Potter_and_the_Deathly_Hallows\" title=\"Harry Potter and the Deathly Hallows\">[src]</a></sup></dd>\n<dd></dd></dl></div><figure class=\"thumb tleft show-info-icon\" style=\"width: 247px\"> \t<a href=\"https://static.wikia.nocookie.net/harrypotter/images/6/62/Sirius_Black_and_Bellatrix_Lestrange_duel_01.jpg/revision/latest?cb=20170717214628\" class=\"image\"><img alt=\"\" src=\"https://static.wikia.nocookie.net/harrypotter/images/6/62/Sirius_Black_and_Bellatrix_Lestrange_duel_01.jpg/revision/latest/scale-to-width-down/245?cb=20170717214628\" decoding=\"async\" width=\"245\" height=\"113\" class=\"thumbimage\" data-image-name=\"Sirius Black and Bellatrix Lestrange duel 01.jpg\" data-image-key=\"Sirius_Black_and_Bellatrix_Lestrange_duel_01.jpg\" /></a> \t \t<figcaption class=\"thumbcaption\"> \t\t \t\t\t<a href=\"/wiki/File:Sirius_Black_and_Bellatrix_Lestrange_duel_01.jpg\" class=\"info-icon\"><svg><use xlink:href=\"#wds-icons-info-small\"></use></svg></a> \t\t \t\t \t\t \t\t\t<p class=\"caption\">Bellatrix duelling Sirius with her wand before she murders him</p> \t\t \t</figcaption> </figure>\n<p>As <a href=\"/wiki/Hermione_Granger\" title=\"Hermione Granger\">Hermione Granger</a> identified this wand as the one that <a href=\"/wiki/Cruciatus_Curse\" title=\"Cruciatus Curse\">tortured</a> <a href=\"/wiki/Alice_and_Frank_Longbottom\" title=\"Alice and Frank Longbottom\">Alice and Frank Longbottom</a>,<sup id=\"cite_ref-DH26_2-0\" class=\"reference\"><a href=\"#cite_note-DH26-2\">&#91;2&#93;</a></sup> it is likely that <a href=\"/wiki/Bellatrix_Lestrange\" title=\"Bellatrix Lestrange\">Bellatrix Lestrange</a> used this wand both before and after her imprisonment in <a href=\"/wiki/Azkaban\" title=\"Azkaban\">Azkaban</a>, possibly since the age of eleven. She recovered it after <a href=\"/wiki/Azkaban_escapes#1996_mass_breakout\" title=\"Azkaban escapes\">escaping from prison</a> in <a href=\"/wiki/1996\" title=\"1996\">1996</a>, fighting with it during the <a href=\"/wiki/Battle_of_the_Department_of_Mysteries\" title=\"Battle of the Department of Mysteries\">Battle of the Department of Mysteries</a> and killing her cousin <a href=\"/wiki/Sirius_Black\" title=\"Sirius Black\">Sirius Black</a> with it.<sup id=\"cite_ref-OOTP35_3-0\" class=\"reference\"><a href=\"#cite_note-OOTP35-3\">&#91;3&#93;</a></sup> She also used her wand to perform an <a href=\"/wiki/Unbreakable_Vow\" title=\"Unbreakable Vow\">Unbreakable Vow</a> between <a href=\"/wiki/Severus_Snape\" title=\"Severus Snape\">Severus Snape</a> and her sister <a href=\"/wiki/Narcissa_Malfoy\" title=\"Narcissa Malfoy\">Narcissa Malfoy</a> at <a href=\"/wiki/Spinner%27s_End\" title=\"Spinner&#39;s End\">Spinner's End</a> later that year.<sup id=\"cite_ref-HBP2_4-0\" class=\"reference\"><a href=\"#cite_note-HBP2-4\">&#91;4&#93;</a></sup>\n</p><p>Bellatrix used this wand until the spring of <a href=\"/wiki/1998\" title=\"1998\">1998</a>, when <a href=\"/wiki/Ronald_Weasley\" title=\"Ronald Weasley\">Ron Weasley</a> <a href=\"/wiki/Disarming_Charm\" title=\"Disarming Charm\">disarmed</a> her in <a href=\"/wiki/Malfoy_Manor\" title=\"Malfoy Manor\">Malfoy Manor</a> after she <a href=\"/wiki/Cruciatus_Curse\" title=\"Cruciatus Curse\">tortured</a> Hermione. She held a knife to an unconscious Hermione's throat and ordered Harry and Ron to drop their wands, and for <a href=\"/wiki/Draco_Malfoy\" title=\"Draco Malfoy\">Draco Malfoy</a> to collect hers. However when <a href=\"/wiki/Dobby\" title=\"Dobby\">Dobby</a> dropped a chandelier he was unable to collect it. Bellatrix threw the knife at them and it hit Dobby in an attempt to stop them leaving. This was unsuccessful and the <a href=\"/wiki/House-elf\" title=\"House-elf\">house-elf</a> and the trio escaped with Bellatrix's wand.<sup id=\"cite_ref-DH23_5-0\" class=\"reference\"><a href=\"#cite_note-DH23-5\">&#91;5&#93;</a></sup>\n</p>\n<figure class=\"thumb tright show-info-icon\" style=\"width: 237px\"> \t<a href=\"https://static.wikia.nocookie.net/harrypotter/images/4/47/Hermione_bellatrix_wand.jpg/revision/latest?cb=20141114020533\" class=\"image\"><img alt=\"\" src=\"https://static.wikia.nocookie.net/harrypotter/images/4/47/Hermione_bellatrix_wand.jpg/revision/latest/scale-to-width-down/235?cb=20141114020533\" decoding=\"async\" width=\"235\" height=\"125\" class=\"thumbimage\" data-image-name=\"Hermione bellatrix wand.jpg\" data-image-key=\"Hermione_bellatrix_wand.jpg\" /></a> \t \t<figcaption class=\"thumbcaption\"> \t\t \t\t\t<a href=\"/wiki/File:Hermione_bellatrix_wand.jpg\" class=\"info-icon\"><svg><use xlink:href=\"#wds-icons-info-small\"></use></svg></a> \t\t \t\t \t\t \t\t\t<p class=\"caption\">Hermione Granger with Bellatrix's Wand</p> \t\t \t</figcaption> </figure>\n<p>Bellatrix reported that her wand had been stolen to <a href=\"/wiki/Gringotts_Wizarding_Bank\" title=\"Gringotts Wizarding Bank\">Gringotts Wizarding Bank</a>, as she feared Harry, Hermione, and Ron would try to break into her <a href=\"/wiki/Lestrange_Vault\" title=\"Lestrange Vault\">vault</a>, which contained an <a href=\"/wiki/Helga_Hufflepuff%27s_Cup\" class=\"mw-redirect\" title=\"Helga Hufflepuff&#39;s Cup\">item</a> important to <a href=\"/wiki/Tom_Riddle\" title=\"Tom Riddle\">Lord Voldemort</a>. Within weeks, this is precisely what they did. Hermione used the wand during her impersonation of Bellatrix, but found wielding it to be distasteful, since not only did she not win its allegiance, but of the criminal activities associated with it. Harry, who at first though Hermione was being picky for a wand she had no affinity with, suddenly felt an urge to snap it or even slice it in two with the <a href=\"/wiki/Sword_of_Gryffindor\" title=\"Sword of Gryffindor\">Sword of Gryffindor</a> as revenge for its victims after Hermione reminded him that it was the wand that killed Sirius.<sup id=\"cite_ref-DH26_2-1\" class=\"reference\"><a href=\"#cite_note-DH26-2\">&#91;2&#93;</a></sup>\n</p><p>Bellatrix's wand was used by Hermione at least until the <a href=\"/wiki/Battle_of_Hogwarts\" title=\"Battle of Hogwarts\">Battle of Hogwarts</a>,<sup id=\"cite_ref-DH31_6-0\" class=\"reference\"><a href=\"#cite_note-DH31-6\">&#91;6&#93;</a></sup> during which Hermione <a href=\"/wiki/Duelling\" title=\"Duelling\">duelled</a> Bellatrix with her own wand, along with <a href=\"/wiki/Ginevra_Weasley\" title=\"Ginevra Weasley\">Ginny Weasley</a> and <a href=\"/wiki/Luna_Lovegood\" title=\"Luna Lovegood\">Luna Lovegood</a>.<sup id=\"cite_ref-DH36_7-0\" class=\"reference\"><a href=\"#cite_note-DH36-7\">&#91;7&#93;</a></sup> It is unknown if Hermione kept the wand after Bellatrix's death and the end of the <a href=\"/wiki/Second_Wizarding_War\" title=\"Second Wizarding War\">Second Wizarding War</a>, but it is very likely she discarded it, having expressed hatred of the wand and its original owner.\n</p>\n<h2><span class=\"mw-headline\" id=\"Behind_the_scenes\">Behind the scenes</span><span class=\"mw-editsection\"><span class=\"mw-editsection-bracket\">[</span><a href=\"/wiki/Bellatrix_Lestrange%27s_first_wand?veaction=edit&amp;section=2\" class=\"mw-editsection-visualeditor\" title=\"Edit section: Behind the scenes\">edit</a><span class=\"mw-editsection-divider\"> | </span><a href=\"/wiki/Bellatrix_Lestrange%27s_first_wand?action=edit&amp;section=2\" title=\"Edit section: Behind the scenes\"><svg class=\"wds-icon wds-icon-tiny section-edit-pencil-icon\"><use xlink:href=\"#wds-icons-pencil-tiny\"></use></svg>edit source</a><span class=\"mw-editsection-bracket\">]</span></span></h2>\n<ul><li>Bellatrix's <a href=\"/wiki/Wand_wood\" title=\"Wand wood\">wand wood</a>, <a href=\"/wiki/Walnut_(tree)\" title=\"Walnut (tree)\">Walnut</a>, is associated with some old European superstitions. In seventeenth-century Italy, a walnut tree in Benevento was believed to be a gathering place for witches. Another legend held that nothing should be grown near a walnut tree, because it contains evil or <a href=\"/wiki/Poison\" title=\"Poison\">poison</a>.</li>\n<li>It is unknown how Bellatrix retrieved the wand following her escape from <a href=\"/wiki/Azkaban\" title=\"Azkaban\">Azkaban</a>. The same issue arises with the other Death Eaters who escaped from Azkaban.\n<ul><li>It is possible that this isn't Bellatrix's original wand and simply a replacement. Hermione may have been mistaken when she stated that Bellatrix used this wand to torture the Longbottoms.</li></ul></li>\n<li>During the filming of <a href=\"/wiki/Harry_Potter_and_the_Order_of_the_Phoenix_(film)\" title=\"Harry Potter and the Order of the Phoenix (film)\"><i>Harry Potter and the Order of the Phoenix</i></a>, <a href=\"/wiki/Helena_Bonham_Carter\" title=\"Helena Bonham Carter\">Helena Bonham Carter</a> accidentally punctured <a href=\"/wiki/Matthew_Lewis\" title=\"Matthew Lewis\">Matthew Lewis</a>'s eardrum when she stuck her wand in his ear during the <a href=\"/wiki/Battle_of_the_Department_of_Mysteries\" title=\"Battle of the Department of Mysteries\">Battle of the Department of Mysteries</a> scene, in which Bellatrix threatens <a href=\"/wiki/Neville_Longbottom\" title=\"Neville Longbottom\">Neville Longbottom</a>.<sup id=\"cite_ref-8\" class=\"reference\"><a href=\"#cite_note-8\">&#91;8&#93;</a></sup></li>\n<li>In <i><a href=\"/wiki/Harry_Potter_and_the_Deathly_Hallows:_Part_1\" title=\"Harry Potter and the Deathly Hallows: Part 1\">Harry Potter and the Deathly Hallows: Part 1</a></i>, Bellatrix made a <a href=\"/wiki/Whip_Spell\" title=\"Whip Spell\">whip</a> extend from her wand, which she used against the Snatchers who were holding Gryffindor's Sword.</li>\n<li>The wand prop used in the films has a slight bend with etchings carved into it, such that it resembles the talon of a large bird. There are also etchings on <a href=\"/wiki/Sirius_Black%27s_wand\" title=\"Sirius Black&#39;s wand\">Sirius Black's wand</a>, which may indicate a familial comparison.</li>\n<li>Helena Bonham Carter said she achieved a large blister after the duelling scene in the <i>Order of the Phoenix</i> film from her wand, the reason being the handle on her curved wand, different from all of the other wands.</li>\n<li>An error appears in her full body poster for <i><a href=\"/wiki/Harry_Potter_and_the_Deathly_Hallows:_Part_2\" title=\"Harry Potter and the Deathly Hallows: Part 2\">Harry Potter and the Deathly Hallows: Part 2</a></i> as she has it again when Hermione was meant to have it.</li>\n<li>In the video game adaptation (<i><a href=\"/wiki/Harry_Potter_and_the_Deathly_Hallows:_Part_2_(video_game)\" title=\"Harry Potter and the Deathly Hallows: Part 2 (video game)\">Harry Potter and the Deathly Hallows: Part 2 (video game)</a></i>) of <i><a href=\"/wiki/Harry_Potter_and_the_Deathly_Hallows:_Part_2\" title=\"Harry Potter and the Deathly Hallows: Part 2\">Harry Potter and the Deathly Hallows: Part 2</a></i>, Bellatrix still has possession of her first wand as she is seen battling in the Great Hall with it just moments from her demise.</li></ul>\n<h2><span class=\"mw-headline\" id=\"Appearances\">Appearances</span><span class=\"mw-editsection\"><span class=\"mw-editsection-bracket\">[</span><a href=\"/wiki/Bellatrix_Lestrange%27s_first_wand?veaction=edit&amp;section=3\" class=\"mw-editsection-visualeditor\" title=\"Edit section: Appearances\">edit</a><span class=\"mw-editsection-divider\"> | </span><a href=\"/wiki/Bellatrix_Lestrange%27s_first_wand?action=edit&amp;section=3\" title=\"Edit section: Appearances\"><svg class=\"wds-icon wds-icon-tiny section-edit-pencil-icon\"><use xlink:href=\"#wds-icons-pencil-tiny\"></use></svg>edit source</a><span class=\"mw-editsection-bracket\">]</span></span></h2>\n<div class=\"noprint\" style=\"float: right; clear: right; margin-top: 2px; margin-left: 2px; margin-bottom: 2px; background-color: #D8E9FC; text-align: left; font-size: 90%; width: 250px;\"><span class=\"rtop\" style=\"\"><span class=\"r1\" style=\"background: #D8E9FC\"></span><span class=\"r2\" style=\"background: #D8E9FC\"></span><span class=\"r3\" style=\"background: #D8E9FC\"></span><span class=\"r4\" style=\"background: #D8E9FC\"></span></span><div style=\"float:left; margin-left: 5px;\"><a href=\"https://static.wikia.nocookie.net/harrypotter/images/b/bc/Wiki.png/revision/latest?cb=20091217124448\" class=\"image\"><img alt=\"Wiki.png\" src=\"https://static.wikia.nocookie.net/harrypotter/images/b/bc/Wiki.png/revision/latest/scale-to-width-down/35?cb=20091217124448\" decoding=\"async\" width=\"35\" height=\"21\" data-image-name=\"Wiki.png\" data-image-key=\"Wiki.png\" /></a></div><div style=\"margin-left:50px\">The Harry Potter Wiki has 36 images related to <i><b><a href=\"/wiki/Category:Images_of_Bellatrix_Lestrange%27s_wand\" title=\"Category:Images of Bellatrix Lestrange&#39;s wand\">Bellatrix Lestrange&#39;s first wand</a></b></i>.</div><span class=\"content-bg rbottom\" style=\"\"><span class=\"r4\" style=\"background: #D8E9FC\"></span><span class=\"r3\" style=\"background: #D8E9FC\"></span><span class=\"r2\" style=\"background: #D8E9FC\"></span><span class=\"r1\" style=\"background: #D8E9FC\"></span></span></div>\n<ul><li><i><a href=\"/wiki/Harry_Potter_and_the_Order_of_the_Phoenix\" title=\"Harry Potter and the Order of the Phoenix\">Harry Potter and the Order of the Phoenix</a></i> <small>(First appearance)</small></li>\n<li><i><a href=\"/wiki/Harry_Potter_and_the_Order_of_the_Phoenix_(film)\" title=\"Harry Potter and the Order of the Phoenix (film)\">Harry Potter and the Order of the Phoenix (film)</a></i></li>\n<li><i><a href=\"/wiki/Harry_Potter_and_the_Order_of_the_Phoenix_(video_game)\" title=\"Harry Potter and the Order of the Phoenix (video game)\">Harry Potter and the Order of the Phoenix (video game)</a></i></li>\n<li><i><a href=\"/wiki/Harry_Potter_and_the_Half-Blood_Prince\" title=\"Harry Potter and the Half-Blood Prince\">Harry Potter and the Half-Blood Prince</a></i></li>\n<li><i><a href=\"/wiki/Harry_Potter_and_the_Half-Blood_Prince_(film)\" title=\"Harry Potter and the Half-Blood Prince (film)\">Harry Potter and the Half-Blood Prince (film)</a></i></li>\n<li><i><a href=\"/wiki/Harry_Potter_and_the_Half-Blood_Prince_(video_game)\" title=\"Harry Potter and the Half-Blood Prince (video game)\">Harry Potter and the Half-Blood Prince (video game)</a></i></li>\n<li><i><a href=\"/wiki/Harry_Potter_and_the_Deathly_Hallows\" title=\"Harry Potter and the Deathly Hallows\">Harry Potter and the Deathly Hallows</a></i></li>\n<li><i><a href=\"/wiki/Harry_Potter_and_the_Deathly_Hallows:_Part_1\" title=\"Harry Potter and the Deathly Hallows: Part 1\">Harry Potter and the Deathly Hallows: Part 1</a></i></li>\n<li><i><a href=\"/wiki/Harry_Potter_and_the_Deathly_Hallows:_Part_1_(video_game)\" title=\"Harry Potter and the Deathly Hallows: Part 1 (video game)\">Harry Potter and the Deathly Hallows: Part 1 (video game)</a></i></li>\n<li><i><a href=\"/wiki/Harry_Potter_and_the_Deathly_Hallows:_Part_2\" title=\"Harry Potter and the Deathly Hallows: Part 2\">Harry Potter and the Deathly Hallows: Part 2</a></i></li>\n<li><i><a href=\"/wiki/Harry_Potter_and_the_Deathly_Hallows:_Part_2_(video_game)\" title=\"Harry Potter and the Deathly Hallows: Part 2 (video game)\">Harry Potter and the Deathly Hallows: Part 2 (video game)</a></i></li>\n<li><i><a href=\"/wiki/LEGO_Harry_Potter:_Years_5-7\" title=\"LEGO Harry Potter: Years 5-7\">LEGO Harry Potter: Years 5-7</a></i></li>\n<li><i><a href=\"/wiki/LEGO_Dimensions\" title=\"LEGO Dimensions\">LEGO Dimensions</a></i></li>\n<li><i><a href=\"/wiki/LEGO_Harry_Potter\" title=\"LEGO Harry Potter\">LEGO Harry Potter</a></i></li>\n<li><i><a href=\"/wiki/Harry_Potter:_The_Character_Vault\" title=\"Harry Potter: The Character Vault\">Harry Potter: The Character Vault</a></i></li></ul>\n<h2><span class=\"mw-headline\" id=\"Notes_and_references\">Notes and references</span><span class=\"mw-editsection\"><span class=\"mw-editsection-bracket\">[</span><a href=\"/wiki/Bellatrix_Lestrange%27s_first_wand?veaction=edit&amp;section=4\" class=\"mw-editsection-visualeditor\" title=\"Edit section: Notes and references\">edit</a><span class=\"mw-editsection-divider\"> | </span><a href=\"/wiki/Bellatrix_Lestrange%27s_first_wand?action=edit&amp;section=4\" title=\"Edit section: Notes and references\"><svg class=\"wds-icon wds-icon-tiny section-edit-pencil-icon\"><use xlink:href=\"#wds-icons-pencil-tiny\"></use></svg>edit source</a><span class=\"mw-editsection-bracket\">]</span></span></h2>\n<div class=\"references-small\">\n<div class=\"mw-references-wrap\"><ol class=\"references\">\n<li id=\"cite_note-DH24-1\"><span class=\"mw-cite-backlink\">\u2191 <sup><a href=\"#cite_ref-DH24_1-0\">1.0</a></sup> <sup><a href=\"#cite_ref-DH24_1-1\">1.1</a></sup> <sup><a href=\"#cite_ref-DH24_1-2\">1.2</a></sup> <sup><a href=\"#cite_ref-DH24_1-3\">1.3</a></sup> <sup><a href=\"#cite_ref-DH24_1-4\">1.4</a></sup> <sup><a href=\"#cite_ref-DH24_1-5\">1.5</a></sup> <sup><a href=\"#cite_ref-DH24_1-6\">1.6</a></sup> <sup><a href=\"#cite_ref-DH24_1-7\">1.7</a></sup> <sup><a href=\"#cite_ref-DH24_1-8\">1.8</a></sup></span> <span class=\"reference-text\"><i><a href=\"/wiki/Harry_Potter_and_the_Deathly_Hallows\" title=\"Harry Potter and the Deathly Hallows\">Harry Potter and the Deathly Hallows</a></i>, Chapter 24 (<i>The Wandmaker</i>)</span>\n</li>\n<li id=\"cite_note-DH26-2\"><span class=\"mw-cite-backlink\">\u2191 <sup><a href=\"#cite_ref-DH26_2-0\">2.0</a></sup> <sup><a href=\"#cite_ref-DH26_2-1\">2.1</a></sup></span> <span class=\"reference-text\"><i><a href=\"/wiki/Harry_Potter_and_the_Deathly_Hallows\" title=\"Harry Potter and the Deathly Hallows\">Harry Potter and the Deathly Hallows</a></i>, Chapter 26 (<i>Gringotts</i>)</span>\n</li>\n<li id=\"cite_note-OOTP35-3\"><span class=\"mw-cite-backlink\"><a href=\"#cite_ref-OOTP35_3-0\">\u2191</a></span> <span class=\"reference-text\"><i><a href=\"/wiki/Harry_Potter_and_the_Order_of_the_Phoenix\" title=\"Harry Potter and the Order of the Phoenix\">Harry Potter and the Order of the Phoenix</a></i>, Chapter 35 (<i>Beyond the Veil</i>)</span>\n</li>\n<li id=\"cite_note-HBP2-4\"><span class=\"mw-cite-backlink\"><a href=\"#cite_ref-HBP2_4-0\">\u2191</a></span> <span class=\"reference-text\"><i><a href=\"/wiki/Harry_Potter_and_the_Half-Blood_Prince\" title=\"Harry Potter and the Half-Blood Prince\">Harry Potter and the Half-Blood Prince</a></i>, Chapter 2 (<i>Spinner's End</i>)</span>\n</li>\n<li id=\"cite_note-DH23-5\"><span class=\"mw-cite-backlink\"><a href=\"#cite_ref-DH23_5-0\">\u2191</a></span> <span class=\"reference-text\">'<i><a href=\"/wiki/Harry_Potter_and_the_Deathly_Hallows\" title=\"Harry Potter and the Deathly Hallows\">Harry Potter and the Deathly Hallows</a></i>, Chapter 23 (<i>Malfoy Manor</i>)</span>\n</li>\n<li id=\"cite_note-DH31-6\"><span class=\"mw-cite-backlink\"><a href=\"#cite_ref-DH31_6-0\">\u2191</a></span> <span class=\"reference-text\"><i><a href=\"/wiki/Harry_Potter_and_the_Deathly_Hallows\" title=\"Harry Potter and the Deathly Hallows\">Harry Potter and the Deathly Hallows</a></i>, Chapter 31 (<i>The Battle of Hogwarts</i>)</span>\n</li>\n<li id=\"cite_note-DH36-7\"><span class=\"mw-cite-backlink\"><a href=\"#cite_ref-DH36_7-0\">\u2191</a></span> <span class=\"reference-text\"><i><a href=\"/wiki/Harry_Potter_and_the_Deathly_Hallows\" title=\"Harry Potter and the Deathly Hallows\">Harry Potter and the Deathly Hallows</a></i>, Chapter 36 (<i>The Flaw in the Plan</i>)</span>\n</li>\n<li id=\"cite_note-8\"><span class=\"mw-cite-backlink\"><a href=\"#cite_ref-8\">\u2191</a></span> <span class=\"reference-text\">\"<a target=\"_blank\" rel=\"noreferrer noopener\" class=\"external text\" href=\"http://www.ew.com/ew/article/0,,20044270_20044274_20046035,00.html\">Helena Bonham Carter Gets Wicked</a>\"</span>\n</li>\n</ol></div></div></div>"}]}}}}