{"batchcomplete": "", "warnings": {"main": {"*": "Subscribe to the mediawiki-api-announce mailing list at <https://lists.wikimedia.org/mailman/listinfo/mediawiki-api-announce> for notice of API deprecations and breaking changes."}, "revisions": {"*": "The parameter \"rvparse\" has been deprecated.\nBecause \"rvslots\" was not specified, a legacy format has been used for the output. This format is deprecated, and in the future the new format will always be used."}}, "query": {"normalized": [{"from": "Belvina_Burke's_daughter", "to": "Belvina Burke's daughter"}], "pages": {"41524": {"pageid": 41524, "ns": 0, "title": "Belvina Burke's daughter", "revisions": [{"*": "<div class=\"mw-parser-output\"><table class=\"notice metadata\" cellpadding=\"3px\" style=\"text-align: center; background: snow; border: #a00 1px solid; margin: 1em 10% 1em 10%;\">\n\n<tbody><tr>\n<td><a href=\"https://static.wikia.nocookie.net/harrypotter/images/1/11/Hermione_Granger_%28HBP_promo%29_5.jpg/revision/latest?cb=20090817203540\" class=\"image\"><img alt=\"Hermione Granger (HBP promo) 5.jpg\" src=\"https://static.wikia.nocookie.net/harrypotter/images/1/11/Hermione_Granger_%28HBP_promo%29_5.jpg/revision/latest/scale-to-width-down/60?cb=20090817203540\" decoding=\"async\" width=\"60\" height=\"80\" data-image-name=\"Hermione Granger (HBP promo) 5.jpg\" data-image-key=\"Hermione_Granger_(HBP_promo)_5.jpg\" /></a>\n</td>\n<td><i><b>\"Are you a wizard or not?\"</b></i>\n<p>The title of this article is conjectural.  Although it is based on <a href=\"/wiki/Canon\" title=\"Canon\">canonical information</a>, the actual name is a conjecture and may be supplanted at any time by additional information released from canonical sources.  If this occurs, please move this page to the appropriate title.\n</p>\n</td></tr></tbody></table>\n<p>\n<aside role=\"region\" class=\"portable-infobox pi-background pi-theme-wizard pi-layout-default\"><section class=\"pi-item pi-group pi-border-color\">\n\t\n<h2 class=\"pi-item pi-item-spacing pi-title\" data-source=\"name\">Belvina Burke\u2019s daughter</h2>\n\n</section>\n<section class=\"pi-item pi-group pi-border-color\">\n\t<h2 class=\"pi-item pi-header pi-secondary-font pi-item-spacing pi-secondary-background\">Biographical information</h2>\n\n<div class=\"pi-item pi-data pi-item-spacing pi-border-color\" data-source=\"blood\">\n\t\n\t\t<h3 class=\"pi-data-label pi-secondary-font\">Blood status</h3>\n\t\n\t<div class=\"pi-data-value pi-font\"><a href=\"/wiki/Pure-blood\" title=\"Pure-blood\">Pure-blood</a></div>\n</div>\n\n</section>\n<section class=\"pi-item pi-group pi-border-color\">\n\t<h2 class=\"pi-item pi-header pi-secondary-font pi-item-spacing pi-secondary-background\">Physical information</h2>\n\n<div class=\"pi-item pi-data pi-item-spacing pi-border-color\" data-source=\"species\">\n\t\n\t\t<h3 class=\"pi-data-label pi-secondary-font\">Species</h3>\n\t\n\t<div class=\"pi-data-value pi-font\"><a href=\"/wiki/Human\" title=\"Human\">Human</a></div>\n</div>\n\n<div class=\"pi-item pi-data pi-item-spacing pi-border-color\" data-source=\"gender\">\n\t\n\t\t<h3 class=\"pi-data-label pi-secondary-font\">Gender</h3>\n\t\n\t<div class=\"pi-data-value pi-font\">Female</div>\n</div>\n\n<div class=\"pi-item pi-data pi-item-spacing pi-border-color\" data-source=\"skin\">\n\t\n\t\t<h3 class=\"pi-data-label pi-secondary-font\">Skin colour</h3>\n\t\n\t<div class=\"pi-data-value pi-font\">White</div>\n</div>\n\n</section>\n<section class=\"pi-item pi-group pi-border-color\">\n\t<h2 class=\"pi-item pi-header pi-secondary-font pi-item-spacing pi-secondary-background\">Relationship information</h2>\n\n<div class=\"pi-item pi-data pi-item-spacing pi-border-color\" data-source=\"family\">\n\t\n\t\t<h3 class=\"pi-data-label pi-secondary-font\">Family members</h3>\n\t\n\t<div class=\"pi-data-value pi-font\"><ul><li><a href=\"/wiki/Belvina_Black\" title=\"Belvina Black\">Belvina Burke (n\u00e9e Black)</a> (mother)</li><li><a href=\"/wiki/Herbert_Burke\" title=\"Herbert Burke\">Herbert Burke</a> (father)</li><li><a href=\"/wiki/Belvina_Burke%27s_sons\" title=\"Belvina Burke&#039;s sons\">Two brothers</a></li><li><a href=\"/wiki/Sirius_Black_II\" title=\"Sirius Black II\">Sirius Black II</a> (maternal uncle)</li><li><a href=\"/wiki/Phineas_Black\" title=\"Phineas Black\">Phineas Black</a> (maternal uncle)</li><li><a href=\"/wiki/Cygnus_Black_II\" title=\"Cygnus Black II\">Cygnus Black II</a> (maternal uncle)</li><li><a href=\"/wiki/Arcturus_Black_II\" title=\"Arcturus Black II\">Arcturus Black II</a> (maternal uncle)</li><li><a href=\"/wiki/Caractacus_Burke\" title=\"Caractacus Burke\">Caractacus Burke</a> (possibly) \u2020</li><li><a href=\"/wiki/Elizabeth_Burke\" title=\"Elizabeth Burke\">Elizabeth Burke</a> (possibly) \u2020</li><li><a href=\"/wiki/House_of_Black\" title=\"House of Black\">Black family</a></li></ul></div>\n</div>\n\n</section>\n<section class=\"pi-item pi-group pi-border-color\">\n\t<h2 class=\"pi-item pi-header pi-secondary-font pi-item-spacing pi-secondary-background\">Affiliation</h2>\n\n<div class=\"pi-item pi-data pi-item-spacing pi-border-color\" data-source=\"loyalty\">\n\t\n\t\t<h3 class=\"pi-data-label pi-secondary-font\">Loyalty</h3>\n\t\n\t<div class=\"pi-data-value pi-font\"><ul><li><a href=\"/wiki/Burke_family\" title=\"Burke family\">Burke family</a></li><li><a href=\"/wiki/House_of_Black\" title=\"House of Black\">Black family</a></li></ul></div>\n</div>\n\n</section>\n<nav class=\"pi-navigation pi-item-spacing pi-secondary-background pi-secondary-font\"><small><a href=\"/wiki/Template:Individual_infobox\" title=\"Template:Individual infobox\">[Source]</a><span class=\"hidable-button\"></span></small></nav>\n</aside>\n\n<a href=\"/wiki/Herbert_Burke\" title=\"Herbert Burke\">Herbert Burke</a> married <a href=\"/wiki/Belvina_Black\" title=\"Belvina Black\">Belvina Black</a> and they had three children: <a href=\"/wiki/Belvina_Burke%27s_sons\" title=\"Belvina Burke&#39;s sons\">two sons</a> and <b>one daughter</b>. They were all <a href=\"/wiki/Pure-blood\" title=\"Pure-blood\">pure-blood</a> and related through Belvina to the <a href=\"/wiki/House_of_Black\" title=\"House of Black\">House of Black</a>.<sup id=\"cite_ref-OOTPF_1-0\" class=\"reference\"><a href=\"#cite_note-OOTPF-1\">&#91;1&#93;</a></sup>\n</p><p>Her uncle, <a href=\"/wiki/Phineas_Black\" title=\"Phineas Black\">Phineas Black</a>, was disowned because he supported <a href=\"/wiki/Non-magic_people\" title=\"Non-magic people\">Muggles</a>.<sup id=\"cite_ref-OOTPF_1-1\" class=\"reference\"><a href=\"#cite_note-OOTPF-1\">&#91;1&#93;</a></sup>\n</p>\n<h2><span class=\"mw-headline\" id=\"Appearances\">Appearances</span><span class=\"mw-editsection\"><span class=\"mw-editsection-bracket\">[</span><a href=\"/wiki/Belvina_Burke%27s_daughter?veaction=edit&amp;section=1\" class=\"mw-editsection-visualeditor\" title=\"Edit section: Appearances\">edit</a><span class=\"mw-editsection-divider\"> | </span><a href=\"/wiki/Belvina_Burke%27s_daughter?action=edit&amp;section=1\" title=\"Edit section: Appearances\"><svg class=\"wds-icon wds-icon-tiny section-edit-pencil-icon\"><use xlink:href=\"#wds-icons-pencil-tiny\"></use></svg>edit source</a><span class=\"mw-editsection-bracket\">]</span></span></h2>\n<ul><li><i><a href=\"/wiki/Harry_Potter_and_the_Order_of_the_Phoenix_(film)\" title=\"Harry Potter and the Order of the Phoenix (film)\">Harry Potter and the Order of the Phoenix (film)</a></i> <span class=\"template-c\">(Appears on Black family tapestry)</span></li></ul>\n<h2><span class=\"mw-headline\" id=\"Notes_and_references\">Notes and references</span><span class=\"mw-editsection\"><span class=\"mw-editsection-bracket\">[</span><a href=\"/wiki/Belvina_Burke%27s_daughter?veaction=edit&amp;section=2\" class=\"mw-editsection-visualeditor\" title=\"Edit section: Notes and references\">edit</a><span class=\"mw-editsection-divider\"> | </span><a href=\"/wiki/Belvina_Burke%27s_daughter?action=edit&amp;section=2\" title=\"Edit section: Notes and references\"><svg class=\"wds-icon wds-icon-tiny section-edit-pencil-icon\"><use xlink:href=\"#wds-icons-pencil-tiny\"></use></svg>edit source</a><span class=\"mw-editsection-bracket\">]</span></span></h2>\n<div class=\"references-small\">\n<div class=\"mw-references-wrap\"><ol class=\"references\">\n<li id=\"cite_note-OOTPF-1\"><span class=\"mw-cite-backlink\">\u2191 <sup><a href=\"#cite_ref-OOTPF_1-0\">1.0</a></sup> <sup><a href=\"#cite_ref-OOTPF_1-1\">1.1</a></sup></span> <span class=\"reference-text\"><i><a href=\"/wiki/Harry_Potter_and_the_Order_of_the_Phoenix_(film)\" title=\"Harry Potter and the Order of the Phoenix (film)\">Harry Potter and the Order of the Phoenix (film)</a></i></span>\n</li>\n</ol></div></div></div>"}]}}}}