{"batchcomplete": "", "warnings": {"main": {"*": "Subscribe to the mediawiki-api-announce mailing list at <https://lists.wikimedia.org/mailman/listinfo/mediawiki-api-announce> for notice of API deprecations and breaking changes."}, "revisions": {"*": "The parameter \"rvparse\" has been deprecated.\nBecause \"rvslots\" was not specified, a legacy format has been used for the output. This format is deprecated, and in the future the new format will always be used."}}, "query": {"pages": {"17322": {"pageid": 17322, "ns": 0, "title": "Bernie", "revisions": [{"*": "<div class=\"mw-parser-output\"><p>\n<aside role=\"region\" class=\"portable-infobox pi-background pi-theme-mom pi-layout-default\"><section class=\"pi-item pi-group pi-border-color\">\n\t\n<h2 class=\"pi-item pi-item-spacing pi-title\" data-source=\"name\">Bernie</h2>\n\n</section>\n<section class=\"pi-item pi-group pi-border-color\">\n\t<h2 class=\"pi-item pi-header pi-secondary-font pi-item-spacing pi-secondary-background\">Biographical information</h2>\n\n<div class=\"pi-item pi-data pi-item-spacing pi-border-color\" data-source=\"born\">\n\t\n\t\t<h3 class=\"pi-data-label pi-secondary-font\">Born</h3>\n\t\n\t<div class=\"pi-data-value pi-font\">Before <a href=\"/wiki/1980\" title=\"1980\">1980</a></div>\n</div>\n\n<div class=\"pi-item pi-data pi-item-spacing pi-border-color\" data-source=\"nationality\">\n\t\n\t\t<h3 class=\"pi-data-label pi-secondary-font\">Nationality</h3>\n\t\n\t<div class=\"pi-data-value pi-font\"><a href=\"/wiki/Great_Britain\" title=\"Great Britain\">British</a></div>\n</div>\n\n</section>\n<section class=\"pi-item pi-group pi-border-color\">\n\t<h2 class=\"pi-item pi-header pi-secondary-font pi-item-spacing pi-secondary-background\">Physical information</h2>\n\n<div class=\"pi-item pi-data pi-item-spacing pi-border-color\" data-source=\"species\">\n\t\n\t\t<h3 class=\"pi-data-label pi-secondary-font\">Species</h3>\n\t\n\t<div class=\"pi-data-value pi-font\"><a href=\"/wiki/Human\" title=\"Human\">Human</a></div>\n</div>\n\n<div class=\"pi-item pi-data pi-item-spacing pi-border-color\" data-source=\"gender\">\n\t\n\t\t<h3 class=\"pi-data-label pi-secondary-font\">Gender</h3>\n\t\n\t<div class=\"pi-data-value pi-font\">Male</div>\n</div>\n\n</section>\n<section class=\"pi-item pi-group pi-border-color\">\n\t<h2 class=\"pi-item pi-header pi-secondary-font pi-item-spacing pi-secondary-background\">Affiliation</h2>\n\n<div class=\"pi-item pi-data pi-item-spacing pi-border-color\" data-source=\"job\">\n\t\n\t\t<h3 class=\"pi-data-label pi-secondary-font\">Occupation</h3>\n\t\n\t<div class=\"pi-data-value pi-font\"><a href=\"/wiki/British_Ministry_of_Magic\" title=\"British Ministry of Magic\">Ministry of Magic</a> employee</div>\n</div>\n\n<div class=\"pi-item pi-data pi-item-spacing pi-border-color\" data-source=\"loyalty\">\n\t\n\t\t<h3 class=\"pi-data-label pi-secondary-font\">Loyalty</h3>\n\t\n\t<div class=\"pi-data-value pi-font\"><a href=\"/wiki/British_Ministry_of_Magic\" title=\"British Ministry of Magic\">British Ministry of Magic</a></div>\n</div>\n\n</section>\n<nav class=\"pi-navigation pi-item-spacing pi-secondary-background pi-secondary-font\"><small><a href=\"/wiki/Template:Individual_infobox\" title=\"Template:Individual infobox\">[Source]</a><span class=\"hidable-button\"></span></small></nav>\n</aside>\n\n</p>\n<div class=\"quote\">\n<dl><dd><span title=\"Source:&#160;Harry Potter and the Deathly Hallows\"><b>Arthur Weasley</b>: \"<i>Oh, hello, Reg. Isn't your wife in for questioning today? Er - what's happened to you? Why are you so wet?</i>\"</span></dd>\n<dd><b>Ron Weasley (as Reginald Cattermole)</b>: \"<i>Yaxley's office is raining. I couldn't stop it, so they've sent me to get Bernie - Pillsworth, I think they said - </i>\"</dd>\n<dd><b>Arthur Weasley</b>: \"<i>Yes, a lot of offices have been raining lately. Did you try </i>meteologinx recanto<i>? It worked for Bletchley.</i>\"</dd>\n<dd>&#8212; Arthur speaking with Ron disguised as Reginald Cattermole<sup class=\"noprint\"><a href=\"/wiki/Harry_Potter_and_the_Deathly_Hallows\" title=\"Harry Potter and the Deathly Hallows\">[src]</a></sup></dd></dl>\n</div>\n<p><b>Bernie</b> (surname possibly <b>Pillsworth</b>) was a <a href=\"/wiki/Great_Britain\" title=\"Great Britain\">British</a> <a href=\"/wiki/Wizardkind\" title=\"Wizardkind\">wizard</a> who worked at the <a href=\"/wiki/British_Ministry_of_Magic\" title=\"British Ministry of Magic\">Ministry of Magic</a>.<sup id=\"cite_ref-DH13_1-0\" class=\"reference\"><a href=\"#cite_note-DH13-1\">&#91;1&#93;</a></sup>\n</p><p>Under the <a href=\"/wiki/Polyjuice_Potion\" title=\"Polyjuice Potion\">disguise</a> of <a href=\"/wiki/Reginald_Cattermole\" title=\"Reginald Cattermole\">Reginald Cattermole</a>, <a href=\"/wiki/Ronald_Weasley\" title=\"Ronald Weasley\">Ron Weasley</a> was told to fetch Bernie after failing to stop <a href=\"/wiki/Water\" title=\"Water\">rain</a> from falling inside <a href=\"/wiki/Yaxley%27s_office\" class=\"mw-redirect\" title=\"Yaxley&#39;s office\">Yaxley's office</a> during the <a href=\"/wiki/Infiltration_of_the_Ministry_of_Magic\" title=\"Infiltration of the Ministry of Magic\">2 September, 1997 Ministry infiltration</a>.<sup id=\"cite_ref-DH13_1-1\" class=\"reference\"><a href=\"#cite_note-DH13-1\">&#91;1&#93;</a></sup>\n</p>\n<h2><span class=\"mw-headline\" id=\"Appearances\">Appearances</span><span class=\"mw-editsection\"><span class=\"mw-editsection-bracket\">[</span><a href=\"/wiki/Bernie?veaction=edit&amp;section=1\" class=\"mw-editsection-visualeditor\" title=\"Edit section: Appearances\">edit</a><span class=\"mw-editsection-divider\"> | </span><a href=\"/wiki/Bernie?action=edit&amp;section=1\" title=\"Edit section: Appearances\"><svg class=\"wds-icon wds-icon-tiny section-edit-pencil-icon\"><use xlink:href=\"#wds-icons-pencil-tiny\"></use></svg>edit source</a><span class=\"mw-editsection-bracket\">]</span></span></h2>\n<ul><li><i><a href=\"/wiki/Harry_Potter_and_the_Deathly_Hallows\" title=\"Harry Potter and the Deathly Hallows\">Harry Potter and the Deathly Hallows</a></i> <small>(First mentioned)</small></li></ul>\n<h2><span class=\"mw-headline\" id=\"Notes_and_references\">Notes and references</span><span class=\"mw-editsection\"><span class=\"mw-editsection-bracket\">[</span><a href=\"/wiki/Bernie?veaction=edit&amp;section=2\" class=\"mw-editsection-visualeditor\" title=\"Edit section: Notes and references\">edit</a><span class=\"mw-editsection-divider\"> | </span><a href=\"/wiki/Bernie?action=edit&amp;section=2\" title=\"Edit section: Notes and references\"><svg class=\"wds-icon wds-icon-tiny section-edit-pencil-icon\"><use xlink:href=\"#wds-icons-pencil-tiny\"></use></svg>edit source</a><span class=\"mw-editsection-bracket\">]</span></span></h2>\n<div class=\"references-small\">\n<div class=\"mw-references-wrap\"><ol class=\"references\">\n<li id=\"cite_note-DH13-1\"><span class=\"mw-cite-backlink\">\u2191 <sup><a href=\"#cite_ref-DH13_1-0\">1.0</a></sup> <sup><a href=\"#cite_ref-DH13_1-1\">1.1</a></sup></span> <span class=\"reference-text\"><i><a href=\"/wiki/Harry_Potter_and_the_Deathly_Hallows\" title=\"Harry Potter and the Deathly Hallows\">Harry Potter and the Deathly Hallows</a></i>, Chapter 13 (<i>The Muggle-Born Registration Commission</i>)</span>\n</li>\n</ol></div></div>\n<p><br clear=\"all\" />\n</p>\n<table style=\"margin:0 auto\" align=\"center\" class=\"toccolours\" width=\"90%\">\n\n<tbody><tr bgcolor=\"#white\">\n<th colspan=\"3\" style=\"background:#ccd;\"><center><b><a href=\"/wiki/British_Ministry_of_Magic\" title=\"British Ministry of Magic\">Ministry of Magic</a> Personnel</b></center>\n</th></tr>\n<tr>\n<td colspan=\"3\" width=\"45%\" style=\"background-color: #dfdfdf; font-size: 9pt;\"><center><b>Unknown Departments</b></center>\n</td></tr>\n<tr>\n<td colspan=\"3\" style=\"font-size: 8pt;\"><center><strong class=\"mw-selflink selflink\">Bernie</strong>  &#183;  <a href=\"/wiki/Bletchley\" title=\"Bletchley\">Bletchley</a>  &#183;  <a href=\"/wiki/Unidentified_pamphlet_maker_witch\" title=\"Unidentified pamphlet maker witch\">Pamphlet maker</a>  &#183;  <a href=\"/wiki/Cho_Chang%27s_mother\" title=\"Cho Chang&#39;s mother\">Cho Chang's mother</a>  &#183;  <a href=\"/wiki/Stamford_Jorkins\" title=\"Stamford Jorkins\">Stamford Jorkins</a>  &#183;  <a href=\"/wiki/Ministry_Official_No._39423\" title=\"Ministry Official No. 39423\">Official No. 39423</a>  &#183;  <a href=\"/wiki/Ministry_of_Magic_meeting_assigner\" title=\"Ministry of Magic meeting assigner\">Meeting assigner</a>  &#183;  <a href=\"/wiki/Lucius_Malfoy\" title=\"Lucius Malfoy\">Lucius Malfoy</a>  &#183; <a href=\"/wiki/Wakanda\" title=\"Wakanda\">Wakanda</a>  &#183;  <a href=\"/wiki/Overweight_Ministry_of_Magic_worker\" title=\"Overweight Ministry of Magic worker\">Overweight wizard</a>  &#183; <a href=\"/wiki/Selwyn\" title=\"Selwyn\">Selwyn</a>  &#183;  <a href=\"/wiki/Albert_Runcorn\" title=\"Albert Runcorn\">Albert Runcorn</a>  &#183;  <a href=\"/wiki/Unidentified_Ministry_of_Magic_Wizard_at_the_1994_Quidditch_World_Cup\" title=\"Unidentified Ministry of Magic Wizard at the 1994 Quidditch World Cup\">Wizard at the 1994 Quidditch World Cup</a>  &#183;  <a href=\"/wiki/Unidentified_balding_Ministry_of_Magic_employee\" title=\"Unidentified balding Ministry of Magic employee\">Balding wizard</a>  &#183;  <a href=\"/wiki/Ismelda_Murk%27s_sister\" title=\"Ismelda Murk&#39;s sister\">Ismelda Murk's sister</a>\n &#183; <a href=\"/wiki/Squeaky-voiced_Ministry_of_Magic_employee\" title=\"Squeaky-voiced Ministry of Magic employee\">Squeaky-voiced Ministry of Magic employee</a></center>\n</td></tr></tbody></table></div>"}]}}}}