{"batchcomplete": "", "warnings": {"main": {"*": "Subscribe to the mediawiki-api-announce mailing list at <https://lists.wikimedia.org/mailman/listinfo/mediawiki-api-announce> for notice of API deprecations and breaking changes."}, "revisions": {"*": "The parameter \"rvparse\" has been deprecated.\nBecause \"rvslots\" was not specified, a legacy format has been used for the output. This format is deprecated, and in the future the new format will always be used."}}, "query": {"normalized": [{"from": "Bernadette's_wand", "to": "Bernadette's wand"}], "pages": {"215385": {"pageid": 215385, "ns": 0, "title": "Bernadette's wand", "revisions": [{"*": "<div class=\"mw-parser-output\"><p>\n<aside role=\"region\" class=\"portable-infobox pi-background pi-theme-wand pi-layout-default\">\n<figure class=\"pi-item pi-image\" data-source=\"image\">\n\t<a href=\"https://static.wikia.nocookie.net/harrypotter/images/b/b8/Bernadette%27s_wand.jpeg/revision/latest?cb=20190212021048\" class=\"image image-thumbnail\"\n\t   title=\"\">\n\t\t<img src=\"https://static.wikia.nocookie.net/harrypotter/images/b/b8/Bernadette%27s_wand.jpeg/revision/latest/scale-to-width-down/324?cb=20190212021048\" srcset=\"https://static.wikia.nocookie.net/harrypotter/images/b/b8/Bernadette%27s_wand.jpeg/revision/latest/scale-to-width-down/324?cb=20190212021048 1x, https://static.wikia.nocookie.net/harrypotter/images/b/b8/Bernadette%27s_wand.jpeg/revision/latest/scale-to-width-down/648?cb=20190212021048 2x\" class=\"pi-image-thumbnail\" alt=\"\" width=\"270\" height=\"416\"\n\t\t     data-image-key=\"Bernadette%27s_wand.jpeg\" data-image-name=\"Bernadette&#039;s wand.jpeg\"/>\n\t\t\n\t</a>\n\t\n</figure>\n\n<h2 class=\"pi-item pi-item-spacing pi-title\" data-source=\"name\">Bernadette's wand</h2>\n<section class=\"pi-item pi-group pi-border-color\">\n\t<h2 class=\"pi-item pi-header pi-secondary-font pi-item-spacing pi-secondary-background\">Historical information</h2>\n\n<div class=\"pi-item pi-data pi-item-spacing pi-border-color\" data-source=\"manufacturer\">\n\t\n\t\t<h3 class=\"pi-data-label pi-secondary-font\">Manufacturer</h3>\n\t\n\t<div class=\"pi-data-value pi-font\">Unknown</div>\n</div>\n\n<div class=\"pi-item pi-data pi-item-spacing pi-border-color\" data-source=\"made\">\n\t\n\t\t<h3 class=\"pi-data-label pi-secondary-font\">Made</h3>\n\t\n\t<div class=\"pi-data-value pi-font\">pre <a href=\"/wiki/1926\" title=\"1926\">1926</a></div>\n</div>\n\n<div class=\"pi-item pi-data pi-item-spacing pi-border-color\" data-source=\"masters\">\n\t\n\t\t<h3 class=\"pi-data-label pi-secondary-font\">Master(s)</h3>\n\t\n\t<div class=\"pi-data-value pi-font\"><a href=\"/wiki/Bernadette\" title=\"Bernadette\">Bernadette</a></div>\n</div>\n\n<div class=\"pi-item pi-data pi-item-spacing pi-border-color\" data-source=\"owners\">\n\t\n\t\t<h3 class=\"pi-data-label pi-secondary-font\">Owner(s)</h3>\n\t\n\t<div class=\"pi-data-value pi-font\"><a href=\"/wiki/Bernadette\" title=\"Bernadette\">Bernadette</a></div>\n</div>\n\n</section>\n<section class=\"pi-item pi-group pi-border-color\">\n\t<h2 class=\"pi-item pi-header pi-secondary-font pi-item-spacing pi-secondary-background\">Material information</h2>\n\n<div class=\"pi-item pi-data pi-item-spacing pi-border-color\" data-source=\"wood\">\n\t\n\t\t<h3 class=\"pi-data-label pi-secondary-font\">Wood</h3>\n\t\n\t<div class=\"pi-data-value pi-font\">Unknown</div>\n</div>\n\n<div class=\"pi-item pi-data pi-item-spacing pi-border-color\" data-source=\"core\">\n\t\n\t\t<h3 class=\"pi-data-label pi-secondary-font\">Core</h3>\n\t\n\t<div class=\"pi-data-value pi-font\"><a href=\"/wiki/Thunderbird_tail_feather\" title=\"Thunderbird tail feather\">Thunderbird tail feather</a> (possibly)</div>\n</div>\n\n<div class=\"pi-item pi-data pi-item-spacing pi-border-color\" data-source=\"length\">\n\t\n\t\t<h3 class=\"pi-data-label pi-secondary-font\">Length</h3>\n\t\n\t<div class=\"pi-data-value pi-font\">Unknown</div>\n</div>\n\n</section>\n<nav class=\"pi-navigation pi-item-spacing pi-secondary-background pi-secondary-font\"><small><a href=\"/wiki/Template:Wand_infobox\" title=\"Template:Wand infobox\">[Source]</a><span class=\"hidable-button\"></span></small></nav>\n</aside>\n\n</p><p><b>Bernadette's wand</b> was made of an unknown <a href=\"/wiki/Wand_wood\" title=\"Wand wood\">wood</a>, length, and <a href=\"/wiki/Wand_core\" title=\"Wand core\">wand core</a>. It featured a carving of a head on the handle. The style and carvings of the wand may have indicated that it was a <a href=\"/wiki/Shikoba_Wolfe\" title=\"Shikoba Wolfe\">Shikoba Wolfe</a> wand, and therefore had a <a href=\"/wiki/Thunderbird\" title=\"Thunderbird\">Thunderbird</a> <a href=\"/wiki/Thunderbird_tail_feather\" title=\"Thunderbird tail feather\">feather</a> core. The wand was destroyed in the <a href=\"/wiki/Death_Cell\" title=\"Death Cell\">Death Cell</a>'s <a href=\"/wiki/Death_potion\" title=\"Death potion\">Death potion</a>.<sup id=\"cite_ref-FBaWtFT_1-0\" class=\"reference\"><a href=\"#cite_note-FBaWtFT-1\">&#91;1&#93;</a></sup>\n</p>\n<h2><span class=\"mw-headline\" id=\"History\">History</span><span class=\"mw-editsection\"><span class=\"mw-editsection-bracket\">[</span><a href=\"/wiki/Bernadette%27s_wand?veaction=edit&amp;section=1\" class=\"mw-editsection-visualeditor\" title=\"Edit section: History\">edit</a><span class=\"mw-editsection-divider\"> | </span><a href=\"/wiki/Bernadette%27s_wand?action=edit&amp;section=1\" title=\"Edit section: History\"><svg class=\"wds-icon wds-icon-tiny section-edit-pencil-icon\"><use xlink:href=\"#wds-icons-pencil-tiny\"></use></svg>edit source</a><span class=\"mw-editsection-bracket\">]</span></span></h2>\n<p>Bernadette used her wand during the intended execution of <a href=\"/wiki/Newton_Scamander\" title=\"Newton Scamander\">Newt Scamander</a> and <a href=\"/wiki/Porpentina_Goldstein\" title=\"Porpentina Goldstein\">Tina Goldstein</a>. She <a href=\"/wiki/Memory_extraction_spell\" title=\"Memory extraction spell\">extracted</a> Tina's happiest memories and then planted them into the <a href=\"/wiki/Death_potion\" title=\"Death potion\">Death potion</a>.\n</p><p>When Newt broke into battle with the executioners to rescue Tina with the help of his <a href=\"/wiki/Bowtruckle\" title=\"Bowtruckle\">Bowtruckle</a> <a href=\"/wiki/Pickett\" title=\"Pickett\">Pickett</a> and his <a href=\"/wiki/Swooping_Evil\" title=\"Swooping Evil\">Swooping Evil</a>, He managed to cause the other female executioner to knock Bernadette out with a <a href=\"/wiki/Stunning_Spell\" title=\"Stunning Spell\">Stunning Spell</a> by redirecting her wand at he and as a result, Bernadette's wand flew out of her hand and landed in to the potion, where it was destroyed when it incinerated and dissolved the moment it touched the potion.\n</p>\n<h2><span class=\"mw-headline\" id=\"Appearances\">Appearances</span><span class=\"mw-editsection\"><span class=\"mw-editsection-bracket\">[</span><a href=\"/wiki/Bernadette%27s_wand?veaction=edit&amp;section=2\" class=\"mw-editsection-visualeditor\" title=\"Edit section: Appearances\">edit</a><span class=\"mw-editsection-divider\"> | </span><a href=\"/wiki/Bernadette%27s_wand?action=edit&amp;section=2\" title=\"Edit section: Appearances\"><svg class=\"wds-icon wds-icon-tiny section-edit-pencil-icon\"><use xlink:href=\"#wds-icons-pencil-tiny\"></use></svg>edit source</a><span class=\"mw-editsection-bracket\">]</span></span></h2>\n<ul><li><i><a href=\"/wiki/Fantastic_Beasts_and_Where_to_Find_Them_(film)\" title=\"Fantastic Beasts and Where to Find Them (film)\">Fantastic Beasts and Where to Find Them (film)</a></i></li>\n<li><i><a href=\"/wiki/Fantastic_Beasts_and_Where_to_Find_Them:_The_Original_Screenplay\" title=\"Fantastic Beasts and Where to Find Them: The Original Screenplay\">Fantastic Beasts and Where to Find Them: The Original Screenplay</a></i></li>\n<li><i><a href=\"/wiki/LEGO_Dimensions\" title=\"LEGO Dimensions\">LEGO Dimensions</a></i></li></ul>\n<h2><span class=\"mw-headline\" id=\"Notes_and_references\">Notes and references</span><span class=\"mw-editsection\"><span class=\"mw-editsection-bracket\">[</span><a href=\"/wiki/Bernadette%27s_wand?veaction=edit&amp;section=3\" class=\"mw-editsection-visualeditor\" title=\"Edit section: Notes and references\">edit</a><span class=\"mw-editsection-divider\"> | </span><a href=\"/wiki/Bernadette%27s_wand?action=edit&amp;section=3\" title=\"Edit section: Notes and references\"><svg class=\"wds-icon wds-icon-tiny section-edit-pencil-icon\"><use xlink:href=\"#wds-icons-pencil-tiny\"></use></svg>edit source</a><span class=\"mw-editsection-bracket\">]</span></span></h2>\n<div class=\"references-small\">\n<div class=\"mw-references-wrap\"><ol class=\"references\">\n<li id=\"cite_note-FBaWtFT-1\"><span class=\"mw-cite-backlink\"><a href=\"#cite_ref-FBaWtFT_1-0\">\u2191</a></span> <span class=\"reference-text\"> <i><a href=\"/wiki/Fantastic_Beasts_and_Where_to_Find_Them_(film)\" title=\"Fantastic Beasts and Where to Find Them (film)\">Fantastic Beasts and Where to Find Them (film)</a></i></span>\n</li>\n</ol></div></div></div>"}]}}}}