{"batchcomplete": "", "warnings": {"main": {"*": "Subscribe to the mediawiki-api-announce mailing list at <https://lists.wikimedia.org/mailman/listinfo/mediawiki-api-announce> for notice of API deprecations and breaking changes."}, "revisions": {"*": "The parameter \"rvparse\" has been deprecated.\nBecause \"rvslots\" was not specified, a legacy format has been used for the output. This format is deprecated, and in the future the new format will always be used."}}, "query": {"pages": {"196969": {"pageid": 196969, "ns": 0, "title": "Beryl", "revisions": [{"*": "<div class=\"mw-parser-output\"><p>\n<aside role=\"region\" class=\"portable-infobox pi-background pi-theme-macusa pi-layout-default\">\n<figure class=\"pi-item pi-image\" data-source=\"image\">\n\t<a href=\"https://static.wikia.nocookie.net/harrypotter/images/9/98/Beryl.png/revision/latest?cb=20161120093115\" class=\"image image-thumbnail\"\n\t   title=\"\">\n\t\t<img src=\"https://static.wikia.nocookie.net/harrypotter/images/9/98/Beryl.png/revision/latest/scale-to-width-down/350?cb=20161120093115\" srcset=\"https://static.wikia.nocookie.net/harrypotter/images/9/98/Beryl.png/revision/latest/scale-to-width-down/350?cb=20161120093115 1x, https://static.wikia.nocookie.net/harrypotter/images/9/98/Beryl.png/revision/latest/scale-to-width-down/700?cb=20161120093115 2x\" class=\"pi-image-thumbnail\" alt=\"\" width=\"270\" height=\"251\"\n\t\t     data-image-key=\"Beryl.png\" data-image-name=\"Beryl.png\"/>\n\t\t\n\t</a>\n\t\n</figure>\n<section class=\"pi-item pi-group pi-border-color\">\n\t\n<h2 class=\"pi-item pi-item-spacing pi-title\" data-source=\"name\">Beryl</h2>\n\n</section>\n<section class=\"pi-item pi-group pi-border-color\">\n\t<h2 class=\"pi-item pi-header pi-secondary-font pi-item-spacing pi-secondary-background\">Biographical information</h2>\n\n<div class=\"pi-item pi-data pi-item-spacing pi-border-color\" data-source=\"nationality\">\n\t\n\t\t<h3 class=\"pi-data-label pi-secondary-font\">Nationality</h3>\n\t\n\t<div class=\"pi-data-value pi-font\"><a href=\"/wiki/United_States_of_America\" title=\"United States of America\">American</a></div>\n</div>\n\n</section>\n<section class=\"pi-item pi-group pi-border-color\">\n\t<h2 class=\"pi-item pi-header pi-secondary-font pi-item-spacing pi-secondary-background\">Physical information</h2>\n\n<div class=\"pi-item pi-data pi-item-spacing pi-border-color\" data-source=\"species\">\n\t\n\t\t<h3 class=\"pi-data-label pi-secondary-font\">Species</h3>\n\t\n\t<div class=\"pi-data-value pi-font\"><a href=\"/wiki/Human\" title=\"Human\">Human</a></div>\n</div>\n\n<div class=\"pi-item pi-data pi-item-spacing pi-border-color\" data-source=\"gender\">\n\t\n\t\t<h3 class=\"pi-data-label pi-secondary-font\">Gender</h3>\n\t\n\t<div class=\"pi-data-value pi-font\">Female</div>\n</div>\n\n<div class=\"pi-item pi-data pi-item-spacing pi-border-color\" data-source=\"eyes\">\n\t\n\t\t<h3 class=\"pi-data-label pi-secondary-font\">Eye colour</h3>\n\t\n\t<div class=\"pi-data-value pi-font\">Brown</div>\n</div>\n\n<div class=\"pi-item pi-data pi-item-spacing pi-border-color\" data-source=\"skin\">\n\t\n\t\t<h3 class=\"pi-data-label pi-secondary-font\">Skin colour</h3>\n\t\n\t<div class=\"pi-data-value pi-font\">Dark</div>\n</div>\n\n</section>\n<section class=\"pi-item pi-group pi-border-color\">\n\t<h2 class=\"pi-item pi-header pi-secondary-font pi-item-spacing pi-secondary-background\">Affiliation</h2>\n\n<div class=\"pi-item pi-data pi-item-spacing pi-border-color\" data-source=\"job\">\n\t\n\t\t<h3 class=\"pi-data-label pi-secondary-font\">Occupation</h3>\n\t\n\t<div class=\"pi-data-value pi-font\"><a href=\"/wiki/Typing_Pool\" title=\"Typing Pool\">Typing Pool</a> for the <a href=\"/wiki/Magical_Congress_of_the_United_States_of_America\" title=\"Magical Congress of the United States of America\">Magical Congress of the United States of America</a></div>\n</div>\n\n<div class=\"pi-item pi-data pi-item-spacing pi-border-color\" data-source=\"loyalty\">\n\t\n\t\t<h3 class=\"pi-data-label pi-secondary-font\">Loyalty</h3>\n\t\n\t<div class=\"pi-data-value pi-font\"><a href=\"/wiki/Magical_Congress_of_the_United_States_of_America\" title=\"Magical Congress of the United States of America\">Magical Congress of the United States of America</a></div>\n</div>\n\n</section>\n<nav class=\"pi-navigation pi-item-spacing pi-secondary-background pi-secondary-font\"><small><a href=\"/wiki/Template:Individual_infobox\" title=\"Template:Individual infobox\">[Source]</a><span class=\"hidable-button\"></span></small></nav>\n</aside>\n<b>Beryl</b> was an <a href=\"/wiki/United_States_of_America\" title=\"United States of America\">American</a> <a href=\"/wiki/Wizardkind\" title=\"Wizardkind\">witch</a> who lived in <a href=\"/wiki/New_York\" title=\"New York\">New York</a> in <a href=\"/wiki/1926\" title=\"1926\">1926</a> and worked at the <a href=\"/wiki/Magical_Congress_of_the_United_States_of_America\" title=\"Magical Congress of the United States of America\">Magical Congress of the United States of America</a> in the <a href=\"/wiki/Typing_Pool\" title=\"Typing Pool\">Typing Pool</a>.<sup id=\"cite_ref-CB_1-0\" class=\"reference\"><a href=\"#cite_note-CB-1\">&#91;1&#93;</a></sup>\n</p>\n<h2><span class=\"mw-headline\" id=\"Behind_the_scenes\">Behind the scenes</span><span class=\"mw-editsection\"><span class=\"mw-editsection-bracket\">[</span><a href=\"/wiki/Beryl?veaction=edit&amp;section=1\" class=\"mw-editsection-visualeditor\" title=\"Edit section: Behind the scenes\">edit</a><span class=\"mw-editsection-divider\"> | </span><a href=\"/wiki/Beryl?action=edit&amp;section=1\" title=\"Edit section: Behind the scenes\"><svg class=\"wds-icon wds-icon-tiny section-edit-pencil-icon\"><use xlink:href=\"#wds-icons-pencil-tiny\"></use></svg>edit source</a><span class=\"mw-editsection-bracket\">]</span></span></h2>\n<ul><li>Beryl was portrayed by <a href=\"/wiki/Wunmi_Mosaku\" title=\"Wunmi Mosaku\">Wunmi Mosaku</a> in <i><a href=\"/wiki/Fantastic_Beasts_and_Where_to_Find_Them_(film)\" title=\"Fantastic Beasts and Where to Find Them (film)\">Fantastic Beasts and Where to Find Them</a></i>.</li></ul>\n<h2><span class=\"mw-headline\" id=\"Appearances\">Appearances</span><span class=\"mw-editsection\"><span class=\"mw-editsection-bracket\">[</span><a href=\"/wiki/Beryl?veaction=edit&amp;section=2\" class=\"mw-editsection-visualeditor\" title=\"Edit section: Appearances\">edit</a><span class=\"mw-editsection-divider\"> | </span><a href=\"/wiki/Beryl?action=edit&amp;section=2\" title=\"Edit section: Appearances\"><svg class=\"wds-icon wds-icon-tiny section-edit-pencil-icon\"><use xlink:href=\"#wds-icons-pencil-tiny\"></use></svg>edit source</a><span class=\"mw-editsection-bracket\">]</span></span></h2>\n<ul><li><i><a href=\"/wiki/Fantastic_Beasts_and_Where_to_Find_Them:_The_Original_Screenplay\" title=\"Fantastic Beasts and Where to Find Them: The Original Screenplay\">Fantastic Beasts and Where to Find Them: The Original Screenplay</a></i> <small>(First appearance)</small></li>\n<li><i><a href=\"/wiki/Fantastic_Beasts_and_Where_to_Find_Them_(film)\" title=\"Fantastic Beasts and Where to Find Them (film)\">Fantastic Beasts and Where to Find Them (film)</a></i></li>\n<li><i><a href=\"/wiki/The_Case_of_Beasts:_Explore_the_Film_Wizardry_of_Fantastic_Beasts_and_Where_to_Find_Them\" title=\"The Case of Beasts: Explore the Film Wizardry of Fantastic Beasts and Where to Find Them\">The Case of Beasts: Explore the Film Wizardry of Fantastic Beasts and Where to Find Them</a></i></li></ul>\n<h2><span class=\"mw-headline\" id=\"Notes_and_references\">Notes and references</span><span class=\"mw-editsection\"><span class=\"mw-editsection-bracket\">[</span><a href=\"/wiki/Beryl?veaction=edit&amp;section=3\" class=\"mw-editsection-visualeditor\" title=\"Edit section: Notes and references\">edit</a><span class=\"mw-editsection-divider\"> | </span><a href=\"/wiki/Beryl?action=edit&amp;section=3\" title=\"Edit section: Notes and references\"><svg class=\"wds-icon wds-icon-tiny section-edit-pencil-icon\"><use xlink:href=\"#wds-icons-pencil-tiny\"></use></svg>edit source</a><span class=\"mw-editsection-bracket\">]</span></span></h2>\n<div class=\"references-small\">\n<div class=\"mw-references-wrap\"><ol class=\"references\">\n<li id=\"cite_note-CB-1\"><span class=\"mw-cite-backlink\"><a href=\"#cite_ref-CB_1-0\">\u2191</a></span> <span class=\"reference-text\"><i><a href=\"/wiki/The_Case_of_Beasts:_Explore_the_Film_Wizardry_of_Fantastic_Beasts_and_Where_to_Find_Them\" title=\"The Case of Beasts: Explore the Film Wizardry of Fantastic Beasts and Where to Find Them\">The Case of Beasts: Explore the Film Wizardry of Fantastic Beasts and Where to Find Them</a></i></span>\n</li>\n</ol></div></div>\n<p><br clear=\"all\" />\n</p>\n<table style=\"margin:0 auto;\" align=\"center\" class=\"toccolours\" width=\"90%\">\n\n<tbody><tr bgcolor=\"#002156\">\n<th><a href=\"/wiki/Magical_Congress_of_the_United_States_of_America\" title=\"Magical Congress of the United States of America\"><font style=\"color:white\">Magical Congress of the United States of America</font></a>\n</th>\n<td style=\"font-size: 8pt;\"><div class=\"center\"><div class=\"floatnone\"><a href=\"https://static.wikia.nocookie.net/harrypotter/images/9/98/MACUSA_Logo.png/revision/latest?cb=20151216132743\" class=\"image\"><img alt=\"MACUSA Logo.png\" src=\"https://static.wikia.nocookie.net/harrypotter/images/9/98/MACUSA_Logo.png/revision/latest/scale-to-width-down/50?cb=20151216132743\" decoding=\"async\" width=\"50\" height=\"50\" data-image-name=\"MACUSA Logo.png\" data-image-key=\"MACUSA_Logo.png\" /></a></div></div>\n</td></tr></tbody></table>\n<table style=\"margin:0 auto;\" align=\"center\" class=\"toccolours\" width=\"90%\">\n\n<tbody><tr>\n<th bgcolor=\"#851414\" style=\"font-size: 9pt;\"><a href=\"/wiki/President_of_the_Magical_Congress_of_the_United_States_of_America\" title=\"President of the Magical Congress of the United States of America\"><font style=\"color:white\">Presidents</font></a>\n</th>\n<td colspan=\"2\" style=\"font-size: 8pt; text-align:center; border-bottom: 1pt solid #C9A0DC\">\n<p><a href=\"/wiki/Josiah_Jackson\" title=\"Josiah Jackson\">Josiah Jackson</a> (1693-?) &#183; \n<a href=\"/wiki/Charity_Wilkinson\" title=\"Charity Wilkinson\">Charity Wilkinson</a> &#183; \n<a href=\"/wiki/Thornton_Harkaway\" title=\"Thornton Harkaway\">Thornton Harkaway</a> (c. 1760) &#183; \n<a href=\"/wiki/Able_Fleming\" title=\"Able Fleming\">Able Fleming</a> &#183; \n<a href=\"/wiki/Elizabeth_McGilliguddy\" title=\"Elizabeth McGilliguddy\">Elizabeth McGilliguddy</a> (c. 1777) &#183;\n<a href=\"/wiki/Emily_Rappaport\" title=\"Emily Rappaport\">Emily Rappaport</a> (c. 1790) &#183; \n<a href=\"/wiki/Seraphina_Picquery\" title=\"Seraphina Picquery\">Seraphina Picquery</a> (1920-1928) &#183; \n<a href=\"/wiki/Samuel_G._Quahog\" title=\"Samuel G. Quahog\">Samuel G. Quahog</a> (c. 2014)\n</p>\n</td></tr>\n<tr>\n<th bgcolor=\"#851414\" style=\"font-size: 9pt\"><a href=\"/wiki/Auror\" title=\"Auror\"><font style=\"color:white\">Aurors</font></a>\n</th>\n<td colspan=\"2\" style=\"font-size: 8pt; text-align:center; border-bottom: 1pt solid #C9A0DC\">\n<p><a href=\"/wiki/Abraham_Potter\" title=\"Abraham Potter\">Abraham Potter</a> &#183;\n<a href=\"/wiki/Achilles_Tolliver\" title=\"Achilles Tolliver\">Achilles Tolliver</a> &#183;\n<a href=\"/wiki/Berthilde_Roche\" title=\"Berthilde Roche\">Berthilde Roche</a> &#183;\n<a href=\"/wiki/Carlos_Lopez\" title=\"Carlos Lopez\">Carlos Lopez</a> &#183;\n<a href=\"/wiki/Cormac_O%27Brien\" title=\"Cormac O&#39;Brien\">Cormac O'Brien</a> &#183;\n<a href=\"/wiki/E._A._Limus\" title=\"E. A. Limus\">E. A. Limus</a> &#183;\n<a href=\"/wiki/Gondulphus_Graves\" title=\"Gondulphus Graves\">Gondulphus Graves</a> &#183;\n<a href=\"/wiki/Helmut_Weiss\" title=\"Helmut Weiss\">Helmut Weiss</a> &#183;\n<a href=\"/wiki/M._L._Minus\" title=\"M. L. Minus\">M. L. Minus</a> &#183;\n<a href=\"/wiki/M._P._Carneirus\" title=\"M. P. Carneirus\">M. P. Carneirus</a> &#183;\n<a href=\"/wiki/Mary_Jauncey\" title=\"Mary Jauncey\">Mary Jauncey</a> &#183;\n<a href=\"/wiki/Mungo_MacDuff\" title=\"Mungo MacDuff\">Mungo MacDuff</a> &#183;\n<a href=\"/wiki/Percival_Graves\" title=\"Percival Graves\">Percival Graves</a> &#183;\n<a href=\"/wiki/Porpentina_Goldstein\" title=\"Porpentina Goldstein\">Porpentina Goldstein</a> &#183;\n<a href=\"/wiki/Robert_Grimsditch\" title=\"Robert Grimsditch\">Robert Grimsditch</a> &#183;\n<a href=\"/wiki/Saranna_Wilkinson\" title=\"Saranna Wilkinson\">Saranna Wilkinson</a> &#183;\n<a href=\"/wiki/Theodard_Fontaine\" title=\"Theodard Fontaine\">Theodard Fontaine</a> &#183; \n<a href=\"/wiki/Wilhelm_Fischer\" title=\"Wilhelm Fischer\">Wilhelm Fischer</a> &#183; \n<a href=\"/wiki/Unidentified_MACUSA_Aurors\" title=\"Unidentified MACUSA Aurors\">Unidentified MACUSA Aurors</a>\n</p>\n</td></tr>\n<tr>\n<th bgcolor=\"#851414\" style=\"font-size: 9pt; text-align:center\"><font style=\"color:white\">Other positions</font>\n</th>\n<td colspan=\"2\" style=\"font-size: 8pt; text-align:center; border-bottom: 1pt solid #C9A0DC\">\n<p><a href=\"/wiki/Apparition_Examiner\" title=\"Apparition Examiner\">Apparition Examiner</a> &#183; <a href=\"/wiki/Auror_Commissioner\" title=\"Auror Commissioner\">Auror Commissioner</a> &#183; <a href=\"/wiki/Captain_of_Aurors\" title=\"Captain of Aurors\">Captain of Aurors</a> &#183; <a href=\"/wiki/Chief_Auror\" title=\"Chief Auror\">Chief Auror</a> &#183; <a href=\"/wiki/Chief_of_Staff\" title=\"Chief of Staff\">Chief of Staff</a> &#183; <a href=\"/wiki/Director_of_Magical_Security\" title=\"Director of Magical Security\">Director of Magical Security</a>  &#183;  <a href=\"/wiki/Executioner\" title=\"Executioner\">Executioner</a> &#183; <a href=\"/wiki/Federal_Identity_Commissioner\" title=\"Federal Identity Commissioner\">Federal Identity Commissioner</a> &#183; <a href=\"/wiki/Federal_Wand_Permit_Officer\" title=\"Federal Wand Permit Officer\">Federal Wand Permit Officer</a>  &#183; <a href=\"/wiki/Keeper_of_Treasure_and_Dragots\" title=\"Keeper of Treasure and Dragots\">Keeper of Treasure and Dragots</a> &#183; <a href=\"/wiki/Obliviator\" title=\"Obliviator\">Obliviator</a> &#183;<a href=\"/wiki/Surveillor_of_Activity\" title=\"Surveillor of Activity\">Surveillor of Activity</a>\n</p>\n</td></tr>\n<tr>\n<th bgcolor=\"#851414\" style=\"font-size: 9pt; text-align:center\"><font style=\"color:white\">Other employees</font>\n</th>\n<td colspan=\"2\" style=\"font-size: 8pt; text-align:center; border-bottom: 1pt solid #C9A0DC\">\n<p><a href=\"/wiki/Abernathy\" title=\"Abernathy\">Abernathy</a> &#183; <a href=\"/wiki/Albert_Perschky\" title=\"Albert Perschky\">Albert Perschky</a> &#183; <a href=\"/wiki/Aristotle_Twelvetrees\" title=\"Aristotle Twelvetrees\">Aristotle Twelvetrees</a>  &#183; <a href=\"/wiki/Bernadette\" title=\"Bernadette\">Bernadette</a> &#183; <strong class=\"mw-selflink selflink\">Beryl</strong> &#183; <a href=\"/wiki/Cecily\" title=\"Cecily\">Cecily</a> &#183; <a href=\"/wiki/E._A._Limus\" title=\"E. A. Limus\">E. A. Limus</a> &#183; <a href=\"/wiki/F._Wakefield\" title=\"F. Wakefield\">F. Wakefield</a> &#183; <a href=\"/wiki/Irene_Kneedander\" title=\"Irene Kneedander\">Irene Kneedander</a>  &#183; <a href=\"/wiki/J._Ward\" title=\"J. Ward\">J. Ward</a> &#183; <a href=\"/wiki/L._O%27Sullivan\" title=\"L. O&#39;Sullivan\">L. O'Sullivan</a> &#183; <a href=\"/wiki/Magali_Crowe\" title=\"Magali Crowe\">Magali Crowe</a> &#183; <a href=\"/wiki/Paloma_Proudfoot\" title=\"Paloma Proudfoot\">Paloma Proudfoot</a>  &#183; <a href=\"/wiki/Queenie_Goldstein\" title=\"Queenie Goldstein\">Queenie Goldstein</a> &#183; <a href=\"/wiki/Red\" title=\"Red\">Red</a> &#183; <a href=\"/wiki/Ruby_(witch)\" title=\"Ruby (witch)\">Ruby</a> &#183; <a href=\"/wiki/Sam_(Obliviator)\" title=\"Sam (Obliviator)\">Sam</a> &#183; <a href=\"/wiki/Unidentified_executioner_(I)\" title=\"Unidentified executioner (I)\">Unidentified executioner (I)</a> &#183; <a href=\"/wiki/Unidentified_executioner_(II)\" title=\"Unidentified executioner (II)\">Unidentified executioner (II)</a> &#183; <a href=\"/wiki/Unidentified_guide\" title=\"Unidentified guide\">Unidentified guide</a> &#183; <a href=\"/wiki/Y._Blishen\" title=\"Y. Blishen\">Y. Blishen</a>\n</p>\n</td></tr>\n<tr>\n<th bgcolor=\"#851414\" style=\"font-size: 9pt; text-align:center\"><font style=\"color:white\">Departments</font>\n</th>\n<td colspan=\"2\" style=\"font-size: 8pt; text-align:center; border-bottom: 1pt solid #C9A0DC\">\n<p><a href=\"/wiki/Body_for_Protection_of_Magical_Species\" title=\"Body for Protection of Magical Species\">Body for Protection of Magical Species</a> &#183; <a href=\"/wiki/Department_of_Aurors\" title=\"Department of Aurors\">Department of Aurors</a> &#183; <a href=\"/wiki/Department_of_Magical_Law_Enforcement_(MACUSA)\" title=\"Department of Magical Law Enforcement (MACUSA)\">Department of Magical Law Enforcement</a> &#183; <a href=\"/wiki/Department_of_No-Maj_Misinformation\" title=\"Department of No-Maj Misinformation\">Department of No-Maj Misinformation</a> &#183; <a href=\"/wiki/Department_of_Unidentifiable_Magical_Objects\" title=\"Department of Unidentifiable Magical Objects\">Department of Unidentifiable Magical Objects</a> &#183; <a href=\"/wiki/Department_for_Confiscated_Items\" title=\"Department for Confiscated Items\">Department for Confiscated Items</a> &#183; <a href=\"/wiki/Federal_Bureau_of_Covert_Vigilance_and_No-Maj_Obliviation\" title=\"Federal Bureau of Covert Vigilance and No-Maj Obliviation\">Federal Bureau of Covert Vigilance and No-Maj Obliviation</a> &#183; <a href=\"/wiki/MACUSA_Communications_Department\" title=\"MACUSA Communications Department\">MACUSA Communications Department</a> &#183; <a href=\"/wiki/MACUSA_Investigation_Department\" title=\"MACUSA Investigation Department\">MACUSA Investigation Department</a> &#183; <a href=\"/wiki/MACUSA_Surveillance_Wizarding_Resources_Department\" title=\"MACUSA Surveillance Wizarding Resources Department\">MACUSA Surveillance Wizarding Resources Department</a> &#183; <a href=\"/wiki/Magical_Cleaning_Department\" title=\"Magical Cleaning Department\">Magical Cleaning Department</a> &#183; <a href=\"/wiki/Major_Investigation_Department\" title=\"Major Investigation Department\">Major Investigation Department</a> &#183; <a href=\"/wiki/Office_for_Magic_Relations_and_Education\" title=\"Office for Magic Relations and Education\">Office for Magic Relations and Education</a> &#183; <a href=\"/wiki/US_Auror_Divisions\" title=\"US Auror Divisions\">US Auror Divisions</a> &#183; <a href=\"/wiki/Wand_Permit_Department\" title=\"Wand Permit Department\">Wand Permit Department</a> &#183; <a href=\"/wiki/Wizarding_Resources_Department\" title=\"Wizarding Resources Department\">Wizarding Resources Department</a>\n</p>\n</td></tr>\n<tr>\n<th bgcolor=\"#851414\" style=\"font-size: 9pt; text-align:center\"><font style=\"color:white\">Locations</font>\n</th>\n<td colspan=\"2\" style=\"font-size: 8pt; text-align:center; border-bottom: 1pt solid #C9A0DC\">\n<p><a href=\"/wiki/Death_Cell\" title=\"Death Cell\">Death Cell</a> &#183; <a href=\"/wiki/Great_Meeting_Chamber\" title=\"Great Meeting Chamber\">Great Meeting Chamber</a> &#183; <a href=\"/wiki/Lobby_(MACUSA)\" title=\"Lobby (MACUSA)\">Lobby</a> &#183; <a href=\"/wiki/No-Maj_Fraternisation_sub-division\" title=\"No-Maj Fraternisation sub-division\">No-Maj Fraternisation sub-division</a> &#183; <a href=\"/wiki/Pentagram_Office\" title=\"Pentagram Office\">Pentagram Office</a> &#183; <a href=\"/wiki/Percival_Graves%27_office\" title=\"Percival Graves&#39; office\">Percival Graves' office</a> &#183; <a href=\"/wiki/Register_Office\" title=\"Register Office\">Register Office</a> &#183; <a href=\"/wiki/Typing_Pool\" title=\"Typing Pool\">Typing Pool</a> &#183; <a href=\"/wiki/Wand_Permit_Office\" title=\"Wand Permit Office\">Wand Permit Office</a> &#183; <a href=\"/wiki/Young_Wizards_Daycare_Center\" title=\"Young Wizards Daycare Center\">Young Wizards Daycare Center</a>\n</p>\n</td></tr></tbody></table></div>"}]}}}}