{"batchcomplete": "", "warnings": {"main": {"*": "Subscribe to the mediawiki-api-announce mailing list at <https://lists.wikimedia.org/mailman/listinfo/mediawiki-api-announce> for notice of API deprecations and breaking changes."}, "revisions": {"*": "The parameter \"rvparse\" has been deprecated.\nBecause \"rvslots\" was not specified, a legacy format has been used for the output. This format is deprecated, and in the future the new format will always be used."}}, "query": {"normalized": [{"from": "Big_Mic", "to": "Big Mic"}], "pages": {"181776": {"pageid": 181776, "ns": 0, "title": "Big Mic", "revisions": [{"*": "<div class=\"mw-parser-output\"><table class=\"notice metadata\" cellpadding=\"3px\" style=\"text-align: center; background: snow; border: #a00 1px solid; margin: 1em 10% 1em 10%;\">\n\n<tbody><tr>\n<td><a href=\"https://static.wikia.nocookie.net/harrypotter/images/1/1b/Harry_Potter_Half-Blood_Prince_Profile.JPG/revision/latest?cb=20200420031830\" class=\"image\"><img alt=\"Harry Potter Half-Blood Prince Profile.JPG\" src=\"https://static.wikia.nocookie.net/harrypotter/images/1/1b/Harry_Potter_Half-Blood_Prince_Profile.JPG/revision/latest/scale-to-width-down/60?cb=20200420031830\" decoding=\"async\" width=\"60\" height=\"98\" data-image-name=\"Harry Potter Half-Blood Prince Profile.JPG\" data-image-key=\"Harry_Potter_Half-Blood_Prince_Profile.JPG\" /></a>\n</td>\n<td><i><b>\"Harry, your eyesight really is awful.\"</b></i>\n<p>The title of this article is transcribed from an image. Due to several factors, including poor image quality and difficult-to-read fonts/handwriting, it may have been transcribed incorrectly. If you have a higher quality version of the <a href=\"/wiki/File:DoubleD.jpg\" title=\"File:DoubleD.jpg\">source image</a>, or a more accurate reading of the text, please visit this article's <a href=\"https://harrypotter.fandom.com/wiki/Talk:Big_Mic\" class=\"extiw\" title=\"en:Talk:Big Mic\">Talk Page</a>.\n</p>\n</td></tr></tbody></table>\n<p>\n<aside role=\"region\" class=\"portable-infobox pi-background pi-theme-muggle pi-layout-default\"><section class=\"pi-item pi-group pi-border-color\">\n\t\n<h2 class=\"pi-item pi-item-spacing pi-title\" data-source=\"name\">Big Mic</h2>\n\n</section>\n<section class=\"pi-item pi-group pi-border-color\">\n\t<h2 class=\"pi-item pi-header pi-secondary-font pi-item-spacing pi-secondary-background\">Biographical information</h2>\n\n<div class=\"pi-item pi-data pi-item-spacing pi-border-color\" data-source=\"blood\">\n\t\n\t\t<h3 class=\"pi-data-label pi-secondary-font\">Blood status</h3>\n\t\n\t<div class=\"pi-data-value pi-font\"><a href=\"/wiki/Non-magic_people\" title=\"Non-magic people\">Muggle</a></div>\n</div>\n\n</section>\n<section class=\"pi-item pi-group pi-border-color\">\n\t<h2 class=\"pi-item pi-header pi-secondary-font pi-item-spacing pi-secondary-background\">Physical information</h2>\n\n<div class=\"pi-item pi-data pi-item-spacing pi-border-color\" data-source=\"species\">\n\t\n\t\t<h3 class=\"pi-data-label pi-secondary-font\">Species</h3>\n\t\n\t<div class=\"pi-data-value pi-font\"><a href=\"/wiki/Human\" title=\"Human\">Human</a></div>\n</div>\n\n</section>\n<section class=\"pi-item pi-group pi-border-color\">\n\t<h2 class=\"pi-item pi-header pi-secondary-font pi-item-spacing pi-secondary-background\">Affiliation</h2>\n\n<div class=\"pi-item pi-data pi-item-spacing pi-border-color\" data-source=\"job\">\n\t\n\t\t<h3 class=\"pi-data-label pi-secondary-font\">Occupation</h3>\n\t\n\t<div class=\"pi-data-value pi-font\">Musician</div>\n</div>\n\n</section>\n<nav class=\"pi-navigation pi-item-spacing pi-secondary-background pi-secondary-font\"><small><a href=\"/wiki/Template:Individual_infobox\" title=\"Template:Individual infobox\">[Source]</a><span class=\"hidable-button\"></span></small></nav>\n</aside>\n\n<b>Big Mic</b> was a <a href=\"/wiki/Non-magic_people\" title=\"Non-magic people\">Muggle</a> recording artist who, along with <a href=\"/wiki/FDM\" title=\"FDM\">FDM</a>, made a guest appearance on the <a href=\"/wiki/Ginger_(musician)\" title=\"Ginger (musician)\">Ginger</a> album <i><a href=\"/wiki/Double_D\" title=\"Double D\">Double D</a></i>.<sup id=\"cite_ref-1\" class=\"reference\"><a href=\"#cite_note-1\">&#91;1&#93;</a></sup>\n</p>\n<h2><span class=\"mw-headline\" id=\"Appearances\">Appearances</span><span class=\"mw-editsection\"><span class=\"mw-editsection-bracket\">[</span><a href=\"/wiki/Big_Mic?veaction=edit&amp;section=1\" class=\"mw-editsection-visualeditor\" title=\"Edit section: Appearances\">edit</a><span class=\"mw-editsection-divider\"> | </span><a href=\"/wiki/Big_Mic?action=edit&amp;section=1\" title=\"Edit section: Appearances\"><svg class=\"wds-icon wds-icon-tiny section-edit-pencil-icon\"><use xlink:href=\"#wds-icons-pencil-tiny\"></use></svg>edit source</a><span class=\"mw-editsection-bracket\">]</span></span></h2>\n<ul><li><a href=\"/wiki/The_Wizarding_World_of_Harry_Potter\" title=\"The Wizarding World of Harry Potter\">The Wizarding World of Harry Potter</a> <span class=\"template-c\">(name appears on album cover)</span></li></ul>\n<h2><span class=\"mw-headline\" id=\"Notes_and_references\">Notes and references</span><span class=\"mw-editsection\"><span class=\"mw-editsection-bracket\">[</span><a href=\"/wiki/Big_Mic?veaction=edit&amp;section=2\" class=\"mw-editsection-visualeditor\" title=\"Edit section: Notes and references\">edit</a><span class=\"mw-editsection-divider\"> | </span><a href=\"/wiki/Big_Mic?action=edit&amp;section=2\" title=\"Edit section: Notes and references\"><svg class=\"wds-icon wds-icon-tiny section-edit-pencil-icon\"><use xlink:href=\"#wds-icons-pencil-tiny\"></use></svg>edit source</a><span class=\"mw-editsection-bracket\">]</span></span></h2>\n<div class=\"references-small\">\n<div class=\"mw-references-wrap\"><ol class=\"references\">\n<li id=\"cite_note-1\"><span class=\"mw-cite-backlink\"><a href=\"#cite_ref-1\">\u2191</a></span> <span class=\"reference-text\"><a href=\"/wiki/The_Wizarding_World_of_Harry_Potter\" title=\"The Wizarding World of Harry Potter\">The Wizarding World of Harry Potter</a> (see <a href=\"/wiki/File:DoubleD.jpg\" title=\"File:DoubleD.jpg\">this image</a>)</span>\n</li>\n</ol></div></div></div>"}]}}}}