{"batchcomplete": "", "warnings": {"main": {"*": "Subscribe to the mediawiki-api-announce mailing list at <https://lists.wikimedia.org/mailman/listinfo/mediawiki-api-announce> for notice of API deprecations and breaking changes."}, "revisions": {"*": "The parameter \"rvparse\" has been deprecated.\nBecause \"rvslots\" was not specified, a legacy format has been used for the output. This format is deprecated, and in the future the new format will always be used."}}, "query": {"normalized": [{"from": "Bill_Clinton", "to": "Bill Clinton"}], "pages": {"155548": {"pageid": 155548, "ns": 0, "title": "Bill Clinton", "revisions": [{"*": "<div class=\"mw-parser-output\"><table class=\"notice metadata\" cellpadding=\"3px\" style=\"text-align: center; background: snow; border: #a00 1px solid; margin: 1em 10% 1em 10%;\">\n\n<tbody><tr>\n<td><a href=\"https://static.wikia.nocookie.net/harrypotter/images/1/16/Mirror_of_Erised.jpeg/revision/latest?cb=20090713064057\" class=\"image\"><img alt=\"Mirror of Erised.jpeg\" src=\"https://static.wikia.nocookie.net/harrypotter/images/1/16/Mirror_of_Erised.jpeg/revision/latest/scale-to-width-down/80?cb=20090713064057\" decoding=\"async\" width=\"80\" height=\"67\" data-image-name=\"Mirror of Erised.jpeg\" data-image-key=\"Mirror_of_Erised.jpeg\" /></a>\n</td>\n<td><i><b>\"Is this all real? Or has this been happening inside my head?\"</b></i>\n<p>The topic of this article is of a real-life subject that has been mentioned \"<a href=\"/wiki/Harry_Potter_Wiki:Policy#.22In-universe.22_point_of_view\" title=\"Harry Potter Wiki:Policy\">in-universe</a>\" in a <a href=\"/wiki/Harry_Potter_Wiki:Canon\" title=\"Harry Potter Wiki:Canon\">canon</a> source. The <a href=\"/wiki/Harry_Potter_Wiki:About\" title=\"Harry Potter Wiki:About\">Harry Potter Wiki</a> is written from the perspective that all information presented in canon is true (e.g., <a href=\"/wiki/Hogwarts_School_of_Witchcraft_and_Wizardry\" title=\"Hogwarts School of Witchcraft and Wizardry\">Hogwarts</a> really exists), and, as such, details contained in this article may differ from real world facts.\n</p>\n</td></tr></tbody></table>\n<p>\n<aside role=\"region\" class=\"portable-infobox pi-background pi-theme-muggle pi-layout-default\">\n<figure class=\"pi-item pi-image\" data-source=\"image\">\n\t<a href=\"https://static.wikia.nocookie.net/harrypotter/images/4/47/BillClinton.jpg/revision/latest?cb=20130302164443\" class=\"image image-thumbnail\"\n\t   title=\"\">\n\t\t<img src=\"https://static.wikia.nocookie.net/harrypotter/images/4/47/BillClinton.jpg/revision/latest/scale-to-width-down/172?cb=20130302164443\" srcset=\"https://static.wikia.nocookie.net/harrypotter/images/4/47/BillClinton.jpg/revision/latest/scale-to-width-down/172?cb=20130302164443 1x, https://static.wikia.nocookie.net/harrypotter/images/4/47/BillClinton.jpg/revision/latest/scale-to-width-down/344?cb=20130302164443 2x\" class=\"pi-image-thumbnail\" alt=\"\" width=\"172\" height=\"148\"\n\t\t     data-image-key=\"BillClinton.jpg\" data-image-name=\"BillClinton.jpg\"/>\n\t\t\n\t</a>\n\t\n</figure>\n<section class=\"pi-item pi-group pi-border-color\">\n\t\n<h2 class=\"pi-item pi-item-spacing pi-title\" data-source=\"name\">William Jefferson \"Bill\" Clinton</h2>\n\n</section>\n<section class=\"pi-item pi-group pi-border-color\">\n\t<h2 class=\"pi-item pi-header pi-secondary-font pi-item-spacing pi-secondary-background\">Biographical information</h2>\n\n<div class=\"pi-item pi-data pi-item-spacing pi-border-color\" data-source=\"born\">\n\t\n\t\t<h3 class=\"pi-data-label pi-secondary-font\">Born</h3>\n\t\n\t<div class=\"pi-data-value pi-font\">August 19, 1946</div>\n</div>\n\n<div class=\"pi-item pi-data pi-item-spacing pi-border-color\" data-source=\"blood\">\n\t\n\t\t<h3 class=\"pi-data-label pi-secondary-font\">Blood status</h3>\n\t\n\t<div class=\"pi-data-value pi-font\"><a href=\"/wiki/Non-magic_people\" title=\"Non-magic people\">No-Maj</a></div>\n</div>\n\n<div class=\"pi-item pi-data pi-item-spacing pi-border-color\" data-source=\"nationality\">\n\t\n\t\t<h3 class=\"pi-data-label pi-secondary-font\">Nationality</h3>\n\t\n\t<div class=\"pi-data-value pi-font\"><a href=\"/wiki/United_States_of_America\" title=\"United States of America\">American</a></div>\n</div>\n\n</section>\n<section class=\"pi-item pi-group pi-border-color\">\n\t<h2 class=\"pi-item pi-header pi-secondary-font pi-item-spacing pi-secondary-background\">Physical information</h2>\n\n<div class=\"pi-item pi-data pi-item-spacing pi-border-color\" data-source=\"species\">\n\t\n\t\t<h3 class=\"pi-data-label pi-secondary-font\">Species</h3>\n\t\n\t<div class=\"pi-data-value pi-font\"><a href=\"/wiki/Human\" title=\"Human\">Human</a></div>\n</div>\n\n<div class=\"pi-item pi-data pi-item-spacing pi-border-color\" data-source=\"gender\">\n\t\n\t\t<h3 class=\"pi-data-label pi-secondary-font\">Gender</h3>\n\t\n\t<div class=\"pi-data-value pi-font\">Male</div>\n</div>\n\n<div class=\"pi-item pi-data pi-item-spacing pi-border-color\" data-source=\"skin\">\n\t\n\t\t<h3 class=\"pi-data-label pi-secondary-font\">Skin colour</h3>\n\t\n\t<div class=\"pi-data-value pi-font\">Fair</div>\n</div>\n\n</section>\n<section class=\"pi-item pi-group pi-border-color\">\n\t<h2 class=\"pi-item pi-header pi-secondary-font pi-item-spacing pi-secondary-background\">Relationship information</h2>\n\n<div class=\"pi-item pi-data pi-item-spacing pi-border-color\" data-source=\"family\">\n\t\n\t\t<h3 class=\"pi-data-label pi-secondary-font\">Family members</h3>\n\t\n\t<div class=\"pi-data-value pi-font\">Hillary Clinton <span class=\"template-c\">(wife)</span><br/>Chelsea Clinton <span class=\"template-c\">(daughter)</span></div>\n</div>\n\n</section>\n<section class=\"pi-item pi-group pi-border-color\">\n\t<h2 class=\"pi-item pi-header pi-secondary-font pi-item-spacing pi-secondary-background\">Affiliation</h2>\n\n<div class=\"pi-item pi-data pi-item-spacing pi-border-color\" data-source=\"job\">\n\t\n\t\t<h3 class=\"pi-data-label pi-secondary-font\">Occupation</h3>\n\t\n\t<div class=\"pi-data-value pi-font\">President of the <a href=\"/wiki/United_States_of_America\" title=\"United States of America\">United States</a></div>\n</div>\n\n<div class=\"pi-item pi-data pi-item-spacing pi-border-color\" data-source=\"loyalty\">\n\t\n\t\t<h3 class=\"pi-data-label pi-secondary-font\">Loyalty</h3>\n\t\n\t<div class=\"pi-data-value pi-font\"><ul><li><a href=\"/wiki/United_States_of_America\" title=\"United States of America\">United States of America</a></li><li>Democratic Party</li></ul></div>\n</div>\n\n</section>\n<nav class=\"pi-navigation pi-item-spacing pi-secondary-background pi-secondary-font\"><small><a href=\"/wiki/Template:Individual_infobox\" title=\"Template:Individual infobox\">[Source]</a><span class=\"hidable-button\"></span></small></nav>\n</aside>\n\n<b>William Jefferson \"Bill\" Clinton</b> (born <b>William Jefferson Blythe III</b>) was an <a href=\"/wiki/United_States_of_America\" title=\"United States of America\">American</a> <a href=\"/wiki/Non-magic_people\" title=\"Non-magic people\">No-Maj</a> politician.<sup id=\"cite_ref-1\" class=\"reference\"><a href=\"#cite_note-1\">&#91;1&#93;</a></sup>\n</p><p>In <a href=\"/wiki/1996\" title=\"1996\">1996</a>, President Clinton toured <a href=\"/wiki/Europe\" title=\"Europe\">Europe</a>, granting an exclusive interview to the <a href=\"/wiki/Great_Britain\" title=\"Great Britain\">British</a> newspaper <i><a href=\"/wiki/The_Guardian\" title=\"The Guardian\">The Guardian</a></i>.<sup id=\"cite_ref-2\" class=\"reference\"><a href=\"#cite_note-2\">&#91;2&#93;</a></sup>\n</p>\n<h2><span class=\"mw-headline\" id=\"Behind_the_scenes\">Behind the scenes</span><span class=\"mw-editsection\"><span class=\"mw-editsection-bracket\">[</span><a href=\"/wiki/Bill_Clinton?veaction=edit&amp;section=1\" class=\"mw-editsection-visualeditor\" title=\"Edit section: Behind the scenes\">edit</a><span class=\"mw-editsection-divider\"> | </span><a href=\"/wiki/Bill_Clinton?action=edit&amp;section=1\" title=\"Edit section: Behind the scenes\"><svg class=\"wds-icon wds-icon-tiny section-edit-pencil-icon\"><use xlink:href=\"#wds-icons-pencil-tiny\"></use></svg>edit source</a><span class=\"mw-editsection-bracket\">]</span></span></h2>\n<ul><li>In keeping with the <a href=\"/wiki/Dating_conventions\" title=\"Dating conventions\"><i>Harry Potter</i> timeline</a>, Bill Clinton should be President of the United States at the time of the <a href=\"/wiki/Millennium_Bridge\" title=\"Millennium Bridge\">Millennium Bridge</a> disaster of 1996. However, the same prop that mentions Bill Clinton also establishes that <a href=\"/wiki/George_W._Bush\" title=\"George W. Bush\">George W. Bush</a> is serving as President.</li></ul>\n<h2><span class=\"mw-headline\" id=\"Appearances\">Appearances</span><span class=\"mw-editsection\"><span class=\"mw-editsection-bracket\">[</span><a href=\"/wiki/Bill_Clinton?veaction=edit&amp;section=2\" class=\"mw-editsection-visualeditor\" title=\"Edit section: Appearances\">edit</a><span class=\"mw-editsection-divider\"> | </span><a href=\"/wiki/Bill_Clinton?action=edit&amp;section=2\" title=\"Edit section: Appearances\"><svg class=\"wds-icon wds-icon-tiny section-edit-pencil-icon\"><use xlink:href=\"#wds-icons-pencil-tiny\"></use></svg>edit source</a><span class=\"mw-editsection-bracket\">]</span></span></h2>\n<ul><li><i><a href=\"/wiki/Harry_Potter_and_the_Half-Blood_Prince_(film)\" title=\"Harry Potter and the Half-Blood Prince (film)\">Harry Potter and the Half-Blood Prince (film)</a></i> <small>(Appears in photographs)</small></li></ul>\n<h2><span class=\"mw-headline\" id=\"Notes_and_references\">Notes and references</span><span class=\"mw-editsection\"><span class=\"mw-editsection-bracket\">[</span><a href=\"/wiki/Bill_Clinton?veaction=edit&amp;section=3\" class=\"mw-editsection-visualeditor\" title=\"Edit section: Notes and references\">edit</a><span class=\"mw-editsection-divider\"> | </span><a href=\"/wiki/Bill_Clinton?action=edit&amp;section=3\" title=\"Edit section: Notes and references\"><svg class=\"wds-icon wds-icon-tiny section-edit-pencil-icon\"><use xlink:href=\"#wds-icons-pencil-tiny\"></use></svg>edit source</a><span class=\"mw-editsection-bracket\">]</span></span></h2>\n<div class=\"references-small\">\n<div class=\"mw-references-wrap\"><ol class=\"references\">\n<li id=\"cite_note-1\"><span class=\"mw-cite-backlink\"><a href=\"#cite_ref-1\">\u2191</a></span> <span class=\"reference-text\">\"<a href=\"http://en.wikipedia.org/wiki/Bill_Clinton\" class=\"extiw\" title=\"wikipedia:Bill Clinton\">Bill Clinton</a>\" on Wikipedia</span>\n</li>\n<li id=\"cite_note-2\"><span class=\"mw-cite-backlink\"><a href=\"#cite_ref-2\">\u2191</a></span> <span class=\"reference-text\"><i><a href=\"/wiki/Harry_Potter_Limited_Edition\" title=\"Harry Potter Limited Edition\">Harry Potter Limited Edition</a></i>&#160;- <i><a href=\"/wiki/A_Guide_to_the_Graphic_Arts_Department:_Posters,_Prints,_and_Publications_from_the_Harry_Potter_Films\" title=\"A Guide to the Graphic Arts Department: Posters, Prints, and Publications from the Harry Potter Films\">A Guide to the Graphic Arts Department: Posters, Prints, and Publications from the Harry Potter Films</a></i> (see <a href=\"/wiki/File:TheGuardian.png\" title=\"File:TheGuardian.png\">this image</a>)</span>\n</li>\n</ol></div></div></div>"}]}}}}