{"batchcomplete": "", "warnings": {"main": {"*": "Subscribe to the mediawiki-api-announce mailing list at <https://lists.wikimedia.org/mailman/listinfo/mediawiki-api-announce> for notice of API deprecations and breaking changes."}, "revisions": {"*": "The parameter \"rvparse\" has been deprecated.\nBecause \"rvslots\" was not specified, a legacy format has been used for the output. This format is deprecated, and in the future the new format will always be used."}}, "query": {"pages": {"208886": {"pageid": 208886, "ns": 0, "title": "Billingsley", "revisions": [{"*": "<div class=\"mw-parser-output\"><table class=\"notice metadata\" id=\"spoiler\" style=\"text-align: center; background: beige; margin: 1em 05%; padding: 0 1em; border: #a00 1px solid;\">\n\n<tbody><tr>\n<td><a href=\"https://static.wikia.nocookie.net/harrypotter/images/8/8c/Hogwarts_Mystery.jpeg/revision/latest?cb=20180504083359\" class=\"image\"><img alt=\"Hogwarts Mystery.jpeg\" src=\"https://static.wikia.nocookie.net/harrypotter/images/8/8c/Hogwarts_Mystery.jpeg/revision/latest/scale-to-width-down/175?cb=20180504083359\" decoding=\"async\" width=\"175\" height=\"77\" data-image-name=\"Hogwarts Mystery.jpeg\" data-image-key=\"Hogwarts_Mystery.jpeg\" /></a>\n</td>\n<td><b>Warning!</b>\n<p>At least some content in this article is derived from information featured in <i><a href=\"/wiki/Harry_Potter:_Hogwarts_Mystery\" title=\"Harry Potter: Hogwarts Mystery\">Harry Potter: Hogwarts Mystery</a></i>. Spoilers will be present within the article.\n</p>\n</td></tr></tbody></table>\n<p>\n<aside role=\"region\" class=\"portable-infobox pi-background pi-theme-wizard pi-layout-default\"><section class=\"pi-item pi-group pi-border-color\">\n\t\n<h2 class=\"pi-item pi-item-spacing pi-title\" data-source=\"name\">Billingsley</h2>\n\n</section>\n<section class=\"pi-item pi-group pi-border-color\">\n\t<h2 class=\"pi-item pi-header pi-secondary-font pi-item-spacing pi-secondary-background\">Biographical information</h2>\n\n<div class=\"pi-item pi-data pi-item-spacing pi-border-color\" data-source=\"born\">\n\t\n\t\t<h3 class=\"pi-data-label pi-secondary-font\">Born</h3>\n\t\n\t<div class=\"pi-data-value pi-font\"><a href=\"/wiki/1_September\" title=\"1 September\">1 September</a> <a href=\"/wiki/1971\" title=\"1971\">1971</a> and <a href=\"/wiki/31_August\" title=\"31 August\">31 August</a> <a href=\"/wiki/1972\" title=\"1972\">1972</a><sup id=\"cite_ref-age_1-0\" class=\"reference\"><a href=\"#cite_note-age-1\">&#91;1&#93;</a></sup></div>\n</div>\n\n<div class=\"pi-item pi-data pi-item-spacing pi-border-color\" data-source=\"nationality\">\n\t\n\t\t<h3 class=\"pi-data-label pi-secondary-font\">Nationality</h3>\n\t\n\t<div class=\"pi-data-value pi-font\"><a href=\"/wiki/Great_Britain\" title=\"Great Britain\">British</a> or <a href=\"/wiki/Ireland\" title=\"Ireland\">Irish</a><sup id=\"cite_ref-2\" class=\"reference\"><a href=\"#cite_note-2\">&#91;2&#93;</a></sup></div>\n</div>\n\n</section>\n<section class=\"pi-item pi-group pi-border-color\">\n\t<h2 class=\"pi-item pi-header pi-secondary-font pi-item-spacing pi-secondary-background\">Physical information</h2>\n\n<div class=\"pi-item pi-data pi-item-spacing pi-border-color\" data-source=\"species\">\n\t\n\t\t<h3 class=\"pi-data-label pi-secondary-font\">Species</h3>\n\t\n\t<div class=\"pi-data-value pi-font\"><a href=\"/wiki/Human\" title=\"Human\">Human</a></div>\n</div>\n\n<div class=\"pi-item pi-data pi-item-spacing pi-border-color\" data-source=\"gender\">\n\t\n\t\t<h3 class=\"pi-data-label pi-secondary-font\">Gender</h3>\n\t\n\t<div class=\"pi-data-value pi-font\">Male</div>\n</div>\n\n</section>\n<section class=\"pi-item pi-group pi-border-color\">\n\t<h2 class=\"pi-item pi-header pi-secondary-font pi-item-spacing pi-secondary-background\">Affiliation</h2>\n\n<div class=\"pi-item pi-data pi-item-spacing pi-border-color\" data-source=\"loyalty\">\n\t\n\t\t<h3 class=\"pi-data-label pi-secondary-font\">Loyalty</h3>\n\t\n\t<div class=\"pi-data-value pi-font\"><a href=\"/wiki/Hogwarts_School_of_Witchcraft_and_Wizardry\" title=\"Hogwarts School of Witchcraft and Wizardry\">Hogwarts School of Witchcraft and Wizardry</a></div>\n</div>\n\n</section>\n<nav class=\"pi-navigation pi-item-spacing pi-secondary-background pi-secondary-font\"><small><a href=\"/wiki/Template:Individual_infobox\" title=\"Template:Individual infobox\">[Source]</a><span class=\"hidable-button\"></span></small></nav>\n</aside>\n\n<b>Billingsley</b> was a <a href=\"/wiki/Wizardkind\" title=\"Wizardkind\">wizard</a> who attended <a href=\"/wiki/Hogwarts_School_of_Witchcraft_and_Wizardry\" title=\"Hogwarts School of Witchcraft and Wizardry\">Hogwarts School of Witchcraft and Wizardry</a> during <a href=\"/wiki/Jacob%27s_sibling\" title=\"Jacob&#39;s sibling\">Jacob's sibling</a>'s time at school. He appeared to be a very popular student who was proficient in both <a href=\"/wiki/Transfiguration_(class)\" title=\"Transfiguration (class)\">Transfiguration</a> and <a href=\"/wiki/Charms_(class)\" title=\"Charms (class)\">Charms</a> classes, which many other students spoke about often.\n</p>\n<div id=\"toc\" class=\"toc\"><input type=\"checkbox\" role=\"button\" id=\"toctogglecheckbox\" class=\"toctogglecheckbox\" style=\"display:none\" /><div class=\"toctitle\" lang=\"en\" dir=\"ltr\"><h2>Contents</h2><span class=\"toctogglespan\"><label class=\"toctogglelabel\" for=\"toctogglecheckbox\"></label></span></div>\n<ul>\n<li class=\"toclevel-1 tocsection-1\"><a href=\"#Biography\"><span class=\"tocnumber\">1</span> <span class=\"toctext\">Biography</span></a></li>\n<li class=\"toclevel-1 tocsection-2\"><a href=\"#Magical_abilities_and_skills\"><span class=\"tocnumber\">2</span> <span class=\"toctext\">Magical abilities and skills</span></a></li>\n<li class=\"toclevel-1 tocsection-3\"><a href=\"#Appearances\"><span class=\"tocnumber\">3</span> <span class=\"toctext\">Appearances</span></a></li>\n<li class=\"toclevel-1 tocsection-4\"><a href=\"#Notes_and_references\"><span class=\"tocnumber\">4</span> <span class=\"toctext\">Notes and references</span></a></li>\n</ul>\n</div>\n\n<h2><span class=\"mw-headline\" id=\"Biography\">Biography</span><span class=\"mw-editsection\"><span class=\"mw-editsection-bracket\">[</span><a href=\"/wiki/Billingsley?veaction=edit&amp;section=1\" class=\"mw-editsection-visualeditor\" title=\"Edit section: Biography\">edit</a><span class=\"mw-editsection-divider\"> | </span><a href=\"/wiki/Billingsley?action=edit&amp;section=1\" title=\"Edit section: Biography\"><svg class=\"wds-icon wds-icon-tiny section-edit-pencil-icon\"><use xlink:href=\"#wds-icons-pencil-tiny\"></use></svg>edit source</a><span class=\"mw-editsection-bracket\">]</span></span></h2>\n<p>Billingsley started attending Hogwarts School of Witchcraft and Wizardry in <a href=\"/wiki/1983\" title=\"1983\">1983</a>.<sup id=\"cite_ref-age_1-1\" class=\"reference\"><a href=\"#cite_note-age-1\">&#91;1&#93;</a></sup> He became very well known for the many ways he <a href=\"/wiki/Transfiguration\" title=\"Transfiguration\">transfigured</a> objects, which was spoken about and often admired in <a href=\"/wiki/Transfiguration_(class)\" title=\"Transfiguration (class)\">Transfiguration</a> class by <a href=\"/wiki/Jacob%27s_sibling\" title=\"Jacob&#39;s sibling\">Jacob's sibling</a>'s year.\n</p><p>Billingsley's many achievements include turning a satchel to a <a href=\"/wiki/Goat\" title=\"Goat\">goat</a>, the <a href=\"/wiki/Minerva_McGonagall\" title=\"Minerva McGonagall\">teacher</a>'s desk to a ball of yarn, and himself to a surfboard which made McGonagall very upset with him. In an unknown way, Billingsley's head was once trapped in an umbrella flower.<sup id=\"cite_ref-3\" class=\"reference\"><a href=\"#cite_note-3\">&#91;3&#93;</a></sup> He also <a href=\"/wiki/Levitation_Charm\" title=\"Levitation Charm\">levitated</a> himself and the staff was unable to get him down for some time.<sup id=\"cite_ref-4\" class=\"reference\"><a href=\"#cite_note-4\">&#91;4&#93;</a></sup>\n</p><p>He was less skilled with charms-work, however. In his <a href=\"/wiki/First_year\" title=\"First year\">first year</a>, he recited an <a href=\"/wiki/Incantation\" title=\"Incantation\">incantation</a> incorrectly (presumably for the <a href=\"/wiki/Fire-Making_Spell\" title=\"Fire-Making Spell\">Fire-Making Spell</a>), and accidentally set <a href=\"/wiki/Fire\" title=\"Fire\">fire</a> to the <a href=\"/wiki/Boathouse\" title=\"Boathouse\">Boathouse</a>. He also once spilled some <a href=\"/wiki/Swelling_Solution\" title=\"Swelling Solution\">Swelling Solution</a> on the hands of <a href=\"/wiki/Potions_Master\" title=\"Potions Master\">Potions Master</a> <a href=\"/wiki/Severus_Snape\" title=\"Severus Snape\">Severus Snape</a>.\n</p><p>In the <a href=\"/wiki/1988%E2%80%931989_school_year\" title=\"1988\u20131989 school year\">1988\u20131989 school year</a>, Billingsley accidentally <a href=\"/wiki/Transfiguration\" title=\"Transfiguration\">Transfigured</a> a <a href=\"/wiki/Ferret\" title=\"Ferret\">ferret</a> into a fountain instead of a feather duster. During the same year, <a href=\"/wiki/Andre_Egwu\" title=\"Andre Egwu\">Andre Egwu</a> noted that animals seemed to hate Billingsley.<sup id=\"cite_ref-5\" class=\"reference\"><a href=\"#cite_note-5\">&#91;5&#93;</a></sup> He also performed the <a href=\"/wiki/Exploding_Charm\" title=\"Exploding Charm\">Exploding Charm</a> during breakfast, splattering <a href=\"/wiki/Egg\" title=\"Egg\">eggs</a> and <a href=\"/wiki/Bacon\" title=\"Bacon\">bacon</a> everywhere.<sup id=\"cite_ref-6\" class=\"reference\"><a href=\"#cite_note-6\">&#91;6&#93;</a></sup>\n</p><p>Accoding <a href=\"/wiki/Charles_Weasley\" title=\"Charles Weasley\">Charlie Weasley</a>, sometime during <a href=\"/wiki/1989%E2%80%931990_school_year\" title=\"1989\u20131990 school year\">1989\u20131990 school year</a> Billingsley showed up to class in his jim jams.<sup id=\"cite_ref-7\" class=\"reference\"><a href=\"#cite_note-7\">&#91;7&#93;</a></sup>\n</p>\n<h2><span class=\"mw-headline\" id=\"Magical_abilities_and_skills\">Magical abilities and skills</span><span class=\"mw-editsection\"><span class=\"mw-editsection-bracket\">[</span><a href=\"/wiki/Billingsley?veaction=edit&amp;section=2\" class=\"mw-editsection-visualeditor\" title=\"Edit section: Magical abilities and skills\">edit</a><span class=\"mw-editsection-divider\"> | </span><a href=\"/wiki/Billingsley?action=edit&amp;section=2\" title=\"Edit section: Magical abilities and skills\"><svg class=\"wds-icon wds-icon-tiny section-edit-pencil-icon\"><use xlink:href=\"#wds-icons-pencil-tiny\"></use></svg>edit source</a><span class=\"mw-editsection-bracket\">]</span></span></h2>\n<ul><li><b><a href=\"/wiki/Charm\" title=\"Charm\">Charms</a></b>: Billingsley was proficient with charm-work, with his skills in this field of <a href=\"/wiki/Magic\" title=\"Magic\">magic</a> often being discussed by other Hogwarts students. He was a high academic achiever in <a href=\"/wiki/Charms_(class)\" title=\"Charms (class)\">Charms class</a>, and was able to perform many charms successfully, albeit sometimes recklessly, such as the <a href=\"/wiki/Exploding_Charm\" title=\"Exploding Charm\">Exploding Charm</a>.</li>\n<li><b><a href=\"/wiki/Transfiguration\" title=\"Transfiguration\">Transfiguration</a></b>: This highly advanced and difficult branch of <a href=\"/wiki/Magic\" title=\"Magic\">magic</a> was Billingsley's main area of expertise, being reputed for his excellent skills in this field. He was capable of <a href=\"/wiki/Transforming_Spells\" title=\"Transforming Spells\">transforming</a> many objects, including numerous animals as well. He was known to be a top academic achiever in <a href=\"/wiki/Transfiguration_(class)\" title=\"Transfiguration (class)\">Transfiguration</a> class, testament to his talent.</li></ul>\n<h2><span class=\"mw-headline\" id=\"Appearances\">Appearances</span><span class=\"mw-editsection\"><span class=\"mw-editsection-bracket\">[</span><a href=\"/wiki/Billingsley?veaction=edit&amp;section=3\" class=\"mw-editsection-visualeditor\" title=\"Edit section: Appearances\">edit</a><span class=\"mw-editsection-divider\"> | </span><a href=\"/wiki/Billingsley?action=edit&amp;section=3\" title=\"Edit section: Appearances\"><svg class=\"wds-icon wds-icon-tiny section-edit-pencil-icon\"><use xlink:href=\"#wds-icons-pencil-tiny\"></use></svg>edit source</a><span class=\"mw-editsection-bracket\">]</span></span></h2>\n<ul><li><i><a href=\"/wiki/Harry_Potter:_Hogwarts_Mystery\" title=\"Harry Potter: Hogwarts Mystery\">Harry Potter: Hogwarts Mystery</a></i> <small>(First mentioned)</small></li></ul>\n<h2><span class=\"mw-headline\" id=\"Notes_and_references\">Notes and references</span><span class=\"mw-editsection\"><span class=\"mw-editsection-bracket\">[</span><a href=\"/wiki/Billingsley?veaction=edit&amp;section=4\" class=\"mw-editsection-visualeditor\" title=\"Edit section: Notes and references\">edit</a><span class=\"mw-editsection-divider\"> | </span><a href=\"/wiki/Billingsley?action=edit&amp;section=4\" title=\"Edit section: Notes and references\"><svg class=\"wds-icon wds-icon-tiny section-edit-pencil-icon\"><use xlink:href=\"#wds-icons-pencil-tiny\"></use></svg>edit source</a><span class=\"mw-editsection-bracket\">]</span></span></h2>\n<div class=\"references-small\">\n<div class=\"mw-references-wrap\"><ol class=\"references\">\n<li id=\"cite_note-age-1\"><span class=\"mw-cite-backlink\">\u2191 <sup><a href=\"#cite_ref-age_1-0\">1.0</a></sup> <sup><a href=\"#cite_ref-age_1-1\">1.1</a></sup></span> <span class=\"reference-text\">\nBillingsley was first mentioned during the <a href=\"/wiki/1984%E2%80%931985_school_year\" title=\"1984\u20131985 school year\">1984\u20131985 school year</a>, and was last mentioned during the <a href=\"/wiki/1989%E2%80%931990_school_year\" title=\"1989\u20131990 school year\">1989\u20131990 school year</a>.</span>\n</li>\n<li id=\"cite_note-2\"><span class=\"mw-cite-backlink\"><a href=\"#cite_ref-2\">\u2191</a></span> <span class=\"reference-text\"><a target=\"_blank\" rel=\"noreferrer noopener\" class=\"external text\" href=\"http://www.accio-quote.org/articles/2000/0700-swns-alfie.htm\">\"World Exclusive Interview with J K Rowling,\" <i>South West News Service</i>, 8 July 2000</a>  - \"Hogwarts just serves Britain and Ireland.\"</span>\n</li>\n<li id=\"cite_note-3\"><span class=\"mw-cite-backlink\"><a href=\"#cite_ref-3\">\u2191</a></span> <span class=\"reference-text\"><a target=\"_blank\" rel=\"noreferrer noopener\" class=\"external text\" href=\"https://mobile.twitter.com/samantha_kasa/status/998098756791762944/photo/3\">Twitter</a></span>\n</li>\n<li id=\"cite_note-4\"><span class=\"mw-cite-backlink\"><a href=\"#cite_ref-4\">\u2191</a></span> <span class=\"reference-text\"><i><a href=\"/wiki/Harry_Potter:_Hogwarts_Mystery\" title=\"Harry Potter: Hogwarts Mystery\">Harry Potter: Hogwarts Mystery</a></i>, Year 1, Chapter 5 (<i>The Duel</i>) - Charms Lesson \"Wingardium Leviosa\" (see <a target=\"_blank\" rel=\"noreferrer noopener\" class=\"external text\" href=\"https://youtu.be/uFcabB4K5CM?t=188\">this video</a>)</span>\n</li>\n<li id=\"cite_note-5\"><span class=\"mw-cite-backlink\"><a href=\"#cite_ref-5\">\u2191</a></span> <span class=\"reference-text\"><i><a href=\"/wiki/Harry_Potter:_Hogwarts_Mystery\" title=\"Harry Potter: Hogwarts Mystery\">Harry Potter: Hogwarts Mystery</a></i>, Year 5, Chapter 5 (<i>Penny, Portraits, Peace, and Pressure</i>) - Transfiguration Lesson \"Switch: Feather Duster &amp; Ferret\"</span>\n</li>\n<li id=\"cite_note-6\"><span class=\"mw-cite-backlink\"><a href=\"#cite_ref-6\">\u2191</a></span> <span class=\"reference-text\"><i><a href=\"/wiki/Harry_Potter:_Hogwarts_Mystery\" title=\"Harry Potter: Hogwarts Mystery\">Harry Potter: Hogwarts Mystery</a></i>, Year 5, Chapter 1 (<i>Year Five Begins</i>) -  Charms Class \"Bombarda Review\"</span>\n</li>\n<li id=\"cite_note-7\"><span class=\"mw-cite-backlink\"><a href=\"#cite_ref-7\">\u2191</a></span> <span class=\"reference-text\"><i><a href=\"/wiki/Harry_Potter:_Hogwarts_Mystery\" title=\"Harry Potter: Hogwarts Mystery\">Harry Potter: Hogwarts Mystery</a></i>, Year 6, Chapter 25 (<i>Written in the Stars</i>) - Care of Magical Creatures Class \"Jackalope\"</span>\n</li>\n</ol></div></div></div>"}]}}}}