{"batchcomplete": "", "warnings": {"main": {"*": "Subscribe to the mediawiki-api-announce mailing list at <https://lists.wikimedia.org/mailman/listinfo/mediawiki-api-announce> for notice of API deprecations and breaking changes."}, "revisions": {"*": "The parameter \"rvparse\" has been deprecated.\nBecause \"rvslots\" was not specified, a legacy format has been used for the output. This format is deprecated, and in the future the new format will always be used."}}, "query": {"normalized": [{"from": "Blackthorn_wand", "to": "Blackthorn wand"}], "pages": {"13676": {"pageid": 13676, "ns": 0, "title": "Blackthorn wand", "revisions": [{"*": "<div class=\"mw-parser-output\"><p>\n<aside role=\"region\" class=\"portable-infobox pi-background pi-theme-wand pi-layout-default\">\n<figure class=\"pi-item pi-image\" data-source=\"image\">\n\t<a href=\"https://static.wikia.nocookie.net/harrypotter/images/c/c3/Blackthornwand.jpg/revision/latest?cb=20141208235101\" class=\"image image-thumbnail\"\n\t   title=\"\">\n\t\t<img src=\"https://static.wikia.nocookie.net/harrypotter/images/c/c3/Blackthornwand.jpg/revision/latest/scale-to-width-down/350?cb=20141208235101\" srcset=\"https://static.wikia.nocookie.net/harrypotter/images/c/c3/Blackthornwand.jpg/revision/latest/scale-to-width-down/350?cb=20141208235101 1x, https://static.wikia.nocookie.net/harrypotter/images/c/c3/Blackthornwand.jpg/revision/latest/scale-to-width-down/700?cb=20141208235101 2x\" class=\"pi-image-thumbnail\" alt=\"\" width=\"270\" height=\"270\"\n\t\t     data-image-key=\"Blackthornwand.jpg\" data-image-name=\"Blackthornwand.jpg\"/>\n\t\t\n\t</a>\n\t\n</figure>\n\n<h2 class=\"pi-item pi-item-spacing pi-title\" data-source=\"name\">Blackthorn wand</h2>\n<section class=\"pi-item pi-group pi-border-color\">\n\t<h2 class=\"pi-item pi-header pi-secondary-font pi-item-spacing pi-secondary-background\">Historical information</h2>\n\n<div class=\"pi-item pi-data pi-item-spacing pi-border-color\" data-source=\"made\">\n\t\n\t\t<h3 class=\"pi-data-label pi-secondary-font\">Made</h3>\n\t\n\t<div class=\"pi-data-value pi-font\">Pre <a href=\"/wiki/1997\" title=\"1997\">1997</a></div>\n</div>\n\n<div class=\"pi-item pi-data pi-item-spacing pi-border-color\" data-source=\"masters\">\n\t\n\t\t<h3 class=\"pi-data-label pi-secondary-font\">Master(s)</h3>\n\t\n\t<div class=\"pi-data-value pi-font\">Unnamed <a href=\"/wiki/Snatchers\" title=\"Snatchers\">Snatcher</a></div>\n</div>\n\n<div class=\"pi-item pi-data pi-item-spacing pi-border-color\" data-source=\"owners\">\n\t\n\t\t<h3 class=\"pi-data-label pi-secondary-font\">Owner(s)</h3>\n\t\n\t<div class=\"pi-data-value pi-font\"><ul><li><a href=\"/wiki/Snatchers\" title=\"Snatchers\">Unnamed Snatcher</a></li><li><a href=\"/wiki/Ronald_Weasley\" title=\"Ronald Weasley\">Ron Weasley</a> <span class=\"template-c\">(briefly)</span></li><li><a href=\"/wiki/Harry_Potter\" title=\"Harry Potter\">Harry Potter</a> <span class=\"template-c\">(briefly)</span></li></ul></div>\n</div>\n\n</section>\n<section class=\"pi-item pi-group pi-border-color\">\n\t<h2 class=\"pi-item pi-header pi-secondary-font pi-item-spacing pi-secondary-background\">Material information</h2>\n\n<div class=\"pi-item pi-data pi-item-spacing pi-border-color\" data-source=\"wood\">\n\t\n\t\t<h3 class=\"pi-data-label pi-secondary-font\">Wood</h3>\n\t\n\t<div class=\"pi-data-value pi-font\"><a href=\"/wiki/Blackthorn\" title=\"Blackthorn\">Blackthorn</a></div>\n</div>\n\n<div class=\"pi-item pi-data pi-item-spacing pi-border-color\" data-source=\"length\">\n\t\n\t\t<h3 class=\"pi-data-label pi-secondary-font\">Length</h3>\n\t\n\t<div class=\"pi-data-value pi-font\">10\"<sup id=\"cite_ref-1\" class=\"reference\"><a href=\"#cite_note-1\">&#91;1&#93;</a></sup></div>\n</div>\n\n</section>\n<nav class=\"pi-navigation pi-item-spacing pi-secondary-background pi-secondary-font\"><small><a href=\"/wiki/Template:Wand_infobox\" title=\"Template:Wand infobox\">[Source]</a><span class=\"hidable-button\"></span></small></nav>\n</aside>\n\n</p>\n<div class=\"quote\">\n<dl><dd><span title=\"Source:&#160;Harry Potter and the Deathly Hallows\">\"<i>Harry looked down at the blackthorn wand. Every minor spell he had cast with it so far that day had seemed less powerful than those he had produced with his phoenix wand. The new one felt intrusively unfamiliar, like having somebody else's hand sewn to the end of his arm.</i>\"</span></dd>\n<dd>&#8212;Harry Potter's usage on the wand<sup class=\"noprint\"><a href=\"/wiki/Harry_Potter_and_the_Deathly_Hallows\" title=\"Harry Potter and the Deathly Hallows\">[src]</a></sup></dd>\n<dd></dd></dl></div>\n<p>This <b>wand</b> was 10\" long, made of <a href=\"/wiki/Blackthorn\" title=\"Blackthorn\">blackthorn</a>, and had an unknown core material.\n</p>\n<div id=\"toc\" class=\"toc\"><input type=\"checkbox\" role=\"button\" id=\"toctogglecheckbox\" class=\"toctogglecheckbox\" style=\"display:none\" /><div class=\"toctitle\" lang=\"en\" dir=\"ltr\"><h2>Contents</h2><span class=\"toctogglespan\"><label class=\"toctogglelabel\" for=\"toctogglecheckbox\"></label></span></div>\n<ul>\n<li class=\"toclevel-1 tocsection-1\"><a href=\"#History\"><span class=\"tocnumber\">1</span> <span class=\"toctext\">History</span></a></li>\n<li class=\"toclevel-1 tocsection-2\"><a href=\"#Known_spells_produced\"><span class=\"tocnumber\">2</span> <span class=\"toctext\">Known spells produced</span></a></li>\n<li class=\"toclevel-1 tocsection-3\"><a href=\"#Behind_the_scenes\"><span class=\"tocnumber\">3</span> <span class=\"toctext\">Behind the scenes</span></a></li>\n<li class=\"toclevel-1 tocsection-4\"><a href=\"#Appearances\"><span class=\"tocnumber\">4</span> <span class=\"toctext\">Appearances</span></a></li>\n<li class=\"toclevel-1 tocsection-5\"><a href=\"#Notes_and_references\"><span class=\"tocnumber\">5</span> <span class=\"toctext\">Notes and references</span></a></li>\n</ul>\n</div>\n\n<h2><span class=\"mw-headline\" id=\"History\">History</span><span class=\"mw-editsection\"><span class=\"mw-editsection-bracket\">[</span><a href=\"/wiki/Blackthorn_wand?veaction=edit&amp;section=1\" class=\"mw-editsection-visualeditor\" title=\"Edit section: History\">edit</a><span class=\"mw-editsection-divider\"> | </span><a href=\"/wiki/Blackthorn_wand?action=edit&amp;section=1\" title=\"Edit section: History\"><svg class=\"wds-icon wds-icon-tiny section-edit-pencil-icon\"><use xlink:href=\"#wds-icons-pencil-tiny\"></use></svg>edit source</a><span class=\"mw-editsection-bracket\">]</span></span></h2>\n<p>When Ron returned to his friends <a href=\"/wiki/Harry_Potter\" title=\"Harry Potter\">Harry Potter</a> and <a href=\"/wiki/Hermione_Granger\" title=\"Hermione Granger\">Hermione Granger</a> shortly afterwards, he gave this wand to Harry, whose own <a href=\"/wiki/Harry_Potter%27s_wand\" title=\"Harry Potter&#39;s wand\">holly wand</a> had been accidentally broken by Hermione when she drove <a href=\"/wiki/Nagini\" title=\"Nagini\">Nagini</a> away from him with a <a href=\"/wiki/Blasting_Curse\" title=\"Blasting Curse\">Blasting Curse</a>, when they were <a href=\"/wiki/Attack_at_Godric%27s_Hollow_(1997)\" title=\"Attack at Godric&#39;s Hollow (1997)\">attacked</a> in <a href=\"/wiki/Godric%27s_Hollow\" title=\"Godric&#39;s Hollow\">Godric's Hollow</a>. The blackthorn wand was described as being clumsy and unwieldy compared to Harry's original wand. Also the wand seemed to not only cast weaker spells but required more effort to cast them.\n</p><p>Harry found that the wand did not work very well for him, as he had not <a href=\"/wiki/Subtle_laws_of_wands\" title=\"Subtle laws of wands\">won</a> it himself; he overall did not like it, as it felt like an intrusively equipment that had been crudely replaced his more valued wand. After a <a href=\"/wiki/Skirmish_at_Malfoy_Manor\" title=\"Skirmish at Malfoy Manor\">skirmish</a> in <a href=\"/wiki/Malfoy_Manor\" title=\"Malfoy Manor\">Malfoy Manor</a> in <a href=\"/wiki/1998\" title=\"1998\">1998</a>, Harry would use <a href=\"/wiki/Draco_Malfoy\" title=\"Draco Malfoy\">Draco Malfoy</a>'s <a href=\"/wiki/Draco_Malfoy%27s_wand\" title=\"Draco Malfoy&#39;s wand\">wand</a>, until repairing his own with the <a href=\"/wiki/Elder_Wand\" title=\"Elder Wand\">Elder Wand</a>. The blackthorn wand was left at Malfoy Manor along with <a href=\"/wiki/Hermione_Granger%27s_wand\" title=\"Hermione Granger&#39;s wand\">Hermione Granger's wand</a> and <a href=\"/wiki/Ronald_Weasley%27s_second_wand\" title=\"Ronald Weasley&#39;s second wand\">Ronald Weasley's wand</a>. It was because Harry wielding this wand that the Malfoys originally had their doubts it was the real Harry they had captured, and when <a href=\"/wiki/Tom_Riddle\" title=\"Tom Riddle\">Voldemort</a> arrived he deduced, via this wand, that Harry lost his original holly wand.<sup id=\"cite_ref-2\" class=\"reference\"><a href=\"#cite_note-2\">&#91;2&#93;</a></sup>\n</p>\n<h2><span class=\"mw-headline\" id=\"Known_spells_produced\">Known spells produced</span><span class=\"mw-editsection\"><span class=\"mw-editsection-bracket\">[</span><a href=\"/wiki/Blackthorn_wand?veaction=edit&amp;section=2\" class=\"mw-editsection-visualeditor\" title=\"Edit section: Known spells produced\">edit</a><span class=\"mw-editsection-divider\"> | </span><a href=\"/wiki/Blackthorn_wand?action=edit&amp;section=2\" title=\"Edit section: Known spells produced\"><svg class=\"wds-icon wds-icon-tiny section-edit-pencil-icon\"><use xlink:href=\"#wds-icons-pencil-tiny\"></use></svg>edit source</a><span class=\"mw-editsection-bracket\">]</span></span></h2>\n<figure class=\"thumb tleft show-info-icon\" style=\"width: 247px\"> \t<a href=\"https://static.wikia.nocookie.net/harrypotter/images/6/62/Harry_casting_Engorgio.gif/revision/latest?cb=20140409000423\" class=\"image\"><img alt=\"\" src=\"https://static.wikia.nocookie.net/harrypotter/images/6/62/Harry_casting_Engorgio.gif/revision/latest/scale-to-width-down/245?cb=20140409000423\" decoding=\"async\" width=\"245\" height=\"110\" class=\"thumbimage\" data-image-name=\"Harry casting Engorgio.gif\" data-image-key=\"Harry_casting_Engorgio.gif\" /></a> \t \t<figcaption class=\"thumbcaption\"> \t\t \t\t\t<a href=\"/wiki/File:Harry_casting_Engorgio.gif\" class=\"info-icon\"><svg><use xlink:href=\"#wds-icons-info-small\"></use></svg></a> \t\t \t\t \t\t \t\t\t<p class=\"caption\">Harry casting <i><a href=\"/wiki/Engorgement_Charm\" title=\"Engorgement Charm\">Engorgio</a></i> with the Blackthorn wand</p> \t\t \t</figcaption> </figure>\n<ul><li><i><a href=\"/wiki/Engorgement_Charm\" title=\"Engorgement Charm\">Engorgio</a></i> (spider)</li>\n<li><i><a href=\"/wiki/Shrinking_Charm\" title=\"Shrinking Charm\">Reducio</a></i> (spider)</li>\n<li><i><a href=\"/wiki/Levitation_Charm\" title=\"Levitation Charm\">Wingardium Leviosa</a></i> (stones)</li>\n<li><i><a href=\"/wiki/Wand-Lighting_Charm\" title=\"Wand-Lighting Charm\">Lumos</a></i> (no proof, but his wand was lit)</li></ul>\n<h2><span class=\"mw-headline\" id=\"Behind_the_scenes\">Behind the scenes</span><span class=\"mw-editsection\"><span class=\"mw-editsection-bracket\">[</span><a href=\"/wiki/Blackthorn_wand?veaction=edit&amp;section=3\" class=\"mw-editsection-visualeditor\" title=\"Edit section: Behind the scenes\">edit</a><span class=\"mw-editsection-divider\"> | </span><a href=\"/wiki/Blackthorn_wand?action=edit&amp;section=3\" title=\"Edit section: Behind the scenes\"><svg class=\"wds-icon wds-icon-tiny section-edit-pencil-icon\"><use xlink:href=\"#wds-icons-pencil-tiny\"></use></svg>edit source</a><span class=\"mw-editsection-bracket\">]</span></span></h2>\n<ul><li>Blackthorn wands are said to be well-matched to \"warriors\", including practitioners of the <a href=\"/wiki/Dark_Arts\" title=\"Dark Arts\">Dark Arts</a>, making it ideal for a Snatcher's wand, but not for Harry who opposed the Dark Arts.</li></ul>\n<h2><span class=\"mw-headline\" id=\"Appearances\">Appearances</span><span class=\"mw-editsection\"><span class=\"mw-editsection-bracket\">[</span><a href=\"/wiki/Blackthorn_wand?veaction=edit&amp;section=4\" class=\"mw-editsection-visualeditor\" title=\"Edit section: Appearances\">edit</a><span class=\"mw-editsection-divider\"> | </span><a href=\"/wiki/Blackthorn_wand?action=edit&amp;section=4\" title=\"Edit section: Appearances\"><svg class=\"wds-icon wds-icon-tiny section-edit-pencil-icon\"><use xlink:href=\"#wds-icons-pencil-tiny\"></use></svg>edit source</a><span class=\"mw-editsection-bracket\">]</span></span></h2>\n<p class=\"mw-empty-elt\"></p><figure class=\"thumb tright show-info-icon\" style=\"width: 172px\"> \t<a href=\"https://static.wikia.nocookie.net/harrypotter/images/6/6f/Blackthorn_wand.jpg/revision/latest?cb=20121222091602\" class=\"image\"><img alt=\"Blackthorn wand.jpg\" src=\"https://static.wikia.nocookie.net/harrypotter/images/6/6f/Blackthorn_wand.jpg/revision/latest/scale-to-width-down/170?cb=20121222091602\" decoding=\"async\" width=\"170\" height=\"193\" class=\"thumbimage\" data-image-name=\"Blackthorn wand.jpg\" data-image-key=\"Blackthorn_wand.jpg\" /></a> \t \t<figcaption class=\"thumbcaption\"> \t\t \t\t\t<a href=\"/wiki/File:Blackthorn_wand.jpg\" class=\"info-icon\"><svg><use xlink:href=\"#wds-icons-info-small\"></use></svg></a> \t\t \t\t \t\t \t</figcaption> </figure>\n<p class=\"mw-empty-elt\"></p>\n<ul><li><i><a href=\"/wiki/Harry_Potter_and_the_Deathly_Hallows\" title=\"Harry Potter and the Deathly Hallows\">Harry Potter and the Deathly Hallows</a></i> <small>(First appearance)</small></li>\n<li><i><a href=\"/wiki/Harry_Potter_and_the_Deathly_Hallows:_Part_1\" title=\"Harry Potter and the Deathly Hallows: Part 1\">Harry Potter and the Deathly Hallows: Part 1</a></i></li></ul>\n<h2><span class=\"mw-headline\" id=\"Notes_and_references\">Notes and references</span><span class=\"mw-editsection\"><span class=\"mw-editsection-bracket\">[</span><a href=\"/wiki/Blackthorn_wand?veaction=edit&amp;section=5\" class=\"mw-editsection-visualeditor\" title=\"Edit section: Notes and references\">edit</a><span class=\"mw-editsection-divider\"> | </span><a href=\"/wiki/Blackthorn_wand?action=edit&amp;section=5\" title=\"Edit section: Notes and references\"><svg class=\"wds-icon wds-icon-tiny section-edit-pencil-icon\"><use xlink:href=\"#wds-icons-pencil-tiny\"></use></svg>edit source</a><span class=\"mw-editsection-bracket\">]</span></span></h2>\n<div class=\"references-small\">\n<div class=\"mw-references-wrap\"><ol class=\"references\">\n<li id=\"cite_note-1\"><span class=\"mw-cite-backlink\"><a href=\"#cite_ref-1\">\u2191</a></span> <span class=\"reference-text\"><i><a href=\"/wiki/Harry_Potter_and_the_Deathly_Hallows:_Part_1\" title=\"Harry Potter and the Deathly Hallows: Part 1\">Harry Potter and the Deathly Hallows: Part 1</a></i></span>\n</li>\n<li id=\"cite_note-2\"><span class=\"mw-cite-backlink\"><a href=\"#cite_ref-2\">\u2191</a></span> <span class=\"reference-text\"><i><a href=\"/wiki/Harry_Potter_and_the_Deathly_Hallows\" title=\"Harry Potter and the Deathly Hallows\">Harry Potter and the Deathly Hallows</a></i></span>\n</li>\n</ol></div></div></div>"}]}}}}