{"batchcomplete": "", "warnings": {"main": {"*": "Subscribe to the mediawiki-api-announce mailing list at <https://lists.wikimedia.org/mailman/listinfo/mediawiki-api-announce> for notice of API deprecations and breaking changes."}, "revisions": {"*": "The parameter \"rvparse\" has been deprecated.\nBecause \"rvslots\" was not specified, a legacy format has been used for the output. This format is deprecated, and in the future the new format will always be used."}}, "query": {"normalized": [{"from": "Bletchley_(musician)", "to": "Bletchley (musician)"}], "pages": {"40463": {"pageid": 40463, "ns": 0, "title": "Bletchley (musician)", "revisions": [{"*": "<div class=\"mw-parser-output\"><table class=\"notice metadata\" cellpadding=\"3px\" style=\"text-align: center; background: snow; border: #a00 1px solid; margin: 1em 10% 1em 10%;\">\n\n<tbody><tr>\n<td><a href=\"https://static.wikia.nocookie.net/harrypotter/images/1/1b/Harry_Potter_Half-Blood_Prince_Profile.JPG/revision/latest?cb=20200420031830\" class=\"image\"><img alt=\"Harry Potter Half-Blood Prince Profile.JPG\" src=\"https://static.wikia.nocookie.net/harrypotter/images/1/1b/Harry_Potter_Half-Blood_Prince_Profile.JPG/revision/latest/scale-to-width-down/60?cb=20200420031830\" decoding=\"async\" width=\"60\" height=\"98\" data-image-name=\"Harry Potter Half-Blood Prince Profile.JPG\" data-image-key=\"Harry_Potter_Half-Blood_Prince_Profile.JPG\" /></a>\n</td>\n<td><i><b>\"Harry, your eyesight really is awful.\"</b></i>\n<p>The title of this article is transcribed from an image. Due to several factors, including poor image quality and difficult-to-read fonts/handwriting, it may have been transcribed incorrectly. If you have a higher quality version of the <a href=\"/wiki/File:Harryandpaper0.jpg\" title=\"File:Harryandpaper0.jpg\">source image</a>, or a more accurate reading of the text, please visit this article's <a href=\"https://harrypotter.fandom.com/wiki/Talk:Bletchley_(musician)\" class=\"extiw\" title=\"en:Talk:Bletchley (musician)\">Talk Page</a>.\n</p>\n</td></tr></tbody></table>\n<p>\n<aside role=\"region\" class=\"portable-infobox pi-background pi-theme-wizard pi-layout-default\"><section class=\"pi-item pi-group pi-border-color\">\n\t\n<h2 class=\"pi-item pi-item-spacing pi-title\" data-source=\"name\">Madame Bletchley</h2>\n\n</section>\n<section class=\"pi-item pi-group pi-border-color\">\n\t<h2 class=\"pi-item pi-header pi-secondary-font pi-item-spacing pi-secondary-background\">Biographical information</h2>\n\n<div class=\"pi-item pi-data pi-item-spacing pi-border-color\" data-source=\"born\">\n\t\n\t\t<h3 class=\"pi-data-label pi-secondary-font\">Born</h3>\n\t\n\t<div class=\"pi-data-value pi-font\">In or prior to <a href=\"/wiki/1929\" title=\"1929\">1929</a>,</div>\n</div>\n\n<div class=\"pi-item pi-data pi-item-spacing pi-border-color\" data-source=\"nationality\">\n\t\n\t\t<h3 class=\"pi-data-label pi-secondary-font\">Nationality</h3>\n\t\n\t<div class=\"pi-data-value pi-font\"><a href=\"/wiki/Great_Britain\" title=\"Great Britain\">British</a> or <a href=\"/wiki/Ireland\" title=\"Ireland\">Irish</a><sup id=\"cite_ref-1\" class=\"reference\"><a href=\"#cite_note-1\">&#91;1&#93;</a></sup></div>\n</div>\n\n<div class=\"pi-item pi-data pi-item-spacing pi-border-color\" data-source=\"title\">\n\t\n\t\t<h3 class=\"pi-data-label pi-secondary-font\">Title(s)</h3>\n\t\n\t<div class=\"pi-data-value pi-font\"><a href=\"/wiki/Madam\" title=\"Madam\">Madame</a></div>\n</div>\n\n</section>\n<section class=\"pi-item pi-group pi-border-color\">\n\t<h2 class=\"pi-item pi-header pi-secondary-font pi-item-spacing pi-secondary-background\">Physical information</h2>\n\n<div class=\"pi-item pi-data pi-item-spacing pi-border-color\" data-source=\"species\">\n\t\n\t\t<h3 class=\"pi-data-label pi-secondary-font\">Species</h3>\n\t\n\t<div class=\"pi-data-value pi-font\"><a href=\"/wiki/Human\" title=\"Human\">Human</a></div>\n</div>\n\n<div class=\"pi-item pi-data pi-item-spacing pi-border-color\" data-source=\"gender\">\n\t\n\t\t<h3 class=\"pi-data-label pi-secondary-font\">Gender</h3>\n\t\n\t<div class=\"pi-data-value pi-font\">Female</div>\n</div>\n\n</section>\n<section class=\"pi-item pi-group pi-border-color\">\n\t<h2 class=\"pi-item pi-header pi-secondary-font pi-item-spacing pi-secondary-background\">Relationship information</h2>\n\n<div class=\"pi-item pi-data pi-item-spacing pi-border-color\" data-source=\"family\">\n\t\n\t\t<h3 class=\"pi-data-label pi-secondary-font\">Family members</h3>\n\t\n\t<div class=\"pi-data-value pi-font\"><ul><li><a href=\"/wiki/Bletchley\" title=\"Bletchley\">Bletchley</a> (possibly)</li><li><a href=\"/wiki/Kevin_Bletchley\" title=\"Kevin Bletchley\">Kevin Bletchley</a> (possibly)</li><li><a href=\"/wiki/Miles_Bletchley\" title=\"Miles Bletchley\">Miles Bletchley</a> (possibly)</li></ul></div>\n</div>\n\n</section>\n<section class=\"pi-item pi-group pi-border-color\">\n\t<h2 class=\"pi-item pi-header pi-secondary-font pi-item-spacing pi-secondary-background\">Affiliation</h2>\n\n<div class=\"pi-item pi-data pi-item-spacing pi-border-color\" data-source=\"job\">\n\t\n\t\t<h3 class=\"pi-data-label pi-secondary-font\">Occupation</h3>\n\t\n\t<div class=\"pi-data-value pi-font\">Musician</div>\n</div>\n\n<div class=\"pi-item pi-data pi-item-spacing pi-border-color\" data-source=\"loyalty\">\n\t\n\t\t<h3 class=\"pi-data-label pi-secondary-font\">Loyalty</h3>\n\t\n\t<div class=\"pi-data-value pi-font\"><ul><li><a href=\"/wiki/Bletchley_family\" title=\"Bletchley family\">Bletchley family</a></li><li><a href=\"/wiki/Hogwarts_School_of_Witchcraft_and_Wizardry\" title=\"Hogwarts School of Witchcraft and Wizardry\">Hogwarts School of Witchcraft and Wizardry</a></li></ul></div>\n</div>\n\n</section>\n<nav class=\"pi-navigation pi-item-spacing pi-secondary-background pi-secondary-font\"><small><a href=\"/wiki/Template:Individual_infobox\" title=\"Template:Individual infobox\">[Source]</a><span class=\"hidable-button\"></span></small></nav>\n</aside>\n\n<b>Madame Bletchley</b> (fl. <a href=\"/wiki/1929\" title=\"1929\">1929</a>\u2014<a href=\"/wiki/1996\" title=\"1996\">1996</a>) was a <a href=\"/wiki/Wizardkind\" title=\"Wizardkind\">witch</a> who was a professional musician of some type. In her youth, she attended <a href=\"/wiki/Hogwarts_School_of_Witchcraft_and_Wizardry\" title=\"Hogwarts School of Witchcraft and Wizardry\">Hogwarts School of Witchcraft and Wizardry</a>, and in <a href=\"/wiki/1940\" title=\"1940\">1940</a> received an award.<sup id=\"cite_ref-2\" class=\"reference\"><a href=\"#cite_note-2\">&#91;2&#93;</a></sup>\n</p><p>The <i><a href=\"/wiki/Daily_Prophet\" title=\"Daily Prophet\">Daily Prophet</a></i> ran a contest giving away <a href=\"/wiki/Very_Important_Wizard\" title=\"Very Important Wizard\">V.I.W.</a> backstage passes to one of her concerts to ten readers in <a href=\"/wiki/1996\" title=\"1996\">1996</a>.<sup id=\"cite_ref-3\" class=\"reference\"><a href=\"#cite_note-3\">&#91;3&#93;</a></sup>\n</p>\n<h2><span class=\"mw-headline\" id=\"Appearances\">Appearances</span><span class=\"mw-editsection\"><span class=\"mw-editsection-bracket\">[</span><a href=\"/wiki/Bletchley_(musician)?veaction=edit&amp;section=1\" class=\"mw-editsection-visualeditor\" title=\"Edit section: Appearances\">edit</a><span class=\"mw-editsection-divider\"> | </span><a href=\"/wiki/Bletchley_(musician)?action=edit&amp;section=1\" title=\"Edit section: Appearances\"><svg class=\"wds-icon wds-icon-tiny section-edit-pencil-icon\"><use xlink:href=\"#wds-icons-pencil-tiny\"></use></svg>edit source</a><span class=\"mw-editsection-bracket\">]</span></span></h2>\n<ul><li><i><a href=\"/wiki/Harry_Potter_and_the_Half-Blood_Prince_(film)\" title=\"Harry Potter and the Half-Blood Prince (film)\">Harry Potter and the Half-Blood Prince (film)</a></i> <span class=\"template-c\">(Name seen in newspaper)</span></li>\n<li><a href=\"/wiki/The_Wizarding_World_of_Harry_Potter\" title=\"The Wizarding World of Harry Potter\">The Wizarding World of Harry Potter</a> <span class=\"template-c\">(Name seen in award)</span></li></ul>\n<h2><span class=\"mw-headline\" id=\"Notes_and_references\">Notes and references</span><span class=\"mw-editsection\"><span class=\"mw-editsection-bracket\">[</span><a href=\"/wiki/Bletchley_(musician)?veaction=edit&amp;section=2\" class=\"mw-editsection-visualeditor\" title=\"Edit section: Notes and references\">edit</a><span class=\"mw-editsection-divider\"> | </span><a href=\"/wiki/Bletchley_(musician)?action=edit&amp;section=2\" title=\"Edit section: Notes and references\"><svg class=\"wds-icon wds-icon-tiny section-edit-pencil-icon\"><use xlink:href=\"#wds-icons-pencil-tiny\"></use></svg>edit source</a><span class=\"mw-editsection-bracket\">]</span></span></h2>\n<div class=\"references-small\">\n<div class=\"mw-references-wrap\"><ol class=\"references\">\n<li id=\"cite_note-1\"><span class=\"mw-cite-backlink\"><a href=\"#cite_ref-1\">\u2191</a></span> <span class=\"reference-text\"><a target=\"_blank\" rel=\"noreferrer noopener\" class=\"external text\" href=\"http://www.accio-quote.org/articles/2000/0700-swns-alfie.htm\">\"World Exclusive Interview with J K Rowling,\" <i>South West News Service</i>, 8 July 2000</a>  - \"Hogwarts just serves Britain and Ireland.\"</span>\n</li>\n<li id=\"cite_note-2\"><span class=\"mw-cite-backlink\"><a href=\"#cite_ref-2\">\u2191</a></span> <span class=\"reference-text\">See <a target=\"_blank\" rel=\"noreferrer noopener\" class=\"external text\" href=\"http://www.flickr.com/photos/charminggoats/4707332209/\">this image</a>.</span>\n</li>\n<li id=\"cite_note-3\"><span class=\"mw-cite-backlink\"><a href=\"#cite_ref-3\">\u2191</a></span> <span class=\"reference-text\">See <a href=\"/wiki/File:Harryandpaper0.jpg\" title=\"File:Harryandpaper0.jpg\">this image</a> and <a target=\"_blank\" rel=\"noreferrer noopener\" class=\"external text\" href=\"http://gallery.the-leaky-cauldron.org/picture/250655\">this image</a>.</span>\n</li>\n</ol></div></div></div>"}]}}}}