{"batchcomplete": "", "warnings": {"main": {"*": "Subscribe to the mediawiki-api-announce mailing list at <https://lists.wikimedia.org/mailman/listinfo/mediawiki-api-announce> for notice of API deprecations and breaking changes."}, "revisions": {"*": "The parameter \"rvparse\" has been deprecated.\nBecause \"rvslots\" was not specified, a legacy format has been used for the output. This format is deprecated, and in the future the new format will always be used."}}, "query": {"normalized": [{"from": "Bob_Ogden's_wand", "to": "Bob Ogden's wand"}], "pages": {"182040": {"pageid": 182040, "ns": 0, "title": "Bob Ogden's wand", "revisions": [{"*": "<div class=\"mw-parser-output\"><p>\n<aside role=\"region\" class=\"portable-infobox pi-background pi-theme-wand pi-layout-default\">\n<h2 class=\"pi-item pi-item-spacing pi-title\" data-source=\"name\">Bob Ogden's wand</h2>\n<section class=\"pi-item pi-group pi-border-color\">\n\t<h2 class=\"pi-item pi-header pi-secondary-font pi-item-spacing pi-secondary-background\">Historical information</h2>\n\n<div class=\"pi-item pi-data pi-item-spacing pi-border-color\" data-source=\"made\">\n\t\n\t\t<h3 class=\"pi-data-label pi-secondary-font\">Made</h3>\n\t\n\t<div class=\"pi-data-value pi-font\">pre. <a href=\"/wiki/1926\" title=\"1926\">1926</a></div>\n</div>\n\n<div class=\"pi-item pi-data pi-item-spacing pi-border-color\" data-source=\"masters\">\n\t\n\t\t<h3 class=\"pi-data-label pi-secondary-font\">Master(s)</h3>\n\t\n\t<div class=\"pi-data-value pi-font\"><a href=\"/wiki/Bob_Ogden\" title=\"Bob Ogden\">Bob Ogden</a><sup id=\"cite_ref-HBP10_1-0\" class=\"reference\"><a href=\"#cite_note-HBP10-1\">&#91;1&#93;</a></sup></div>\n</div>\n\n<div class=\"pi-item pi-data pi-item-spacing pi-border-color\" data-source=\"owners\">\n\t\n\t\t<h3 class=\"pi-data-label pi-secondary-font\">Owner(s)</h3>\n\t\n\t<div class=\"pi-data-value pi-font\"><a href=\"/wiki/Bob_Ogden\" title=\"Bob Ogden\">Bob Ogden</a><sup id=\"cite_ref-HBP10_1-1\" class=\"reference\"><a href=\"#cite_note-HBP10-1\">&#91;1&#93;</a></sup></div>\n</div>\n\n</section>\n<nav class=\"pi-navigation pi-item-spacing pi-secondary-background pi-secondary-font\"><small><a href=\"/wiki/Template:Wand_infobox\" title=\"Template:Wand infobox\">[Source]</a><span class=\"hidable-button\"></span></small></nav>\n</aside>\n\n<b>Bob Ogden's <a href=\"/wiki/Wand\" title=\"Wand\">wand</a></b> was of unknown length, <a href=\"/wiki/Wand_wood\" title=\"Wand wood\">wood</a>, and <a href=\"/wiki/Wand_core\" title=\"Wand core\">core</a>, owned and used by <a href=\"/wiki/Bob_Ogden\" title=\"Bob Ogden\">Bob Ogden</a>.<sup id=\"cite_ref-HBP10_1-2\" class=\"reference\"><a href=\"#cite_note-HBP10-1\">&#91;1&#93;</a></sup>\n</p>\n<h2><span class=\"mw-headline\" id=\"History\">History</span><span class=\"mw-editsection\"><span class=\"mw-editsection-bracket\">[</span><a href=\"/wiki/Bob_Ogden%27s_wand?veaction=edit&amp;section=1\" class=\"mw-editsection-visualeditor\" title=\"Edit section: History\">edit</a><span class=\"mw-editsection-divider\"> | </span><a href=\"/wiki/Bob_Ogden%27s_wand?action=edit&amp;section=1\" title=\"Edit section: History\"><svg class=\"wds-icon wds-icon-tiny section-edit-pencil-icon\"><use xlink:href=\"#wds-icons-pencil-tiny\"></use></svg>edit source</a><span class=\"mw-editsection-bracket\">]</span></span></h2>\n<p>It is unknown exactly when Ogden obtained his wand, and it is presumed that he attended <a href=\"/wiki/Hogwarts_School_of_Witchcraft_and_Wizardry\" title=\"Hogwarts School of Witchcraft and Wizardry\">Hogwarts School of Witchcraft and Wizardry</a>.\n</p><p>In the <a href=\"/wiki/1926\" title=\"1926\">1926</a>, Ogden used the <a href=\"/wiki/Mending_Charm\" title=\"Mending Charm\">Mending Charm</a> to repair up a pot that <a href=\"/wiki/Merope_Riddle\" title=\"Merope Riddle\">Merope Gaunt</a> had accidentally broken, when he visited the <a href=\"/wiki/Gaunt_Shack\" title=\"Gaunt Shack\">Gaunt Shack</a> in <a href=\"/wiki/Little_Hangleton\" title=\"Little Hangleton\">Little Hangleton</a>. He also used the <a href=\"/wiki/Revulsion_Jinx\" title=\"Revulsion Jinx\">Revulsion Jinx</a> to blast Merope's father <a href=\"/wiki/Marvolo_Gaunt\" title=\"Marvolo Gaunt\">Marvolo Gaunt</a> away from her with when he tried to attack her for falling in <a href=\"/wiki/Love\" title=\"Love\">love</a> with the <a href=\"/wiki/Non-magic_people\" title=\"Non-magic people\">Muggle</a> <a href=\"/wiki/Tom_Riddle_Senior\" title=\"Tom Riddle Senior\">Tom Riddle Senior</a>.<sup id=\"cite_ref-HBP10_1-3\" class=\"reference\"><a href=\"#cite_note-HBP10-1\">&#91;1&#93;</a></sup>\n</p><p>It is unknown what happened to the wand after Ogden died, but it's possible the wand was buried with its owner.\n</p>\n<h2><span class=\"mw-headline\" id=\"Appearances\">Appearances</span><span class=\"mw-editsection\"><span class=\"mw-editsection-bracket\">[</span><a href=\"/wiki/Bob_Ogden%27s_wand?veaction=edit&amp;section=2\" class=\"mw-editsection-visualeditor\" title=\"Edit section: Appearances\">edit</a><span class=\"mw-editsection-divider\"> | </span><a href=\"/wiki/Bob_Ogden%27s_wand?action=edit&amp;section=2\" title=\"Edit section: Appearances\"><svg class=\"wds-icon wds-icon-tiny section-edit-pencil-icon\"><use xlink:href=\"#wds-icons-pencil-tiny\"></use></svg>edit source</a><span class=\"mw-editsection-bracket\">]</span></span></h2>\n<ul><li><i><a href=\"/wiki/Harry_Potter_and_the_Half-Blood_Prince\" title=\"Harry Potter and the Half-Blood Prince\">Harry Potter and the Half-Blood Prince</a></i> <small>(First appearance)</small> <small>(Appears in flashback(s))</small></li></ul>\n<h2><span class=\"mw-headline\" id=\"Notes_and_references\">Notes and references</span><span class=\"mw-editsection\"><span class=\"mw-editsection-bracket\">[</span><a href=\"/wiki/Bob_Ogden%27s_wand?veaction=edit&amp;section=3\" class=\"mw-editsection-visualeditor\" title=\"Edit section: Notes and references\">edit</a><span class=\"mw-editsection-divider\"> | </span><a href=\"/wiki/Bob_Ogden%27s_wand?action=edit&amp;section=3\" title=\"Edit section: Notes and references\"><svg class=\"wds-icon wds-icon-tiny section-edit-pencil-icon\"><use xlink:href=\"#wds-icons-pencil-tiny\"></use></svg>edit source</a><span class=\"mw-editsection-bracket\">]</span></span></h2>\n<div class=\"references-small\">\n<div class=\"mw-references-wrap\"><ol class=\"references\">\n<li id=\"cite_note-HBP10-1\"><span class=\"mw-cite-backlink\">\u2191 <sup><a href=\"#cite_ref-HBP10_1-0\">1.0</a></sup> <sup><a href=\"#cite_ref-HBP10_1-1\">1.1</a></sup> <sup><a href=\"#cite_ref-HBP10_1-2\">1.2</a></sup> <sup><a href=\"#cite_ref-HBP10_1-3\">1.3</a></sup></span> <span class=\"reference-text\"><i><a href=\"/wiki/Harry_Potter_and_the_Half-Blood_Prince\" title=\"Harry Potter and the Half-Blood Prince\">Harry Potter and the Half-Blood Prince</a></i>, Chapter 10 (<i>The House of Gaunt</i>)</span>\n</li>\n</ol></div></div></div>"}]}}}}