{"batchcomplete": "", "warnings": {"main": {"*": "Subscribe to the mediawiki-api-announce mailing list at <https://lists.wikimedia.org/mailman/listinfo/mediawiki-api-announce> for notice of API deprecations and breaking changes."}, "revisions": {"*": "The parameter \"rvparse\" has been deprecated.\nBecause \"rvslots\" was not specified, a legacy format has been used for the output. This format is deprecated, and in the future the new format will always be used."}}, "query": {"pages": {"10316": {"pageid": 10316, "ns": 0, "title": "Bogrod", "revisions": [{"*": "<div class=\"mw-parser-output\"><table class=\"notice metadata\" id=\"spoiler\" style=\"text-align: center; background: beige; margin: 1em 05%; padding: 0 1em; border: #a00 1px solid;\">\n\n<tbody><tr>\n<td><a href=\"https://static.wikia.nocookie.net/harrypotter/images/e/ea/Wizards_Unite_logo.jpg/revision/latest?cb=20181114170049\" class=\"image\"><img alt=\"Wizards Unite logo.jpg\" src=\"https://static.wikia.nocookie.net/harrypotter/images/e/ea/Wizards_Unite_logo.jpg/revision/latest/scale-to-width-down/175?cb=20181114170049\" decoding=\"async\" width=\"175\" height=\"98\" data-image-name=\"Wizards Unite logo.jpg\" data-image-key=\"Wizards_Unite_logo.jpg\" /></a>\n</td>\n<td><b>Warning!</b>\n<p>At least some content in this article is derived from information featured in <i><a href=\"/wiki/Harry_Potter:_Wizards_Unite\" title=\"Harry Potter: Wizards Unite\">Harry Potter: Wizards Unite</a></i>. As such, spoilers will be present within the article.\n</p><p>For gameplay-specific information, please see the relevant article on <a href=\"https://harrypotterwizardsunite.fandom.com/wiki/Bogrod\" class=\"extiw\" title=\"w:c:harrypotterwizardsunite:Bogrod\">the Harry Potter: Wizards Unite Wiki!</a>\n</p>\n</td></tr></tbody></table>\n<div class=\"notice metadata\" id=\"spoiler\" style=\"text-align: center; background: #DCDCDC; margin: 1em 05%; padding: 0 1em; border: #696969 1px solid;\">\n<p><b>\"Point me!\"</b>\n</p>\nThis article is about <b>the Gringotts employee</b>. You may be looking for <b><a href=\"/wiki/Bodrod_the_Bearded\" title=\"Bodrod the Bearded\">Bodrod the Bearded</a>, a goblin rebel</b>.</div>\n<p>\n<aside role=\"region\" class=\"portable-infobox pi-background pi-theme-gringotts pi-layout-default\">\n<figure class=\"pi-item pi-image\" data-source=\"image\">\n\t<a href=\"https://static.wikia.nocookie.net/harrypotter/images/3/35/BogrodGringotts.jpg/revision/latest?cb=20120111004755\" class=\"image image-thumbnail\"\n\t   title=\"\">\n\t\t<img src=\"https://static.wikia.nocookie.net/harrypotter/images/3/35/BogrodGringotts.jpg/revision/latest/scale-to-width-down/274?cb=20120111004755\" srcset=\"https://static.wikia.nocookie.net/harrypotter/images/3/35/BogrodGringotts.jpg/revision/latest/scale-to-width-down/274?cb=20120111004755 1x, https://static.wikia.nocookie.net/harrypotter/images/3/35/BogrodGringotts.jpg/revision/latest/scale-to-width-down/548?cb=20120111004755 2x\" class=\"pi-image-thumbnail\" alt=\"\" width=\"270\" height=\"462\"\n\t\t     data-image-key=\"BogrodGringotts.jpg\" data-image-name=\"BogrodGringotts.jpg\"/>\n\t\t\n\t</a>\n\t\n</figure>\n<section class=\"pi-item pi-group pi-border-color\">\n\t\n<h2 class=\"pi-item pi-item-spacing pi-title\" data-source=\"name\">Bogrod</h2>\n\n</section>\n<section class=\"pi-item pi-group pi-border-color\">\n\t<h2 class=\"pi-item pi-header pi-secondary-font pi-item-spacing pi-secondary-background\">Biographical information</h2>\n\n<div class=\"pi-item pi-data pi-item-spacing pi-border-color\" data-source=\"died\">\n\t\n\t\t<h3 class=\"pi-data-label pi-secondary-font\">Died</h3>\n\t\n\t<div class=\"pi-data-value pi-font\"><a href=\"/wiki/1_May\" title=\"1 May\">1 May</a>, <a href=\"/wiki/1998\" title=\"1998\">1998</a><br/><a href=\"/wiki/Gringotts_Wizarding_Bank\" title=\"Gringotts Wizarding Bank\">Gringotts Wizarding Bank</a>, <a href=\"/wiki/Diagon_Alley\" title=\"Diagon Alley\">Diagon Alley</a>, <a href=\"/wiki/London\" title=\"London\">London</a>, <a href=\"/wiki/England\" title=\"England\">England</a><sup id=\"cite_ref-DHF2_1-0\" class=\"reference\"><a href=\"#cite_note-DHF2-1\">&#91;1&#93;</a></sup></div>\n</div>\n\n</section>\n<section class=\"pi-item pi-group pi-border-color\">\n\t<h2 class=\"pi-item pi-header pi-secondary-font pi-item-spacing pi-secondary-background\">Physical information</h2>\n\n<div class=\"pi-item pi-data pi-item-spacing pi-border-color\" data-source=\"species\">\n\t\n\t\t<h3 class=\"pi-data-label pi-secondary-font\">Species</h3>\n\t\n\t<div class=\"pi-data-value pi-font\"><a href=\"/wiki/Goblin\" title=\"Goblin\">Goblin</a></div>\n</div>\n\n<div class=\"pi-item pi-data pi-item-spacing pi-border-color\" data-source=\"gender\">\n\t\n\t\t<h3 class=\"pi-data-label pi-secondary-font\">Gender</h3>\n\t\n\t<div class=\"pi-data-value pi-font\">Male</div>\n</div>\n\n<div class=\"pi-item pi-data pi-item-spacing pi-border-color\" data-source=\"hair\">\n\t\n\t\t<h3 class=\"pi-data-label pi-secondary-font\">Hair colour</h3>\n\t\n\t<div class=\"pi-data-value pi-font\">White</div>\n</div>\n\n<div class=\"pi-item pi-data pi-item-spacing pi-border-color\" data-source=\"eyes\">\n\t\n\t\t<h3 class=\"pi-data-label pi-secondary-font\">Eye colour</h3>\n\t\n\t<div class=\"pi-data-value pi-font\">Black</div>\n</div>\n\n<div class=\"pi-item pi-data pi-item-spacing pi-border-color\" data-source=\"skin\">\n\t\n\t\t<h3 class=\"pi-data-label pi-secondary-font\">Skin colour</h3>\n\t\n\t<div class=\"pi-data-value pi-font\">Light</div>\n</div>\n\n</section>\n<section class=\"pi-item pi-group pi-border-color\">\n\t<h2 class=\"pi-item pi-header pi-secondary-font pi-item-spacing pi-secondary-background\">Affiliation</h2>\n\n<div class=\"pi-item pi-data pi-item-spacing pi-border-color\" data-source=\"job\">\n\t\n\t\t<h3 class=\"pi-data-label pi-secondary-font\">Occupation</h3>\n\t\n\t<div class=\"pi-data-value pi-font\"><a href=\"/wiki/Gringotts_Wizarding_Bank\" title=\"Gringotts Wizarding Bank\">Gringotts Bank</a> teller<sup id=\"cite_ref-DH26_2-0\" class=\"reference\"><a href=\"#cite_note-DH26-2\">&#91;2&#93;</a></sup></div>\n</div>\n\n<div class=\"pi-item pi-data pi-item-spacing pi-border-color\" data-source=\"loyalty\">\n\t\n\t\t<h3 class=\"pi-data-label pi-secondary-font\">Loyalty</h3>\n\t\n\t<div class=\"pi-data-value pi-font\"><a href=\"/wiki/Gringotts_Wizarding_Bank\" title=\"Gringotts Wizarding Bank\">Gringotts Wizarding Bank</a><sup id=\"cite_ref-DH26_2-1\" class=\"reference\"><a href=\"#cite_note-DH26-2\">&#91;2&#93;</a></sup></div>\n</div>\n\n</section>\n<nav class=\"pi-navigation pi-item-spacing pi-secondary-background pi-secondary-font\"><small><a href=\"/wiki/Template:Individual_infobox\" title=\"Template:Individual infobox\">[Source]</a><span class=\"hidable-button\"></span></small></nav>\n</aside>\n\n</p>\n<div class=\"quote\">\n<dl><dd><span title=\"Source:&#160;Harry Potter and the Deathly Hallows\"><b>Bogrod</b>: \"<i>Madam Lestrange! Dear me! How \u2014 how may I help you today?</i>\"</span></dd>\n<dd><b>Hermione Granger (as Bellatrix Lestrange)</b>: \"<i>I wish to enter my vault.</i>\"</dd>\n<dd>&#8212; <a href=\"/wiki/Hermione_Granger\" title=\"Hermione Granger\">Hermione Granger</a> in <a href=\"/wiki/Polyjuice_Potion\" title=\"Polyjuice Potion\">disguise</a> as <a href=\"/wiki/Bellatrix_Lestrange\" title=\"Bellatrix Lestrange\">Bellatrix Lestrange</a> asks Bogrod to permit her to enter Bellatrix' vault<sup class=\"noprint\"><a href=\"/wiki/Harry_Potter_and_the_Deathly_Hallows\" title=\"Harry Potter and the Deathly Hallows\">[src]</a></sup></dd></dl>\n</div>\n<p><b>Bogrod</b> (d. <a href=\"/wiki/1_May\" title=\"1 May\">1 May</a>, <a href=\"/wiki/1998\" title=\"1998\">1998</a>) was a <a href=\"/wiki/Goblin\" title=\"Goblin\">Goblin</a> and a bank teller at <a href=\"/wiki/Gringotts_Wizarding_Bank\" title=\"Gringotts Wizarding Bank\">Gringotts Wizarding Bank</a> in the late <a href=\"/wiki/1990s\" title=\"1990s\">1990s</a>. In <a href=\"/wiki/1998\" title=\"1998\">1998</a>, during their <a href=\"/wiki/Break-in_of_Gringotts_Wizarding_Bank_(1998)\" title=\"Break-in of Gringotts Wizarding Bank (1998)\">break-in</a> of <a href=\"/wiki/Gringotts_Wizarding_Bank\" title=\"Gringotts Wizarding Bank\">Gringotts Wizarding Bank</a>, <a href=\"/wiki/Harry_Potter\" title=\"Harry Potter\">Harry Potter</a>, <a href=\"/wiki/Ronald_Weasley\" title=\"Ronald Weasley\">Ronald Weasley</a> and <a href=\"/wiki/Hermione_Granger\" title=\"Hermione Granger\">Hermione Granger</a> put Bogrod under the <a href=\"/wiki/Imperius_Curse\" title=\"Imperius Curse\">Imperius Curse</a> in order to enter <a href=\"/wiki/Lestrange_Vault\" title=\"Lestrange Vault\">Lestrange Vault</a> undetected. Whilst the trio tried to escape, Bogrod was <a href=\"/wiki/Fire\" title=\"Fire\">burnt</a> to <a href=\"/wiki/Death\" title=\"Death\">death</a> by the <a href=\"/wiki/Gringott%27s_Dragon\" title=\"Gringott&#39;s Dragon\">security dragon</a>.\n</p>\n<div id=\"toc\" class=\"toc\"><input type=\"checkbox\" role=\"button\" id=\"toctogglecheckbox\" class=\"toctogglecheckbox\" style=\"display:none\" /><div class=\"toctitle\" lang=\"en\" dir=\"ltr\"><h2>Contents</h2><span class=\"toctogglespan\"><label class=\"toctogglelabel\" for=\"toctogglecheckbox\"></label></span></div>\n<ul>\n<li class=\"toclevel-1 tocsection-1\"><a href=\"#Biography\"><span class=\"tocnumber\">1</span> <span class=\"toctext\">Biography</span></a>\n<ul>\n<li class=\"toclevel-2 tocsection-2\"><a href=\"#Early_life\"><span class=\"tocnumber\">1.1</span> <span class=\"toctext\">Early life</span></a></li>\n<li class=\"toclevel-2 tocsection-3\"><a href=\"#1998_Gringotts_break-In_and_death\"><span class=\"tocnumber\">1.2</span> <span class=\"toctext\">1998 Gringotts break-In and death</span></a></li>\n<li class=\"toclevel-2 tocsection-4\"><a href=\"#The_Calamity\"><span class=\"tocnumber\">1.3</span> <span class=\"toctext\">The Calamity</span></a></li>\n</ul>\n</li>\n<li class=\"toclevel-1 tocsection-5\"><a href=\"#Behind_the_scenes\"><span class=\"tocnumber\">2</span> <span class=\"toctext\">Behind the scenes</span></a></li>\n<li class=\"toclevel-1 tocsection-6\"><a href=\"#Appearances\"><span class=\"tocnumber\">3</span> <span class=\"toctext\">Appearances</span></a></li>\n<li class=\"toclevel-1 tocsection-7\"><a href=\"#Notes_and_references\"><span class=\"tocnumber\">4</span> <span class=\"toctext\">Notes and references</span></a></li>\n</ul>\n</div>\n\n<h2><span class=\"mw-headline\" id=\"Biography\">Biography</span><span class=\"mw-editsection\"><span class=\"mw-editsection-bracket\">[</span><a href=\"/wiki/Bogrod?veaction=edit&amp;section=1\" class=\"mw-editsection-visualeditor\" title=\"Edit section: Biography\">edit</a><span class=\"mw-editsection-divider\"> | </span><a href=\"/wiki/Bogrod?action=edit&amp;section=1\" title=\"Edit section: Biography\"><svg class=\"wds-icon wds-icon-tiny section-edit-pencil-icon\"><use xlink:href=\"#wds-icons-pencil-tiny\"></use></svg>edit source</a><span class=\"mw-editsection-bracket\">]</span></span></h2>\n<h3><span class=\"mw-headline\" id=\"Early_life\">Early life</span><span class=\"mw-editsection\"><span class=\"mw-editsection-bracket\">[</span><a href=\"/wiki/Bogrod?veaction=edit&amp;section=2\" class=\"mw-editsection-visualeditor\" title=\"Edit section: Early life\">edit</a><span class=\"mw-editsection-divider\"> | </span><a href=\"/wiki/Bogrod?action=edit&amp;section=2\" title=\"Edit section: Early life\"><svg class=\"wds-icon wds-icon-tiny section-edit-pencil-icon\"><use xlink:href=\"#wds-icons-pencil-tiny\"></use></svg>edit source</a><span class=\"mw-editsection-bracket\">]</span></span></h3>\n<p>Bogrod was apparently an elder <a href=\"/wiki/Goblin\" title=\"Goblin\">Goblin</a>. At some point in his life, he was employed by <a href=\"/wiki/Gringotts_Wizarding_Bank\" title=\"Gringotts Wizarding Bank\">Gringotts Wizarding Bank</a> and worked in the capacity of bank teller at the main offices in <a href=\"/wiki/Diagon_Alley\" title=\"Diagon Alley\">Diagon Alley</a>, by the <a href=\"/wiki/1990s\" title=\"1990s\">1990s</a>.<sup id=\"cite_ref-DH26_2-2\" class=\"reference\"><a href=\"#cite_note-DH26-2\">&#91;2&#93;</a></sup>\n</p>\n<h3><span class=\"mw-headline\" id=\"1998_Gringotts_break-In_and_death\">1998 Gringotts break-In and death</span><span class=\"mw-editsection\"><span class=\"mw-editsection-bracket\">[</span><a href=\"/wiki/Bogrod?veaction=edit&amp;section=3\" class=\"mw-editsection-visualeditor\" title=\"Edit section: 1998 Gringotts break-In and death\">edit</a><span class=\"mw-editsection-divider\"> | </span><a href=\"/wiki/Bogrod?action=edit&amp;section=3\" title=\"Edit section: 1998 Gringotts break-In and death\"><svg class=\"wds-icon wds-icon-tiny section-edit-pencil-icon\"><use xlink:href=\"#wds-icons-pencil-tiny\"></use></svg>edit source</a><span class=\"mw-editsection-bracket\">]</span></span></h3>\n<div class=\"quote\">\n<dl><dd><span title=\"Source:&#160;Bogrod asks for\"><b>Bogrod</b>: \"<i>You have\u2026 identification?</i>\"</span></dd>\n<dd><b>Hermione Granger (as Bellatrix Lestrange)</b>: \"<i>Identification? I \u2014 I have never been asked for identification before!</i>\"</dd>\n<dd><b>Bogrod</b>: \"<i>Your wand will do, madam.</i>\"</dd>\n<dd><b>Harry Potter</b>: \"<i> </i>Imperio<i>!</i>\"</dd>\n<dd>&#8212; Bogrod asks for \"Bellatrix\"'s identification, and <a href=\"/wiki/Harry_Potter\" title=\"Harry Potter\">Harry Potter</a>, under the <a href=\"/wiki/Cloak_of_Invisibility\" title=\"Cloak of Invisibility\">Invisibility Cloak</a>, places him under the <a href=\"/wiki/Imperius_Curse\" title=\"Imperius Curse\">Imperius Curse</a><sup class=\"noprint\"><a href=\"/wiki/Harry_Potter_and_the_Deathly_Hallows\" title=\"Harry Potter and the Deathly Hallows\">[src]</a></sup></dd></dl>\n</div>\n<figure class=\"thumb tright show-info-icon\" style=\"width: 253px\"> \t<a href=\"https://static.wikia.nocookie.net/harrypotter/images/e/e6/BogrodImperius.png/revision/latest?cb=20111109195608\" class=\"image\"><img alt=\"\" src=\"https://static.wikia.nocookie.net/harrypotter/images/e/e6/BogrodImperius.png/revision/latest/scale-to-width-down/251?cb=20111109195608\" decoding=\"async\" width=\"251\" height=\"103\" class=\"thumbimage\" data-image-name=\"BogrodImperius.png\" data-image-key=\"BogrodImperius.png\" /></a> \t \t<figcaption class=\"thumbcaption\"> \t\t \t\t\t<a href=\"/wiki/File:BogrodImperius.png\" class=\"info-icon\"><svg><use xlink:href=\"#wds-icons-info-small\"></use></svg></a> \t\t \t\t \t\t \t\t\t<p class=\"caption\">Harry casting the <a href=\"/wiki/Imperius_Curse\" title=\"Imperius Curse\">Imperius Curse</a> to Bogrod allow them enter inside the vault</p> \t\t \t</figcaption> </figure>\n<p>As part of the <a href=\"/wiki/Albus_Dumbledore_and_Harry_Potter%27s_Horcrux_Hunt\" title=\"Albus Dumbledore and Harry Potter&#39;s Horcrux Hunt\">hunt</a> for <a href=\"/wiki/Tom_Riddle\" title=\"Tom Riddle\">Lord Voldemort</a>'s <a href=\"/wiki/Horcrux\" title=\"Horcrux\">Horcruxes</a>, <a href=\"/wiki/Harry_Potter\" title=\"Harry Potter\">Harry Potter</a>, <a href=\"/wiki/Ronald_Weasley\" title=\"Ronald Weasley\">Ronald Weasley</a> and <a href=\"/wiki/Hermione_Granger\" title=\"Hermione Granger\">Hermione Granger</a> had to break into the <a href=\"/wiki/Lestrange_Vault\" title=\"Lestrange Vault\">Lestrange Vault</a> at <a href=\"/wiki/Gringotts_Wizarding_Bank\" title=\"Gringotts Wizarding Bank\">Gringotts Wizarding Bank</a> to retrieve <a href=\"/wiki/Helga_Hufflepuff%27s_Cup\" class=\"mw-redirect\" title=\"Helga Hufflepuff&#39;s Cup\">Helga Hufflepuff's cup</a>.<sup id=\"cite_ref-DH24_3-0\" class=\"reference\"><a href=\"#cite_note-DH24-3\">&#91;3&#93;</a></sup>\n</p>\n<figure class=\"thumb tleft show-info-icon\" style=\"width: 197px\"> \t<a href=\"https://static.wikia.nocookie.net/harrypotter/images/e/e7/Bogrod_cart.jpg/revision/latest?cb=20110321212452\" class=\"image\"><img alt=\"\" src=\"https://static.wikia.nocookie.net/harrypotter/images/e/e7/Bogrod_cart.jpg/revision/latest/scale-to-width-down/195?cb=20110321212452\" decoding=\"async\" width=\"195\" height=\"179\" class=\"thumbimage\" data-image-name=\"Bogrod cart.jpg\" data-image-key=\"Bogrod_cart.jpg\" /></a> \t \t<figcaption class=\"thumbcaption\"> \t\t \t\t\t<a href=\"/wiki/File:Bogrod_cart.jpg\" class=\"info-icon\"><svg><use xlink:href=\"#wds-icons-info-small\"></use></svg></a> \t\t \t\t \t\t \t\t\t<p class=\"caption\">Bogrod driving the <a href=\"/wiki/Mine_Cart\" title=\"Mine Cart\">mine cart</a> to the <a href=\"/wiki/Lestrange_Vault\" title=\"Lestrange Vault\">Lestrange Vault</a></p> \t\t \t</figcaption> </figure>\n<p>On <a href=\"/wiki/1_May\" title=\"1 May\">1 May</a>, <a href=\"/wiki/1998\" title=\"1998\">1998</a>, <a href=\"/wiki/Hermione_Granger\" title=\"Hermione Granger\">Hermione Granger</a>, disguised as <a href=\"/wiki/Bellatrix_Lestrange\" title=\"Bellatrix Lestrange\">Bellatrix Lestrange</a>; <a href=\"/wiki/Ronald_Weasley\" title=\"Ronald Weasley\">Ronald Weasley</a>, disguised as \"Dragomir Despard\"; <a href=\"/wiki/Harry_Potter\" title=\"Harry Potter\">Harry Potter</a> and <a href=\"/wiki/Griphook\" title=\"Griphook\">Griphook</a>, both under the <a href=\"/wiki/Cloak_of_Invisibility\" title=\"Cloak of Invisibility\">Invisibility Cloak</a>, set off to <a href=\"/wiki/Diagon_Alley\" title=\"Diagon Alley\">Diagon Alley</a>. Upon their arrival at the bank, they were joined by <a href=\"/wiki/Travers\" title=\"Travers\">Travers</a>, a <a href=\"/wiki/Death_Eaters\" title=\"Death Eaters\">Death Eater</a>. Given the&#160;<a href=\"/wiki/Skirmish_at_Malfoy_Manor\" title=\"Skirmish at Malfoy Manor\">recent events</a> at <a href=\"/wiki/Malfoy_Manor\" title=\"Malfoy Manor\">Malfoy Manor</a>, after which the occupants were confined to the Manor, Bellatrix's presence at the Bank aroused <a href=\"/wiki/Travers\" title=\"Travers\">Travers</a>'s and <a href=\"/wiki/Goblin\" title=\"Goblin\">Goblins</a>' suspicion, so <a href=\"/wiki/Harry_Potter\" title=\"Harry Potter\">Harry Potter</a> placed him and Bogrod, the clerk who was checking Bellatrix's identification, under the <a href=\"/wiki/Imperius_Curse\" title=\"Imperius Curse\">Imperius Curse</a> so that they cooperated.<sup id=\"cite_ref-DH26_2-3\" class=\"reference\"><a href=\"#cite_note-DH26-2\">&#91;2&#93;</a></sup>\n</p>\n<figure class=\"thumb tright show-info-icon\" style=\"width: 238px\"> \t<a href=\"https://static.wikia.nocookie.net/harrypotter/images/1/1e/Hpdh2-08970.jpg/revision/latest?cb=20110726073738\" class=\"image\"><img alt=\"\" src=\"data:image/gif;base64,R0lGODlhAQABAIABAAAAAP///yH5BAEAAAEALAAAAAABAAEAQAICTAEAOw%3D%3D\" decoding=\"async\" width=\"236\" height=\"157\" class=\"thumbimage lazyload\" data-image-name=\"Hpdh2-08970.jpg\" data-image-key=\"Hpdh2-08970.jpg\" data-src=\"https://static.wikia.nocookie.net/harrypotter/images/1/1e/Hpdh2-08970.jpg/revision/latest/scale-to-width-down/236?cb=20110726073738\" /></a> \t<noscript><a href=\"https://static.wikia.nocookie.net/harrypotter/images/1/1e/Hpdh2-08970.jpg/revision/latest?cb=20110726073738\" class=\"image\"><img alt=\"\" src=\"https://static.wikia.nocookie.net/harrypotter/images/1/1e/Hpdh2-08970.jpg/revision/latest/scale-to-width-down/236?cb=20110726073738\" decoding=\"async\" width=\"236\" height=\"157\" class=\"thumbimage\" data-image-name=\"Hpdh2-08970.jpg\" data-image-key=\"Hpdh2-08970.jpg\" data-src=\"https://static.wikia.nocookie.net/harrypotter/images/1/1e/Hpdh2-08970.jpg/revision/latest/scale-to-width-down/236?cb=20110726073738\" /></a></noscript> \t<figcaption class=\"thumbcaption\"> \t\t \t\t\t<a href=\"/wiki/File:Hpdh2-08970.jpg\" class=\"info-icon\"><svg><use xlink:href=\"#wds-icons-info-small\"></use></svg></a> \t\t \t\t \t\t \t\t\t<p class=\"caption\">Bogrod, <a href=\"/wiki/Griphook\" title=\"Griphook\">Griphook</a>, and <a href=\"/wiki/Hermione_Granger\" title=\"Hermione Granger\">Hermione Granger</a> at <a href=\"/wiki/Lestrange_Vault\" title=\"Lestrange Vault\">Lestrange Vault</a> in 1998</p> \t\t \t</figcaption> </figure>\n<p>While <a href=\"/wiki/Travers\" title=\"Travers\">Travers</a> was sent away, Bogrod escorted them on a <a href=\"/wiki/Mine_Cart\" title=\"Mine Cart\">cart</a> through the underground levels of the bank. The cart went through the <a href=\"/wiki/Thief%27s_Downfall\" title=\"Thief&#39;s Downfall\">Thief's Downfall</a>, after which Bogrod regained his conscious self momentarily before <a href=\"/wiki/Harry_Potter\" title=\"Harry Potter\">Harry Potter</a> cast another <a href=\"/wiki/Imperius_Curse\" title=\"Imperius Curse\">Imperius Curse</a> at him.<sup id=\"cite_ref-DH26_2-4\" class=\"reference\"><a href=\"#cite_note-DH26-2\">&#91;2&#93;</a></sup>\n</p>\n<figure class=\"thumb tright show-info-icon\" style=\"width: 253px\"> \t<a href=\"https://static.wikia.nocookie.net/harrypotter/images/a/af/Screen_shot_2011-11-11_at_4.55.06_PM.png/revision/latest?cb=20111111215603\" class=\"image\"><img alt=\"\" src=\"data:image/gif;base64,R0lGODlhAQABAIABAAAAAP///yH5BAEAAAEALAAAAAABAAEAQAICTAEAOw%3D%3D\" decoding=\"async\" width=\"251\" height=\"104\" class=\"thumbimage lazyload\" data-image-name=\"Screen shot 2011-11-11 at 4.55.06 PM.png\" data-image-key=\"Screen_shot_2011-11-11_at_4.55.06_PM.png\" data-src=\"https://static.wikia.nocookie.net/harrypotter/images/a/af/Screen_shot_2011-11-11_at_4.55.06_PM.png/revision/latest/scale-to-width-down/251?cb=20111111215603\" /></a> \t<noscript><a href=\"https://static.wikia.nocookie.net/harrypotter/images/a/af/Screen_shot_2011-11-11_at_4.55.06_PM.png/revision/latest?cb=20111111215603\" class=\"image\"><img alt=\"\" src=\"https://static.wikia.nocookie.net/harrypotter/images/a/af/Screen_shot_2011-11-11_at_4.55.06_PM.png/revision/latest/scale-to-width-down/251?cb=20111111215603\" decoding=\"async\" width=\"251\" height=\"104\" class=\"thumbimage\" data-image-name=\"Screen shot 2011-11-11 at 4.55.06 PM.png\" data-image-key=\"Screen_shot_2011-11-11_at_4.55.06_PM.png\" data-src=\"https://static.wikia.nocookie.net/harrypotter/images/a/af/Screen_shot_2011-11-11_at_4.55.06_PM.png/revision/latest/scale-to-width-down/251?cb=20111111215603\" /></a></noscript> \t<figcaption class=\"thumbcaption\"> \t\t \t\t\t<a href=\"/wiki/File:Screen_shot_2011-11-11_at_4.55.06_PM.png\" class=\"info-icon\"><svg><use xlink:href=\"#wds-icons-info-small\"></use></svg></a> \t\t \t\t \t\t \t\t\t<p class=\"caption\">Bogrod's last moments</p> \t\t \t</figcaption> </figure>\n<p>Bogrod lead them past the <a href=\"/wiki/Gringott%27s_Dragon\" title=\"Gringott&#39;s Dragon\">security dragon</a>, and opened the door to the <a href=\"/wiki/Lestrange_Vault\" title=\"Lestrange Vault\">Lestrange Vault</a> to them. When the treasure inside began to multiply as a result of the <a href=\"/wiki/Doubling_Charm\" title=\"Doubling Charm\">Geminio</a> and <a href=\"/wiki/Flagrante_Curse\" title=\"Flagrante Curse\">Flagrante</a> Curses being placed on it as a security measure, Hermione and Ron had to struggle to keep Bogrod from falling under the tide.<sup id=\"cite_ref-DH26_2-5\" class=\"reference\"><a href=\"#cite_note-DH26-2\">&#91;2&#93;</a></sup> When <a href=\"/wiki/Griphook\" title=\"Griphook\">Griphook</a> left the Vault with <a href=\"/wiki/Godric_Gryffindor%27s_Sword\" class=\"mw-redirect\" title=\"Godric Gryffindor&#39;s Sword\">Godric Gryffindor's Sword</a> and joined the <a href=\"/wiki/Goblin\" title=\"Goblin\">Goblins</a> that tried to stop the trio Bogrod left too and, still confused by the <a href=\"/wiki/Imperius_Curse\" title=\"Imperius Curse\">Imperius Curse</a> cast on him, stood within the <a href=\"/wiki/Gringott%27s_Dragon\" title=\"Gringott&#39;s Dragon\">security dragon</a>'s reach and was subsequently burned to death by a jet of <a href=\"/wiki/Fire\" title=\"Fire\">fire</a> it breathed.<sup id=\"cite_ref-DHF2_1-1\" class=\"reference\"><a href=\"#cite_note-DHF2-1\">&#91;1&#93;</a></sup>\n</p>\n<h3><span class=\"mw-headline\" id=\"The_Calamity\">The Calamity</span><span class=\"mw-editsection\"><span class=\"mw-editsection-bracket\">[</span><a href=\"/wiki/Bogrod?veaction=edit&amp;section=4\" class=\"mw-editsection-visualeditor\" title=\"Edit section: The Calamity\">edit</a><span class=\"mw-editsection-divider\"> | </span><a href=\"/wiki/Bogrod?action=edit&amp;section=4\" title=\"Edit section: The Calamity\"><svg class=\"wds-icon wds-icon-tiny section-edit-pencil-icon\"><use xlink:href=\"#wds-icons-pencil-tiny\"></use></svg>edit source</a><span class=\"mw-editsection-bracket\">]</span></span></h3>\n<p>During the <a href=\"/wiki/Calamity\" title=\"Calamity\">Calamity</a> which affected the <a href=\"/wiki/Wizarding_world\" title=\"Wizarding world\">Wizarding world</a> in the <a href=\"/wiki/2010s\" title=\"2010s\">2010s</a>, a <a href=\"/wiki/Foundable\" title=\"Foundable\">Foundable</a> <a href=\"/wiki/Memory\" title=\"Memory\">memory</a> of Bogrod could be found trapped in a <a href=\"/wiki/Atmospheric_Charm\" title=\"Atmospheric Charm\">storm</a> <a href=\"/wiki/Confoundable\" title=\"Confoundable\">Confoundable</a>. Members of the <a href=\"/wiki/Statute_of_Secrecy_Task_Force\" title=\"Statute of Secrecy Task Force\">Statute of Secrecy Task Force</a> had to free him with <i><a href=\"/wiki/Meteolojinx_Recanto\" title=\"Meteolojinx Recanto\">Meteolojinx Recanto</a></i>, which eradicated the storm cloud and sent the Foundable back to its original place.<sup id=\"cite_ref-WU_4-0\" class=\"reference\"><a href=\"#cite_note-WU-4\">&#91;4&#93;</a></sup> \n</p>\n<h2><span class=\"mw-headline\" id=\"Behind_the_scenes\">Behind the scenes</span><span class=\"mw-editsection\"><span class=\"mw-editsection-bracket\">[</span><a href=\"/wiki/Bogrod?veaction=edit&amp;section=5\" class=\"mw-editsection-visualeditor\" title=\"Edit section: Behind the scenes\">edit</a><span class=\"mw-editsection-divider\"> | </span><a href=\"/wiki/Bogrod?action=edit&amp;section=5\" title=\"Edit section: Behind the scenes\"><svg class=\"wds-icon wds-icon-tiny section-edit-pencil-icon\"><use xlink:href=\"#wds-icons-pencil-tiny\"></use></svg>edit source</a><span class=\"mw-editsection-bracket\">]</span></span></h2>\n<figure class=\"thumb tright show-info-icon\" style=\"width: 112px\"> \t<a href=\"https://static.wikia.nocookie.net/harrypotter/images/6/62/BogrodWU.png/revision/latest?cb=20200718130145\" class=\"image\"><img alt=\"\" src=\"data:image/gif;base64,R0lGODlhAQABAIABAAAAAP///yH5BAEAAAEALAAAAAABAAEAQAICTAEAOw%3D%3D\" decoding=\"async\" width=\"110\" height=\"295\" class=\"thumbimage lazyload\" data-image-name=\"BogrodWU.png\" data-image-key=\"BogrodWU.png\" data-src=\"https://static.wikia.nocookie.net/harrypotter/images/6/62/BogrodWU.png/revision/latest/scale-to-width-down/110?cb=20200718130145\" /></a> \t<noscript><a href=\"https://static.wikia.nocookie.net/harrypotter/images/6/62/BogrodWU.png/revision/latest?cb=20200718130145\" class=\"image\"><img alt=\"\" src=\"https://static.wikia.nocookie.net/harrypotter/images/6/62/BogrodWU.png/revision/latest/scale-to-width-down/110?cb=20200718130145\" decoding=\"async\" width=\"110\" height=\"295\" class=\"thumbimage\" data-image-name=\"BogrodWU.png\" data-image-key=\"BogrodWU.png\" data-src=\"https://static.wikia.nocookie.net/harrypotter/images/6/62/BogrodWU.png/revision/latest/scale-to-width-down/110?cb=20200718130145\" /></a></noscript> \t<figcaption class=\"thumbcaption\"> \t\t \t\t\t<a href=\"/wiki/File:BogrodWU.png\" class=\"info-icon\"><svg><use xlink:href=\"#wds-icons-info-small\"></use></svg></a> \t\t \t\t \t\t \t\t\t<p class=\"caption\">Bogrod as he appears in <i><a href=\"/wiki/Harry_Potter:_Wizards_Unite\" title=\"Harry Potter: Wizards Unite\">Harry Potter: Wizards Unite</a></i></p> \t\t \t</figcaption> </figure>\n<ul><li>Bogrod was portrayed by <a href=\"/wiki/Jon_Key\" title=\"Jon Key\">Jon Key</a> in <i><a href=\"/wiki/Harry_Potter_and_the_Deathly_Hallows:_Part_2\" title=\"Harry Potter and the Deathly Hallows: Part 2\">Harry Potter and the Deathly Hallows: Part 2</a></i>.<sup id=\"cite_ref-5\" class=\"reference\"><a href=\"#cite_note-5\">&#91;5&#93;</a></sup></li>\n<li>Despite this line was cut from the final film, the original <i><a href=\"/wiki/Harry_Potter_and_the_Deathly_Hallows:_Part_2\" title=\"Harry Potter and the Deathly Hallows: Part 2\">Harry Potter and the Deathly Hallows: Part 2</a></i> screenplay included a line in which an <a href=\"/wiki/Imperius_Curse\" title=\"Imperius Curse\">Imperiused</a> Bogrod intimidates another Goblin to let \"Madam Lestrange\" into her vault by saying \"<i>I've run this bank for forty-five years, long before anyone had even heard of a Death Eater. The day may come that they feel they can run this place better than me, but that day has not yet arrived. Am I understood?</i>\"<sup id=\"cite_ref-script_6-0\" class=\"reference\"><a href=\"#cite_note-script-6\">&#91;6&#93;</a></sup> The novel implies, however, that even though Bogrod enjoys some seniority (being assisted by a younger goblin on command), he does not run the bank: another goblin reminds him that they are to follow higher instructions regarding <a href=\"/wiki/Bellatrix_Lestrange\" title=\"Bellatrix Lestrange\">Bellatrix Lestrange</a>.</li>\n<li>In the <a href=\"/wiki/Harry_Potter_and_the_Deathly_Hallows:_Part_2\" title=\"Harry Potter and the Deathly Hallows: Part 2\">film adaptation</a>&#160;of <i><a href=\"/wiki/Harry_Potter_and_the_Deathly_Hallows\" title=\"Harry Potter and the Deathly Hallows\">Harry Potter and the Deathly Hallows</a></i>, Bogrod fails to escape with <a href=\"/wiki/Griphook\" title=\"Griphook\">Griphook</a> and is scorched to death by the dragon. In the book, what happened to Bogrod is unspecified, and we last hear of him when Ron and Hermione struggle to keep him from falling under the tide of multiplying gold at the <a href=\"/wiki/Lestrange_Vault\" title=\"Lestrange Vault\">Lestrange Vault</a>. His remains were never shown except in <i><a href=\"/wiki/LEGO_Harry_Potter:_Years_5-7\" title=\"LEGO Harry Potter: Years 5-7\">LEGO Harry Potter: Years 5-7</a></i> where his skeleton appears after getting burned.</li></ul>\n<h2><span class=\"mw-headline\" id=\"Appearances\">Appearances</span><span class=\"mw-editsection\"><span class=\"mw-editsection-bracket\">[</span><a href=\"/wiki/Bogrod?veaction=edit&amp;section=6\" class=\"mw-editsection-visualeditor\" title=\"Edit section: Appearances\">edit</a><span class=\"mw-editsection-divider\"> | </span><a href=\"/wiki/Bogrod?action=edit&amp;section=6\" title=\"Edit section: Appearances\"><svg class=\"wds-icon wds-icon-tiny section-edit-pencil-icon\"><use xlink:href=\"#wds-icons-pencil-tiny\"></use></svg>edit source</a><span class=\"mw-editsection-bracket\">]</span></span></h2>\n<div class=\"noprint\" style=\"float: right; clear: right; margin-top: 2px; margin-left: 2px; margin-bottom: 2px; background-color: #D8E9FC; text-align: left; font-size: 90%; width: 250px;\"><span class=\"rtop\" style=\"\"><span class=\"r1\" style=\"background: #D8E9FC\"></span><span class=\"r2\" style=\"background: #D8E9FC\"></span><span class=\"r3\" style=\"background: #D8E9FC\"></span><span class=\"r4\" style=\"background: #D8E9FC\"></span></span><div style=\"float:left; margin-left: 5px;\"><a href=\"https://static.wikia.nocookie.net/harrypotter/images/b/bc/Wiki.png/revision/latest?cb=20091217124448\" class=\"image\"><img alt=\"Wiki.png\" src=\"data:image/gif;base64,R0lGODlhAQABAIABAAAAAP///yH5BAEAAAEALAAAAAABAAEAQAICTAEAOw%3D%3D\" decoding=\"async\" width=\"35\" height=\"21\" data-image-name=\"Wiki.png\" data-image-key=\"Wiki.png\" data-src=\"https://static.wikia.nocookie.net/harrypotter/images/b/bc/Wiki.png/revision/latest/scale-to-width-down/35?cb=20091217124448\" class=\"lazyload\" /></a></div><div style=\"margin-left:50px\">The Harry Potter Wiki has 11 images related to <i><b><a href=\"/wiki/Category:Images_of_Bogrod\" title=\"Category:Images of Bogrod\">Bogrod</a></b></i>.</div><span class=\"content-bg rbottom\" style=\"\"><span class=\"r4\" style=\"background: #D8E9FC\"></span><span class=\"r3\" style=\"background: #D8E9FC\"></span><span class=\"r2\" style=\"background: #D8E9FC\"></span><span class=\"r1\" style=\"background: #D8E9FC\"></span></span></div>\n<ul><li><i><a href=\"/wiki/Harry_Potter_and_the_Deathly_Hallows\" title=\"Harry Potter and the Deathly Hallows\">Harry Potter and the Deathly Hallows</a></i> <small>(First appearance)</small></li>\n<li><i><a href=\"/wiki/Harry_Potter_and_the_Deathly_Hallows:_Part_2\" title=\"Harry Potter and the Deathly Hallows: Part 2\">Harry Potter and the Deathly Hallows: Part 2</a></i></li>\n<li><i><a href=\"/wiki/Harry_Potter_and_the_Deathly_Hallows:_Part_2_(video_game)\" title=\"Harry Potter and the Deathly Hallows: Part 2 (video game)\">Harry Potter and the Deathly Hallows: Part 2 (video game)</a></i></li>\n<li><i><a href=\"/wiki/LEGO_Harry_Potter:_Years_5-7\" title=\"LEGO Harry Potter: Years 5-7\">LEGO Harry Potter: Years 5-7</a></i></li>\n<li><i><a href=\"/wiki/Harry_Potter:_Wizards_Unite\" title=\"Harry Potter: Wizards Unite\">Harry Potter: Wizards Unite</a></i></li></ul>\n<h2><span class=\"mw-headline\" id=\"Notes_and_references\">Notes and references</span><span class=\"mw-editsection\"><span class=\"mw-editsection-bracket\">[</span><a href=\"/wiki/Bogrod?veaction=edit&amp;section=7\" class=\"mw-editsection-visualeditor\" title=\"Edit section: Notes and references\">edit</a><span class=\"mw-editsection-divider\"> | </span><a href=\"/wiki/Bogrod?action=edit&amp;section=7\" title=\"Edit section: Notes and references\"><svg class=\"wds-icon wds-icon-tiny section-edit-pencil-icon\"><use xlink:href=\"#wds-icons-pencil-tiny\"></use></svg>edit source</a><span class=\"mw-editsection-bracket\">]</span></span></h2>\n<div class=\"references-small\">\n<div class=\"mw-references-wrap\"><ol class=\"references\">\n<li id=\"cite_note-DHF2-1\"><span class=\"mw-cite-backlink\">\u2191 <sup><a href=\"#cite_ref-DHF2_1-0\">1.0</a></sup> <sup><a href=\"#cite_ref-DHF2_1-1\">1.1</a></sup></span> <span class=\"reference-text\"><i><a href=\"/wiki/Harry_Potter_and_the_Deathly_Hallows:_Part_2\" title=\"Harry Potter and the Deathly Hallows: Part 2\">Harry Potter and the Deathly Hallows: Part 2</a></i></span>\n</li>\n<li id=\"cite_note-DH26-2\"><span class=\"mw-cite-backlink\">\u2191 <sup><a href=\"#cite_ref-DH26_2-0\">2.0</a></sup> <sup><a href=\"#cite_ref-DH26_2-1\">2.1</a></sup> <sup><a href=\"#cite_ref-DH26_2-2\">2.2</a></sup> <sup><a href=\"#cite_ref-DH26_2-3\">2.3</a></sup> <sup><a href=\"#cite_ref-DH26_2-4\">2.4</a></sup> <sup><a href=\"#cite_ref-DH26_2-5\">2.5</a></sup></span> <span class=\"reference-text\"><i><a href=\"/wiki/Harry_Potter_and_the_Deathly_Hallows\" title=\"Harry Potter and the Deathly Hallows\">Harry Potter and the Deathly Hallows</a></i>, Chapter 26 (<i>Gringotts</i>)</span>\n</li>\n<li id=\"cite_note-DH24-3\"><span class=\"mw-cite-backlink\"><a href=\"#cite_ref-DH24_3-0\">\u2191</a></span> <span class=\"reference-text\"><i><a href=\"/wiki/Harry_Potter_and_the_Deathly_Hallows\" title=\"Harry Potter and the Deathly Hallows\">Harry Potter and the Deathly Hallows</a></i>, Chapter 24 (<i>The Wandmaker</i>)</span>\n</li>\n<li id=\"cite_note-WU-4\"><span class=\"mw-cite-backlink\"><a href=\"#cite_ref-WU_4-0\">\u2191</a></span> <span class=\"reference-text\"><i><a href=\"/wiki/Harry_Potter:_Wizards_Unite\" title=\"Harry Potter: Wizards Unite\">Harry Potter: Wizards Unite</a></i></span>\n</li>\n<li id=\"cite_note-5\"><span class=\"mw-cite-backlink\"><a href=\"#cite_ref-5\">\u2191</a></span> <span class=\"reference-text\"><a target=\"_blank\" rel=\"noreferrer noopener\" class=\"external free\" href=\"http://www.imdb.com/name/nm1697773/\">http://www.imdb.com/name/nm1697773/</a></span>\n</li>\n<li id=\"cite_note-script-6\"><span class=\"mw-cite-backlink\"><a href=\"#cite_ref-script_6-0\">\u2191</a></span> <span class=\"reference-text\"><a target=\"_blank\" rel=\"noreferrer noopener\" class=\"external text\" href=\"http://pt.scribd.com/doc/163084623/HARRY-POTTER-AND-THE-DEATHLY-HALLOWS-PART-2-by-screenplay-Steve-Kloves#scribd\"><i>Harry Potter and the Deathly Hallows - Part 2</i> screenplay by Steve Kloves</a></span>\n</li>\n</ol></div></div></div>"}]}}}}