{"batchcomplete": "", "warnings": {"main": {"*": "Subscribe to the mediawiki-api-announce mailing list at <https://lists.wikimedia.org/mailman/listinfo/mediawiki-api-announce> for notice of API deprecations and breaking changes."}, "revisions": {"*": "The parameter \"rvparse\" has been deprecated.\nBecause \"rvslots\" was not specified, a legacy format has been used for the output. This format is deprecated, and in the future the new format will always be used."}}, "query": {"pages": {"7552": {"pageid": 7552, "ns": 0, "title": "Boniface", "revisions": [{"*": "<div class=\"mw-parser-output\"><p>\n<aside role=\"region\" class=\"portable-infobox pi-background pi-theme-muggle pi-layout-default\"><section class=\"pi-item pi-group pi-border-color\">\n\t\n<h2 class=\"pi-item pi-item-spacing pi-title\" data-source=\"name\">Brother Boniface</h2>\n\n</section>\n<section class=\"pi-item pi-group pi-border-color\">\n\t<h2 class=\"pi-item pi-header pi-secondary-font pi-item-spacing pi-secondary-background\">Biographical information</h2>\n\n<div class=\"pi-item pi-data pi-item-spacing pi-border-color\" data-source=\"born\">\n\t\n\t\t<h3 class=\"pi-data-label pi-secondary-font\">Born</h3>\n\t\n\t<div class=\"pi-data-value pi-font\"><a href=\"/wiki/Middle_Ages\" title=\"Middle Ages\">Middle Ages</a></div>\n</div>\n\n<div class=\"pi-item pi-data pi-item-spacing pi-border-color\" data-source=\"blood\">\n\t\n\t\t<h3 class=\"pi-data-label pi-secondary-font\">Blood status</h3>\n\t\n\t<div class=\"pi-data-value pi-font\"><a href=\"/wiki/Non-magic_people\" title=\"Non-magic people\">Muggle</a></div>\n</div>\n\n</section>\n<section class=\"pi-item pi-group pi-border-color\">\n\t<h2 class=\"pi-item pi-header pi-secondary-font pi-item-spacing pi-secondary-background\">Physical information</h2>\n\n<div class=\"pi-item pi-data pi-item-spacing pi-border-color\" data-source=\"species\">\n\t\n\t\t<h3 class=\"pi-data-label pi-secondary-font\">Species</h3>\n\t\n\t<div class=\"pi-data-value pi-font\"><a href=\"/wiki/Human\" title=\"Human\">Human</a></div>\n</div>\n\n<div class=\"pi-item pi-data pi-item-spacing pi-border-color\" data-source=\"gender\">\n\t\n\t\t<h3 class=\"pi-data-label pi-secondary-font\">Gender</h3>\n\t\n\t<div class=\"pi-data-value pi-font\">Male</div>\n</div>\n\n</section>\n<section class=\"pi-item pi-group pi-border-color\">\n\t<h2 class=\"pi-item pi-header pi-secondary-font pi-item-spacing pi-secondary-background\">Affiliation</h2>\n\n<div class=\"pi-item pi-data pi-item-spacing pi-border-color\" data-source=\"job\">\n\t\n\t\t<h3 class=\"pi-data-label pi-secondary-font\">Occupation</h3>\n\t\n\t<div class=\"pi-data-value pi-font\">Franciscan Monk</div>\n</div>\n\n</section>\n<nav class=\"pi-navigation pi-item-spacing pi-secondary-background pi-secondary-font\"><small><a href=\"/wiki/Template:Individual_infobox\" title=\"Template:Individual infobox\">[Source]</a><span class=\"hidable-button\"></span></small></nav>\n</aside>\n\n</p>\n<div class=\"quote\">\n<dl><dd><span title=\"Source:&#160;Fantastic Beasts and Where to Find Them (real)\">\"<i>The Friar was unwillinge to believe that I had met a talking Ferret and did ask me whether I had been supping of Brother Boniface's Turnip Wine.</i>\"</span></dd>\n<dd>&#8212;<a href=\"/wiki/Benedict\" title=\"Benedict\">Brother Benedict</a>, Middle Ages<sup class=\"noprint\"><a href=\"/wiki/Fantastic_Beasts_and_Where_to_Find_Them_(real)\" class=\"mw-redirect\" title=\"Fantastic Beasts and Where to Find Them (real)\">[src]</a></sup></dd>\n<dd></dd></dl></div>\n<p><b>Brother Boniface</b> was a <a href=\"/wiki/Franciscans\" title=\"Franciscans\">Franciscan</a> monk in <a href=\"/wiki/Worcestershire\" title=\"Worcestershire\">Worcestershire</a> during the <a href=\"/wiki/Middle_Ages\" title=\"Middle Ages\">Middle Ages</a>. He was known for making <a href=\"/wiki/Turnip_Wine\" title=\"Turnip Wine\">turnip wine</a>, a highly <a href=\"/wiki/Alcohol\" title=\"Alcohol\">alcoholic</a> drink that causes the nose to bleed.\n</p>\n<h2><span class=\"mw-headline\" id=\"Etymology\">Etymology</span><span class=\"mw-editsection\"><span class=\"mw-editsection-bracket\">[</span><a href=\"/wiki/Boniface?veaction=edit&amp;section=1\" class=\"mw-editsection-visualeditor\" title=\"Edit section: Etymology\">edit</a><span class=\"mw-editsection-divider\"> | </span><a href=\"/wiki/Boniface?action=edit&amp;section=1\" title=\"Edit section: Etymology\"><svg class=\"wds-icon wds-icon-tiny section-edit-pencil-icon\"><use xlink:href=\"#wds-icons-pencil-tiny\"></use></svg>edit source</a><span class=\"mw-editsection-bracket\">]</span></span></h2>\n<p>The name \"Boniface\" comes from the Late Latin name Bonifatius, which meant \"good fate\" from bonum \"good\" and fatum \"fate\". This was the name of nine popes and also several saints, including an 8th-century Anglo-Saxon missionary to Germany (originally named Winfrid) who is now regarded as the patron saint of that country.\n</p><p>The name Boniface in connection to spirits may originate from <i><a href=\"http://en.wikipedia.org/wiki/Brewer%27s_Dictionary_of_Phrase_and_Fable\" class=\"extiw\" title=\"wikipedia:Brewer&#39;s Dictionary of Phrase and Fable\">Brewer's Dictionary of Phrase and Fable</a></i>, known to be used by <a href=\"/wiki/J._K._Rowling\" title=\"J. K. Rowling\">J. K. Rowling</a> as a reference for names. The <i>Dictionary</i> describes a Pope Boniface who encouraged indulgence in wine so long as it was drunk to the current Pope's good health.<sup id=\"cite_ref-1\" class=\"reference\"><a href=\"#cite_note-1\">&#91;1&#93;</a></sup>\n</p>\n<h2><span class=\"mw-headline\" id=\"Appearances\">Appearances</span><span class=\"mw-editsection\"><span class=\"mw-editsection-bracket\">[</span><a href=\"/wiki/Boniface?veaction=edit&amp;section=2\" class=\"mw-editsection-visualeditor\" title=\"Edit section: Appearances\">edit</a><span class=\"mw-editsection-divider\"> | </span><a href=\"/wiki/Boniface?action=edit&amp;section=2\" title=\"Edit section: Appearances\"><svg class=\"wds-icon wds-icon-tiny section-edit-pencil-icon\"><use xlink:href=\"#wds-icons-pencil-tiny\"></use></svg>edit source</a><span class=\"mw-editsection-bracket\">]</span></span></h2>\n<ul><li><i><a href=\"/wiki/Fantastic_Beasts_and_Where_to_Find_Them_(companion_book)\" title=\"Fantastic Beasts and Where to Find Them (companion book)\">Fantastic Beasts and Where to Find Them</a></i> <small>(Mentioned only)</small></li></ul>\n<h2><span class=\"mw-headline\" id=\"Notes_and_references\">Notes and references</span><span class=\"mw-editsection\"><span class=\"mw-editsection-bracket\">[</span><a href=\"/wiki/Boniface?veaction=edit&amp;section=3\" class=\"mw-editsection-visualeditor\" title=\"Edit section: Notes and references\">edit</a><span class=\"mw-editsection-divider\"> | </span><a href=\"/wiki/Boniface?action=edit&amp;section=3\" title=\"Edit section: Notes and references\"><svg class=\"wds-icon wds-icon-tiny section-edit-pencil-icon\"><use xlink:href=\"#wds-icons-pencil-tiny\"></use></svg>edit source</a><span class=\"mw-editsection-bracket\">]</span></span></h2>\n<div class=\"references-small\">\n<div class=\"mw-references-wrap\"><ol class=\"references\">\n<li id=\"cite_note-1\"><span class=\"mw-cite-backlink\"><a href=\"#cite_ref-1\">\u2191</a></span> <span class=\"reference-text\"><a target=\"_blank\" rel=\"noreferrer noopener\" class=\"external text\" href=\"http://www.bartleby.com/81/2237.html\">Bon'face</a> in <i>Brewer's Dictionary of Phrase and Fable</i></span>\n</li>\n</ol></div></div></div>"}]}}}}