{"batchcomplete": "", "warnings": {"main": {"*": "Subscribe to the mediawiki-api-announce mailing list at <https://lists.wikimedia.org/mailman/listinfo/mediawiki-api-announce> for notice of API deprecations and breaking changes."}, "revisions": {"*": "The parameter \"rvparse\" has been deprecated.\nBecause \"rvslots\" was not specified, a legacy format has been used for the output. This format is deprecated, and in the future the new format will always be used."}}, "query": {"normalized": [{"from": "Boot_brothers'_father's_wand", "to": "Boot brothers' father's wand"}], "pages": {"191683": {"pageid": 191683, "ns": 0, "title": "Boot brothers' father's wand", "revisions": [{"*": "<div class=\"mw-parser-output\"><p>\n<aside role=\"region\" class=\"portable-infobox pi-background pi-theme-wand pi-layout-default\">\n<h2 class=\"pi-item pi-item-spacing pi-title\" data-source=\"name\">Boot brothers' father's wand</h2>\n<section class=\"pi-item pi-group pi-border-color\">\n\t<h2 class=\"pi-item pi-header pi-secondary-font pi-item-spacing pi-secondary-background\">Historical information</h2>\n\n<div class=\"pi-item pi-data pi-item-spacing pi-border-color\" data-source=\"manufacturer\">\n\t\n\t\t<h3 class=\"pi-data-label pi-secondary-font\">Manufacturer</h3>\n\t\n\t<div class=\"pi-data-value pi-font\">Unknown</div>\n</div>\n\n<div class=\"pi-item pi-data pi-item-spacing pi-border-color\" data-source=\"made\">\n\t\n\t\t<h3 class=\"pi-data-label pi-secondary-font\">Made</h3>\n\t\n\t<div class=\"pi-data-value pi-font\">before <a href=\"/wiki/1630\" class=\"mw-redirect\" title=\"1630\">1630s</a></div>\n</div>\n\n<div class=\"pi-item pi-data pi-item-spacing pi-border-color\" data-source=\"masters\">\n\t\n\t\t<h3 class=\"pi-data-label pi-secondary-font\">Master(s)</h3>\n\t\n\t<div class=\"pi-data-value pi-font\"><a href=\"/wiki/Boot_brothers%27_father\" title=\"Boot brothers&#039; father\">Boot brothers' father</a></div>\n</div>\n\n<div class=\"pi-item pi-data pi-item-spacing pi-border-color\" data-source=\"owners\">\n\t\n\t\t<h3 class=\"pi-data-label pi-secondary-font\">Owner(s)</h3>\n\t\n\t<div class=\"pi-data-value pi-font\"><a href=\"/wiki/Boot_brothers%27_father\" title=\"Boot brothers&#039; father\">Boot brothers' father</a></div>\n</div>\n\n</section>\n<section class=\"pi-item pi-group pi-border-color\">\n\t<h2 class=\"pi-item pi-header pi-secondary-font pi-item-spacing pi-secondary-background\">Material information</h2>\n\n<div class=\"pi-item pi-data pi-item-spacing pi-border-color\" data-source=\"wood\">\n\t\n\t\t<h3 class=\"pi-data-label pi-secondary-font\">Wood</h3>\n\t\n\t<div class=\"pi-data-value pi-font\">Unknown</div>\n</div>\n\n<div class=\"pi-item pi-data pi-item-spacing pi-border-color\" data-source=\"core\">\n\t\n\t\t<h3 class=\"pi-data-label pi-secondary-font\">Core</h3>\n\t\n\t<div class=\"pi-data-value pi-font\"><a href=\"/wiki/Dragon_heartstring\" title=\"Dragon heartstring\">Dragon heartstring</a></div>\n</div>\n\n<div class=\"pi-item pi-data pi-item-spacing pi-border-color\" data-source=\"length\">\n\t\n\t\t<h3 class=\"pi-data-label pi-secondary-font\">Length</h3>\n\t\n\t<div class=\"pi-data-value pi-font\">Unknown</div>\n</div>\n\n</section>\n<nav class=\"pi-navigation pi-item-spacing pi-secondary-background pi-secondary-font\"><small><a href=\"/wiki/Template:Wand_infobox\" title=\"Template:Wand infobox\">[Source]</a><span class=\"hidable-button\"></span></small></nav>\n</aside>\n\n</p><p>The <b>wand</b> of <a href=\"/wiki/Boot_brothers%27_father\" title=\"Boot brothers&#39; father\">Mr Boot</a>, the father of <a href=\"/wiki/Chadwick_Boot\" title=\"Chadwick Boot\">Chadwick</a> and <a href=\"/wiki/Webster_Boot\" title=\"Webster Boot\">Webster Boot</a>, was of an unknown length and wood, and contained a <a href=\"/wiki/Dragon_heartstring\" title=\"Dragon heartstring\">dragon heartstring</a> core.\n</p>\n<h2><span class=\"mw-headline\" id=\"History\">History</span><span class=\"mw-editsection\"><span class=\"mw-editsection-bracket\">[</span><a href=\"/wiki/Boot_brothers%27_father%27s_wand?veaction=edit&amp;section=1\" class=\"mw-editsection-visualeditor\" title=\"Edit section: History\">edit</a><span class=\"mw-editsection-divider\"> | </span><a href=\"/wiki/Boot_brothers%27_father%27s_wand?action=edit&amp;section=1\" title=\"Edit section: History\"><svg class=\"wds-icon wds-icon-tiny section-edit-pencil-icon\"><use xlink:href=\"#wds-icons-pencil-tiny\"></use></svg>edit source</a><span class=\"mw-editsection-bracket\">]</span></span></h2>\n<p>He brought this wand with him when he and his family travelled to <a href=\"/wiki/North_America\" title=\"North America\">North America</a>. When the Boots' were attacked by a <a href=\"/wiki/Hidebehind\" title=\"Hidebehind\">Hidebehind</a>, Mr Boot was killed and his wand was destroyed beyond repair (leaving behind a sparking dragon heartstring), and thus making it impossible for his children to inherit the wand.<sup id=\"cite_ref-1\" class=\"reference\"><a href=\"#cite_note-1\">&#91;1&#93;</a></sup>\n</p>\n<h2><span class=\"mw-headline\" id=\"Appearances\">Appearances</span><span class=\"mw-editsection\"><span class=\"mw-editsection-bracket\">[</span><a href=\"/wiki/Boot_brothers%27_father%27s_wand?veaction=edit&amp;section=2\" class=\"mw-editsection-visualeditor\" title=\"Edit section: Appearances\">edit</a><span class=\"mw-editsection-divider\"> | </span><a href=\"/wiki/Boot_brothers%27_father%27s_wand?action=edit&amp;section=2\" title=\"Edit section: Appearances\"><svg class=\"wds-icon wds-icon-tiny section-edit-pencil-icon\"><use xlink:href=\"#wds-icons-pencil-tiny\"></use></svg>edit source</a><span class=\"mw-editsection-bracket\">]</span></span></h2>\n<ul><li><i><a href=\"/wiki/Pottermore\" title=\"Pottermore\">Pottermore</a></i> <small>(Mentioned only)</small></li>\n<li><i><a href=\"/wiki/Wizarding_World_(website)\" title=\"Wizarding World (website)\">Wizarding World</a></i> <small>(Mentioned only)</small></li></ul>\n<h2><span class=\"mw-headline\" id=\"Notes_and_references\">Notes and references</span><span class=\"mw-editsection\"><span class=\"mw-editsection-bracket\">[</span><a href=\"/wiki/Boot_brothers%27_father%27s_wand?veaction=edit&amp;section=3\" class=\"mw-editsection-visualeditor\" title=\"Edit section: Notes and references\">edit</a><span class=\"mw-editsection-divider\"> | </span><a href=\"/wiki/Boot_brothers%27_father%27s_wand?action=edit&amp;section=3\" title=\"Edit section: Notes and references\"><svg class=\"wds-icon wds-icon-tiny section-edit-pencil-icon\"><use xlink:href=\"#wds-icons-pencil-tiny\"></use></svg>edit source</a><span class=\"mw-editsection-bracket\">]</span></span></h2>\n<div class=\"references-small\">\n<div class=\"mw-references-wrap\"><ol class=\"references\">\n<li id=\"cite_note-1\"><span class=\"mw-cite-backlink\"><a href=\"#cite_ref-1\">\u2191</a></span> <span class=\"reference-text\"><a target=\"_blank\" rel=\"noreferrer noopener\" class=\"external text\" href=\"http://www.wizardingworld.com/writing-by-jk-rowling/ilvermorny\">Writing by J.K. Rowling: \"Ilvermorny School of Witchcraft and Wizardry\"</a> at <i><a href=\"/wiki/Wizarding_World_(website)\" title=\"Wizarding World (website)\">Wizarding World</a></i></span>\n</li>\n</ol></div></div></div>"}]}}}}