{"batchcomplete": "", "warnings": {"main": {"*": "Subscribe to the mediawiki-api-announce mailing list at <https://lists.wikimedia.org/mailman/listinfo/mediawiki-api-announce> for notice of API deprecations and breaking changes."}, "revisions": {"*": "The parameter \"rvparse\" has been deprecated.\nBecause \"rvslots\" was not specified, a legacy format has been used for the output. This format is deprecated, and in the future the new format will always be used."}}, "query": {"pages": {"212197": {"pageid": 212197, "ns": 0, "title": "Borf", "revisions": [{"*": "<div class=\"mw-parser-output\"><table class=\"notice metadata\" id=\"spoiler\" style=\"text-align: center; background: beige; margin: 1em 05%; padding: 0 1em; border: #a00 1px solid;\">\n\n<tbody><tr>\n<td><a href=\"https://static.wikia.nocookie.net/harrypotter/images/8/8c/Hogwarts_Mystery.jpeg/revision/latest?cb=20180504083359\" class=\"image\"><img alt=\"Hogwarts Mystery.jpeg\" src=\"https://static.wikia.nocookie.net/harrypotter/images/8/8c/Hogwarts_Mystery.jpeg/revision/latest/scale-to-width-down/175?cb=20180504083359\" decoding=\"async\" width=\"175\" height=\"77\" data-image-name=\"Hogwarts Mystery.jpeg\" data-image-key=\"Hogwarts_Mystery.jpeg\" /></a>\n</td>\n<td><b>Warning!</b>\n<p>At least some content in this article is derived from information featured in <i><a href=\"/wiki/Harry_Potter:_Hogwarts_Mystery\" title=\"Harry Potter: Hogwarts Mystery\">Harry Potter: Hogwarts Mystery</a></i>. Spoilers will be present within the article.\n</p>\n</td></tr></tbody></table>\n<p>\n<aside role=\"region\" class=\"portable-infobox pi-background pi-theme-individual pi-layout-default\">\n<figure class=\"pi-item pi-image\" data-source=\"image\">\n\t<a href=\"https://static.wikia.nocookie.net/harrypotter/images/8/8a/Borf.jpg/revision/latest?cb=20181019183747\" class=\"image image-thumbnail\"\n\t   title=\"\">\n\t\t<img src=\"https://static.wikia.nocookie.net/harrypotter/images/8/8a/Borf.jpg/revision/latest/scale-to-width-down/350?cb=20181019183747\" srcset=\"https://static.wikia.nocookie.net/harrypotter/images/8/8a/Borf.jpg/revision/latest/scale-to-width-down/350?cb=20181019183747 1x, https://static.wikia.nocookie.net/harrypotter/images/8/8a/Borf.jpg/revision/latest/scale-to-width-down/699?cb=20181019183747 2x\" class=\"pi-image-thumbnail\" alt=\"\" width=\"270\" height=\"357\"\n\t\t     data-image-key=\"Borf.jpg\" data-image-name=\"Borf.jpg\"/>\n\t\t\n\t</a>\n\t\n</figure>\n<section class=\"pi-item pi-group pi-border-color\">\n\t\n<h2 class=\"pi-item pi-item-spacing pi-title\" data-source=\"name\">Borf</h2>\n\n</section>\n<section class=\"pi-item pi-group pi-border-color\">\n\t<h2 class=\"pi-item pi-header pi-secondary-font pi-item-spacing pi-secondary-background\">Biographical information</h2>\n\n<div class=\"pi-item pi-data pi-item-spacing pi-border-color\" data-source=\"born\">\n\t\n\t\t<h3 class=\"pi-data-label pi-secondary-font\">Born</h3>\n\t\n\t<div class=\"pi-data-value pi-font\">c. <a href=\"/wiki/1980s\" title=\"1980s\">1980s</a><sup id=\"cite_ref-1\" class=\"reference\"><a href=\"#cite_note-1\">&#91;1&#93;</a></sup></div>\n</div>\n\n</section>\n<section class=\"pi-item pi-group pi-border-color\">\n\t<h2 class=\"pi-item pi-header pi-secondary-font pi-item-spacing pi-secondary-background\">Physical information</h2>\n\n<div class=\"pi-item pi-data pi-item-spacing pi-border-color\" data-source=\"species\">\n\t\n\t\t<h3 class=\"pi-data-label pi-secondary-font\">Species</h3>\n\t\n\t<div class=\"pi-data-value pi-font\"><a href=\"/wiki/Wolf\" title=\"Wolf\">Wolf</a> (offspring of two transformed <a href=\"/wiki/Werewolf\" title=\"Werewolf\">werewolves</a>)</div>\n</div>\n\n<div class=\"pi-item pi-data pi-item-spacing pi-border-color\" data-source=\"gender\">\n\t\n\t\t<h3 class=\"pi-data-label pi-secondary-font\">Gender</h3>\n\t\n\t<div class=\"pi-data-value pi-font\">Male</div>\n</div>\n\n<div class=\"pi-item pi-data pi-item-spacing pi-border-color\" data-source=\"hair\">\n\t\n\t\t<h3 class=\"pi-data-label pi-secondary-font\">Hair colour</h3>\n\t\n\t<div class=\"pi-data-value pi-font\">Grey</div>\n</div>\n\n<div class=\"pi-item pi-data pi-item-spacing pi-border-color\" data-source=\"eyes\">\n\t\n\t\t<h3 class=\"pi-data-label pi-secondary-font\">Eye colour</h3>\n\t\n\t<div class=\"pi-data-value pi-font\">Brown</div>\n</div>\n\n</section>\n<section class=\"pi-item pi-group pi-border-color\">\n\t<h2 class=\"pi-item pi-header pi-secondary-font pi-item-spacing pi-secondary-background\">Relationship information</h2>\n\n<div class=\"pi-item pi-data pi-item-spacing pi-border-color\" data-source=\"family\">\n\t\n\t\t<h3 class=\"pi-data-label pi-secondary-font\">Family members</h3>\n\t\n\t<div class=\"pi-data-value pi-font\"><a href=\"/wiki/Forbidden_Forest_wolf_pack\" title=\"Forbidden Forest wolf pack\">Forbidden Forest wolf pack</a></div>\n</div>\n\n</section>\n<section class=\"pi-item pi-group pi-border-color\">\n\t<h2 class=\"pi-item pi-header pi-secondary-font pi-item-spacing pi-secondary-background\">Affiliation</h2>\n\n<div class=\"pi-item pi-data pi-item-spacing pi-border-color\" data-source=\"loyalty\">\n\t\n\t\t<h3 class=\"pi-data-label pi-secondary-font\">Loyalty</h3>\n\t\n\t<div class=\"pi-data-value pi-font\"><a href=\"/wiki/Forbidden_Forest_wolf_pack\" title=\"Forbidden Forest wolf pack\">Forbidden Forest wolf pack</a><p><a href=\"/wiki/Chiara_Lobosca\" title=\"Chiara Lobosca\">Chiara Lobosca</a></p></div>\n</div>\n\n</section>\n<nav class=\"pi-navigation pi-item-spacing pi-secondary-background pi-secondary-font\"><small><a href=\"/wiki/Template:Individual_infobox\" title=\"Template:Individual infobox\">[Source]</a><span class=\"hidable-button\"></span></small></nav>\n</aside>\n\n<b>Borf</b> was a male&#160;<a href=\"/wiki/Werewolf\" title=\"Werewolf\">werewolf</a> offspring of the <a href=\"/wiki/Forbidden_Forest_wolf_pack\" title=\"Forbidden Forest wolf pack\">Forbidden Forest wolf pack</a>.\n</p>\n<h2><span class=\"mw-headline\" id=\"Biography\">Biography</span><span class=\"mw-editsection\"><span class=\"mw-editsection-bracket\">[</span><a href=\"/wiki/Borf?veaction=edit&amp;section=1\" class=\"mw-editsection-visualeditor\" title=\"Edit section: Biography\">edit</a><span class=\"mw-editsection-divider\"> | </span><a href=\"/wiki/Borf?action=edit&amp;section=1\" title=\"Edit section: Biography\"><svg class=\"wds-icon wds-icon-tiny section-edit-pencil-icon\"><use xlink:href=\"#wds-icons-pencil-tiny\"></use></svg>edit source</a><span class=\"mw-editsection-bracket\">]</span></span></h2>\n<p>As a member of the forbidden forest pack, Borf was descended from two werewolves who mated while in wolf form during a full moon, an extremely rare occurrence. Unlike humans affected with <a href=\"/wiki/Lycanthropy\" title=\"Lycanthropy\">Lycanthropy</a>, such wolves do not transform and are not any more savage than standard wolves while being extremely intelligent and beautiful.\n</p><p>One day, Borf followed <a href=\"/wiki/Chiara_Lobosca\" title=\"Chiara Lobosca\">Chiara Lobosca</a> out of the <a href=\"/wiki/Forbidden_Forest\" title=\"Forbidden Forest\">Forbidden Forest</a>. He continued to live in the forest, but frequently visited Chiara, whom he had befriended. The cub was named Borf as that was what the sound he made sounded like.<sup id=\"cite_ref-Hallowe.27en_2-0\" class=\"reference\"><a href=\"#cite_note-Hallowe.27en-2\">&#91;2&#93;</a></sup>\n</p><p>When a worker of the <a href=\"/wiki/Werewolf_Capture_Unit\" title=\"Werewolf Capture Unit\">Werewolf Capture Unit</a>, <a href=\"/wiki/Cecil_Lee\" title=\"Cecil Lee\">Cecil Lee</a> came to investigate Hogwarts following a werewolf attack, Chiara and <a href=\"/wiki/Rubeus_Hagrid\" title=\"Rubeus Hagrid\">Rubeus Hagrid</a> showed Borf as an example of a non-violent werewolf. <a href=\"/wiki/Jacob%27s_sibling\" title=\"Jacob&#39;s sibling\">Jacob's sibling</a>, who was also there, was confused.<sup id=\"cite_ref-Hallowe.27en_2-1\" class=\"reference\"><a href=\"#cite_note-Hallowe.27en-2\">&#91;2&#93;</a></sup>\n</p><p>Later, in the <a href=\"/wiki/1988%E2%80%931989_school_year\" title=\"1988\u20131989 school year\">1988\u20131989 school year</a>, Jacob's sibling and <a href=\"/wiki/Rowan_Khanna\" title=\"Rowan Khanna\">Rowan Khanna</a> came to to the Forbidden Forest to play with Borf in order to help Rowan calm down before their <a href=\"/wiki/Ordinary_Wizarding_Level\" title=\"Ordinary Wizarding Level\">O.W.L.s</a>.<sup id=\"cite_ref-3\" class=\"reference\"><a href=\"#cite_note-3\">&#91;3&#93;</a></sup>\n</p>\n<h2><span class=\"mw-headline\" id=\"Appearances\">Appearances</span><span class=\"mw-editsection\"><span class=\"mw-editsection-bracket\">[</span><a href=\"/wiki/Borf?veaction=edit&amp;section=2\" class=\"mw-editsection-visualeditor\" title=\"Edit section: Appearances\">edit</a><span class=\"mw-editsection-divider\"> | </span><a href=\"/wiki/Borf?action=edit&amp;section=2\" title=\"Edit section: Appearances\"><svg class=\"wds-icon wds-icon-tiny section-edit-pencil-icon\"><use xlink:href=\"#wds-icons-pencil-tiny\"></use></svg>edit source</a><span class=\"mw-editsection-bracket\">]</span></span></h2>\n<ul><li><i><a href=\"/wiki/Harry_Potter:_Hogwarts_Mystery\" title=\"Harry Potter: Hogwarts Mystery\">Harry Potter: Hogwarts Mystery</a></i> <small>(First appearance)</small></li></ul>\n<h2><span class=\"mw-headline\" id=\"Notes_and_references\">Notes and references</span><span class=\"mw-editsection\"><span class=\"mw-editsection-bracket\">[</span><a href=\"/wiki/Borf?veaction=edit&amp;section=3\" class=\"mw-editsection-visualeditor\" title=\"Edit section: Notes and references\">edit</a><span class=\"mw-editsection-divider\"> | </span><a href=\"/wiki/Borf?action=edit&amp;section=3\" title=\"Edit section: Notes and references\"><svg class=\"wds-icon wds-icon-tiny section-edit-pencil-icon\"><use xlink:href=\"#wds-icons-pencil-tiny\"></use></svg>edit source</a><span class=\"mw-editsection-bracket\">]</span></span></h2>\n<div class=\"references-small\">\n<div class=\"mw-references-wrap\"><ol class=\"references\">\n<li id=\"cite_note-1\"><span class=\"mw-cite-backlink\"><a href=\"#cite_ref-1\">\u2191</a></span> <span class=\"reference-text\">Borf was a cub at some point between <a href=\"/wiki/1984\" title=\"1984\">1984</a> and <a href=\"/wiki/1988\" title=\"1988\">1988</a>.</span>\n</li>\n<li id=\"cite_note-Hallowe.27en-2\"><span class=\"mw-cite-backlink\">\u2191 <sup><a href=\"#cite_ref-Hallowe.27en_2-0\">2.0</a></sup> <sup><a href=\"#cite_ref-Hallowe.27en_2-1\">2.1</a></sup></span> <span class=\"reference-text\"><i><a href=\"/wiki/Harry_Potter:_Hogwarts_Mystery\" title=\"Harry Potter: Hogwarts Mystery\">Harry Potter: Hogwarts Mystery</a></i>, Year 1, \"Howling Hallowe'en\" Achievement</span>\n</li>\n<li id=\"cite_note-3\"><span class=\"mw-cite-backlink\"><a href=\"#cite_ref-3\">\u2191</a></span> <span class=\"reference-text\"><i><a href=\"/wiki/Harry_Potter:_Hogwarts_Mystery\" title=\"Harry Potter: Hogwarts Mystery\">Harry Potter: Hogwarts Mystery</a></i>, Year 5, \"Ordinary Wizarding Levels\" Achievement</span>\n</li>\n</ol></div></div></div>"}]}}}}