{"batchcomplete": "", "warnings": {"main": {"*": "Subscribe to the mediawiki-api-announce mailing list at <https://lists.wikimedia.org/mailman/listinfo/mediawiki-api-announce> for notice of API deprecations and breaking changes."}, "revisions": {"*": "The parameter \"rvparse\" has been deprecated.\nBecause \"rvslots\" was not specified, a legacy format has been used for the output. This format is deprecated, and in the future the new format will always be used."}}, "query": {"normalized": [{"from": "Boy_who_owned_a_magic_hamster", "to": "Boy who owned a magic hamster"}], "pages": {"161975": {"pageid": 161975, "ns": 0, "title": "Boy who owned a magic hamster", "revisions": [{"*": "<div class=\"mw-parser-output\"><table class=\"notice metadata\" cellpadding=\"3px\" style=\"text-align: center; background: snow; border: #a00 1px solid; margin: 1em 10% 1em 10%;\">\n\n<tbody><tr>\n<td><a href=\"https://static.wikia.nocookie.net/harrypotter/images/1/11/Hermione_Granger_%28HBP_promo%29_5.jpg/revision/latest?cb=20090817203540\" class=\"image\"><img alt=\"Hermione Granger (HBP promo) 5.jpg\" src=\"https://static.wikia.nocookie.net/harrypotter/images/1/11/Hermione_Granger_%28HBP_promo%29_5.jpg/revision/latest/scale-to-width-down/60?cb=20090817203540\" decoding=\"async\" width=\"60\" height=\"80\" data-image-name=\"Hermione Granger (HBP promo) 5.jpg\" data-image-key=\"Hermione_Granger_(HBP_promo)_5.jpg\" /></a>\n</td>\n<td><i><b>\"Are you a wizard or not?\"</b></i>\n<p>The title of this article is conjectural.  Although it is based on <a href=\"/wiki/Canon\" title=\"Canon\">canonical information</a>, the actual name is a conjecture and may be supplanted at any time by additional information released from canonical sources.  If this occurs, please move this page to the appropriate title.\n</p>\n</td></tr></tbody></table>\n<p>\n<aside role=\"region\" class=\"portable-infobox pi-background pi-theme-slytherin pi-layout-default\">\n<figure class=\"pi-item pi-image\" data-source=\"image\">\n\t<a href=\"https://static.wikia.nocookie.net/harrypotter/images/1/15/SlytherinBoy1.png/revision/latest?cb=20130628234100\" class=\"image image-thumbnail\"\n\t   title=\"\">\n\t\t<img src=\"https://static.wikia.nocookie.net/harrypotter/images/1/15/SlytherinBoy1.png/revision/latest/scale-to-width-down/171?cb=20130628234100\" srcset=\"https://static.wikia.nocookie.net/harrypotter/images/1/15/SlytherinBoy1.png/revision/latest/scale-to-width-down/171?cb=20130628234100 1x, https://static.wikia.nocookie.net/harrypotter/images/1/15/SlytherinBoy1.png/revision/latest/scale-to-width-down/342?cb=20130628234100 2x\" class=\"pi-image-thumbnail\" alt=\"\" width=\"171\" height=\"189\"\n\t\t     data-image-key=\"SlytherinBoy1.png\" data-image-name=\"SlytherinBoy1.png\"/>\n\t\t\n\t</a>\n\t\n</figure>\n<section class=\"pi-item pi-group pi-border-color\">\n\t\n<h2 class=\"pi-item pi-item-spacing pi-title\" data-source=\"name\">Boy who owned a magic hamster</h2>\n\n</section>\n<section class=\"pi-item pi-group pi-border-color\">\n\t<h2 class=\"pi-item pi-header pi-secondary-font pi-item-spacing pi-secondary-background\">Biographical information</h2>\n\n<div class=\"pi-item pi-data pi-item-spacing pi-border-color\" data-source=\"born\">\n\t\n\t\t<h3 class=\"pi-data-label pi-secondary-font\">Born</h3>\n\t\n\t<div class=\"pi-data-value pi-font\">Between <a href=\"/wiki/1_September\" title=\"1 September\">1 September</a> <a href=\"/wiki/1979\" title=\"1979\">1979</a> and <a href=\"/wiki/31_August\" title=\"31 August\">31 August</a> <a href=\"/wiki/1980\" title=\"1980\">1980</a></div>\n</div>\n\n<div class=\"pi-item pi-data pi-item-spacing pi-border-color\" data-source=\"blood\">\n\t\n\t\t<h3 class=\"pi-data-label pi-secondary-font\">Blood status</h3>\n\t\n\t<div class=\"pi-data-value pi-font\"><a href=\"/wiki/Half-blood\" title=\"Half-blood\">Half-blood</a> or <a href=\"/wiki/Pure-blood\" title=\"Pure-blood\">Pure-blood</a><sup id=\"cite_ref-blood_1-0\" class=\"reference\"><a href=\"#cite_note-blood-1\">&#91;1&#93;</a></sup></div>\n</div>\n\n<div class=\"pi-item pi-data pi-item-spacing pi-border-color\" data-source=\"nationality\">\n\t\n\t\t<h3 class=\"pi-data-label pi-secondary-font\">Nationality</h3>\n\t\n\t<div class=\"pi-data-value pi-font\"><a href=\"/wiki/Great_Britain\" title=\"Great Britain\">British</a> or <a href=\"/wiki/Ireland\" title=\"Ireland\">Irish</a><sup id=\"cite_ref-2\" class=\"reference\"><a href=\"#cite_note-2\">&#91;2&#93;</a></sup></div>\n</div>\n\n</section>\n<section class=\"pi-item pi-group pi-border-color\">\n\t<h2 class=\"pi-item pi-header pi-secondary-font pi-item-spacing pi-secondary-background\">Physical information</h2>\n\n<div class=\"pi-item pi-data pi-item-spacing pi-border-color\" data-source=\"species\">\n\t\n\t\t<h3 class=\"pi-data-label pi-secondary-font\">Species</h3>\n\t\n\t<div class=\"pi-data-value pi-font\"><a href=\"/wiki/Human\" title=\"Human\">Human</a><sup id=\"cite_ref-PSgba_3-0\" class=\"reference\"><a href=\"#cite_note-PSgba-3\">&#91;3&#93;</a></sup></div>\n</div>\n\n<div class=\"pi-item pi-data pi-item-spacing pi-border-color\" data-source=\"gender\">\n\t\n\t\t<h3 class=\"pi-data-label pi-secondary-font\">Gender</h3>\n\t\n\t<div class=\"pi-data-value pi-font\">Male<sup id=\"cite_ref-PSgba_3-1\" class=\"reference\"><a href=\"#cite_note-PSgba-3\">&#91;3&#93;</a></sup></div>\n</div>\n\n<div class=\"pi-item pi-data pi-item-spacing pi-border-color\" data-source=\"hair\">\n\t\n\t\t<h3 class=\"pi-data-label pi-secondary-font\">Hair colour</h3>\n\t\n\t<div class=\"pi-data-value pi-font\">Black<sup id=\"cite_ref-PSgba_3-2\" class=\"reference\"><a href=\"#cite_note-PSgba-3\">&#91;3&#93;</a></sup></div>\n</div>\n\n<div class=\"pi-item pi-data pi-item-spacing pi-border-color\" data-source=\"eyes\">\n\t\n\t\t<h3 class=\"pi-data-label pi-secondary-font\">Eye colour</h3>\n\t\n\t<div class=\"pi-data-value pi-font\">Dark<sup id=\"cite_ref-PSgba_3-3\" class=\"reference\"><a href=\"#cite_note-PSgba-3\">&#91;3&#93;</a></sup></div>\n</div>\n\n<div class=\"pi-item pi-data pi-item-spacing pi-border-color\" data-source=\"skin\">\n\t\n\t\t<h3 class=\"pi-data-label pi-secondary-font\">Skin colour</h3>\n\t\n\t<div class=\"pi-data-value pi-font\">White<sup id=\"cite_ref-PSgba_3-4\" class=\"reference\"><a href=\"#cite_note-PSgba-3\">&#91;3&#93;</a></sup></div>\n</div>\n\n</section>\n<section class=\"pi-item pi-group pi-border-color\">\n\t<h2 class=\"pi-item pi-header pi-secondary-font pi-item-spacing pi-secondary-background\">Relationship information</h2>\n\n<div class=\"pi-item pi-data pi-item-spacing pi-border-color\" data-source=\"family\">\n\t\n\t\t<h3 class=\"pi-data-label pi-secondary-font\">Family members</h3>\n\t\n\t<div class=\"pi-data-value pi-font\"><ul><li><a href=\"/wiki/Boy_who_owned_a_magic_hamster%27s_mother\" class=\"mw-redirect\" title=\"Boy who owned a magic hamster&#039;s mother\">Mother</a><sup id=\"cite_ref-PSgba_3-5\" class=\"reference\"><a href=\"#cite_note-PSgba-3\">&#91;3&#93;</a></sup></li><li><a href=\"/wiki/Boy_who_owned_a_magic_hamster%27s_father\" class=\"mw-redirect\" title=\"Boy who owned a magic hamster&#039;s father\">Father</a><sup id=\"cite_ref-PSgba_3-6\" class=\"reference\"><a href=\"#cite_note-PSgba-3\">&#91;3&#93;</a></sup></li></ul></div>\n</div>\n\n</section>\n<section class=\"pi-item pi-group pi-border-color\">\n\t<h2 class=\"pi-item pi-header pi-secondary-font pi-item-spacing pi-secondary-background\">Affiliation</h2>\n\n<div class=\"pi-item pi-data pi-item-spacing pi-border-color\" data-source=\"house\">\n\t\n\t\t<h3 class=\"pi-data-label pi-secondary-font\">House</h3>\n\t\n\t<div class=\"pi-data-value pi-font\"><a href=\"/wiki/Slytherin\" title=\"Slytherin\">Slytherin</a><sup id=\"cite_ref-PSgba_3-7\" class=\"reference\"><a href=\"#cite_note-PSgba-3\">&#91;3&#93;</a></sup></div>\n</div>\n\n<div class=\"pi-item pi-data pi-item-spacing pi-border-color\" data-source=\"loyalty\">\n\t\n\t\t<h3 class=\"pi-data-label pi-secondary-font\">Loyalty</h3>\n\t\n\t<div class=\"pi-data-value pi-font\"><ul><li><a href=\"/wiki/Hogwarts_School_of_Witchcraft_and_Wizardry\" title=\"Hogwarts School of Witchcraft and Wizardry\">Hogwarts School of Witchcraft and Wizardry</a><sup id=\"cite_ref-PSgba_3-8\" class=\"reference\"><a href=\"#cite_note-PSgba-3\">&#91;3&#93;</a></sup><ul><li><a href=\"/wiki/Slytherin\" title=\"Slytherin\">Slytherin</a><sup id=\"cite_ref-PSgba_3-9\" class=\"reference\"><a href=\"#cite_note-PSgba-3\">&#91;3&#93;</a></sup></li></ul></li></ul></div>\n</div>\n\n</section>\n<nav class=\"pi-navigation pi-item-spacing pi-secondary-background pi-secondary-font\"><small><a href=\"/wiki/Template:Individual_infobox\" title=\"Template:Individual infobox\">[Source]</a><span class=\"hidable-button\"></span></small></nav>\n</aside>\n\n</p>\n<div class=\"quote\">\n<dl><dd><span title=\"Source:&#160;Harry Potter and the Philosopher&#39;s Stone (video game)\">\"<i>If you leave your dorm at night you can run into a lot of scary stuff, including teachers.</i>\"</span></dd>\n<dd>&#8212;The individual speaking to <a href=\"/wiki/Harry_Potter\" title=\"Harry Potter\">Harry Potter</a> on the first day of term<sup class=\"noprint\"><a href=\"/wiki/Harry_Potter_and_the_Philosopher%27s_Stone_(video_game)\" title=\"Harry Potter and the Philosopher&#39;s Stone (video game)\">[src]</a></sup></dd>\n<dd></dd></dl></div>\n<p>This <b>individual</b> (born c. <a href=\"/wiki/1980\" title=\"1980\">1980</a>) was a <a href=\"/wiki/Wizardkind\" title=\"Wizardkind\">wizard</a> who started attending <a href=\"/wiki/Hogwarts_School_of_Witchcraft_and_Wizardry\" title=\"Hogwarts School of Witchcraft and Wizardry\">Hogwarts School of Witchcraft and Wizardry</a> in <a href=\"/wiki/1991\" title=\"1991\">1991</a>.<sup id=\"cite_ref-PSgba_3-10\" class=\"reference\"><a href=\"#cite_note-PSgba-3\">&#91;3&#93;</a></sup>\n</p>\n<div id=\"toc\" class=\"toc\"><input type=\"checkbox\" role=\"button\" id=\"toctogglecheckbox\" class=\"toctogglecheckbox\" style=\"display:none\" /><div class=\"toctitle\" lang=\"en\" dir=\"ltr\"><h2>Contents</h2><span class=\"toctogglespan\"><label class=\"toctogglelabel\" for=\"toctogglecheckbox\"></label></span></div>\n<ul>\n<li class=\"toclevel-1 tocsection-1\"><a href=\"#Biography\"><span class=\"tocnumber\">1</span> <span class=\"toctext\">Biography</span></a></li>\n<li class=\"toclevel-1 tocsection-2\"><a href=\"#Behind_the_scenes\"><span class=\"tocnumber\">2</span> <span class=\"toctext\">Behind the scenes</span></a></li>\n<li class=\"toclevel-1 tocsection-3\"><a href=\"#Appearances\"><span class=\"tocnumber\">3</span> <span class=\"toctext\">Appearances</span></a></li>\n<li class=\"toclevel-1 tocsection-4\"><a href=\"#Notes_and_references\"><span class=\"tocnumber\">4</span> <span class=\"toctext\">Notes and references</span></a></li>\n</ul>\n</div>\n\n<h2><span class=\"mw-headline\" id=\"Biography\">Biography</span><span class=\"mw-editsection\"><span class=\"mw-editsection-bracket\">[</span><a href=\"/wiki/Boy_who_owned_a_magic_hamster?veaction=edit&amp;section=1\" class=\"mw-editsection-visualeditor\" title=\"Edit section: Biography\">edit</a><span class=\"mw-editsection-divider\"> | </span><a href=\"/wiki/Boy_who_owned_a_magic_hamster?action=edit&amp;section=1\" title=\"Edit section: Biography\"><svg class=\"wds-icon wds-icon-tiny section-edit-pencil-icon\"><use xlink:href=\"#wds-icons-pencil-tiny\"></use></svg>edit source</a><span class=\"mw-editsection-bracket\">]</span></span></h2>\n<div class=\"quote\">\n<dl><dd><span title=\"Source:&#160;Harry Potter and the Philosopher&#39;s Stone (video game)\">\"<i>Saving on the light bill by using Lumos helped mum and dad save enough Galleons to send me here.</i>\"</span></dd>\n<dd>&#8212;Shortly before <a href=\"/wiki/Quirinus_Quirrell\" title=\"Quirinus Quirrell\">Quirinus Quirrell</a>'s <a href=\"/wiki/Defence_Against_the_Dark_Arts\" title=\"Defence Against the Dark Arts\">Defence Against the Dark Arts</a> lesson concerning the <a href=\"/wiki/Wand-Lighting_Charm\" title=\"Wand-Lighting Charm\">Wand-Lighting Charm</a>.<sup class=\"noprint\"><a href=\"/wiki/Harry_Potter_and_the_Philosopher%27s_Stone_(video_game)\" title=\"Harry Potter and the Philosopher&#39;s Stone (video game)\">[src]</a></sup></dd>\n<dd></dd></dl></div><p>This boy was born somewhere in the <a href=\"/wiki/Great_Britain\" title=\"Great Britain\">British Isles</a>, in c. <a href=\"/wiki/1980\" title=\"1980\">1980</a>. He was the son of a <a href=\"/wiki/Wizardkind\" title=\"Wizardkind\">witch and a wizard</a> who, apparently, had limited means and were integrated in <a href=\"/wiki/Non-magic_people\" title=\"Non-magic people\">Muggle</a> society \u2014 he would note, in his <a href=\"/wiki/Hogwarts_School_of_Witchcraft_and_Wizardry\" title=\"Hogwarts School of Witchcraft and Wizardry\">Hogwarts</a> years, that his mum and dad saved money on the <a href=\"/wiki/Electricity\" title=\"Electricity\">light bill</a> by using the <a href=\"/wiki/Wand-Lighting_Charm\" title=\"Wand-Lighting Charm\">Wand-Lighting Charm</a> instead.<sup id=\"cite_ref-PSgba_3-11\" class=\"reference\"><a href=\"#cite_note-PSgba-3\">&#91;3&#93;</a></sup>\n</p><p>He started attending <a href=\"/wiki/Hogwarts_School_of_Witchcraft_and_Wizardry\" title=\"Hogwarts School of Witchcraft and Wizardry\">Hogwarts School of Witchcraft and Wizardry</a> in the <a href=\"/wiki/1991-1992_school_year\" class=\"mw-redirect\" title=\"1991-1992 school year\">1991-1992 school year</a>, and was <a href=\"/wiki/Sorting_ceremony\" title=\"Sorting ceremony\">sorted</a> to <a href=\"/wiki/Slytherin\" title=\"Slytherin\">Slytherin</a>.<sup id=\"cite_ref-PSgba_3-12\" class=\"reference\"><a href=\"#cite_note-PSgba-3\">&#91;3&#93;</a></sup>\n</p>\n<div class=\"quote\">\n<dl><dd><span title=\"Source:&#160;Harry Potter and the Philosopher&#39;s Stone (video game)\">\"<i>I wish I knew what dittany looks like. Goyle told me it looks like a yeti.</i>\"</span></dd>\n<dd>&#8212;The boy.<sup class=\"noprint\"><a href=\"/wiki/Harry_Potter_and_the_Philosopher%27s_Stone_(video_game)\" title=\"Harry Potter and the Philosopher&#39;s Stone (video game)\">[src]</a></sup></dd>\n<dd></dd></dl></div>\n<p>Before the <a href=\"/wiki/First_year\" title=\"First year\">first-years'</a> first <a href=\"/wiki/Potions_(class)\" title=\"Potions (class)\">Potions</a> class, he expressed his excitement and his love for fizzy things (\"<i>Will we be making fizzy <a href=\"/wiki/Potion\" title=\"Potion\">potions</a> today? I love fizzy things.</i>\"), but afterwards did not seem to have enjoyed <a href=\"/wiki/Severus_Snape\" title=\"Severus Snape\">Severus Snape</a>'s lecture. He stood in the <a href=\"/wiki/Dungeons\" title=\"Dungeons\">Dungeons</a> and commented to his friends that \"<i>I had a bad day in potions class. Is my hair on fire?</i>\". He did not complete Snape's assignment of gathering all the ingredients for the <a href=\"/wiki/Wiggenweld_Potion\" title=\"Wiggenweld Potion\">Wiggenweld Potion</a> (only <a href=\"/wiki/Harry_Potter\" title=\"Harry Potter\">Harry</a>, <a href=\"/wiki/Ronald_Weasley\" title=\"Ronald Weasley\">Ron</a> and <a href=\"/wiki/Hermione_Granger\" title=\"Hermione Granger\">Hermione</a> managed to procure <a href=\"/wiki/Wiggentree_bark\" title=\"Wiggentree bark\">Wiggentree bark</a>) \u2014 at one point, he asked around what <a href=\"/wiki/Dittany\" title=\"Dittany\">dittany</a> looked like, as <a href=\"/wiki/Gregory_Goyle\" title=\"Gregory Goyle\">Gregory Goyle</a> had told him it looked like a <a href=\"/wiki/Yeti\" title=\"Yeti\">yeti</a>.<sup id=\"cite_ref-PSgba_3-13\" class=\"reference\"><a href=\"#cite_note-PSgba-3\">&#91;3&#93;</a></sup>\n</p><p>Shortly before the <a href=\"/wiki/Hallowe%27en_feast\" class=\"mw-redirect\" title=\"Hallowe&#39;en feast\">Hallowe'en feast</a>, he stood by <a href=\"/wiki/Boy_who_failed_Avifors_Spell%27s_cousin\" title=\"Boy who failed Avifors Spell&#39;s cousin\">a Slytherin girl</a> in the <a href=\"/wiki/Entrance_Hall\" title=\"Entrance Hall\">Entrance Hall</a>, as he had apparently misplaced his <a href=\"/wiki/Magic_hamster\" title=\"Magic hamster\">magic hamster</a>.<sup id=\"cite_ref-PSgba_3-14\" class=\"reference\"><a href=\"#cite_note-PSgba-3\">&#91;3&#93;</a></sup>\n</p>\n<div class=\"quote\">\n<dl><dd><span title=\"Source:&#160;Harry Potter and the Philosopher&#39;s Stone (video game)\">\"<i>Is transforming something into a bat or really big moth close enough to pass the Avifors test?</i>\"</span></dd>\n<dd>&#8212;The boy.<sup class=\"noprint\"><a href=\"/wiki/Harry_Potter_and_the_Philosopher%27s_Stone_(video_game)\" title=\"Harry Potter and the Philosopher&#39;s Stone (video game)\">[src]</a></sup></dd>\n<dd></dd></dl></div>\n<p>Shortly before <a href=\"/wiki/Transfiguration_(class)\" title=\"Transfiguration (class)\">Transfiguration</a> class, he paced by the <a href=\"/wiki/First-floor_corridor\" title=\"First-floor corridor\">First-floor corridor</a>, and nervously asked <a href=\"/wiki/Harry_Potter\" title=\"Harry Potter\">Harry Potter</a> if turning something into a <a href=\"/wiki/Bat\" title=\"Bat\">bat</a> or a large <a href=\"/wiki/Moth\" title=\"Moth\">moth</a> would be sufficient to pass the <a href=\"/wiki/Avifors_Spell\" title=\"Avifors Spell\">Avifors</a> test. This suggests that he was not particularly accomplished in the subject.<sup id=\"cite_ref-PSgba_3-15\" class=\"reference\"><a href=\"#cite_note-PSgba-3\">&#91;3&#93;</a></sup> He made fun of <a href=\"/wiki/Quirinus_Quirrell\" title=\"Quirinus Quirrell\">Quirinus Quirrell</a>, by saying \"<i>I don't know what's wrapped tighter, Quirrell's nerves or <a href=\"/wiki/Quirinus_Quirrell%27s_turban\" title=\"Quirinus Quirrell&#39;s turban\">his turban</a></i>\".<sup id=\"cite_ref-PSgba_3-16\" class=\"reference\"><a href=\"#cite_note-PSgba-3\">&#91;3&#93;</a></sup>\n</p>\n<div class=\"quote\">\n<dl><dd><span title=\"Source:&#160;Harry Potter and the Philosopher&#39;s Stone (video game)\">\"<i>You'll only make things harder on yourself that way, Potter.</i>\"</span></dd>\n<dd>&#8212;This student is hit by a spell.<sup class=\"noprint\"><a href=\"/wiki/Harry_Potter_and_the_Philosopher%27s_Stone_(video_game)\" title=\"Harry Potter and the Philosopher&#39;s Stone (video game)\">[src]</a></sup></dd>\n<dd></dd></dl></div>\n<p>At some point in the school year, he heard something sniffing around behind the door to the <a href=\"/wiki/Third-floor_corridor\" title=\"Third-floor corridor\">Forbidden Corridor</a> and ran all the way back to <a href=\"/wiki/Slytherin_Dungeon\" title=\"Slytherin Dungeon\">his common room</a>.<sup id=\"cite_ref-PSgba_3-17\" class=\"reference\"><a href=\"#cite_note-PSgba-3\">&#91;3&#93;</a></sup> On another occasion, he and <a href=\"/wiki/Vincent_Crabbe\" title=\"Vincent Crabbe\">Vincent Crabbe</a> snuck to the <a href=\"/wiki/Astronomy_classroom\" title=\"Astronomy classroom\">observatory</a> up on the <a href=\"/wiki/Astronomy_Tower\" title=\"Astronomy Tower\">Astronomy Tower</a> and spent the night eating <a href=\"/wiki/Pumpkin_Pasty\" title=\"Pumpkin Pasty\">Pumpkin Pasties</a>.<sup id=\"cite_ref-PSgba_3-18\" class=\"reference\"><a href=\"#cite_note-PSgba-3\">&#91;3&#93;</a></sup>\n</p>\n<div class=\"quote\">\n<dl><dd><span title=\"Source:&#160;Harry Potter and the Philosopher&#39;s Stone (video game)\">\"<i>Crabbe and I snuck into the observatory on the seventh floor and ate pumpkin pasties all night long!</i>\"</span></dd>\n<dd>&#8212;The boy.<sup class=\"noprint\"><a href=\"/wiki/Harry_Potter_and_the_Philosopher%27s_Stone_(video_game)\" title=\"Harry Potter and the Philosopher&#39;s Stone (video game)\">[src]</a></sup></dd>\n<dd></dd></dl></div>\n<p>Throghout the school year, he was confident that <a href=\"/wiki/Slytherin_Quidditch_team\" title=\"Slytherin Quidditch team\">Slytherin Quidditch team</a> would win the <a href=\"/wiki/Inter-House_Quidditch_Cup\" title=\"Inter-House Quidditch Cup\">Quidditch Cup</a>, and offered to clear the mantle in the common room to give the Cup a place of honour (although, according to him, it needed dusting, anyway).<sup id=\"cite_ref-PSgba_3-19\" class=\"reference\"><a href=\"#cite_note-PSgba-3\">&#91;3&#93;</a></sup> He attended breakfast in the <a href=\"/wiki/Great_Hall\" title=\"Great Hall\">Great Hall</a> on the day of the <a href=\"/wiki/Gryffindor_Quidditch_team\" title=\"Gryffindor Quidditch team\">Gryffindor</a> vs. <a href=\"/wiki/Ravenclaw_Quidditch_team\" title=\"Ravenclaw Quidditch team\">Ravenclaw</a> <a href=\"/wiki/Quidditch\" title=\"Quidditch\">Quidditch</a> match, where he asked if anyone knew any good <a href=\"/wiki/Cribbing_Spell\" title=\"Cribbing Spell\">Cribbing Spells</a>.<sup id=\"cite_ref-PSgba_3-20\" class=\"reference\"><a href=\"#cite_note-PSgba-3\">&#91;3&#93;</a></sup>\n</p>\n<h2><span class=\"mw-headline\" id=\"Behind_the_scenes\">Behind the scenes</span><span class=\"mw-editsection\"><span class=\"mw-editsection-bracket\">[</span><a href=\"/wiki/Boy_who_owned_a_magic_hamster?veaction=edit&amp;section=2\" class=\"mw-editsection-visualeditor\" title=\"Edit section: Behind the scenes\">edit</a><span class=\"mw-editsection-divider\"> | </span><a href=\"/wiki/Boy_who_owned_a_magic_hamster?action=edit&amp;section=2\" title=\"Edit section: Behind the scenes\"><svg class=\"wds-icon wds-icon-tiny section-edit-pencil-icon\"><use xlink:href=\"#wds-icons-pencil-tiny\"></use></svg>edit source</a><span class=\"mw-editsection-bracket\">]</span></span></h2>\n<ul><li>This student is clearly a <a href=\"/wiki/First_year\" title=\"First year\">first-year</a> from his dialogue and presence in first-year classes. In spite of this fact, there are multiple <a href=\"/wiki/Prefect\" title=\"Prefect\">Prefects</a> during night-time sneak missions that bear his likeness.</li>\n<li>By bringing a hamster, the student broke school rules, as students are only allowed to bring a <a href=\"/wiki/Cat\" title=\"Cat\">cat</a> or a <a href=\"/wiki/Toad\" title=\"Toad\">toad</a> or an <a href=\"/wiki/Owl\" title=\"Owl\">owl</a> as pets.</li>\n<li><a href=\"/wiki/J._K._Rowling\" title=\"J. K. Rowling\">J. K. Rowling</a> revealed on Twitter that there is no tuition fee at Hogwarts, and that the <a href=\"/wiki/British_Ministry_of_Magic\" title=\"British Ministry of Magic\">British Ministry of Magic</a> covers all costs. It's unknown why his parents had to save money to send him to Hogwarts. It is possible that he referred to the costs of books and other equipment, though second hand books are available at Hogwarts.</li></ul>\n<h2><span class=\"mw-headline\" id=\"Appearances\">Appearances</span><span class=\"mw-editsection\"><span class=\"mw-editsection-bracket\">[</span><a href=\"/wiki/Boy_who_owned_a_magic_hamster?veaction=edit&amp;section=3\" class=\"mw-editsection-visualeditor\" title=\"Edit section: Appearances\">edit</a><span class=\"mw-editsection-divider\"> | </span><a href=\"/wiki/Boy_who_owned_a_magic_hamster?action=edit&amp;section=3\" title=\"Edit section: Appearances\"><svg class=\"wds-icon wds-icon-tiny section-edit-pencil-icon\"><use xlink:href=\"#wds-icons-pencil-tiny\"></use></svg>edit source</a><span class=\"mw-editsection-bracket\">]</span></span></h2>\n<ul><li><i><a href=\"/wiki/Harry_Potter_and_the_Philosopher%27s_Stone_(video_game)\" title=\"Harry Potter and the Philosopher&#39;s Stone (video game)\">Harry Potter and the Philosopher's Stone (video game)</a></i> <small>(First appearance)</small> <span class=\"template-c\">(GBA version)</span></li></ul>\n<h2><span class=\"mw-headline\" id=\"Notes_and_references\">Notes and references</span><span class=\"mw-editsection\"><span class=\"mw-editsection-bracket\">[</span><a href=\"/wiki/Boy_who_owned_a_magic_hamster?veaction=edit&amp;section=4\" class=\"mw-editsection-visualeditor\" title=\"Edit section: Notes and references\">edit</a><span class=\"mw-editsection-divider\"> | </span><a href=\"/wiki/Boy_who_owned_a_magic_hamster?action=edit&amp;section=4\" title=\"Edit section: Notes and references\"><svg class=\"wds-icon wds-icon-tiny section-edit-pencil-icon\"><use xlink:href=\"#wds-icons-pencil-tiny\"></use></svg>edit source</a><span class=\"mw-editsection-bracket\">]</span></span></h2>\n<div class=\"references-small\">\n<div class=\"mw-references-wrap\"><ol class=\"references\">\n<li id=\"cite_note-blood-1\"><span class=\"mw-cite-backlink\"><a href=\"#cite_ref-blood_1-0\">\u2191</a></span> <span class=\"reference-text\">Both of his parents were wizards, so he could not have been a <a href=\"/wiki/Muggle-born\" title=\"Muggle-born\">Muggle-born</a>.</span>\n</li>\n<li id=\"cite_note-2\"><span class=\"mw-cite-backlink\"><a href=\"#cite_ref-2\">\u2191</a></span> <span class=\"reference-text\"><a target=\"_blank\" rel=\"noreferrer noopener\" class=\"external text\" href=\"http://www.accio-quote.org/articles/2000/0700-swns-alfie.htm\">\"World Exclusive Interview with J K Rowling,\" <i>South West News Service</i>, 8 July 2000</a>  - \"Hogwarts just serves Britain and Ireland.\"</span>\n</li>\n<li id=\"cite_note-PSgba-3\"><span class=\"mw-cite-backlink\">\u2191 <sup><a href=\"#cite_ref-PSgba_3-0\">3.00</a></sup> <sup><a href=\"#cite_ref-PSgba_3-1\">3.01</a></sup> <sup><a href=\"#cite_ref-PSgba_3-2\">3.02</a></sup> <sup><a href=\"#cite_ref-PSgba_3-3\">3.03</a></sup> <sup><a href=\"#cite_ref-PSgba_3-4\">3.04</a></sup> <sup><a href=\"#cite_ref-PSgba_3-5\">3.05</a></sup> <sup><a href=\"#cite_ref-PSgba_3-6\">3.06</a></sup> <sup><a href=\"#cite_ref-PSgba_3-7\">3.07</a></sup> <sup><a href=\"#cite_ref-PSgba_3-8\">3.08</a></sup> <sup><a href=\"#cite_ref-PSgba_3-9\">3.09</a></sup> <sup><a href=\"#cite_ref-PSgba_3-10\">3.10</a></sup> <sup><a href=\"#cite_ref-PSgba_3-11\">3.11</a></sup> <sup><a href=\"#cite_ref-PSgba_3-12\">3.12</a></sup> <sup><a href=\"#cite_ref-PSgba_3-13\">3.13</a></sup> <sup><a href=\"#cite_ref-PSgba_3-14\">3.14</a></sup> <sup><a href=\"#cite_ref-PSgba_3-15\">3.15</a></sup> <sup><a href=\"#cite_ref-PSgba_3-16\">3.16</a></sup> <sup><a href=\"#cite_ref-PSgba_3-17\">3.17</a></sup> <sup><a href=\"#cite_ref-PSgba_3-18\">3.18</a></sup> <sup><a href=\"#cite_ref-PSgba_3-19\">3.19</a></sup> <sup><a href=\"#cite_ref-PSgba_3-20\">3.20</a></sup></span> <span class=\"reference-text\"><i><a href=\"/wiki/Harry_Potter_and_the_Philosopher%27s_Stone_(video_game)\" title=\"Harry Potter and the Philosopher&#39;s Stone (video game)\">Harry Potter and the Philosopher's Stone (video game)</a></i> - GBA version</span>\n</li>\n</ol></div></div></div>"}]}}}}